时间,机构1牵制拉力1(kN),机构1牵制拉力2(kN),机构2牵制拉力1(kN),机构2牵制拉力2(kN),机构3牵制拉力1(kN),机构3牵制拉力2(kN),机构4牵制拉力1(kN),机构4牵制拉力2(kN),机构1牵制状态角(°),机构2牵制状态角(°),机构3牵制状态角(°),机构4牵制状态角(°),机构1储气罐压力1(MPa),机构1储气罐压力2(MPa),机构2储气罐压力1(MPa),机构2储气罐压力2(MPa),机构3储气罐压力1(MPa),机构3储气罐压力2(MPa),机构4储气罐压力1(MPa),机构4储气罐压力2(MPa),机构1内部温度(°C),机构2内部温度(°C),机构3内部温度(°C),机构4内部温度(°C),机构1解锁到位时间(s),机构2解锁到位时间(s),机构3解锁到位时间(s),机构4解锁到位时间(s),机构1释放好时间(s),机构2释放好时间(s),机构3释放好时间(s),机构4释放好时间(s),机构1释放到位时间(s),机构2释放到位时间(s),机构3释放到位时间(s),机构4释放到位时间(s),机构1火引爆时间,机构2火引爆时间,机构3火引爆时间,机构4火引爆时间,数字供电,驱动供电1,驱动供电2,5V1,5V2,5V3,帧计数
2026-05-04 16:51:45.664,--,--,--,--,--,--,--,--,-269.90,-122.02,-244.70,-228.04,--,--,--,--,--,--,--,--,-83.70,-83.27,-83.41,24.62,0,0,0,0,0,0,0,0,0,0,0,0,0,0,0,0,27.24,0.00,0.00,4.981,4.95,4.98,0
2026-05-04 16:51:45.755,--,--,--,--,--,--,--,--,-137.72,55.35,-71.52,-228.05,--,--,--,--,--,--,--,--,24.96,25.19,24.39,24.62,0,0,0,0,0,0,0,0,0,0,0,0,0,0,0,0,27.24,0.00,0.00,4.981,5.04,5.01,5
2026-05-04 16:51:45.815,--,--,--,--,--,--,--,--,-137.71,55.35,-71.52,-228.05,--,--,--,--,--,--,--,--,24.96,25.19,24.39,24.62,0,0,0,0,0,0,0,0,0,0,0,0,0,0,0,0,27.24,0.00,0.00,4.981,4.98,4.98,6
2026-05-04 16:51:45.877,--,--,--,--,--,--,--,--,-137.71,55.34,-71.52,-228.05,--,--,--,--,--,--,--,--,24.96,25.26,24.39,24.62,0,0,0,0,0,0,0,0,0,0,0,0,0,0,0,0,27.24,0.00,0.00,4.981,5.01,4.98,7
2026-05-04 16:51:45.989,--,--,--,--,--,--,--,--,-137.71,55.35,-71.51,-228.05,--,--,--,--,--,--,--,--,24.96,25.26,24.39,24.62,0,0,0,0,0,0,0,0,0,0,0,0,0,0,0,0,27.24,0.00,0.00,4.981,5.01,5.01,10
2026-05-04 16:51:46.047,--,--,--,--,--,--,--,--,-137.71,55.35,-71.52,-228.04,--,--,--,--,--,--,--,--,24.96,25.19,24.39,24.62,0,0,0,0,0,0,0,0,0,0,0,0,0,0,0,0,27.24,0.00,0.00,4.981,5.01,4.98,11
2026-05-04 16:51:46.112,--,--,--,--,--,--,--,--,-137.71,55.35,-71.52,-228.05,--,--,--,--,--,--,--,--,24.96,25.19,24.39,24.62,0,0,0,0,0,0,0,0,0,0,0,0,0,0,0,0,27.24,0.00,0.00,4.981,4.98,4.98,16
2026-05-04 16:51:46.177,--,--,--,--,--,--,--,--,-137.72,55.36,-71.52,-228.04,--,--,--,--,--,--,--,--,24.96,25.19,24.39,24.62,0,0,0,0,0,0,0,0,0,0,0,0,0,0,0,0,27.24,0.00,0.00,4.981,5.01,5.01,21
2026-05-04 16:51:46.264,--,--,--,--,--,--,--,--,-137.71,55.36,-71.52,-228.05,--,--,--,--,--,--,--,--,24.96,25.19,24.39,24.62,0,0,0,0,0,0,0,0,0,0,0,0,0,0,0,0,27.24,0.00,0.00,4.981,5.01,4.98,26
2026-05-04 16:51:46.330,--,--,--,--,--,--,--,--,-137.70,55.35,-71.52,-228.05,--,--,--,--,--,--,--,--,24.96,25.19,24.39,24.62,0,0,0,0,0,0,0,0,0,0,0,0,0,0,0,0,27.24,0.00,0.00,4.981,4.98,4.98,31
2026-05-04 16:51:46.395,--,--,--,--,--,--,--,--,-137.72,55.35,-71.52,-228.07,--,--,--,--,--,--,--,--,24.96,25.19,24.39,24.62,0,0,0,0,0,0,0,0,0,0,0,0,0,0,0,0,27.24,0.00,0.00,4.981,5.01,4.98,36
2026-05-04 16:51:46.526,--,--,--,--,--,--,--,--,-137.72,55.35,-71.52,-228.04,--,--,--,--,--,--,--,--,24.96,25.26,24.39,24.62,0,0,0,0,0,0,0,0,0,0,0,0,0,0,0,0,27.24,0.00,0.00,4.981,5.01,4.98,39
2026-05-04 16:51:46.538,--,--,--,--,--,--,--,--,-137.71,55.35,-71.52,-228.05,--,--,--,--,--,--,--,--,24.96,25.26,24.39,24.62,0,0,0,0,0,0,0,0,0,0,0,0,0,0,0,0,27.24,0.00,0.00,4.981,4.95,4.98,40
2026-05-04 16:51:46.597,--,--,--,--,--,--,--,--,-137.72,55.36,-71.52,-228.05,--,--,--,--,--,--,--,--,24.96,25.19,24.39,24.62,0,0,0,0,0,0,0,0,0,0,0,0,0,0,0,0,27.24,0.00,0.00,4.981,5.04,5.01,45
2026-05-04 16:51:46.653,--,--,--,--,--,--,--,--,-137.71,55.35,-71.52,-228.07,--,--,--,--,--,--,--,--,24.96,25.19,24.39,24.62,0,0,0,0,0,0,0,0,0,0,0,0,0,0,0,0,27.24,0.00,0.00,4.981,5.01,4.98,50
2026-05-04 16:51:46.738,--,--,--,--,--,--,--,--,-137.71,55.34,-71.52,-228.04,--,--,--,--,--,--,--,--,24.96,25.26,24.39,24.62,0,0,0,0,0,0,0,0,0,0,0,0,0,0,0,0,27.24,0.00,0.00,4.981,4.95,4.98,55
2026-05-04 16:51:46.791,--,--,--,--,--,--,--,--,-137.72,55.35,-71.52,-228.05,--,--,--,--,--,--,--,--,24.96,25.19,24.39,24.62,0,0,0,0,0,0,0,0,0,0,0,0,0,0,0,0,27.24,0.00,0.00,4.981,5.04,4.98,58
2026-05-04 16:51:46.946,--,--,--,--,--,--,--,--,-137.71,55.34,-71.52,-228.05,--,--,--,--,--,--,--,--,24.96,25.19,24.39,24.62,0,0,0,0,0,0,0,0,0,0,0,0,0,0,0,0,27.24,0.00,0.00,4.981,5.01,4.98,59
2026-05-04 16:51:47.046,--,--,--,--,--,--,--,--,-137.71,55.35,-71.52,-228.05,--,--,--,--,--,--,--,--,24.96,25.19,24.39,24.62,0,0,0,0,0,0,0,0,0,0,0,0,0,0,0,0,27.24,0.00,0.00,4.981,5.04,4.98,64
2026-05-04 16:51:47.148,--,--,--,--,--,--,--,--,-137.71,55.35,-71.52,-228.05,--,--,--,--,--,--,--,--,24.96,25.26,24.39,24.62,0,0,0,0,0,0,0,0,0,0,0,0,0,0,0,0,27.24,0.00,0.00,4.981,5.01,4.98,69
2026-05-04 16:51:47.240,--,--,--,--,--,--,--,--,-137.72,55.35,-71.52,-228.07,--,--,--,--,--,--,--,--,24.96,25.19,24.39,24.62,0,0,0,0,0,0,0,0,0,0,0,0,0,0,0,0,27.24,0.00,0.00,4.981,5.01,4.98,74
2026-05-04 16:51:47.331,--,--,--,--,--,--,--,--,-137.72,55.35,-71.52,-228.05,--,--,--,--,--,--,--,--,24.96,25.19,24.39,24.62,0,0,0,0,0,0,0,0,0,0,0,0,0,0,0,0,27.24,0.00,0.00,4.981,5.04,4.98,79
2026-05-04 16:51:47.421,--,--,--,--,--,--,--,--,-137.72,55.34,-71.52,-228.05,--,--,--,--,--,--,--,--,24.96,25.26,24.39,24.62,0,0,0,0,0,0,0,0,0,0,0,0,0,0,0,0,27.24,0.00,0.00,4.981,4.98,4.98,84
2026-05-04 16:51:47.510,--,--,--,--,--,--,--,--,-137.71,55.35,-71.51,-228.05,--,--,--,--,--,--,--,--,24.96,25.19,24.39,24.62,0,0,0,0,0,0,0,0,0,0,0,0,0,0,0,0,27.24,0.00,0.00,4.981,4.98,4.98,89
2026-05-04 16:51:47.599,--,--,--,--,--,--,--,--,-137.72,55.35,-71.52,-228.05,--,--,--,--,--,--,--,--,24.96,25.19,24.39,24.62,0,0,0,0,0,0,0,0,0,0,0,0,0,0,0,0,27.24,0.00,0.00,4.981,5.01,4.98,94
2026-05-04 16:51:47.661,--,--,--,--,--,--,--,--,-137.71,55.35,-71.52,-228.05,--,--,--,--,--,--,--,--,24.96,25.26,24.39,24.62,0,0,0,0,0,0,0,0,0,0,0,0,0,0,0,0,27.24,0.00,0.00,4.981,4.98,4.98,99
2026-05-04 16:51:47.899,--,--,--,--,--,--,--,--,-137.71,55.33,-71.52,-228.04,--,--,--,--,--,--,--,--,24.96,25.19,24.39,24.62,0,0,0,0,0,0,0,0,0,0,0,0,0,0,0,0,27.24,0.00,0.00,4.981,4.98,4.98,104
2026-05-04 16:51:47.969,--,--,--,--,--,--,--,--,-137.72,55.34,-71.52,-228.05,--,--,--,--,--,--,--,--,24.96,25.19,24.39,24.62,0,0,0,0,0,0,0,0,0,0,0,0,0,0,0,0,27.24,0.00,0.00,4.981,5.01,4.98,109
2026-05-04 16:51:48.064,--,--,--,--,--,--,--,--,-137.70,55.34,-71.52,-228.07,--,--,--,--,--,--,--,--,24.96,25.26,24.39,24.62,0,0,0,0,0,0,0,0,0,0,0,0,0,0,0,0,27.24,0.00,0.00,4.981,5.01,4.98,114
2026-05-04 16:51:48.130,--,--,--,--,--,--,--,--,-137.72,55.35,-71.52,-228.04,--,--,--,--,--,--,--,--,24.96,25.19,24.39,24.62,0,0,0,0,0,0,0,0,0,0,0,0,0,0,0,0,27.24,0.00,0.00,4.981,4.98,4.98,119
2026-05-04 16:51:48.232,--,--,--,--,--,--,--,--,-137.71,55.34,-71.52,-228.05,--,--,--,--,--,--,--,--,24.96,25.19,24.39,24.62,0,0,0,0,0,0,0,0,0,0,0,0,0,0,0,0,27.24,0.00,0.00,4.981,4.98,4.98,124
2026-05-04 16:51:48.299,--,--,--,--,--,--,--,--,-137.71,55.35,-71.52,-228.05,--,--,--,--,--,--,--,--,24.96,25.26,24.39,24.62,0,0,0,0,0,0,0,0,0,0,0,0,0,0,0,0,27.24,0.00,0.00,4.981,5.04,4.98,129
2026-05-04 16:51:48.363,--,--,--,--,--,--,--,--,-137.72,55.35,-71.51,-228.05,--,--,--,--,--,--,--,--,24.96,25.19,24.39,24.62,0,0,0,0,0,0,0,0,0,0,0,0,0,0,0,0,27.24,0.00,0.00,4.981,5.04,4.98,134
2026-05-04 16:51:48.479,--,--,--,--,--,--,--,--,-137.70,55.35,-71.52,-228.05,--,--,--,--,--,--,--,--,24.96,25.19,24.39,24.62,0,0,0,0,0,0,0,0,0,0,0,0,0,0,0,0,27.24,0.00,0.00,4.981,4.98,4.98,139
2026-05-04 16:51:48.517,--,--,--,--,--,--,--,--,-137.70,55.34,-71.52,-228.05,--,--,--,--,--,--,--,--,24.96,25.19,24.39,24.62,0,0,0,0,0,0,0,0,0,0,0,0,0,0,0,0,27.24,0.00,0.00,4.981,5.01,4.98,144
2026-05-04 16:51:48.632,--,--,--,--,--,--,--,--,-137.72,55.34,-71.52,-228.05,--,--,--,--,--,--,--,--,24.96,25.19,24.39,24.62,0,0,0,0,0,0,0,0,0,0,0,0,0,0,0,0,27.24,0.00,0.00,4.981,4.98,4.98,149
2026-05-04 16:51:48.694,--,--,--,--,--,--,--,--,-137.71,55.34,-71.52,-228.05,--,--,--,--,--,--,--,--,24.96,25.19,24.39,24.62,0,0,0,0,0,0,0,0,0,0,0,0,0,0,0,0,27.24,0.00,0.00,4.981,5.01,4.98,154
2026-05-04 16:51:48.787,--,--,--,--,--,--,--,--,-137.71,55.35,-71.52,-228.04,--,--,--,--,--,--,--,--,24.96,25.19,24.39,24.62,0,0,0,0,0,0,0,0,0,0,0,0,0,0,0,0,27.24,31.78,51.45,4.981,4.98,4.98,1208
2026-05-04 16:51:48.834,--,--,--,--,--,--,--,--,-137.71,55.35,-71.52,-228.05,--,--,--,--,--,--,--,--,24.96,25.19,24.39,24.62,0,0,0,0,0,0,0,0,0,0,0,0,0,0,0,0,27.24,31.78,51.45,4.981,5.01,4.98,1213
2026-05-04 16:51:48.851,--,--,--,--,--,--,--,--,-137.71,55.35,-71.52,-228.05,--,--,--,--,--,--,--,--,24.96,25.19,24.39,24.62,0,0,0,0,0,0,0,0,0,0,0,0,0,0,0,0,27.24,31.78,51.45,4.981,5.01,4.98,1216
2026-05-04 16:51:49.629,--,--,--,--,--,--,--,--,-137.72,55.36,-71.52,-228.04,--,--,--,--,--,--,--,--,24.96,25.19,24.39,24.62,0,0,0,0,0,0,0,0,0,0,0,0,0,0,0,0,27.24,31.78,51.45,4.981,5.01,4.98,1217
2026-05-04 16:51:49.733,--,--,--,--,--,--,--,--,-137.71,55.34,-71.53,-228.05,--,--,--,--,--,--,--,--,24.96,25.19,24.39,24.62,0,0,0,0,0,0,0,0,0,0,0,0,0,0,0,0,27.24,31.78,51.45,4.981,5.04,4.98,1222
2026-05-04 16:51:49.799,--,--,--,--,--,--,--,--,-137.71,55.36,-71.52,-228.05,--,--,--,--,--,--,--,--,24.96,25.26,24.39,24.62,0,0,0,0,0,0,0,0,0,0,0,0,0,0,0,0,27.24,31.78,51.45,4.981,5.04,4.98,1227
2026-05-04 16:51:49.861,--,--,--,--,--,--,--,--,-137.71,55.34,-71.52,-228.05,--,--,--,--,--,--,--,--,24.96,25.19,24.39,24.62,0,0,0,0,0,0,0,0,0,0,0,0,0,0,0,0,27.24,31.78,51.45,4.981,4.98,4.98,1232
2026-05-04 16:51:49.944,--,--,--,--,--,--,--,--,-137.72,55.35,-71.52,-228.04,--,--,--,--,--,--,--,--,24.96,25.26,24.39,24.62,0,0,0,0,0,0,0,0,0,0,0,0,0,0,0,0,27.24,31.78,51.45,4.981,4.98,5.01,1237
2026-05-04 16:51:50.011,--,--,--,--,--,--,--,--,-137.71,55.35,-71.52,-228.04,--,--,--,--,--,--,--,--,24.96,25.19,24.39,24.62,0,0,0,0,0,0,0,0,0,0,0,0,0,0,0,0,27.24,31.78,51.45,4.981,5.04,4.98,1242
2026-05-04 16:51:50.428,--,--,--,--,--,--,--,--,-137.71,55.36,-71.52,-228.05,--,--,--,--,--,--,--,--,24.96,25.19,24.39,24.62,0,0,0,0,0,0,0,0,0,0,0,0,0,0,0,0,27.24,31.78,51.45,4.981,5.01,5.01,1247
2026-05-04 16:51:50.505,--,--,--,--,--,--,--,--,-137.71,55.35,-71.52,-228.04,--,--,--,--,--,--,--,--,24.96,25.26,24.39,24.62,0,0,0,0,0,0,0,0,0,0,0,0,0,0,0,0,27.24,31.78,52.20,4.981,5.01,5.01,1252
2026-05-04 16:51:50.596,--,--,--,--,--,--,--,--,-137.71,55.34,-71.52,-228.04,--,--,--,--,--,--,--,--,24.96,25.26,24.39,24.62,0,0,0,0,0,0,0,0,0,0,0,0,0,0,0,0,27.24,31.78,51.45,4.981,5.01,4.98,1257
2026-05-04 16:51:50.663,--,--,--,--,--,--,--,--,-137.71,55.35,-71.52,-228.05,--,--,--,--,--,--,--,--,24.96,25.19,24.39,24.62,0,0,0,0,0,0,0,0,0,0,0,0,0,0,0,0,27.24,31.78,51.45,4.981,5.01,4.98,1262
2026-05-04 16:51:50.730,--,--,--,--,--,--,--,--,-137.71,55.34,-71.52,-228.05,--,--,--,--,--,--,--,--,24.96,25.19,24.39,24.62,0,0,0,0,0,0,0,0,0,0,0,0,0,0,0,0,27.24,31.78,51.45,4.981,5.01,4.98,1267
2026-05-04 16:51:50.792,--,--,--,--,--,--,--,--,-137.70,55.36,-71.52,-228.05,--,--,--,--,--,--,--,--,24.96,25.26,24.39,24.62,0,0,0,0,0,0,0,0,0,0,0,0,0,0,0,0,27.24,31.78,51.45,4.981,5.01,4.98,1272
2026-05-04 16:51:50.819,--,--,--,--,--,--,--,--,-137.71,55.35,-71.52,-228.04,--,--,--,--,--,--,--,--,24.96,25.19,24.39,24.62,0,0,0,0,0,0,0,0,0,0,0,0,0,0,0,0,27.24,31.78,51.45,4.981,5.04,4.98,1277
2026-05-04 16:51:50.847,--,--,--,--,--,--,--,--,-137.70,55.34,-71.52,-228.05,--,--,--,--,--,--,--,--,24.96,25.19,24.39,24.62,0,0,0,0,0,0,0,0,0,0,0,0,0,0,0,0,27.24,31.78,51.45,4.981,5.04,4.98,1282
2026-05-04 16:51:50.885,--,--,--,--,--,--,--,--,-137.73,55.34,-71.52,-228.04,--,--,--,--,--,--,--,--,24.96,25.19,24.39,24.62,0,0,0,0,0,0,0,0,0,0,0,0,0,0,0,0,27.24,31.78,51.45,4.981,5.01,4.98,1287
2026-05-04 16:51:50.928,--,--,--,--,--,--,--,--,-137.71,55.34,-71.52,-228.04,--,--,--,--,--,--,--,--,24.96,25.19,24.39,24.62,0,0,0,0,0,0,0,0,0,0,0,0,0,0,0,0,27.24,31.78,51.45,4.981,5.01,4.98,1292
2026-05-04 16:51:50.979,--,--,--,--,--,--,--,--,-137.72,55.36,-71.52,-228.04,--,--,--,--,--,--,--,--,24.96,25.26,24.39,24.62,0,0,0,0,0,0,0,0,0,0,0,0,0,0,0,0,27.24,31.78,51.45,4.981,4.98,4.98,1297
2026-05-04 16:51:51.190,--,--,--,--,--,--,--,--,-137.71,55.34,-71.52,-228.05,--,--,--,--,--,--,--,--,24.96,25.19,24.39,24.62,0,0,0,0,0,0,0,0,0,0,0,0,0,0,0,0,27.24,31.78,51.45,4.981,4.98,5.01,1302
2026-05-04 16:51:51.232,--,--,--,--,--,--,--,--,-137.71,55.34,-71.52,-228.05,--,--,--,--,--,--,--,--,24.96,25.19,24.39,24.62,0,0,0,0,0,0,0,0,0,0,0,0,0,0,0,0,27.24,31.78,51.45,4.981,5.01,4.98,1307
2026-05-04 16:51:51.281,--,--,--,--,--,--,--,--,-137.71,55.35,-71.52,-228.04,--,--,--,--,--,--,--,--,24.96,25.26,24.39,24.62,0,0,0,0,0,0,0,0,0,0,0,0,0,0,0,0,27.24,31.78,51.45,4.981,5.01,4.98,1312
2026-05-04 16:51:51.307,--,--,--,--,--,--,--,--,--,--,--,--,--,--,--,--,--,--,--,--,--,--,--,--,--,--,--,--,--,--,--,--,--,--,--,--,--,--,--,--,--,--,--,--,--,--,4074
2026-05-04 16:51:51.308,--,--,--,--,--,--,--,--,--,--,--,--,--,--,--,--,--,--,--,--,--,--,--,--,--,--,--,--,--,--,--,--,--,--,--,--,--,--,--,--,--,--,--,--,--,--,4079
2026-05-04 16:51:51.310,--,--,--,--,--,--,--,--,--,--,--,--,--,--,--,--,--,--,--,--,--,--,--,--,--,--,--,--,--,--,--,--,--,--,--,--,--,--,--,--,--,--,--,--,--,--,4084
2026-05-04 16:51:51.311,--,--,--,--,--,--,--,--,--,--,--,--,--,--,--,--,--,--,--,--,--,--,--,--,--,--,--,--,--,--,--,--,--,--,--,--,--,--,--,--,--,--,--,--,--,--,4089
2026-05-04 16:51:51.312,--,--,--,--,--,--,--,--,--,--,--,--,--,--,--,--,--,--,--,--,--,--,--,--,--,--,--,--,--,--,--,--,--,--,--,--,--,--,--,--,--,--,--,--,--,--,4094
2026-05-04 16:51:51.313,--,--,--,--,--,--,--,--,--,--,--,--,--,--,--,--,--,--,--,--,--,--,--,--,--,--,--,--,--,--,--,--,--,--,--,--,--,--,--,--,--,--,--,--,--,--,4099
2026-05-04 16:51:51.314,--,--,--,--,--,--,--,--,--,--,--,--,--,--,--,--,--,--,--,--,--,--,--,--,--,--,--,--,--,--,--,--,--,--,--,--,--,--,--,--,--,--,--,--,--,--,4104
2026-05-04 16:51:51.316,--,--,--,--,--,--,--,--,--,--,--,--,--,--,--,--,--,--,--,--,--,--,--,--,--,--,--,--,--,--,--,--,--,--,--,--,--,--,--,--,--,--,--,--,--,--,4109
2026-05-04 16:51:51.317,--,--,--,--,--,--,--,--,--,--,--,--,--,--,--,--,--,--,--,--,--,--,--,--,--,--,--,--,--,--,--,--,--,--,--,--,--,--,--,--,--,--,--,--,--,--,4114
2026-05-04 16:51:51.318,--,--,--,--,--,--,--,--,--,--,--,--,--,--,--,--,--,--,--,--,--,--,--,--,--,--,--,--,--,--,--,--,--,--,--,--,--,--,--,--,--,--,--,--,--,--,4119
2026-05-04 16:51:51.319,--,--,--,--,--,--,--,--,--,--,--,--,--,--,--,--,--,--,--,--,--,--,--,--,--,--,--,--,--,--,--,--,--,--,--,--,--,--,--,--,--,--,--,--,--,--,4124
2026-05-04 16:51:51.326,--,--,--,--,--,--,--,--,--,--,--,--,--,--,--,--,--,--,--,--,--,--,--,--,--,--,--,--,--,--,--,--,--,--,--,--,--,--,--,--,--,--,--,--,--,--,4129
2026-05-04 16:51:51.330,--,--,--,--,--,--,--,--,--,--,--,--,--,--,--,--,--,--,--,--,--,--,--,--,--,--,--,--,--,--,--,--,--,--,--,--,--,--,--,--,--,--,--,--,--,--,4134
2026-05-04 16:51:51.331,--,--,--,--,--,--,--,--,--,--,--,--,--,--,--,--,--,--,--,--,--,--,--,--,--,--,--,--,--,--,--,--,--,--,--,--,--,--,--,--,--,--,--,--,--,--,4139
2026-05-04 16:51:51.333,--,--,--,--,--,--,--,--,--,--,--,--,--,--,--,--,--,--,--,--,--,--,--,--,--,--,--,--,--,--,--,--,--,--,--,--,--,--,--,--,--,--,--,--,--,--,4144
2026-05-04 16:51:51.334,--,--,--,--,--,--,--,--,--,--,--,--,--,--,--,--,--,--,--,--,--,--,--,--,--,--,--,--,--,--,--,--,--,--,--,--,--,--,--,--,--,--,--,--,--,--,4149
2026-05-04 16:51:51.337,--,--,--,--,--,--,--,--,--,--,--,--,--,--,--,--,--,--,--,--,--,--,--,--,--,--,--,--,--,--,--,--,--,--,--,--,--,--,--,--,--,--,--,--,--,--,4154
2026-05-04 16:51:51.339,--,--,--,--,--,--,--,--,--,--,--,--,--,--,--,--,--,--,--,--,--,--,--,--,--,--,--,--,--,--,--,--,--,--,--,--,--,--,--,--,--,--,--,--,--,--,4159
2026-05-04 16:51:51.340,--,--,--,--,--,--,--,--,--,--,--,--,--,--,--,--,--,--,--,--,--,--,--,--,--,--,--,--,--,--,--,--,--,--,--,--,--,--,--,--,--,--,--,--,--,--,4164
2026-05-04 16:51:51.341,--,--,--,--,--,--,--,--,--,--,--,--,--,--,--,--,--,--,--,--,--,--,--,--,--,--,--,--,--,--,--,--,--,--,--,--,--,--,--,--,--,--,--,--,--,--,4169
2026-05-04 16:51:51.595,--,--,--,--,--,--,--,--,--,--,--,--,--,--,--,--,--,--,--,--,--,--,--,--,--,--,--,--,--,--,--,--,--,--,--,--,--,--,--,--,--,--,--,--,--,--,4243
2026-05-04 16:51:51.649,--,--,--,--,--,--,--,--,--,--,--,--,--,--,--,--,--,--,--,--,--,--,--,--,--,--,--,--,--,--,--,--,--,--,--,--,--,--,--,--,--,--,--,--,--,--,4248
2026-05-04 16:51:51.668,--,--,--,--,--,--,--,--,--,--,--,--,--,--,--,--,--,--,--,--,--,--,--,--,--,--,--,--,--,--,--,--,--,--,--,--,--,--,--,--,--,--,--,--,--,--,4253
2026-05-04 16:51:51.716,--,--,--,--,--,--,--,--,--,--,--,--,--,--,--,--,--,--,--,--,--,--,--,--,--,--,--,--,--,--,--,--,--,--,--,--,--,--,--,--,--,--,--,--,--,--,4258
2026-05-04 16:51:51.749,--,--,--,--,--,--,--,--,--,--,--,--,--,--,--,--,--,--,--,--,--,--,--,--,--,--,--,--,--,--,--,--,--,--,--,--,--,--,--,--,--,--,--,--,--,--,4263
2026-05-04 16:51:51.768,--,--,--,--,--,--,--,--,--,--,--,--,--,--,--,--,--,--,--,--,--,--,--,--,--,--,--,--,--,--,--,--,--,--,--,--,--,--,--,--,--,--,--,--,--,--,4268
2026-05-04 16:51:51.802,--,--,--,--,--,--,--,--,--,--,--,--,--,--,--,--,--,--,--,--,--,--,--,--,--,--,--,--,--,--,--,--,--,--,--,--,--,--,--,--,--,--,--,--,--,--,4273
2026-05-04 16:51:51.837,--,--,--,--,--,--,--,--,--,--,--,--,--,--,--,--,--,--,--,--,--,--,--,--,--,--,--,--,--,--,--,--,--,--,--,--,--,--,--,--,--,--,--,--,--,--,4278
2026-05-04 16:51:51.872,--,--,--,--,--,--,--,--,--,--,--,--,--,--,--,--,--,--,--,--,--,--,--,--,--,--,--,--,--,--,--,--,--,--,--,--,--,--,--,--,--,--,--,--,--,--,4283
2026-05-04 16:51:51.909,--,--,--,--,--,--,--,--,--,--,--,--,--,--,--,--,--,--,--,--,--,--,--,--,--,--,--,--,--,--,--,--,--,--,--,--,--,--,--,--,--,--,--,--,--,--,4288
2026-05-04 16:51:51.945,--,--,--,--,--,--,--,--,--,--,--,--,--,--,--,--,--,--,--,--,--,--,--,--,--,--,--,--,--,--,--,--,--,--,--,--,--,--,--,--,--,--,--,--,--,--,4293
2026-05-04 16:51:51.968,--,--,--,--,--,--,--,--,--,--,--,--,--,--,--,--,--,--,--,--,--,--,--,--,--,--,--,--,--,--,--,--,--,--,--,--,--,--,--,--,--,--,--,--,--,--,4298
2026-05-04 16:51:51.970,--,--,--,--,--,--,--,--,--,--,--,--,--,--,--,--,--,--,--,--,--,--,--,--,--,--,--,--,--,--,--,--,--,--,--,--,--,--,--,--,--,--,--,--,--,--,4303
2026-05-04 16:51:51.972,--,--,--,--,--,--,--,--,--,--,--,--,--,--,--,--,--,--,--,--,--,--,--,--,--,--,--,--,--,--,--,--,--,--,--,--,--,--,--,--,--,--,--,--,--,--,4308
2026-05-04 16:51:51.973,--,--,--,--,--,--,--,--,--,--,--,--,--,--,--,--,--,--,--,--,--,--,--,--,--,--,--,--,--,--,--,--,--,--,--,--,--,--,--,--,--,--,--,--,--,--,4313
2026-05-04 16:51:51.974,--,--,--,--,--,--,--,--,--,--,--,--,--,--,--,--,--,--,--,--,--,--,--,--,--,--,--,--,--,--,--,--,--,--,--,--,--,--,--,--,--,--,--,--,--,--,4318
2026-05-04 16:51:51.975,--,--,--,--,--,--,--,--,--,--,--,--,--,--,--,--,--,--,--,--,--,--,--,--,--,--,--,--,--,--,--,--,--,--,--,--,--,--,--,--,--,--,--,--,--,--,4323
2026-05-04 16:51:51.977,--,--,--,--,--,--,--,--,--,--,--,--,--,--,--,--,--,--,--,--,--,--,--,--,--,--,--,--,--,--,--,--,--,--,--,--,--,--,--,--,--,--,--,--,--,--,4328
2026-05-04 16:51:51.978,--,--,--,--,--,--,--,--,--,--,--,--,--,--,--,--,--,--,--,--,--,--,--,--,--,--,--,--,--,--,--,--,--,--,--,--,--,--,--,--,--,--,--,--,--,--,4333
2026-05-04 16:51:51.979,--,--,--,--,--,--,--,--,--,--,--,--,--,--,--,--,--,--,--,--,--,--,--,--,--,--,--,--,--,--,--,--,--,--,--,--,--,--,--,--,--,--,--,--,--,--,4338
2026-05-04 16:51:52.025,--,--,--,--,--,--,--,--,--,--,--,--,--,--,--,--,--,--,--,--,--,--,--,--,--,--,--,--,--,--,--,--,--,--,--,--,--,--,--,--,--,--,--,--,--,--,13871
2026-05-04 16:51:52.113,--,--,--,--,--,--,--,--,--,--,--,--,--,--,--,--,--,--,--,--,--,--,--,--,--,--,--,--,--,--,--,--,--,--,--,--,--,--,--,--,--,--,--,--,--,--,13876
2026-05-04 16:51:52.179,--,--,--,--,--,--,--,--,--,--,--,--,--,--,--,--,--,--,--,--,--,--,--,--,--,--,--,--,--,--,--,--,--,--,--,--,--,--,--,--,--,--,--,--,--,--,13881
2026-05-04 16:51:52.180,--,--,--,--,--,--,--,--,--,--,--,--,--,--,--,--,--,--,--,--,--,--,--,--,--,--,--,--,--,--,--,--,--,--,--,--,--,--,--,--,--,--,--,--,--,--,13886
2026-05-04 16:51:52.182,--,--,--,--,--,--,--,--,--,--,--,--,--,--,--,--,--,--,--,--,--,--,--,--,--,--,--,--,--,--,--,--,--,--,--,--,--,--,--,--,--,--,--,--,--,--,13891
2026-05-04 16:51:52.183,--,--,--,--,--,--,--,--,--,--,--,--,--,--,--,--,--,--,--,--,--,--,--,--,--,--,--,--,--,--,--,--,--,--,--,--,--,--,--,--,--,--,--,--,--,--,13896
2026-05-04 16:51:52.184,--,--,--,--,--,--,--,--,--,--,--,--,--,--,--,--,--,--,--,--,--,--,--,--,--,--,--,--,--,--,--,--,--,--,--,--,--,--,--,--,--,--,--,--,--,--,13901
2026-05-04 16:51:52.185,--,--,--,--,--,--,--,--,--,--,--,--,--,--,--,--,--,--,--,--,--,--,--,--,--,--,--,--,--,--,--,--,--,--,--,--,--,--,--,--,--,--,--,--,--,--,13906
2026-05-04 16:51:52.186,--,--,--,--,--,--,--,--,--,--,--,--,--,--,--,--,--,--,--,--,--,--,--,--,--,--,--,--,--,--,--,--,--,--,--,--,--,--,--,--,--,--,--,--,--,--,13911
2026-05-04 16:51:52.188,--,--,--,--,--,--,--,--,--,--,--,--,--,--,--,--,--,--,--,--,--,--,--,--,--,--,--,--,--,--,--,--,--,--,--,--,--,--,--,--,--,--,--,--,--,--,13912
2026-05-04 16:51:52.323,--,--,--,--,--,--,--,--,--,--,--,--,--,--,--,--,--,--,--,--,--,--,--,--,--,--,--,--,--,--,--,--,--,--,--,--,--,--,--,--,--,--,--,--,--,--,13913
2026-05-04 16:51:52.375,--,--,--,--,--,--,--,--,--,--,--,--,--,--,--,--,--,--,--,--,--,--,--,--,--,--,--,--,--,--,--,--,--,--,--,--,--,--,--,--,--,--,--,--,--,--,13918
2026-05-04 16:51:52.415,--,--,--,--,--,--,--,--,--,--,--,--,--,--,--,--,--,--,--,--,--,--,--,--,--,--,--,--,--,--,--,--,--,--,--,--,--,--,--,--,--,--,--,--,--,--,13923
2026-05-04 16:51:52.482,--,--,--,--,--,--,--,--,--,--,--,--,--,--,--,--,--,--,--,--,--,--,--,--,--,--,--,--,--,--,--,--,--,--,--,--,--,--,--,--,--,--,--,--,--,--,13928
2026-05-04 16:51:52.538,--,--,--,--,--,--,--,--,--,--,--,--,--,--,--,--,--,--,--,--,--,--,--,--,--,--,--,--,--,--,--,--,--,--,--,--,--,--,--,--,--,--,--,--,--,--,13933
2026-05-04 16:51:52.587,--,--,--,--,--,--,--,--,--,--,--,--,--,--,--,--,--,--,--,--,--,--,--,--,--,--,--,--,--,--,--,--,--,--,--,--,--,--,--,--,--,--,--,--,--,--,13938
2026-05-04 16:51:52.658,--,--,--,--,--,--,--,--,--,--,--,--,--,--,--,--,--,--,--,--,--,--,--,--,--,--,--,--,--,--,--,--,--,--,--,--,--,--,--,--,--,--,--,--,--,--,13943
2026-05-04 16:51:52.659,--,--,--,--,--,--,--,--,--,--,--,--,--,--,--,--,--,--,--,--,--,--,--,--,--,--,--,--,--,--,--,--,--,--,--,--,--,--,--,--,--,--,--,--,--,--,13948
2026-05-04 16:51:52.660,--,--,--,--,--,--,--,--,--,--,--,--,--,--,--,--,--,--,--,--,--,--,--,--,--,--,--,--,--,--,--,--,--,--,--,--,--,--,--,--,--,--,--,--,--,--,13953
2026-05-04 16:51:52.661,--,--,--,--,--,--,--,--,--,--,--,--,--,--,--,--,--,--,--,--,--,--,--,--,--,--,--,--,--,--,--,--,--,--,--,--,--,--,--,--,--,--,--,--,--,--,13958
2026-05-04 16:51:52.662,--,--,--,--,--,--,--,--,--,--,--,--,--,--,--,--,--,--,--,--,--,--,--,--,--,--,--,--,--,--,--,--,--,--,--,--,--,--,--,--,--,--,--,--,--,--,13963
2026-05-04 16:51:52.663,--,--,--,--,--,--,--,--,--,--,--,--,--,--,--,--,--,--,--,--,--,--,--,--,--,--,--,--,--,--,--,--,--,--,--,--,--,--,--,--,--,--,--,--,--,--,13968
2026-05-04 16:51:52.665,--,--,--,--,--,--,--,--,--,--,--,--,--,--,--,--,--,--,--,--,--,--,--,--,--,--,--,--,--,--,--,--,--,--,--,--,--,--,--,--,--,--,--,--,--,--,13973
2026-05-04 16:51:52.667,--,--,--,--,--,--,--,--,--,--,--,--,--,--,--,--,--,--,--,--,--,--,--,--,--,--,--,--,--,--,--,--,--,--,--,--,--,--,--,--,--,--,--,--,--,--,13978
2026-05-04 16:51:52.668,--,--,--,--,--,--,--,--,--,--,--,--,--,--,--,--,--,--,--,--,--,--,--,--,--,--,--,--,--,--,--,--,--,--,--,--,--,--,--,--,--,--,--,--,--,--,13983
2026-05-04 16:51:52.669,--,--,--,--,--,--,--,--,--,--,--,--,--,--,--,--,--,--,--,--,--,--,--,--,--,--,--,--,--,--,--,--,--,--,--,--,--,--,--,--,--,--,--,--,--,--,13988
2026-05-04 16:51:52.670,--,--,--,--,--,--,--,--,--,--,--,--,--,--,--,--,--,--,--,--,--,--,--,--,--,--,--,--,--,--,--,--,--,--,--,--,--,--,--,--,--,--,--,--,--,--,13993
2026-05-04 16:51:52.671,--,--,--,--,--,--,--,--,--,--,--,--,--,--,--,--,--,--,--,--,--,--,--,--,--,--,--,--,--,--,--,--,--,--,--,--,--,--,--,--,--,--,--,--,--,--,13998
2026-05-04 16:51:52.673,--,--,--,--,--,--,--,--,--,--,--,--,--,--,--,--,--,--,--,--,--,--,--,--,--,--,--,--,--,--,--,--,--,--,--,--,--,--,--,--,--,--,--,--,--,--,14003
2026-05-04 16:51:52.674,--,--,--,--,--,--,--,--,--,--,--,--,--,--,--,--,--,--,--,--,--,--,--,--,--,--,--,--,--,--,--,--,--,--,--,--,--,--,--,--,--,--,--,--,--,--,14008
2026-05-04 16:51:52.708,--,--,--,--,--,--,--,--,--,--,--,--,--,--,--,--,--,--,--,--,--,--,--,--,--,--,--,--,--,--,--,--,--,--,--,--,--,--,--,--,--,--,--,--,--,--,16405
2026-05-04 16:51:52.784,--,--,--,--,--,--,--,--,--,--,--,--,--,--,--,--,--,--,--,--,--,--,--,--,--,--,--,--,--,--,--,--,--,--,--,--,--,--,--,--,--,--,--,--,--,--,16410
2026-05-04 16:51:52.857,--,--,--,--,--,--,--,--,--,--,--,--,--,--,--,--,--,--,--,--,--,--,--,--,--,--,--,--,--,--,--,--,--,--,--,--,--,--,--,--,--,--,--,--,--,--,16415
2026-05-04 16:51:52.912,--,--,--,--,--,--,--,--,--,--,--,--,--,--,--,--,--,--,--,--,--,--,--,--,--,--,--,--,--,--,--,--,--,--,--,--,--,--,--,--,--,--,--,--,--,--,16420
2026-05-04 16:51:52.979,--,--,--,--,--,--,--,--,--,--,--,--,--,--,--,--,--,--,--,--,--,--,--,--,--,--,--,--,--,--,--,--,--,--,--,--,--,--,--,--,--,--,--,--,--,--,16425
2026-05-04 16:51:53.028,--,--,--,--,--,--,--,--,--,--,--,--,--,--,--,--,--,--,--,--,--,--,--,--,--,--,--,--,--,--,--,--,--,--,--,--,--,--,--,--,--,--,--,--,--,--,16430
2026-05-04 16:51:53.030,--,--,--,--,--,--,--,--,--,--,--,--,--,--,--,--,--,--,--,--,--,--,--,--,--,--,--,--,--,--,--,--,--,--,--,--,--,--,--,--,--,--,--,--,--,--,16435
2026-05-04 16:51:53.031,--,--,--,--,--,--,--,--,--,--,--,--,--,--,--,--,--,--,--,--,--,--,--,--,--,--,--,--,--,--,--,--,--,--,--,--,--,--,--,--,--,--,--,--,--,--,16440
2026-05-04 16:51:53.032,--,--,--,--,--,--,--,--,--,--,--,--,--,--,--,--,--,--,--,--,--,--,--,--,--,--,--,--,--,--,--,--,--,--,--,--,--,--,--,--,--,--,--,--,--,--,16445
2026-05-04 16:51:53.033,--,--,--,--,--,--,--,--,--,--,--,--,--,--,--,--,--,--,--,--,--,--,--,--,--,--,--,--,--,--,--,--,--,--,--,--,--,--,--,--,--,--,--,--,--,--,16450
2026-05-04 16:51:53.034,--,--,--,--,--,--,--,--,--,--,--,--,--,--,--,--,--,--,--,--,--,--,--,--,--,--,--,--,--,--,--,--,--,--,--,--,--,--,--,--,--,--,--,--,--,--,16455
2026-05-04 16:51:53.036,--,--,--,--,--,--,--,--,--,--,--,--,--,--,--,--,--,--,--,--,--,--,--,--,--,--,--,--,--,--,--,--,--,--,--,--,--,--,--,--,--,--,--,--,--,--,16460
2026-05-04 16:51:53.037,--,--,--,--,--,--,--,--,--,--,--,--,--,--,--,--,--,--,--,--,--,--,--,--,--,--,--,--,--,--,--,--,--,--,--,--,--,--,--,--,--,--,--,--,--,--,16465
2026-05-04 16:51:53.040,--,--,--,--,--,--,--,--,--,--,--,--,--,--,--,--,--,--,--,--,--,--,--,--,--,--,--,--,--,--,--,--,--,--,--,--,--,--,--,--,--,--,--,--,--,--,16470
2026-05-04 16:51:53.041,--,--,--,--,--,--,--,--,--,--,--,--,--,--,--,--,--,--,--,--,--,--,--,--,--,--,--,--,--,--,--,--,--,--,--,--,--,--,--,--,--,--,--,--,--,--,16475
2026-05-04 16:51:53.042,--,--,--,--,--,--,--,--,--,--,--,--,--,--,--,--,--,--,--,--,--,--,--,--,--,--,--,--,--,--,--,--,--,--,--,--,--,--,--,--,--,--,--,--,--,--,16480
2026-05-04 16:51:53.043,--,--,--,--,--,--,--,--,--,--,--,--,--,--,--,--,--,--,--,--,--,--,--,--,--,--,--,--,--,--,--,--,--,--,--,--,--,--,--,--,--,--,--,--,--,--,16485
2026-05-04 16:51:53.044,--,--,--,--,--,--,--,--,--,--,--,--,--,--,--,--,--,--,--,--,--,--,--,--,--,--,--,--,--,--,--,--,--,--,--,--,--,--,--,--,--,--,--,--,--,--,16488
2026-05-04 16:51:53.203,--,--,--,--,--,--,--,--,--,--,--,--,--,--,--,--,--,--,--,--,--,--,--,--,--,--,--,--,--,--,--,--,--,--,--,--,--,--,--,--,--,--,--,--,--,--,16489
2026-05-04 16:51:53.258,--,--,--,--,--,--,--,--,--,--,--,--,--,--,--,--,--,--,--,--,--,--,--,--,--,--,--,--,--,--,--,--,--,--,--,--,--,--,--,--,--,--,--,--,--,--,16494
2026-05-04 16:51:53.314,--,--,--,--,--,--,--,--,--,--,--,--,--,--,--,--,--,--,--,--,--,--,--,--,--,--,--,--,--,--,--,--,--,--,--,--,--,--,--,--,--,--,--,--,--,--,16499
2026-05-04 16:51:53.350,--,--,--,--,--,--,--,--,--,--,--,--,--,--,--,--,--,--,--,--,--,--,--,--,--,--,--,--,--,--,--,--,--,--,--,--,--,--,--,--,--,--,--,--,--,--,16504
2026-05-04 16:51:53.402,--,--,--,--,--,--,--,--,--,--,--,--,--,--,--,--,--,--,--,--,--,--,--,--,--,--,--,--,--,--,--,--,--,--,--,--,--,--,--,--,--,--,--,--,--,--,16509
2026-05-04 16:51:53.440,--,--,--,--,--,--,--,--,--,--,--,--,--,--,--,--,--,--,--,--,--,--,--,--,--,--,--,--,--,--,--,--,--,--,--,--,--,--,--,--,--,--,--,--,--,--,16514
2026-05-04 16:51:53.477,--,--,--,--,--,--,--,--,--,--,--,--,--,--,--,--,--,--,--,--,--,--,--,--,--,--,--,--,--,--,--,--,--,--,--,--,--,--,--,--,--,--,--,--,--,--,16519
2026-05-04 16:51:53.541,--,--,--,--,--,--,--,--,--,--,--,--,--,--,--,--,--,--,--,--,--,--,--,--,--,--,--,--,--,--,--,--,--,--,--,--,--,--,--,--,--,--,--,--,--,--,16524
2026-05-04 16:51:53.543,--,--,--,--,--,--,--,--,--,--,--,--,--,--,--,--,--,--,--,--,--,--,--,--,--,--,--,--,--,--,--,--,--,--,--,--,--,--,--,--,--,--,--,--,--,--,16529
2026-05-04 16:51:53.545,--,--,--,--,--,--,--,--,--,--,--,--,--,--,--,--,--,--,--,--,--,--,--,--,--,--,--,--,--,--,--,--,--,--,--,--,--,--,--,--,--,--,--,--,--,--,16534
2026-05-04 16:51:53.547,--,--,--,--,--,--,--,--,--,--,--,--,--,--,--,--,--,--,--,--,--,--,--,--,--,--,--,--,--,--,--,--,--,--,--,--,--,--,--,--,--,--,--,--,--,--,16539
2026-05-04 16:51:53.548,--,--,--,--,--,--,--,--,--,--,--,--,--,--,--,--,--,--,--,--,--,--,--,--,--,--,--,--,--,--,--,--,--,--,--,--,--,--,--,--,--,--,--,--,--,--,16544
2026-05-04 16:51:53.549,--,--,--,--,--,--,--,--,--,--,--,--,--,--,--,--,--,--,--,--,--,--,--,--,--,--,--,--,--,--,--,--,--,--,--,--,--,--,--,--,--,--,--,--,--,--,16549
2026-05-04 16:51:53.550,--,--,--,--,--,--,--,--,--,--,--,--,--,--,--,--,--,--,--,--,--,--,--,--,--,--,--,--,--,--,--,--,--,--,--,--,--,--,--,--,--,--,--,--,--,--,16554
2026-05-04 16:51:53.552,--,--,--,--,--,--,--,--,--,--,--,--,--,--,--,--,--,--,--,--,--,--,--,--,--,--,--,--,--,--,--,--,--,--,--,--,--,--,--,--,--,--,--,--,--,--,16559
2026-05-04 16:51:53.555,--,--,--,--,--,--,--,--,--,--,--,--,--,--,--,--,--,--,--,--,--,--,--,--,--,--,--,--,--,--,--,--,--,--,--,--,--,--,--,--,--,--,--,--,--,--,16564
2026-05-04 16:51:53.555,--,--,--,--,--,--,--,--,--,--,--,--,--,--,--,--,--,--,--,--,--,--,--,--,--,--,--,--,--,--,--,--,--,--,--,--,--,--,--,--,--,--,--,--,--,--,16569
2026-05-04 16:51:53.557,--,--,--,--,--,--,--,--,--,--,--,--,--,--,--,--,--,--,--,--,--,--,--,--,--,--,--,--,--,--,--,--,--,--,--,--,--,--,--,--,--,--,--,--,--,--,16574
2026-05-04 16:51:53.559,--,--,--,--,--,--,--,--,--,--,--,--,--,--,--,--,--,--,--,--,--,--,--,--,--,--,--,--,--,--,--,--,--,--,--,--,--,--,--,--,--,--,--,--,--,--,16579
2026-05-04 16:51:53.560,--,--,--,--,--,--,--,--,--,--,--,--,--,--,--,--,--,--,--,--,--,--,--,--,--,--,--,--,--,--,--,--,--,--,--,--,--,--,--,--,--,--,--,--,--,--,16584
2026-05-04 16:51:53.622,--,--,--,--,--,--,--,--,--,--,--,--,--,--,--,--,--,--,--,--,--,--,--,--,--,--,--,--,--,--,--,--,--,--,--,--,--,--,--,--,--,--,--,--,--,--,19909
2026-05-04 16:51:53.703,--,--,--,--,--,--,--,--,--,--,--,--,--,--,--,--,--,--,--,--,--,--,--,--,--,--,--,--,--,--,--,--,--,--,--,--,--,--,--,--,--,--,--,--,--,--,19914
2026-05-04 16:51:53.752,--,--,--,--,--,--,--,--,--,--,--,--,--,--,--,--,--,--,--,--,--,--,--,--,--,--,--,--,--,--,--,--,--,--,--,--,--,--,--,--,--,--,--,--,--,--,19919
2026-05-04 16:51:53.752,--,--,--,--,--,--,--,--,--,--,--,--,--,--,--,--,--,--,--,--,--,--,--,--,--,--,--,--,--,--,--,--,--,--,--,--,--,--,--,--,--,--,--,--,--,--,19924
2026-05-04 16:51:53.755,--,--,--,--,--,--,--,--,--,--,--,--,--,--,--,--,--,--,--,--,--,--,--,--,--,--,--,--,--,--,--,--,--,--,--,--,--,--,--,--,--,--,--,--,--,--,19929
2026-05-04 16:51:53.756,--,--,--,--,--,--,--,--,--,--,--,--,--,--,--,--,--,--,--,--,--,--,--,--,--,--,--,--,--,--,--,--,--,--,--,--,--,--,--,--,--,--,--,--,--,--,19934
2026-05-04 16:51:53.757,--,--,--,--,--,--,--,--,--,--,--,--,--,--,--,--,--,--,--,--,--,--,--,--,--,--,--,--,--,--,--,--,--,--,--,--,--,--,--,--,--,--,--,--,--,--,19939
2026-05-04 16:51:53.759,--,--,--,--,--,--,--,--,--,--,--,--,--,--,--,--,--,--,--,--,--,--,--,--,--,--,--,--,--,--,--,--,--,--,--,--,--,--,--,--,--,--,--,--,--,--,19944
2026-05-04 16:51:53.760,--,--,--,--,--,--,--,--,--,--,--,--,--,--,--,--,--,--,--,--,--,--,--,--,--,--,--,--,--,--,--,--,--,--,--,--,--,--,--,--,--,--,--,--,--,--,19949
2026-05-04 16:51:53.761,--,--,--,--,--,--,--,--,--,--,--,--,--,--,--,--,--,--,--,--,--,--,--,--,--,--,--,--,--,--,--,--,--,--,--,--,--,--,--,--,--,--,--,--,--,--,19951
2026-05-04 16:51:53.866,--,--,--,--,--,--,--,--,--,--,--,--,--,--,--,--,--,--,--,--,--,--,--,--,--,--,--,--,--,--,--,--,--,--,--,--,--,--,--,--,--,--,--,--,--,--,19952
2026-05-04 16:51:53.923,--,--,--,--,--,--,--,--,--,--,--,--,--,--,--,--,--,--,--,--,--,--,--,--,--,--,--,--,--,--,--,--,--,--,--,--,--,--,--,--,--,--,--,--,--,--,19957
2026-05-04 16:51:53.975,--,--,--,--,--,--,--,--,--,--,--,--,--,--,--,--,--,--,--,--,--,--,--,--,--,--,--,--,--,--,--,--,--,--,--,--,--,--,--,--,--,--,--,--,--,--,19962
2026-05-04 16:51:54.010,--,--,--,--,--,--,--,--,--,--,--,--,--,--,--,--,--,--,--,--,--,--,--,--,--,--,--,--,--,--,--,--,--,--,--,--,--,--,--,--,--,--,--,--,--,--,19967
2026-05-04 16:51:54.078,--,--,--,--,--,--,--,--,--,--,--,--,--,--,--,--,--,--,--,--,--,--,--,--,--,--,--,--,--,--,--,--,--,--,--,--,--,--,--,--,--,--,--,--,--,--,19972
2026-05-04 16:51:54.146,--,--,--,--,--,--,--,--,--,--,--,--,--,--,--,--,--,--,--,--,--,--,--,--,--,--,--,--,--,--,--,--,--,--,--,--,--,--,--,--,--,--,--,--,--,--,19977
2026-05-04 16:51:54.197,--,--,--,--,--,--,--,--,--,--,--,--,--,--,--,--,--,--,--,--,--,--,--,--,--,--,--,--,--,--,--,--,--,--,--,--,--,--,--,--,--,--,--,--,--,--,19982
2026-05-04 16:51:54.214,--,--,--,--,--,--,--,--,--,--,--,--,--,--,--,--,--,--,--,--,--,--,--,--,--,--,--,--,--,--,--,--,--,--,--,--,--,--,--,--,--,--,--,--,--,--,19987
2026-05-04 16:51:54.216,--,--,--,--,--,--,--,--,--,--,--,--,--,--,--,--,--,--,--,--,--,--,--,--,--,--,--,--,--,--,--,--,--,--,--,--,--,--,--,--,--,--,--,--,--,--,19992
2026-05-04 16:51:54.217,--,--,--,--,--,--,--,--,--,--,--,--,--,--,--,--,--,--,--,--,--,--,--,--,--,--,--,--,--,--,--,--,--,--,--,--,--,--,--,--,--,--,--,--,--,--,19997
2026-05-04 16:51:54.219,--,--,--,--,--,--,--,--,--,--,--,--,--,--,--,--,--,--,--,--,--,--,--,--,--,--,--,--,--,--,--,--,--,--,--,--,--,--,--,--,--,--,--,--,--,--,20002
2026-05-04 16:51:54.220,--,--,--,--,--,--,--,--,--,--,--,--,--,--,--,--,--,--,--,--,--,--,--,--,--,--,--,--,--,--,--,--,--,--,--,--,--,--,--,--,--,--,--,--,--,--,20007
2026-05-04 16:51:54.221,--,--,--,--,--,--,--,--,--,--,--,--,--,--,--,--,--,--,--,--,--,--,--,--,--,--,--,--,--,--,--,--,--,--,--,--,--,--,--,--,--,--,--,--,--,--,20012
2026-05-04 16:51:54.222,--,--,--,--,--,--,--,--,--,--,--,--,--,--,--,--,--,--,--,--,--,--,--,--,--,--,--,--,--,--,--,--,--,--,--,--,--,--,--,--,--,--,--,--,--,--,20017
2026-05-04 16:51:54.223,--,--,--,--,--,--,--,--,--,--,--,--,--,--,--,--,--,--,--,--,--,--,--,--,--,--,--,--,--,--,--,--,--,--,--,--,--,--,--,--,--,--,--,--,--,--,20022
2026-05-04 16:51:54.225,--,--,--,--,--,--,--,--,--,--,--,--,--,--,--,--,--,--,--,--,--,--,--,--,--,--,--,--,--,--,--,--,--,--,--,--,--,--,--,--,--,--,--,--,--,--,20027
2026-05-04 16:51:54.226,--,--,--,--,--,--,--,--,--,--,--,--,--,--,--,--,--,--,--,--,--,--,--,--,--,--,--,--,--,--,--,--,--,--,--,--,--,--,--,--,--,--,--,--,--,--,20032
2026-05-04 16:51:54.227,--,--,--,--,--,--,--,--,--,--,--,--,--,--,--,--,--,--,--,--,--,--,--,--,--,--,--,--,--,--,--,--,--,--,--,--,--,--,--,--,--,--,--,--,--,--,20037
2026-05-04 16:51:54.229,--,--,--,--,--,--,--,--,--,--,--,--,--,--,--,--,--,--,--,--,--,--,--,--,--,--,--,--,--,--,--,--,--,--,--,--,--,--,--,--,--,--,--,--,--,--,20042
2026-05-04 16:51:54.230,--,--,--,--,--,--,--,--,--,--,--,--,--,--,--,--,--,--,--,--,--,--,--,--,--,--,--,--,--,--,--,--,--,--,--,--,--,--,--,--,--,--,--,--,--,--,20047
2026-05-04 16:51:54.280,--,--,--,--,--,--,--,--,--,--,--,--,--,--,--,--,--,--,--,--,--,--,--,--,--,--,--,--,--,--,--,--,--,--,--,--,--,--,--,--,--,--,--,--,--,--,22654
2026-05-04 16:51:54.391,--,--,--,--,--,--,--,--,--,--,--,--,--,--,--,--,--,--,--,--,--,--,--,--,--,--,--,--,--,--,--,--,--,--,--,--,--,--,--,--,--,--,--,--,--,--,22659
2026-05-04 16:51:54.464,--,--,--,--,--,--,--,--,--,--,--,--,--,--,--,--,--,--,--,--,--,--,--,--,--,--,--,--,--,--,--,--,--,--,--,--,--,--,--,--,--,--,--,--,--,--,22664
2026-05-04 16:51:54.545,--,--,--,--,--,--,--,--,--,--,--,--,--,--,--,--,--,--,--,--,--,--,--,--,--,--,--,--,--,--,--,--,--,--,--,--,--,--,--,--,--,--,--,--,--,--,22669
2026-05-04 16:51:54.582,--,--,--,--,--,--,--,--,--,--,--,--,--,--,--,--,--,--,--,--,--,--,--,--,--,--,--,--,--,--,--,--,--,--,--,--,--,--,--,--,--,--,--,--,--,--,22674
2026-05-04 16:51:54.585,--,--,--,--,--,--,--,--,--,--,--,--,--,--,--,--,--,--,--,--,--,--,--,--,--,--,--,--,--,--,--,--,--,--,--,--,--,--,--,--,--,--,--,--,--,--,22679
2026-05-04 16:51:54.588,--,--,--,--,--,--,--,--,--,--,--,--,--,--,--,--,--,--,--,--,--,--,--,--,--,--,--,--,--,--,--,--,--,--,--,--,--,--,--,--,--,--,--,--,--,--,22684
2026-05-04 16:51:54.592,--,--,--,--,--,--,--,--,--,--,--,--,--,--,--,--,--,--,--,--,--,--,--,--,--,--,--,--,--,--,--,--,--,--,--,--,--,--,--,--,--,--,--,--,--,--,22689
2026-05-04 16:51:54.596,--,--,--,--,--,--,--,--,--,--,--,--,--,--,--,--,--,--,--,--,--,--,--,--,--,--,--,--,--,--,--,--,--,--,--,--,--,--,--,--,--,--,--,--,--,--,22694
2026-05-04 16:51:54.600,--,--,--,--,--,--,--,--,--,--,--,--,--,--,--,--,--,--,--,--,--,--,--,--,--,--,--,--,--,--,--,--,--,--,--,--,--,--,--,--,--,--,--,--,--,--,22699
2026-05-04 16:51:54.605,--,--,--,--,--,--,--,--,--,--,--,--,--,--,--,--,--,--,--,--,--,--,--,--,--,--,--,--,--,--,--,--,--,--,--,--,--,--,--,--,--,--,--,--,--,--,22704
2026-05-04 16:51:54.624,--,--,--,--,--,--,--,--,--,--,--,--,--,--,--,--,--,--,--,--,--,--,--,--,--,--,--,--,--,--,--,--,--,--,--,--,--,--,--,--,--,--,--,--,--,--,22709
2026-05-04 16:51:54.624,--,--,--,--,--,--,--,--,--,--,--,--,--,--,--,--,--,--,--,--,--,--,--,--,--,--,--,--,--,--,--,--,--,--,--,--,--,--,--,--,--,--,--,--,--,--,22714
2026-05-04 16:51:54.626,--,--,--,--,--,--,--,--,--,--,--,--,--,--,--,--,--,--,--,--,--,--,--,--,--,--,--,--,--,--,--,--,--,--,--,--,--,--,--,--,--,--,--,--,--,--,22719
2026-05-04 16:51:54.628,--,--,--,--,--,--,--,--,--,--,--,--,--,--,--,--,--,--,--,--,--,--,--,--,--,--,--,--,--,--,--,--,--,--,--,--,--,--,--,--,--,--,--,--,--,--,22724
2026-05-04 16:51:54.629,--,--,--,--,--,--,--,--,--,--,--,--,--,--,--,--,--,--,--,--,--,--,--,--,--,--,--,--,--,--,--,--,--,--,--,--,--,--,--,--,--,--,--,--,--,--,22729
2026-05-04 16:51:54.631,--,--,--,--,--,--,--,--,--,--,--,--,--,--,--,--,--,--,--,--,--,--,--,--,--,--,--,--,--,--,--,--,--,--,--,--,--,--,--,--,--,--,--,--,--,--,22734
2026-05-04 16:51:54.688,--,--,--,--,--,--,--,--,--,--,--,--,--,--,--,--,--,--,--,--,--,--,--,--,--,--,--,--,--,--,--,--,--,--,--,--,--,--,--,--,--,--,--,--,--,--,22739
2026-05-04 16:51:54.737,--,--,--,--,--,--,--,--,--,--,--,--,--,--,--,--,--,--,--,--,--,--,--,--,--,--,--,--,--,--,--,--,--,--,--,--,--,--,--,--,--,--,--,--,--,--,22744
2026-05-04 16:51:54.788,--,--,--,--,--,--,--,--,--,--,--,--,--,--,--,--,--,--,--,--,--,--,--,--,--,--,--,--,--,--,--,--,--,--,--,--,--,--,--,--,--,--,--,--,--,--,22749
2026-05-04 16:51:54.852,--,--,--,--,--,--,--,--,--,--,--,--,--,--,--,--,--,--,--,--,--,--,--,--,--,--,--,--,--,--,--,--,--,--,--,--,--,--,--,--,--,--,--,--,--,--,22754
2026-05-04 16:51:54.920,--,--,--,--,--,--,--,--,--,--,--,--,--,--,--,--,--,--,--,--,--,--,--,--,--,--,--,--,--,--,--,--,--,--,--,--,--,--,--,--,--,--,--,--,--,--,22759
2026-05-04 16:51:54.971,--,--,--,--,--,--,--,--,--,--,--,--,--,--,--,--,--,--,--,--,--,--,--,--,--,--,--,--,--,--,--,--,--,--,--,--,--,--,--,--,--,--,--,--,--,--,22764
2026-05-04 16:51:55.023,--,--,--,--,--,--,--,--,--,--,--,--,--,--,--,--,--,--,--,--,--,--,--,--,--,--,--,--,--,--,--,--,--,--,--,--,--,--,--,--,--,--,--,--,--,--,22769
2026-05-04 16:51:55.024,--,--,--,--,--,--,--,--,--,--,--,--,--,--,--,--,--,--,--,--,--,--,--,--,--,--,--,--,--,--,--,--,--,--,--,--,--,--,--,--,--,--,--,--,--,--,22774
2026-05-04 16:51:55.025,--,--,--,--,--,--,--,--,--,--,--,--,--,--,--,--,--,--,--,--,--,--,--,--,--,--,--,--,--,--,--,--,--,--,--,--,--,--,--,--,--,--,--,--,--,--,22779
2026-05-04 16:51:55.026,--,--,--,--,--,--,--,--,--,--,--,--,--,--,--,--,--,--,--,--,--,--,--,--,--,--,--,--,--,--,--,--,--,--,--,--,--,--,--,--,--,--,--,--,--,--,22784
2026-05-04 16:51:55.027,--,--,--,--,--,--,--,--,--,--,--,--,--,--,--,--,--,--,--,--,--,--,--,--,--,--,--,--,--,--,--,--,--,--,--,--,--,--,--,--,--,--,--,--,--,--,22789
2026-05-04 16:51:55.028,--,--,--,--,--,--,--,--,--,--,--,--,--,--,--,--,--,--,--,--,--,--,--,--,--,--,--,--,--,--,--,--,--,--,--,--,--,--,--,--,--,--,--,--,--,--,22794
2026-05-04 16:51:55.030,--,--,--,--,--,--,--,--,--,--,--,--,--,--,--,--,--,--,--,--,--,--,--,--,--,--,--,--,--,--,--,--,--,--,--,--,--,--,--,--,--,--,--,--,--,--,22799
2026-05-04 16:51:55.031,--,--,--,--,--,--,--,--,--,--,--,--,--,--,--,--,--,--,--,--,--,--,--,--,--,--,--,--,--,--,--,--,--,--,--,--,--,--,--,--,--,--,--,--,--,--,22804
2026-05-04 16:51:55.032,--,--,--,--,--,--,--,--,--,--,--,--,--,--,--,--,--,--,--,--,--,--,--,--,--,--,--,--,--,--,--,--,--,--,--,--,--,--,--,--,--,--,--,--,--,--,22809
2026-05-04 16:51:55.034,--,--,--,--,--,--,--,--,--,--,--,--,--,--,--,--,--,--,--,--,--,--,--,--,--,--,--,--,--,--,--,--,--,--,--,--,--,--,--,--,--,--,--,--,--,--,22814
2026-05-04 16:51:55.035,--,--,--,--,--,--,--,--,--,--,--,--,--,--,--,--,--,--,--,--,--,--,--,--,--,--,--,--,--,--,--,--,--,--,--,--,--,--,--,--,--,--,--,--,--,--,22819
2026-05-04 16:51:55.036,--,--,--,--,--,--,--,--,--,--,--,--,--,--,--,--,--,--,--,--,--,--,--,--,--,--,--,--,--,--,--,--,--,--,--,--,--,--,--,--,--,--,--,--,--,--,22824
2026-05-04 16:51:55.038,--,--,--,--,--,--,--,--,--,--,--,--,--,--,--,--,--,--,--,--,--,--,--,--,--,--,--,--,--,--,--,--,--,--,--,--,--,--,--,--,--,--,--,--,--,--,22829
2026-05-04 16:51:55.039,--,--,--,--,--,--,--,--,--,--,--,--,--,--,--,--,--,--,--,--,--,--,--,--,--,--,--,--,--,--,--,--,--,--,--,--,--,--,--,--,--,--,--,--,--,--,22834
2026-05-04 16:51:55.131,--,--,--,--,--,--,--,--,--,--,--,--,--,--,--,--,--,--,--,--,--,--,--,--,--,--,--,--,--,--,--,--,--,--,--,--,--,--,--,--,--,--,--,--,--,--,24301
2026-05-04 16:51:55.187,--,--,--,--,--,--,--,--,--,--,--,--,--,--,--,--,--,--,--,--,--,--,--,--,--,--,--,--,--,--,--,--,--,--,--,--,--,--,--,--,--,--,--,--,--,--,24306
2026-05-04 16:51:55.208,--,--,--,--,--,--,--,--,--,--,--,--,--,--,--,--,--,--,--,--,--,--,--,--,--,--,--,--,--,--,--,--,--,--,--,--,--,--,--,--,--,--,--,--,--,--,24311
2026-05-04 16:51:55.261,--,--,--,--,--,--,--,--,--,--,--,--,--,--,--,--,--,--,--,--,--,--,--,--,--,--,--,--,--,--,--,--,--,--,--,--,--,--,--,--,--,--,--,--,--,--,24316
2026-05-04 16:51:55.301,--,--,--,--,--,--,--,--,--,--,--,--,--,--,--,--,--,--,--,--,--,--,--,--,--,--,--,--,--,--,--,--,--,--,--,--,--,--,--,--,--,--,--,--,--,--,24321
2026-05-04 16:51:55.334,--,--,--,--,--,--,--,--,--,--,--,--,--,--,--,--,--,--,--,--,--,--,--,--,--,--,--,--,--,--,--,--,--,--,--,--,--,--,--,--,--,--,--,--,--,--,24326
2026-05-04 16:51:55.385,--,--,--,--,--,--,--,--,--,--,--,--,--,--,--,--,--,--,--,--,--,--,--,--,--,--,--,--,--,--,--,--,--,--,--,--,--,--,--,--,--,--,--,--,--,--,24331
2026-05-04 16:51:55.421,--,--,--,--,--,--,--,--,--,--,--,--,--,--,--,--,--,--,--,--,--,--,--,--,--,--,--,--,--,--,--,--,--,--,--,--,--,--,--,--,--,--,--,--,--,--,24336
2026-05-04 16:51:55.460,--,--,--,--,--,--,--,--,--,--,--,--,--,--,--,--,--,--,--,--,--,--,--,--,--,--,--,--,--,--,--,--,--,--,--,--,--,--,--,--,--,--,--,--,--,--,24341
2026-05-04 16:51:55.495,--,--,--,--,--,--,--,--,--,--,--,--,--,--,--,--,--,--,--,--,--,--,--,--,--,--,--,--,--,--,--,--,--,--,--,--,--,--,--,--,--,--,--,--,--,--,24346
2026-05-04 16:51:55.496,--,--,--,--,--,--,--,--,--,--,--,--,--,--,--,--,--,--,--,--,--,--,--,--,--,--,--,--,--,--,--,--,--,--,--,--,--,--,--,--,--,--,--,--,--,--,24351
2026-05-04 16:51:55.497,--,--,--,--,--,--,--,--,--,--,--,--,--,--,--,--,--,--,--,--,--,--,--,--,--,--,--,--,--,--,--,--,--,--,--,--,--,--,--,--,--,--,--,--,--,--,24356
2026-05-04 16:51:55.499,--,--,--,--,--,--,--,--,--,--,--,--,--,--,--,--,--,--,--,--,--,--,--,--,--,--,--,--,--,--,--,--,--,--,--,--,--,--,--,--,--,--,--,--,--,--,24361
2026-05-04 16:51:55.500,--,--,--,--,--,--,--,--,--,--,--,--,--,--,--,--,--,--,--,--,--,--,--,--,--,--,--,--,--,--,--,--,--,--,--,--,--,--,--,--,--,--,--,--,--,--,24366
2026-05-04 16:51:55.502,--,--,--,--,--,--,--,--,--,--,--,--,--,--,--,--,--,--,--,--,--,--,--,--,--,--,--,--,--,--,--,--,--,--,--,--,--,--,--,--,--,--,--,--,--,--,24371
2026-05-04 16:51:55.503,--,--,--,--,--,--,--,--,--,--,--,--,--,--,--,--,--,--,--,--,--,--,--,--,--,--,--,--,--,--,--,--,--,--,--,--,--,--,--,--,--,--,--,--,--,--,24376
2026-05-04 16:51:55.504,--,--,--,--,--,--,--,--,--,--,--,--,--,--,--,--,--,--,--,--,--,--,--,--,--,--,--,--,--,--,--,--,--,--,--,--,--,--,--,--,--,--,--,--,--,--,24381
2026-05-04 16:51:55.506,--,--,--,--,--,--,--,--,--,--,--,--,--,--,--,--,--,--,--,--,--,--,--,--,--,--,--,--,--,--,--,--,--,--,--,--,--,--,--,--,--,--,--,--,--,--,24386
2026-05-04 16:51:55.507,--,--,--,--,--,--,--,--,--,--,--,--,--,--,--,--,--,--,--,--,--,--,--,--,--,--,--,--,--,--,--,--,--,--,--,--,--,--,--,--,--,--,--,--,--,--,24391
2026-05-04 16:51:55.508,--,--,--,--,--,--,--,--,--,--,--,--,--,--,--,--,--,--,--,--,--,--,--,--,--,--,--,--,--,--,--,--,--,--,--,--,--,--,--,--,--,--,--,--,--,--,24396
2026-05-04 16:51:55.573,--,--,--,--,--,--,--,--,--,--,--,--,--,--,--,--,--,--,--,--,--,--,--,--,--,--,--,--,--,--,--,--,--,--,--,--,--,--,--,--,--,--,--,--,--,--,27679
2026-05-04 16:51:55.628,--,--,--,--,--,--,--,--,--,--,--,--,--,--,--,--,--,--,--,--,--,--,--,--,--,--,--,--,--,--,--,--,--,--,--,--,--,--,--,--,--,--,--,--,--,--,27684
2026-05-04 16:51:55.720,--,--,--,--,--,--,--,--,--,--,--,--,--,--,--,--,--,--,--,--,--,--,--,--,--,--,--,--,--,--,--,--,--,--,--,--,--,--,--,--,--,--,--,--,--,--,27689
2026-05-04 16:51:55.791,--,--,--,--,--,--,--,--,--,--,--,--,--,--,--,--,--,--,--,--,--,--,--,--,--,--,--,--,--,--,--,--,--,--,--,--,--,--,--,--,--,--,--,--,--,--,27694
2026-05-04 16:51:55.860,--,--,--,--,--,--,--,--,--,--,--,--,--,--,--,--,--,--,--,--,--,--,--,--,--,--,--,--,--,--,--,--,--,--,--,--,--,--,--,--,--,--,--,--,--,--,27699
2026-05-04 16:51:55.863,--,--,--,--,--,--,--,--,--,--,--,--,--,--,--,--,--,--,--,--,--,--,--,--,--,--,--,--,--,--,--,--,--,--,--,--,--,--,--,--,--,--,--,--,--,--,27704
2026-05-04 16:51:55.866,--,--,--,--,--,--,--,--,--,--,--,--,--,--,--,--,--,--,--,--,--,--,--,--,--,--,--,--,--,--,--,--,--,--,--,--,--,--,--,--,--,--,--,--,--,--,27709
2026-05-04 16:51:55.870,--,--,--,--,--,--,--,--,--,--,--,--,--,--,--,--,--,--,--,--,--,--,--,--,--,--,--,--,--,--,--,--,--,--,--,--,--,--,--,--,--,--,--,--,--,--,27714
2026-05-04 16:51:55.874,--,--,--,--,--,--,--,--,--,--,--,--,--,--,--,--,--,--,--,--,--,--,--,--,--,--,--,--,--,--,--,--,--,--,--,--,--,--,--,--,--,--,--,--,--,--,27719
2026-05-04 16:51:55.878,--,--,--,--,--,--,--,--,--,--,--,--,--,--,--,--,--,--,--,--,--,--,--,--,--,--,--,--,--,--,--,--,--,--,--,--,--,--,--,--,--,--,--,--,--,--,27724
2026-05-04 16:51:55.884,--,--,--,--,--,--,--,--,--,--,--,--,--,--,--,--,--,--,--,--,--,--,--,--,--,--,--,--,--,--,--,--,--,--,--,--,--,--,--,--,--,--,--,--,--,--,27729
2026-05-04 16:51:55.886,--,--,--,--,--,--,--,--,--,--,--,--,--,--,--,--,--,--,--,--,--,--,--,--,--,--,--,--,--,--,--,--,--,--,--,--,--,--,--,--,--,--,--,--,--,--,27734
2026-05-04 16:51:55.890,--,--,--,--,--,--,--,--,--,--,--,--,--,--,--,--,--,--,--,--,--,--,--,--,--,--,--,--,--,--,--,--,--,--,--,--,--,--,--,--,--,--,--,--,--,--,27739
2026-05-04 16:51:55.892,--,--,--,--,--,--,--,--,--,--,--,--,--,--,--,--,--,--,--,--,--,--,--,--,--,--,--,--,--,--,--,--,--,--,--,--,--,--,--,--,--,--,--,--,--,--,27744
2026-05-04 16:51:55.893,--,--,--,--,--,--,--,--,--,--,--,--,--,--,--,--,--,--,--,--,--,--,--,--,--,--,--,--,--,--,--,--,--,--,--,--,--,--,--,--,--,--,--,--,--,--,27749
2026-05-04 16:51:55.894,--,--,--,--,--,--,--,--,--,--,--,--,--,--,--,--,--,--,--,--,--,--,--,--,--,--,--,--,--,--,--,--,--,--,--,--,--,--,--,--,--,--,--,--,--,--,27754
2026-05-04 16:51:55.895,--,--,--,--,--,--,--,--,--,--,--,--,--,--,--,--,--,--,--,--,--,--,--,--,--,--,--,--,--,--,--,--,--,--,--,--,--,--,--,--,--,--,--,--,--,--,27759
2026-05-04 16:51:56.027,--,--,--,--,--,--,--,--,--,--,--,--,--,--,--,--,--,--,--,--,--,--,--,--,--,--,--,--,--,--,--,--,--,--,--,--,--,--,--,--,--,--,--,--,--,--,27764
2026-05-04 16:51:56.079,--,--,--,--,--,--,--,--,--,--,--,--,--,--,--,--,--,--,--,--,--,--,--,--,--,--,--,--,--,--,--,--,--,--,--,--,--,--,--,--,--,--,--,--,--,--,27769
2026-05-04 16:51:56.116,--,--,--,--,--,--,--,--,--,--,--,--,--,--,--,--,--,--,--,--,--,--,--,--,--,--,--,--,--,--,--,--,--,--,--,--,--,--,--,--,--,--,--,--,--,--,27774
2026-05-04 16:51:56.164,--,--,--,--,--,--,--,--,--,--,--,--,--,--,--,--,--,--,--,--,--,--,--,--,--,--,--,--,--,--,--,--,--,--,--,--,--,--,--,--,--,--,--,--,--,--,27779
2026-05-04 16:51:56.199,--,--,--,--,--,--,--,--,--,--,--,--,--,--,--,--,--,--,--,--,--,--,--,--,--,--,--,--,--,--,--,--,--,--,--,--,--,--,--,--,--,--,--,--,--,--,27784
2026-05-04 16:51:56.248,--,--,--,--,--,--,--,--,--,--,--,--,--,--,--,--,--,--,--,--,--,--,--,--,--,--,--,--,--,--,--,--,--,--,--,--,--,--,--,--,--,--,--,--,--,--,27789
2026-05-04 16:51:56.297,--,--,--,--,--,--,--,--,--,--,--,--,--,--,--,--,--,--,--,--,--,--,--,--,--,--,--,--,--,--,--,--,--,--,--,--,--,--,--,--,--,--,--,--,--,--,27794
2026-05-04 16:51:56.347,--,--,--,--,--,--,--,--,--,--,--,--,--,--,--,--,--,--,--,--,--,--,--,--,--,--,--,--,--,--,--,--,--,--,--,--,--,--,--,--,--,--,--,--,--,--,27799
2026-05-04 16:51:56.349,--,--,--,--,--,--,--,--,--,--,--,--,--,--,--,--,--,--,--,--,--,--,--,--,--,--,--,--,--,--,--,--,--,--,--,--,--,--,--,--,--,--,--,--,--,--,27804
2026-05-04 16:51:56.350,--,--,--,--,--,--,--,--,--,--,--,--,--,--,--,--,--,--,--,--,--,--,--,--,--,--,--,--,--,--,--,--,--,--,--,--,--,--,--,--,--,--,--,--,--,--,27809
2026-05-04 16:51:56.351,--,--,--,--,--,--,--,--,--,--,--,--,--,--,--,--,--,--,--,--,--,--,--,--,--,--,--,--,--,--,--,--,--,--,--,--,--,--,--,--,--,--,--,--,--,--,27814
2026-05-04 16:51:56.353,--,--,--,--,--,--,--,--,--,--,--,--,--,--,--,--,--,--,--,--,--,--,--,--,--,--,--,--,--,--,--,--,--,--,--,--,--,--,--,--,--,--,--,--,--,--,27819
2026-05-04 16:51:56.354,--,--,--,--,--,--,--,--,--,--,--,--,--,--,--,--,--,--,--,--,--,--,--,--,--,--,--,--,--,--,--,--,--,--,--,--,--,--,--,--,--,--,--,--,--,--,27824
2026-05-04 16:51:56.356,--,--,--,--,--,--,--,--,--,--,--,--,--,--,--,--,--,--,--,--,--,--,--,--,--,--,--,--,--,--,--,--,--,--,--,--,--,--,--,--,--,--,--,--,--,--,27829
2026-05-04 16:51:56.358,--,--,--,--,--,--,--,--,--,--,--,--,--,--,--,--,--,--,--,--,--,--,--,--,--,--,--,--,--,--,--,--,--,--,--,--,--,--,--,--,--,--,--,--,--,--,27834
2026-05-04 16:51:56.359,--,--,--,--,--,--,--,--,--,--,--,--,--,--,--,--,--,--,--,--,--,--,--,--,--,--,--,--,--,--,--,--,--,--,--,--,--,--,--,--,--,--,--,--,--,--,27839
2026-05-04 16:51:56.360,--,--,--,--,--,--,--,--,--,--,--,--,--,--,--,--,--,--,--,--,--,--,--,--,--,--,--,--,--,--,--,--,--,--,--,--,--,--,--,--,--,--,--,--,--,--,27844
2026-05-04 16:51:56.361,--,--,--,--,--,--,--,--,--,--,--,--,--,--,--,--,--,--,--,--,--,--,--,--,--,--,--,--,--,--,--,--,--,--,--,--,--,--,--,--,--,--,--,--,--,--,27849
2026-05-04 16:51:56.362,--,--,--,--,--,--,--,--,--,--,--,--,--,--,--,--,--,--,--,--,--,--,--,--,--,--,--,--,--,--,--,--,--,--,--,--,--,--,--,--,--,--,--,--,--,--,27854
2026-05-04 16:51:56.381,--,--,--,--,--,--,--,--,--,--,--,--,--,--,--,--,--,--,--,--,--,--,--,--,--,--,--,--,--,--,--,--,--,--,--,--,--,--,--,--,--,--,--,--,--,--,27859
2026-05-04 16:51:56.417,--,--,--,--,--,--,--,--,--,--,--,--,--,--,--,--,--,--,--,--,--,--,--,--,--,--,--,--,--,--,--,--,--,--,--,--,--,--,--,--,--,--,--,--,--,--,31226
2026-05-04 16:51:56.457,--,--,--,--,--,--,--,--,--,--,--,--,--,--,--,--,--,--,--,--,--,--,--,--,--,--,--,--,--,--,--,--,--,--,--,--,--,--,--,--,--,--,--,--,--,--,31231
2026-05-04 16:51:56.533,--,--,--,--,--,--,--,--,--,--,--,--,--,--,--,--,--,--,--,--,--,--,--,--,--,--,--,--,--,--,--,--,--,--,--,--,--,--,--,--,--,--,--,--,--,--,31236
2026-05-04 16:51:56.596,--,--,--,--,--,--,--,--,--,--,--,--,--,--,--,--,--,--,--,--,--,--,--,--,--,--,--,--,--,--,--,--,--,--,--,--,--,--,--,--,--,--,--,--,--,--,31241
2026-05-04 16:51:56.673,--,--,--,--,--,--,--,--,--,--,--,--,--,--,--,--,--,--,--,--,--,--,--,--,--,--,--,--,--,--,--,--,--,--,--,--,--,--,--,--,--,--,--,--,--,--,31246
2026-05-04 16:51:56.727,--,--,--,--,--,--,--,--,--,--,--,--,--,--,--,--,--,--,--,--,--,--,--,--,--,--,--,--,--,--,--,--,--,--,--,--,--,--,--,--,--,--,--,--,--,--,31251
2026-05-04 16:51:56.732,--,--,--,--,--,--,--,--,--,--,--,--,--,--,--,--,--,--,--,--,--,--,--,--,--,--,--,--,--,--,--,--,--,--,--,--,--,--,--,--,--,--,--,--,--,--,31256
2026-05-04 16:51:56.736,--,--,--,--,--,--,--,--,--,--,--,--,--,--,--,--,--,--,--,--,--,--,--,--,--,--,--,--,--,--,--,--,--,--,--,--,--,--,--,--,--,--,--,--,--,--,31261
2026-05-04 16:51:56.740,--,--,--,--,--,--,--,--,--,--,--,--,--,--,--,--,--,--,--,--,--,--,--,--,--,--,--,--,--,--,--,--,--,--,--,--,--,--,--,--,--,--,--,--,--,--,31266
2026-05-04 16:51:56.742,--,--,--,--,--,--,--,--,--,--,--,--,--,--,--,--,--,--,--,--,--,--,--,--,--,--,--,--,--,--,--,--,--,--,--,--,--,--,--,--,--,--,--,--,--,--,31271
2026-05-04 16:51:56.744,--,--,--,--,--,--,--,--,--,--,--,--,--,--,--,--,--,--,--,--,--,--,--,--,--,--,--,--,--,--,--,--,--,--,--,--,--,--,--,--,--,--,--,--,--,--,31276
2026-05-04 16:51:56.746,--,--,--,--,--,--,--,--,--,--,--,--,--,--,--,--,--,--,--,--,--,--,--,--,--,--,--,--,--,--,--,--,--,--,--,--,--,--,--,--,--,--,--,--,--,--,31281
2026-05-04 16:51:56.748,--,--,--,--,--,--,--,--,--,--,--,--,--,--,--,--,--,--,--,--,--,--,--,--,--,--,--,--,--,--,--,--,--,--,--,--,--,--,--,--,--,--,--,--,--,--,31286
2026-05-04 16:51:56.768,--,--,--,--,--,--,--,--,--,--,--,--,--,--,--,--,--,--,--,--,--,--,--,--,--,--,--,--,--,--,--,--,--,--,--,--,--,--,--,--,--,--,--,--,--,--,31291
2026-05-04 16:51:56.769,--,--,--,--,--,--,--,--,--,--,--,--,--,--,--,--,--,--,--,--,--,--,--,--,--,--,--,--,--,--,--,--,--,--,--,--,--,--,--,--,--,--,--,--,--,--,31296
2026-05-04 16:51:56.770,--,--,--,--,--,--,--,--,--,--,--,--,--,--,--,--,--,--,--,--,--,--,--,--,--,--,--,--,--,--,--,--,--,--,--,--,--,--,--,--,--,--,--,--,--,--,31301
2026-05-04 16:51:56.771,--,--,--,--,--,--,--,--,--,--,--,--,--,--,--,--,--,--,--,--,--,--,--,--,--,--,--,--,--,--,--,--,--,--,--,--,--,--,--,--,--,--,--,--,--,--,31306
2026-05-04 16:51:56.853,--,--,--,--,--,--,--,--,--,--,--,--,--,--,--,--,--,--,--,--,--,--,--,--,--,--,--,--,--,--,--,--,--,--,--,--,--,--,--,--,--,--,--,--,--,--,31311
2026-05-04 16:51:56.875,--,--,--,--,--,--,--,--,--,--,--,--,--,--,--,--,--,--,--,--,--,--,--,--,--,--,--,--,--,--,--,--,--,--,--,--,--,--,--,--,--,--,--,--,--,--,31316
2026-05-04 16:51:56.910,--,--,--,--,--,--,--,--,--,--,--,--,--,--,--,--,--,--,--,--,--,--,--,--,--,--,--,--,--,--,--,--,--,--,--,--,--,--,--,--,--,--,--,--,--,--,31321
2026-05-04 16:51:56.978,--,--,--,--,--,--,--,--,--,--,--,--,--,--,--,--,--,--,--,--,--,--,--,--,--,--,--,--,--,--,--,--,--,--,--,--,--,--,--,--,--,--,--,--,--,--,31326
2026-05-04 16:51:57.015,--,--,--,--,--,--,--,--,--,--,--,--,--,--,--,--,--,--,--,--,--,--,--,--,--,--,--,--,--,--,--,--,--,--,--,--,--,--,--,--,--,--,--,--,--,--,31331
2026-05-04 16:51:57.067,--,--,--,--,--,--,--,--,--,--,--,--,--,--,--,--,--,--,--,--,--,--,--,--,--,--,--,--,--,--,--,--,--,--,--,--,--,--,--,--,--,--,--,--,--,--,31336
2026-05-04 16:51:57.103,--,--,--,--,--,--,--,--,--,--,--,--,--,--,--,--,--,--,--,--,--,--,--,--,--,--,--,--,--,--,--,--,--,--,--,--,--,--,--,--,--,--,--,--,--,--,31341
2026-05-04 16:51:57.155,--,--,--,--,--,--,--,--,--,--,--,--,--,--,--,--,--,--,--,--,--,--,--,--,--,--,--,--,--,--,--,--,--,--,--,--,--,--,--,--,--,--,--,--,--,--,31346
2026-05-04 16:51:57.210,--,--,--,--,--,--,--,--,--,--,--,--,--,--,--,--,--,--,--,--,--,--,--,--,--,--,--,--,--,--,--,--,--,--,--,--,--,--,--,--,--,--,--,--,--,--,31351
2026-05-04 16:51:57.230,--,--,--,--,--,--,--,--,--,--,--,--,--,--,--,--,--,--,--,--,--,--,--,--,--,--,--,--,--,--,--,--,--,--,--,--,--,--,--,--,--,--,--,--,--,--,31356
2026-05-04 16:51:57.231,--,--,--,--,--,--,--,--,--,--,--,--,--,--,--,--,--,--,--,--,--,--,--,--,--,--,--,--,--,--,--,--,--,--,--,--,--,--,--,--,--,--,--,--,--,--,31361
2026-05-04 16:51:57.233,--,--,--,--,--,--,--,--,--,--,--,--,--,--,--,--,--,--,--,--,--,--,--,--,--,--,--,--,--,--,--,--,--,--,--,--,--,--,--,--,--,--,--,--,--,--,31366
2026-05-04 16:51:57.234,--,--,--,--,--,--,--,--,--,--,--,--,--,--,--,--,--,--,--,--,--,--,--,--,--,--,--,--,--,--,--,--,--,--,--,--,--,--,--,--,--,--,--,--,--,--,31371
2026-05-04 16:51:57.236,--,--,--,--,--,--,--,--,--,--,--,--,--,--,--,--,--,--,--,--,--,--,--,--,--,--,--,--,--,--,--,--,--,--,--,--,--,--,--,--,--,--,--,--,--,--,31376
2026-05-04 16:51:57.238,--,--,--,--,--,--,--,--,--,--,--,--,--,--,--,--,--,--,--,--,--,--,--,--,--,--,--,--,--,--,--,--,--,--,--,--,--,--,--,--,--,--,--,--,--,--,31381
2026-05-04 16:51:57.240,--,--,--,--,--,--,--,--,--,--,--,--,--,--,--,--,--,--,--,--,--,--,--,--,--,--,--,--,--,--,--,--,--,--,--,--,--,--,--,--,--,--,--,--,--,--,31386
2026-05-04 16:51:57.241,--,--,--,--,--,--,--,--,--,--,--,--,--,--,--,--,--,--,--,--,--,--,--,--,--,--,--,--,--,--,--,--,--,--,--,--,--,--,--,--,--,--,--,--,--,--,31391
2026-05-04 16:51:57.242,--,--,--,--,--,--,--,--,--,--,--,--,--,--,--,--,--,--,--,--,--,--,--,--,--,--,--,--,--,--,--,--,--,--,--,--,--,--,--,--,--,--,--,--,--,--,31396
2026-05-04 16:51:57.244,--,--,--,--,--,--,--,--,--,--,--,--,--,--,--,--,--,--,--,--,--,--,--,--,--,--,--,--,--,--,--,--,--,--,--,--,--,--,--,--,--,--,--,--,--,--,31401
2026-05-04 16:51:57.246,--,--,--,--,--,--,--,--,--,--,--,--,--,--,--,--,--,--,--,--,--,--,--,--,--,--,--,--,--,--,--,--,--,--,--,--,--,--,--,--,--,--,--,--,--,--,31406
2026-05-04 16:51:57.274,--,--,--,--,--,--,--,--,--,--,--,--,--,--,--,--,--,--,--,--,--,--,--,--,--,--,--,--,--,--,--,--,--,--,--,--,--,--,--,--,--,--,--,--,--,--,34773
2026-05-04 16:51:57.364,--,--,--,--,--,--,--,--,--,--,--,--,--,--,--,--,--,--,--,--,--,--,--,--,--,--,--,--,--,--,--,--,--,--,--,--,--,--,--,--,--,--,--,--,--,--,34778
2026-05-04 16:51:57.415,--,--,--,--,--,--,--,--,--,--,--,--,--,--,--,--,--,--,--,--,--,--,--,--,--,--,--,--,--,--,--,--,--,--,--,--,--,--,--,--,--,--,--,--,--,--,34783
2026-05-04 16:51:57.450,--,--,--,--,--,--,--,--,--,--,--,--,--,--,--,--,--,--,--,--,--,--,--,--,--,--,--,--,--,--,--,--,--,--,--,--,--,--,--,--,--,--,--,--,--,--,34788
2026-05-04 16:51:57.451,--,--,--,--,--,--,--,--,--,--,--,--,--,--,--,--,--,--,--,--,--,--,--,--,--,--,--,--,--,--,--,--,--,--,--,--,--,--,--,--,--,--,--,--,--,--,34793
2026-05-04 16:51:57.452,--,--,--,--,--,--,--,--,--,--,--,--,--,--,--,--,--,--,--,--,--,--,--,--,--,--,--,--,--,--,--,--,--,--,--,--,--,--,--,--,--,--,--,--,--,--,34798
2026-05-04 16:51:57.454,--,--,--,--,--,--,--,--,--,--,--,--,--,--,--,--,--,--,--,--,--,--,--,--,--,--,--,--,--,--,--,--,--,--,--,--,--,--,--,--,--,--,--,--,--,--,34803
2026-05-04 16:51:57.455,--,--,--,--,--,--,--,--,--,--,--,--,--,--,--,--,--,--,--,--,--,--,--,--,--,--,--,--,--,--,--,--,--,--,--,--,--,--,--,--,--,--,--,--,--,--,34808
2026-05-04 16:51:57.457,--,--,--,--,--,--,--,--,--,--,--,--,--,--,--,--,--,--,--,--,--,--,--,--,--,--,--,--,--,--,--,--,--,--,--,--,--,--,--,--,--,--,--,--,--,--,34813
2026-05-04 16:51:57.459,--,--,--,--,--,--,--,--,--,--,--,--,--,--,--,--,--,--,--,--,--,--,--,--,--,--,--,--,--,--,--,--,--,--,--,--,--,--,--,--,--,--,--,--,--,--,34814
2026-05-04 16:51:57.584,--,--,--,--,--,--,--,--,--,--,--,--,--,--,--,--,--,--,--,--,--,--,--,--,--,--,--,--,--,--,--,--,--,--,--,--,--,--,--,--,--,--,--,--,--,--,34815
2026-05-04 16:51:57.637,--,--,--,--,--,--,--,--,--,--,--,--,--,--,--,--,--,--,--,--,--,--,--,--,--,--,--,--,--,--,--,--,--,--,--,--,--,--,--,--,--,--,--,--,--,--,34820
2026-05-04 16:51:57.673,--,--,--,--,--,--,--,--,--,--,--,--,--,--,--,--,--,--,--,--,--,--,--,--,--,--,--,--,--,--,--,--,--,--,--,--,--,--,--,--,--,--,--,--,--,--,34825
2026-05-04 16:51:57.725,--,--,--,--,--,--,--,--,--,--,--,--,--,--,--,--,--,--,--,--,--,--,--,--,--,--,--,--,--,--,--,--,--,--,--,--,--,--,--,--,--,--,--,--,--,--,34830
2026-05-04 16:51:57.802,--,--,--,--,--,--,--,--,--,--,--,--,--,--,--,--,--,--,--,--,--,--,--,--,--,--,--,--,--,--,--,--,--,--,--,--,--,--,--,--,--,--,--,--,--,--,34835
2026-05-04 16:51:57.868,--,--,--,--,--,--,--,--,--,--,--,--,--,--,--,--,--,--,--,--,--,--,--,--,--,--,--,--,--,--,--,--,--,--,--,--,--,--,--,--,--,--,--,--,--,--,34840
2026-05-04 16:51:57.918,--,--,--,--,--,--,--,--,--,--,--,--,--,--,--,--,--,--,--,--,--,--,--,--,--,--,--,--,--,--,--,--,--,--,--,--,--,--,--,--,--,--,--,--,--,--,34845
2026-05-04 16:51:57.920,--,--,--,--,--,--,--,--,--,--,--,--,--,--,--,--,--,--,--,--,--,--,--,--,--,--,--,--,--,--,--,--,--,--,--,--,--,--,--,--,--,--,--,--,--,--,34850
2026-05-04 16:51:57.921,--,--,--,--,--,--,--,--,--,--,--,--,--,--,--,--,--,--,--,--,--,--,--,--,--,--,--,--,--,--,--,--,--,--,--,--,--,--,--,--,--,--,--,--,--,--,34855
2026-05-04 16:51:57.923,--,--,--,--,--,--,--,--,--,--,--,--,--,--,--,--,--,--,--,--,--,--,--,--,--,--,--,--,--,--,--,--,--,--,--,--,--,--,--,--,--,--,--,--,--,--,34860
2026-05-04 16:51:57.925,--,--,--,--,--,--,--,--,--,--,--,--,--,--,--,--,--,--,--,--,--,--,--,--,--,--,--,--,--,--,--,--,--,--,--,--,--,--,--,--,--,--,--,--,--,--,34865
2026-05-04 16:51:57.926,--,--,--,--,--,--,--,--,--,--,--,--,--,--,--,--,--,--,--,--,--,--,--,--,--,--,--,--,--,--,--,--,--,--,--,--,--,--,--,--,--,--,--,--,--,--,34870
2026-05-04 16:51:57.928,--,--,--,--,--,--,--,--,--,--,--,--,--,--,--,--,--,--,--,--,--,--,--,--,--,--,--,--,--,--,--,--,--,--,--,--,--,--,--,--,--,--,--,--,--,--,34875
2026-05-04 16:51:57.929,--,--,--,--,--,--,--,--,--,--,--,--,--,--,--,--,--,--,--,--,--,--,--,--,--,--,--,--,--,--,--,--,--,--,--,--,--,--,--,--,--,--,--,--,--,--,34880
2026-05-04 16:51:57.930,--,--,--,--,--,--,--,--,--,--,--,--,--,--,--,--,--,--,--,--,--,--,--,--,--,--,--,--,--,--,--,--,--,--,--,--,--,--,--,--,--,--,--,--,--,--,34885
2026-05-04 16:51:57.931,--,--,--,--,--,--,--,--,--,--,--,--,--,--,--,--,--,--,--,--,--,--,--,--,--,--,--,--,--,--,--,--,--,--,--,--,--,--,--,--,--,--,--,--,--,--,34890
2026-05-04 16:51:57.932,--,--,--,--,--,--,--,--,--,--,--,--,--,--,--,--,--,--,--,--,--,--,--,--,--,--,--,--,--,--,--,--,--,--,--,--,--,--,--,--,--,--,--,--,--,--,34895
2026-05-04 16:51:57.933,--,--,--,--,--,--,--,--,--,--,--,--,--,--,--,--,--,--,--,--,--,--,--,--,--,--,--,--,--,--,--,--,--,--,--,--,--,--,--,--,--,--,--,--,--,--,34900
2026-05-04 16:51:57.934,--,--,--,--,--,--,--,--,--,--,--,--,--,--,--,--,--,--,--,--,--,--,--,--,--,--,--,--,--,--,--,--,--,--,--,--,--,--,--,--,--,--,--,--,--,--,34905
2026-05-04 16:51:57.937,--,--,--,--,--,--,--,--,--,--,--,--,--,--,--,--,--,--,--,--,--,--,--,--,--,--,--,--,--,--,--,--,--,--,--,--,--,--,--,--,--,--,--,--,--,--,34910
2026-05-04 16:51:57.983,--,--,--,--,--,--,--,--,--,--,--,--,--,--,--,--,--,--,--,--,--,--,--,--,--,--,--,--,--,--,--,--,--,--,--,--,--,--,--,--,--,--,--,--,--,--,37560
2026-05-04 16:51:58.038,--,--,--,--,--,--,--,--,--,--,--,--,--,--,--,--,--,--,--,--,--,--,--,--,--,--,--,--,--,--,--,--,--,--,--,--,--,--,--,--,--,--,--,--,--,--,37565
2026-05-04 16:51:58.094,--,--,--,--,--,--,--,--,--,--,--,--,--,--,--,--,--,--,--,--,--,--,--,--,--,--,--,--,--,--,--,--,--,--,--,--,--,--,--,--,--,--,--,--,--,--,37570
2026-05-04 16:51:58.145,--,--,--,--,--,--,--,--,--,--,--,--,--,--,--,--,--,--,--,--,--,--,--,--,--,--,--,--,--,--,--,--,--,--,--,--,--,--,--,--,--,--,--,--,--,--,37575
2026-05-04 16:51:58.146,--,--,--,--,--,--,--,--,--,--,--,--,--,--,--,--,--,--,--,--,--,--,--,--,--,--,--,--,--,--,--,--,--,--,--,--,--,--,--,--,--,--,--,--,--,--,37580
2026-05-04 16:51:58.147,--,--,--,--,--,--,--,--,--,--,--,--,--,--,--,--,--,--,--,--,--,--,--,--,--,--,--,--,--,--,--,--,--,--,--,--,--,--,--,--,--,--,--,--,--,--,37585
2026-05-04 16:51:58.150,--,--,--,--,--,--,--,--,--,--,--,--,--,--,--,--,--,--,--,--,--,--,--,--,--,--,--,--,--,--,--,--,--,--,--,--,--,--,--,--,--,--,--,--,--,--,37590
2026-05-04 16:51:58.151,--,--,--,--,--,--,--,--,--,--,--,--,--,--,--,--,--,--,--,--,--,--,--,--,--,--,--,--,--,--,--,--,--,--,--,--,--,--,--,--,--,--,--,--,--,--,37595
2026-05-04 16:51:58.152,--,--,--,--,--,--,--,--,--,--,--,--,--,--,--,--,--,--,--,--,--,--,--,--,--,--,--,--,--,--,--,--,--,--,--,--,--,--,--,--,--,--,--,--,--,--,37600
2026-05-04 16:51:58.153,--,--,--,--,--,--,--,--,--,--,--,--,--,--,--,--,--,--,--,--,--,--,--,--,--,--,--,--,--,--,--,--,--,--,--,--,--,--,--,--,--,--,--,--,--,--,37601
2026-05-04 16:51:58.252,--,--,--,--,--,--,--,--,--,--,--,--,--,--,--,--,--,--,--,--,--,--,--,--,--,--,--,--,--,--,--,--,--,--,--,--,--,--,--,--,--,--,--,--,--,--,37602
2026-05-04 16:51:58.343,--,--,--,--,--,--,--,--,--,--,--,--,--,--,--,--,--,--,--,--,--,--,--,--,--,--,--,--,--,--,--,--,--,--,--,--,--,--,--,--,--,--,--,--,--,--,37607
2026-05-04 16:51:58.395,--,--,--,--,--,--,--,--,--,--,--,--,--,--,--,--,--,--,--,--,--,--,--,--,--,--,--,--,--,--,--,--,--,--,--,--,--,--,--,--,--,--,--,--,--,--,37612
2026-05-04 16:51:58.463,--,--,--,--,--,--,--,--,--,--,--,--,--,--,--,--,--,--,--,--,--,--,--,--,--,--,--,--,--,--,--,--,--,--,--,--,--,--,--,--,--,--,--,--,--,--,37617
2026-05-04 16:51:58.516,--,--,--,--,--,--,--,--,--,--,--,--,--,--,--,--,--,--,--,--,--,--,--,--,--,--,--,--,--,--,--,--,--,--,--,--,--,--,--,--,--,--,--,--,--,--,37622
2026-05-04 16:51:58.551,--,--,--,--,--,--,--,--,--,--,--,--,--,--,--,--,--,--,--,--,--,--,--,--,--,--,--,--,--,--,--,--,--,--,--,--,--,--,--,--,--,--,--,--,--,--,37627
2026-05-04 16:51:58.585,--,--,--,--,--,--,--,--,--,--,--,--,--,--,--,--,--,--,--,--,--,--,--,--,--,--,--,--,--,--,--,--,--,--,--,--,--,--,--,--,--,--,--,--,--,--,37632
2026-05-04 16:51:58.603,--,--,--,--,--,--,--,--,--,--,--,--,--,--,--,--,--,--,--,--,--,--,--,--,--,--,--,--,--,--,--,--,--,--,--,--,--,--,--,--,--,--,--,--,--,--,37637
2026-05-04 16:51:58.604,--,--,--,--,--,--,--,--,--,--,--,--,--,--,--,--,--,--,--,--,--,--,--,--,--,--,--,--,--,--,--,--,--,--,--,--,--,--,--,--,--,--,--,--,--,--,37642
2026-05-04 16:51:58.606,--,--,--,--,--,--,--,--,--,--,--,--,--,--,--,--,--,--,--,--,--,--,--,--,--,--,--,--,--,--,--,--,--,--,--,--,--,--,--,--,--,--,--,--,--,--,37647
2026-05-04 16:51:58.607,--,--,--,--,--,--,--,--,--,--,--,--,--,--,--,--,--,--,--,--,--,--,--,--,--,--,--,--,--,--,--,--,--,--,--,--,--,--,--,--,--,--,--,--,--,--,37652
2026-05-04 16:51:58.608,--,--,--,--,--,--,--,--,--,--,--,--,--,--,--,--,--,--,--,--,--,--,--,--,--,--,--,--,--,--,--,--,--,--,--,--,--,--,--,--,--,--,--,--,--,--,37657
2026-05-04 16:51:58.610,--,--,--,--,--,--,--,--,--,--,--,--,--,--,--,--,--,--,--,--,--,--,--,--,--,--,--,--,--,--,--,--,--,--,--,--,--,--,--,--,--,--,--,--,--,--,37662
2026-05-04 16:51:58.612,--,--,--,--,--,--,--,--,--,--,--,--,--,--,--,--,--,--,--,--,--,--,--,--,--,--,--,--,--,--,--,--,--,--,--,--,--,--,--,--,--,--,--,--,--,--,37667
2026-05-04 16:51:58.613,--,--,--,--,--,--,--,--,--,--,--,--,--,--,--,--,--,--,--,--,--,--,--,--,--,--,--,--,--,--,--,--,--,--,--,--,--,--,--,--,--,--,--,--,--,--,37672
2026-05-04 16:51:58.615,--,--,--,--,--,--,--,--,--,--,--,--,--,--,--,--,--,--,--,--,--,--,--,--,--,--,--,--,--,--,--,--,--,--,--,--,--,--,--,--,--,--,--,--,--,--,37677
2026-05-04 16:51:58.616,--,--,--,--,--,--,--,--,--,--,--,--,--,--,--,--,--,--,--,--,--,--,--,--,--,--,--,--,--,--,--,--,--,--,--,--,--,--,--,--,--,--,--,--,--,--,37682
2026-05-04 16:51:58.617,--,--,--,--,--,--,--,--,--,--,--,--,--,--,--,--,--,--,--,--,--,--,--,--,--,--,--,--,--,--,--,--,--,--,--,--,--,--,--,--,--,--,--,--,--,--,37687
2026-05-04 16:51:58.619,--,--,--,--,--,--,--,--,--,--,--,--,--,--,--,--,--,--,--,--,--,--,--,--,--,--,--,--,--,--,--,--,--,--,--,--,--,--,--,--,--,--,--,--,--,--,37692
2026-05-04 16:51:58.620,--,--,--,--,--,--,--,--,--,--,--,--,--,--,--,--,--,--,--,--,--,--,--,--,--,--,--,--,--,--,--,--,--,--,--,--,--,--,--,--,--,--,--,--,--,--,37697
2026-05-04 16:51:58.668,--,--,--,--,--,--,--,--,--,--,--,--,--,--,--,--,--,--,--,--,--,--,--,--,--,--,--,--,--,--,--,--,--,--,--,--,--,--,--,--,--,--,--,--,--,--,40305
2026-05-04 16:51:58.735,--,--,--,--,--,--,--,--,--,--,--,--,--,--,--,--,--,--,--,--,--,--,--,--,--,--,--,--,--,--,--,--,--,--,--,--,--,--,--,--,--,--,--,--,--,--,40310
2026-05-04 16:51:58.770,--,--,--,--,--,--,--,--,--,--,--,--,--,--,--,--,--,--,--,--,--,--,--,--,--,--,--,--,--,--,--,--,--,--,--,--,--,--,--,--,--,--,--,--,--,--,40315
2026-05-04 16:51:58.804,--,--,--,--,--,--,--,--,--,--,--,--,--,--,--,--,--,--,--,--,--,--,--,--,--,--,--,--,--,--,--,--,--,--,--,--,--,--,--,--,--,--,--,--,--,--,40320
2026-05-04 16:51:58.854,--,--,--,--,--,--,--,--,--,--,--,--,--,--,--,--,--,--,--,--,--,--,--,--,--,--,--,--,--,--,--,--,--,--,--,--,--,--,--,--,--,--,--,--,--,--,40325
2026-05-04 16:51:58.922,--,--,--,--,--,--,--,--,--,--,--,--,--,--,--,--,--,--,--,--,--,--,--,--,--,--,--,--,--,--,--,--,--,--,--,--,--,--,--,--,--,--,--,--,--,--,40330
2026-05-04 16:51:58.955,--,--,--,--,--,--,--,--,--,--,--,--,--,--,--,--,--,--,--,--,--,--,--,--,--,--,--,--,--,--,--,--,--,--,--,--,--,--,--,--,--,--,--,--,--,--,40335
2026-05-04 16:51:58.955,--,--,--,--,--,--,--,--,--,--,--,--,--,--,--,--,--,--,--,--,--,--,--,--,--,--,--,--,--,--,--,--,--,--,--,--,--,--,--,--,--,--,--,--,--,--,40340
2026-05-04 16:51:58.957,--,--,--,--,--,--,--,--,--,--,--,--,--,--,--,--,--,--,--,--,--,--,--,--,--,--,--,--,--,--,--,--,--,--,--,--,--,--,--,--,--,--,--,--,--,--,40345
2026-05-04 16:51:58.958,--,--,--,--,--,--,--,--,--,--,--,--,--,--,--,--,--,--,--,--,--,--,--,--,--,--,--,--,--,--,--,--,--,--,--,--,--,--,--,--,--,--,--,--,--,--,40350
2026-05-04 16:51:58.960,--,--,--,--,--,--,--,--,--,--,--,--,--,--,--,--,--,--,--,--,--,--,--,--,--,--,--,--,--,--,--,--,--,--,--,--,--,--,--,--,--,--,--,--,--,--,40355
2026-05-04 16:51:58.961,--,--,--,--,--,--,--,--,--,--,--,--,--,--,--,--,--,--,--,--,--,--,--,--,--,--,--,--,--,--,--,--,--,--,--,--,--,--,--,--,--,--,--,--,--,--,40360
2026-05-04 16:51:58.962,--,--,--,--,--,--,--,--,--,--,--,--,--,--,--,--,--,--,--,--,--,--,--,--,--,--,--,--,--,--,--,--,--,--,--,--,--,--,--,--,--,--,--,--,--,--,40365
2026-05-04 16:51:58.963,--,--,--,--,--,--,--,--,--,--,--,--,--,--,--,--,--,--,--,--,--,--,--,--,--,--,--,--,--,--,--,--,--,--,--,--,--,--,--,--,--,--,--,--,--,--,40370
2026-05-04 16:51:58.965,--,--,--,--,--,--,--,--,--,--,--,--,--,--,--,--,--,--,--,--,--,--,--,--,--,--,--,--,--,--,--,--,--,--,--,--,--,--,--,--,--,--,--,--,--,--,40375
2026-05-04 16:51:58.966,--,--,--,--,--,--,--,--,--,--,--,--,--,--,--,--,--,--,--,--,--,--,--,--,--,--,--,--,--,--,--,--,--,--,--,--,--,--,--,--,--,--,--,--,--,--,40380
2026-05-04 16:51:58.967,--,--,--,--,--,--,--,--,--,--,--,--,--,--,--,--,--,--,--,--,--,--,--,--,--,--,--,--,--,--,--,--,--,--,--,--,--,--,--,--,--,--,--,--,--,--,40385
2026-05-04 16:51:58.969,--,--,--,--,--,--,--,--,--,--,--,--,--,--,--,--,--,--,--,--,--,--,--,--,--,--,--,--,--,--,--,--,--,--,--,--,--,--,--,--,--,--,--,--,--,--,40388
2026-05-04 16:51:59.081,--,--,--,--,--,--,--,--,--,--,--,--,--,--,--,--,--,--,--,--,--,--,--,--,--,--,--,--,--,--,--,--,--,--,--,--,--,--,--,--,--,--,--,--,--,--,40389
2026-05-04 16:51:59.136,--,--,--,--,--,--,--,--,--,--,--,--,--,--,--,--,--,--,--,--,--,--,--,--,--,--,--,--,--,--,--,--,--,--,--,--,--,--,--,--,--,--,--,--,--,--,40394
2026-05-04 16:51:59.197,--,--,--,--,--,--,--,--,--,--,--,--,--,--,--,--,--,--,--,--,--,--,--,--,--,--,--,--,--,--,--,--,--,--,--,--,--,--,--,--,--,--,--,--,--,--,40399
2026-05-04 16:51:59.252,--,--,--,--,--,--,--,--,--,--,--,--,--,--,--,--,--,--,--,--,--,--,--,--,--,--,--,--,--,--,--,--,--,--,--,--,--,--,--,--,--,--,--,--,--,--,40404
2026-05-04 16:51:59.291,--,--,--,--,--,--,--,--,--,--,--,--,--,--,--,--,--,--,--,--,--,--,--,--,--,--,--,--,--,--,--,--,--,--,--,--,--,--,--,--,--,--,--,--,--,--,40409
2026-05-04 16:51:59.323,--,--,--,--,--,--,--,--,--,--,--,--,--,--,--,--,--,--,--,--,--,--,--,--,--,--,--,--,--,--,--,--,--,--,--,--,--,--,--,--,--,--,--,--,--,--,40414
2026-05-04 16:51:59.357,--,--,--,--,--,--,--,--,--,--,--,--,--,--,--,--,--,--,--,--,--,--,--,--,--,--,--,--,--,--,--,--,--,--,--,--,--,--,--,--,--,--,--,--,--,--,40419
2026-05-04 16:51:59.405,--,--,--,--,--,--,--,--,--,--,--,--,--,--,--,--,--,--,--,--,--,--,--,--,--,--,--,--,--,--,--,--,--,--,--,--,--,--,--,--,--,--,--,--,--,--,40424
2026-05-04 16:51:59.441,--,--,--,--,--,--,--,--,--,--,--,--,--,--,--,--,--,--,--,--,--,--,--,--,--,--,--,--,--,--,--,--,--,--,--,--,--,--,--,--,--,--,--,--,--,--,40429
2026-05-04 16:51:59.442,--,--,--,--,--,--,--,--,--,--,--,--,--,--,--,--,--,--,--,--,--,--,--,--,--,--,--,--,--,--,--,--,--,--,--,--,--,--,--,--,--,--,--,--,--,--,40434
2026-05-04 16:51:59.443,--,--,--,--,--,--,--,--,--,--,--,--,--,--,--,--,--,--,--,--,--,--,--,--,--,--,--,--,--,--,--,--,--,--,--,--,--,--,--,--,--,--,--,--,--,--,40439
2026-05-04 16:51:59.445,--,--,--,--,--,--,--,--,--,--,--,--,--,--,--,--,--,--,--,--,--,--,--,--,--,--,--,--,--,--,--,--,--,--,--,--,--,--,--,--,--,--,--,--,--,--,40444
2026-05-04 16:51:59.447,--,--,--,--,--,--,--,--,--,--,--,--,--,--,--,--,--,--,--,--,--,--,--,--,--,--,--,--,--,--,--,--,--,--,--,--,--,--,--,--,--,--,--,--,--,--,40449
2026-05-04 16:51:59.448,--,--,--,--,--,--,--,--,--,--,--,--,--,--,--,--,--,--,--,--,--,--,--,--,--,--,--,--,--,--,--,--,--,--,--,--,--,--,--,--,--,--,--,--,--,--,40454
2026-05-04 16:51:59.449,--,--,--,--,--,--,--,--,--,--,--,--,--,--,--,--,--,--,--,--,--,--,--,--,--,--,--,--,--,--,--,--,--,--,--,--,--,--,--,--,--,--,--,--,--,--,40459
2026-05-04 16:51:59.450,--,--,--,--,--,--,--,--,--,--,--,--,--,--,--,--,--,--,--,--,--,--,--,--,--,--,--,--,--,--,--,--,--,--,--,--,--,--,--,--,--,--,--,--,--,--,40464
2026-05-04 16:51:59.452,--,--,--,--,--,--,--,--,--,--,--,--,--,--,--,--,--,--,--,--,--,--,--,--,--,--,--,--,--,--,--,--,--,--,--,--,--,--,--,--,--,--,--,--,--,--,40469
2026-05-04 16:51:59.454,--,--,--,--,--,--,--,--,--,--,--,--,--,--,--,--,--,--,--,--,--,--,--,--,--,--,--,--,--,--,--,--,--,--,--,--,--,--,--,--,--,--,--,--,--,--,40474
2026-05-04 16:51:59.455,--,--,--,--,--,--,--,--,--,--,--,--,--,--,--,--,--,--,--,--,--,--,--,--,--,--,--,--,--,--,--,--,--,--,--,--,--,--,--,--,--,--,--,--,--,--,40479
2026-05-04 16:51:59.456,--,--,--,--,--,--,--,--,--,--,--,--,--,--,--,--,--,--,--,--,--,--,--,--,--,--,--,--,--,--,--,--,--,--,--,--,--,--,--,--,--,--,--,--,--,--,40484
2026-05-04 16:51:59.502,--,--,--,--,--,--,--,--,--,--,--,--,--,--,--,--,--,--,--,--,--,--,--,--,--,--,--,--,--,--,--,--,--,--,--,--,--,--,--,--,--,--,--,--,--,--,43514
2026-05-04 16:51:59.542,--,--,--,--,--,--,--,--,--,--,--,--,--,--,--,--,--,--,--,--,--,--,--,--,--,--,--,--,--,--,--,--,--,--,--,--,--,--,--,--,--,--,--,--,--,--,43519
2026-05-04 16:51:59.611,--,--,--,--,--,--,--,--,--,--,--,--,--,--,--,--,--,--,--,--,--,--,--,--,--,--,--,--,--,--,--,--,--,--,--,--,--,--,--,--,--,--,--,--,--,--,43524
2026-05-04 16:51:59.665,--,--,--,--,--,--,--,--,--,--,--,--,--,--,--,--,--,--,--,--,--,--,--,--,--,--,--,--,--,--,--,--,--,--,--,--,--,--,--,--,--,--,--,--,--,--,43529
2026-05-04 16:51:59.666,--,--,--,--,--,--,--,--,--,--,--,--,--,--,--,--,--,--,--,--,--,--,--,--,--,--,--,--,--,--,--,--,--,--,--,--,--,--,--,--,--,--,--,--,--,--,43534
2026-05-04 16:51:59.667,--,--,--,--,--,--,--,--,--,--,--,--,--,--,--,--,--,--,--,--,--,--,--,--,--,--,--,--,--,--,--,--,--,--,--,--,--,--,--,--,--,--,--,--,--,--,43539
2026-05-04 16:51:59.669,--,--,--,--,--,--,--,--,--,--,--,--,--,--,--,--,--,--,--,--,--,--,--,--,--,--,--,--,--,--,--,--,--,--,--,--,--,--,--,--,--,--,--,--,--,--,43544
2026-05-04 16:51:59.670,--,--,--,--,--,--,--,--,--,--,--,--,--,--,--,--,--,--,--,--,--,--,--,--,--,--,--,--,--,--,--,--,--,--,--,--,--,--,--,--,--,--,--,--,--,--,43549
2026-05-04 16:51:59.671,--,--,--,--,--,--,--,--,--,--,--,--,--,--,--,--,--,--,--,--,--,--,--,--,--,--,--,--,--,--,--,--,--,--,--,--,--,--,--,--,--,--,--,--,--,--,43554
2026-05-04 16:51:59.673,--,--,--,--,--,--,--,--,--,--,--,--,--,--,--,--,--,--,--,--,--,--,--,--,--,--,--,--,--,--,--,--,--,--,--,--,--,--,--,--,--,--,--,--,--,--,43555
2026-05-04 16:51:59.790,--,--,--,--,--,--,--,--,--,--,--,--,--,--,--,--,--,--,--,--,--,--,--,--,--,--,--,--,--,--,--,--,--,--,--,--,--,--,--,--,--,--,--,--,--,--,43556
2026-05-04 16:51:59.854,--,--,--,--,--,--,--,--,--,--,--,--,--,--,--,--,--,--,--,--,--,--,--,--,--,--,--,--,--,--,--,--,--,--,--,--,--,--,--,--,--,--,--,--,--,--,43561
2026-05-04 16:51:59.903,--,--,--,--,--,--,--,--,--,--,--,--,--,--,--,--,--,--,--,--,--,--,--,--,--,--,--,--,--,--,--,--,--,--,--,--,--,--,--,--,--,--,--,--,--,--,43566
2026-05-04 16:51:59.978,--,--,--,--,--,--,--,--,--,--,--,--,--,--,--,--,--,--,--,--,--,--,--,--,--,--,--,--,--,--,--,--,--,--,--,--,--,--,--,--,--,--,--,--,--,--,43571
2026-05-04 16:52:00.056,--,--,--,--,--,--,--,--,--,--,--,--,--,--,--,--,--,--,--,--,--,--,--,--,--,--,--,--,--,--,--,--,--,--,--,--,--,--,--,--,--,--,--,--,--,--,43576
2026-05-04 16:52:00.131,--,--,--,--,--,--,--,--,--,--,--,--,--,--,--,--,--,--,--,--,--,--,--,--,--,--,--,--,--,--,--,--,--,--,--,--,--,--,--,--,--,--,--,--,--,--,43581
2026-05-04 16:52:00.151,--,--,--,--,--,--,--,--,--,--,--,--,--,--,--,--,--,--,--,--,--,--,--,--,--,--,--,--,--,--,--,--,--,--,--,--,--,--,--,--,--,--,--,--,--,--,43586
2026-05-04 16:52:00.152,--,--,--,--,--,--,--,--,--,--,--,--,--,--,--,--,--,--,--,--,--,--,--,--,--,--,--,--,--,--,--,--,--,--,--,--,--,--,--,--,--,--,--,--,--,--,43591
2026-05-04 16:52:00.153,--,--,--,--,--,--,--,--,--,--,--,--,--,--,--,--,--,--,--,--,--,--,--,--,--,--,--,--,--,--,--,--,--,--,--,--,--,--,--,--,--,--,--,--,--,--,43596
2026-05-04 16:52:00.154,--,--,--,--,--,--,--,--,--,--,--,--,--,--,--,--,--,--,--,--,--,--,--,--,--,--,--,--,--,--,--,--,--,--,--,--,--,--,--,--,--,--,--,--,--,--,43601
2026-05-04 16:52:00.156,--,--,--,--,--,--,--,--,--,--,--,--,--,--,--,--,--,--,--,--,--,--,--,--,--,--,--,--,--,--,--,--,--,--,--,--,--,--,--,--,--,--,--,--,--,--,43606
2026-05-04 16:52:00.157,--,--,--,--,--,--,--,--,--,--,--,--,--,--,--,--,--,--,--,--,--,--,--,--,--,--,--,--,--,--,--,--,--,--,--,--,--,--,--,--,--,--,--,--,--,--,43611
2026-05-04 16:52:00.158,--,--,--,--,--,--,--,--,--,--,--,--,--,--,--,--,--,--,--,--,--,--,--,--,--,--,--,--,--,--,--,--,--,--,--,--,--,--,--,--,--,--,--,--,--,--,43616
2026-05-04 16:52:00.159,--,--,--,--,--,--,--,--,--,--,--,--,--,--,--,--,--,--,--,--,--,--,--,--,--,--,--,--,--,--,--,--,--,--,--,--,--,--,--,--,--,--,--,--,--,--,43621
2026-05-04 16:52:00.161,--,--,--,--,--,--,--,--,--,--,--,--,--,--,--,--,--,--,--,--,--,--,--,--,--,--,--,--,--,--,--,--,--,--,--,--,--,--,--,--,--,--,--,--,--,--,43626
2026-05-04 16:52:00.162,--,--,--,--,--,--,--,--,--,--,--,--,--,--,--,--,--,--,--,--,--,--,--,--,--,--,--,--,--,--,--,--,--,--,--,--,--,--,--,--,--,--,--,--,--,--,43631
2026-05-04 16:52:00.163,--,--,--,--,--,--,--,--,--,--,--,--,--,--,--,--,--,--,--,--,--,--,--,--,--,--,--,--,--,--,--,--,--,--,--,--,--,--,--,--,--,--,--,--,--,--,43636
2026-05-04 16:52:00.164,--,--,--,--,--,--,--,--,--,--,--,--,--,--,--,--,--,--,--,--,--,--,--,--,--,--,--,--,--,--,--,--,--,--,--,--,--,--,--,--,--,--,--,--,--,--,43641
2026-05-04 16:52:00.165,--,--,--,--,--,--,--,--,--,--,--,--,--,--,--,--,--,--,--,--,--,--,--,--,--,--,--,--,--,--,--,--,--,--,--,--,--,--,--,--,--,--,--,--,--,--,43646
2026-05-04 16:52:00.167,--,--,--,--,--,--,--,--,--,--,--,--,--,--,--,--,--,--,--,--,--,--,--,--,--,--,--,--,--,--,--,--,--,--,--,--,--,--,--,--,--,--,--,--,--,--,43651
2026-05-04 16:52:00.217,--,--,--,--,--,--,--,--,--,--,--,--,--,--,--,--,--,--,--,--,--,--,--,--,--,--,--,--,--,--,--,--,--,--,--,--,--,--,--,--,--,--,--,--,--,--,45921
2026-05-04 16:52:00.287,--,--,--,--,--,--,--,--,--,--,--,--,--,--,--,--,--,--,--,--,--,--,--,--,--,--,--,--,--,--,--,--,--,--,--,--,--,--,--,--,--,--,--,--,--,--,45926
2026-05-04 16:52:00.369,--,--,--,--,--,--,--,--,--,--,--,--,--,--,--,--,--,--,--,--,--,--,--,--,--,--,--,--,--,--,--,--,--,--,--,--,--,--,--,--,--,--,--,--,--,--,45931
2026-05-04 16:52:00.371,--,--,--,--,--,--,--,--,--,--,--,--,--,--,--,--,--,--,--,--,--,--,--,--,--,--,--,--,--,--,--,--,--,--,--,--,--,--,--,--,--,--,--,--,--,--,45936
2026-05-04 16:52:00.372,--,--,--,--,--,--,--,--,--,--,--,--,--,--,--,--,--,--,--,--,--,--,--,--,--,--,--,--,--,--,--,--,--,--,--,--,--,--,--,--,--,--,--,--,--,--,45941
2026-05-04 16:52:00.373,--,--,--,--,--,--,--,--,--,--,--,--,--,--,--,--,--,--,--,--,--,--,--,--,--,--,--,--,--,--,--,--,--,--,--,--,--,--,--,--,--,--,--,--,--,--,45946
2026-05-04 16:52:00.374,--,--,--,--,--,--,--,--,--,--,--,--,--,--,--,--,--,--,--,--,--,--,--,--,--,--,--,--,--,--,--,--,--,--,--,--,--,--,--,--,--,--,--,--,--,--,45951
2026-05-04 16:52:00.375,--,--,--,--,--,--,--,--,--,--,--,--,--,--,--,--,--,--,--,--,--,--,--,--,--,--,--,--,--,--,--,--,--,--,--,--,--,--,--,--,--,--,--,--,--,--,45956
2026-05-04 16:52:00.376,--,--,--,--,--,--,--,--,--,--,--,--,--,--,--,--,--,--,--,--,--,--,--,--,--,--,--,--,--,--,--,--,--,--,--,--,--,--,--,--,--,--,--,--,--,--,45961
2026-05-04 16:52:00.377,--,--,--,--,--,--,--,--,--,--,--,--,--,--,--,--,--,--,--,--,--,--,--,--,--,--,--,--,--,--,--,--,--,--,--,--,--,--,--,--,--,--,--,--,--,--,45962
2026-05-04 16:52:00.519,--,--,--,--,--,--,--,--,--,--,--,--,--,--,--,--,--,--,--,--,--,--,--,--,--,--,--,--,--,--,--,--,--,--,--,--,--,--,--,--,--,--,--,--,--,--,45963
2026-05-04 16:52:00.571,--,--,--,--,--,--,--,--,--,--,--,--,--,--,--,--,--,--,--,--,--,--,--,--,--,--,--,--,--,--,--,--,--,--,--,--,--,--,--,--,--,--,--,--,--,--,45968
2026-05-04 16:52:00.608,--,--,--,--,--,--,--,--,--,--,--,--,--,--,--,--,--,--,--,--,--,--,--,--,--,--,--,--,--,--,--,--,--,--,--,--,--,--,--,--,--,--,--,--,--,--,45973
2026-05-04 16:52:00.644,--,--,--,--,--,--,--,--,--,--,--,--,--,--,--,--,--,--,--,--,--,--,--,--,--,--,--,--,--,--,--,--,--,--,--,--,--,--,--,--,--,--,--,--,--,--,45978
2026-05-04 16:52:00.701,--,--,--,--,--,--,--,--,--,--,--,--,--,--,--,--,--,--,--,--,--,--,--,--,--,--,--,--,--,--,--,--,--,--,--,--,--,--,--,--,--,--,--,--,--,--,45983
2026-05-04 16:52:00.761,--,--,--,--,--,--,--,--,--,--,--,--,--,--,--,--,--,--,--,--,--,--,--,--,--,--,--,--,--,--,--,--,--,--,--,--,--,--,--,--,--,--,--,--,--,--,45988
2026-05-04 16:52:00.799,--,--,--,--,--,--,--,--,--,--,--,--,--,--,--,--,--,--,--,--,--,--,--,--,--,--,--,--,--,--,--,--,--,--,--,--,--,--,--,--,--,--,--,--,--,--,45993
2026-05-04 16:52:00.853,--,--,--,--,--,--,--,--,--,--,--,--,--,--,--,--,--,--,--,--,--,--,--,--,--,--,--,--,--,--,--,--,--,--,--,--,--,--,--,--,--,--,--,--,--,--,45998
2026-05-04 16:52:00.870,--,--,--,--,--,--,--,--,--,--,--,--,--,--,--,--,--,--,--,--,--,--,--,--,--,--,--,--,--,--,--,--,--,--,--,--,--,--,--,--,--,--,--,--,--,--,46003
2026-05-04 16:52:00.872,--,--,--,--,--,--,--,--,--,--,--,--,--,--,--,--,--,--,--,--,--,--,--,--,--,--,--,--,--,--,--,--,--,--,--,--,--,--,--,--,--,--,--,--,--,--,46008
2026-05-04 16:52:00.873,--,--,--,--,--,--,--,--,--,--,--,--,--,--,--,--,--,--,--,--,--,--,--,--,--,--,--,--,--,--,--,--,--,--,--,--,--,--,--,--,--,--,--,--,--,--,46013
2026-05-04 16:52:00.874,--,--,--,--,--,--,--,--,--,--,--,--,--,--,--,--,--,--,--,--,--,--,--,--,--,--,--,--,--,--,--,--,--,--,--,--,--,--,--,--,--,--,--,--,--,--,46018
2026-05-04 16:52:00.876,--,--,--,--,--,--,--,--,--,--,--,--,--,--,--,--,--,--,--,--,--,--,--,--,--,--,--,--,--,--,--,--,--,--,--,--,--,--,--,--,--,--,--,--,--,--,46023
2026-05-04 16:52:00.877,--,--,--,--,--,--,--,--,--,--,--,--,--,--,--,--,--,--,--,--,--,--,--,--,--,--,--,--,--,--,--,--,--,--,--,--,--,--,--,--,--,--,--,--,--,--,46028
2026-05-04 16:52:00.878,--,--,--,--,--,--,--,--,--,--,--,--,--,--,--,--,--,--,--,--,--,--,--,--,--,--,--,--,--,--,--,--,--,--,--,--,--,--,--,--,--,--,--,--,--,--,46033
2026-05-04 16:52:00.880,--,--,--,--,--,--,--,--,--,--,--,--,--,--,--,--,--,--,--,--,--,--,--,--,--,--,--,--,--,--,--,--,--,--,--,--,--,--,--,--,--,--,--,--,--,--,46038
2026-05-04 16:52:00.881,--,--,--,--,--,--,--,--,--,--,--,--,--,--,--,--,--,--,--,--,--,--,--,--,--,--,--,--,--,--,--,--,--,--,--,--,--,--,--,--,--,--,--,--,--,--,46043
2026-05-04 16:52:00.882,--,--,--,--,--,--,--,--,--,--,--,--,--,--,--,--,--,--,--,--,--,--,--,--,--,--,--,--,--,--,--,--,--,--,--,--,--,--,--,--,--,--,--,--,--,--,46048
2026-05-04 16:52:00.883,--,--,--,--,--,--,--,--,--,--,--,--,--,--,--,--,--,--,--,--,--,--,--,--,--,--,--,--,--,--,--,--,--,--,--,--,--,--,--,--,--,--,--,--,--,--,46053
2026-05-04 16:52:00.885,--,--,--,--,--,--,--,--,--,--,--,--,--,--,--,--,--,--,--,--,--,--,--,--,--,--,--,--,--,--,--,--,--,--,--,--,--,--,--,--,--,--,--,--,--,--,46058
2026-05-04 16:52:00.935,--,--,--,--,--,--,--,--,--,--,--,--,--,--,--,--,--,--,--,--,--,--,--,--,--,--,--,--,--,--,--,--,--,--,--,--,--,--,--,--,--,--,--,--,--,--,48793
2026-05-04 16:52:00.988,--,--,--,--,--,--,--,--,--,--,--,--,--,--,--,--,--,--,--,--,--,--,--,--,--,--,--,--,--,--,--,--,--,--,--,--,--,--,--,--,--,--,--,--,--,--,48798
2026-05-04 16:52:01.043,--,--,--,--,--,--,--,--,--,--,--,--,--,--,--,--,--,--,--,--,--,--,--,--,--,--,--,--,--,--,--,--,--,--,--,--,--,--,--,--,--,--,--,--,--,--,48803
2026-05-04 16:52:01.096,--,--,--,--,--,--,--,--,--,--,--,--,--,--,--,--,--,--,--,--,--,--,--,--,--,--,--,--,--,--,--,--,--,--,--,--,--,--,--,--,--,--,--,--,--,--,48808
2026-05-04 16:52:01.097,--,--,--,--,--,--,--,--,--,--,--,--,--,--,--,--,--,--,--,--,--,--,--,--,--,--,--,--,--,--,--,--,--,--,--,--,--,--,--,--,--,--,--,--,--,--,48813
2026-05-04 16:52:01.098,--,--,--,--,--,--,--,--,--,--,--,--,--,--,--,--,--,--,--,--,--,--,--,--,--,--,--,--,--,--,--,--,--,--,--,--,--,--,--,--,--,--,--,--,--,--,48818
2026-05-04 16:52:01.101,--,--,--,--,--,--,--,--,--,--,--,--,--,--,--,--,--,--,--,--,--,--,--,--,--,--,--,--,--,--,--,--,--,--,--,--,--,--,--,--,--,--,--,--,--,--,48823
2026-05-04 16:52:01.102,--,--,--,--,--,--,--,--,--,--,--,--,--,--,--,--,--,--,--,--,--,--,--,--,--,--,--,--,--,--,--,--,--,--,--,--,--,--,--,--,--,--,--,--,--,--,48828
2026-05-04 16:52:01.103,--,--,--,--,--,--,--,--,--,--,--,--,--,--,--,--,--,--,--,--,--,--,--,--,--,--,--,--,--,--,--,--,--,--,--,--,--,--,--,--,--,--,--,--,--,--,48833
2026-05-04 16:52:01.104,--,--,--,--,--,--,--,--,--,--,--,--,--,--,--,--,--,--,--,--,--,--,--,--,--,--,--,--,--,--,--,--,--,--,--,--,--,--,--,--,--,--,--,--,--,--,48834
2026-05-04 16:52:01.205,--,--,--,--,--,--,--,--,--,--,--,--,--,--,--,--,--,--,--,--,--,--,--,--,--,--,--,--,--,--,--,--,--,--,--,--,--,--,--,--,--,--,--,--,--,--,48835
2026-05-04 16:52:01.278,--,--,--,--,--,--,--,--,--,--,--,--,--,--,--,--,--,--,--,--,--,--,--,--,--,--,--,--,--,--,--,--,--,--,--,--,--,--,--,--,--,--,--,--,--,--,48840
2026-05-04 16:52:01.312,--,--,--,--,--,--,--,--,--,--,--,--,--,--,--,--,--,--,--,--,--,--,--,--,--,--,--,--,--,--,--,--,--,--,--,--,--,--,--,--,--,--,--,--,--,--,48845
2026-05-04 16:52:01.367,--,--,--,--,--,--,--,--,--,--,--,--,--,--,--,--,--,--,--,--,--,--,--,--,--,--,--,--,--,--,--,--,--,--,--,--,--,--,--,--,--,--,--,--,--,--,48850
2026-05-04 16:52:01.428,--,--,--,--,--,--,--,--,--,--,--,--,--,--,--,--,--,--,--,--,--,--,--,--,--,--,--,--,--,--,--,--,--,--,--,--,--,--,--,--,--,--,--,--,--,--,48855
2026-05-04 16:52:01.485,--,--,--,--,--,--,--,--,--,--,--,--,--,--,--,--,--,--,--,--,--,--,--,--,--,--,--,--,--,--,--,--,--,--,--,--,--,--,--,--,--,--,--,--,--,--,48860
2026-05-04 16:52:01.540,--,--,--,--,--,--,--,--,--,--,--,--,--,--,--,--,--,--,--,--,--,--,--,--,--,--,--,--,--,--,--,--,--,--,--,--,--,--,--,--,--,--,--,--,--,--,48865
2026-05-04 16:52:01.572,--,--,--,--,--,--,--,--,--,--,--,--,--,--,--,--,--,--,--,--,--,--,--,--,--,--,--,--,--,--,--,--,--,--,--,--,--,--,--,--,--,--,--,--,--,--,48870
2026-05-04 16:52:01.591,--,--,--,--,--,--,--,--,--,--,--,--,--,--,--,--,--,--,--,--,--,--,--,--,--,--,--,--,--,--,--,--,--,--,--,--,--,--,--,--,--,--,--,--,--,--,48875
2026-05-04 16:52:01.592,--,--,--,--,--,--,--,--,--,--,--,--,--,--,--,--,--,--,--,--,--,--,--,--,--,--,--,--,--,--,--,--,--,--,--,--,--,--,--,--,--,--,--,--,--,--,48880
2026-05-04 16:52:01.594,--,--,--,--,--,--,--,--,--,--,--,--,--,--,--,--,--,--,--,--,--,--,--,--,--,--,--,--,--,--,--,--,--,--,--,--,--,--,--,--,--,--,--,--,--,--,48885
2026-05-04 16:52:01.595,--,--,--,--,--,--,--,--,--,--,--,--,--,--,--,--,--,--,--,--,--,--,--,--,--,--,--,--,--,--,--,--,--,--,--,--,--,--,--,--,--,--,--,--,--,--,48890
2026-05-04 16:52:01.596,--,--,--,--,--,--,--,--,--,--,--,--,--,--,--,--,--,--,--,--,--,--,--,--,--,--,--,--,--,--,--,--,--,--,--,--,--,--,--,--,--,--,--,--,--,--,48895
2026-05-04 16:52:01.597,--,--,--,--,--,--,--,--,--,--,--,--,--,--,--,--,--,--,--,--,--,--,--,--,--,--,--,--,--,--,--,--,--,--,--,--,--,--,--,--,--,--,--,--,--,--,48900
2026-05-04 16:52:01.598,--,--,--,--,--,--,--,--,--,--,--,--,--,--,--,--,--,--,--,--,--,--,--,--,--,--,--,--,--,--,--,--,--,--,--,--,--,--,--,--,--,--,--,--,--,--,48905
2026-05-04 16:52:01.601,--,--,--,--,--,--,--,--,--,--,--,--,--,--,--,--,--,--,--,--,--,--,--,--,--,--,--,--,--,--,--,--,--,--,--,--,--,--,--,--,--,--,--,--,--,--,48910
2026-05-04 16:52:01.602,--,--,--,--,--,--,--,--,--,--,--,--,--,--,--,--,--,--,--,--,--,--,--,--,--,--,--,--,--,--,--,--,--,--,--,--,--,--,--,--,--,--,--,--,--,--,48915
2026-05-04 16:52:01.604,--,--,--,--,--,--,--,--,--,--,--,--,--,--,--,--,--,--,--,--,--,--,--,--,--,--,--,--,--,--,--,--,--,--,--,--,--,--,--,--,--,--,--,--,--,--,48920
2026-05-04 16:52:01.605,--,--,--,--,--,--,--,--,--,--,--,--,--,--,--,--,--,--,--,--,--,--,--,--,--,--,--,--,--,--,--,--,--,--,--,--,--,--,--,--,--,--,--,--,--,--,48925
2026-05-04 16:52:01.607,--,--,--,--,--,--,--,--,--,--,--,--,--,--,--,--,--,--,--,--,--,--,--,--,--,--,--,--,--,--,--,--,--,--,--,--,--,--,--,--,--,--,--,--,--,--,48930
2026-05-04 16:52:01.641,--,--,--,--,--,--,--,--,--,--,--,--,--,--,--,--,--,--,--,--,--,--,--,--,--,--,--,--,--,--,--,--,--,--,--,--,--,--,--,--,--,--,--,--,--,--,51664
2026-05-04 16:52:01.763,--,--,--,--,--,--,--,--,--,--,--,--,--,--,--,--,--,--,--,--,--,--,--,--,--,--,--,--,--,--,--,--,--,--,--,--,--,--,--,--,--,--,--,--,--,--,51669
2026-05-04 16:52:01.811,--,--,--,--,--,--,--,--,--,--,--,--,--,--,--,--,--,--,--,--,--,--,--,--,--,--,--,--,--,--,--,--,--,--,--,--,--,--,--,--,--,--,--,--,--,--,51674
2026-05-04 16:52:01.833,--,--,--,--,--,--,--,--,--,--,--,--,--,--,--,--,--,--,--,--,--,--,--,--,--,--,--,--,--,--,--,--,--,--,--,--,--,--,--,--,--,--,--,--,--,--,51679
2026-05-04 16:52:01.834,--,--,--,--,--,--,--,--,--,--,--,--,--,--,--,--,--,--,--,--,--,--,--,--,--,--,--,--,--,--,--,--,--,--,--,--,--,--,--,--,--,--,--,--,--,--,51684
2026-05-04 16:52:01.836,--,--,--,--,--,--,--,--,--,--,--,--,--,--,--,--,--,--,--,--,--,--,--,--,--,--,--,--,--,--,--,--,--,--,--,--,--,--,--,--,--,--,--,--,--,--,51689
2026-05-04 16:52:01.837,--,--,--,--,--,--,--,--,--,--,--,--,--,--,--,--,--,--,--,--,--,--,--,--,--,--,--,--,--,--,--,--,--,--,--,--,--,--,--,--,--,--,--,--,--,--,51694
2026-05-04 16:52:01.839,--,--,--,--,--,--,--,--,--,--,--,--,--,--,--,--,--,--,--,--,--,--,--,--,--,--,--,--,--,--,--,--,--,--,--,--,--,--,--,--,--,--,--,--,--,--,51699
2026-05-04 16:52:01.841,--,--,--,--,--,--,--,--,--,--,--,--,--,--,--,--,--,--,--,--,--,--,--,--,--,--,--,--,--,--,--,--,--,--,--,--,--,--,--,--,--,--,--,--,--,--,51704
2026-05-04 16:52:01.842,--,--,--,--,--,--,--,--,--,--,--,--,--,--,--,--,--,--,--,--,--,--,--,--,--,--,--,--,--,--,--,--,--,--,--,--,--,--,--,--,--,--,--,--,--,--,51705
2026-05-04 16:52:01.958,--,--,--,--,--,--,--,--,--,--,--,--,--,--,--,--,--,--,--,--,--,--,--,--,--,--,--,--,--,--,--,--,--,--,--,--,--,--,--,--,--,--,--,--,--,--,51706
2026-05-04 16:52:02.012,--,--,--,--,--,--,--,--,--,--,--,--,--,--,--,--,--,--,--,--,--,--,--,--,--,--,--,--,--,--,--,--,--,--,--,--,--,--,--,--,--,--,--,--,--,--,51711
2026-05-04 16:52:02.064,--,--,--,--,--,--,--,--,--,--,--,--,--,--,--,--,--,--,--,--,--,--,--,--,--,--,--,--,--,--,--,--,--,--,--,--,--,--,--,--,--,--,--,--,--,--,51716
2026-05-04 16:52:02.100,--,--,--,--,--,--,--,--,--,--,--,--,--,--,--,--,--,--,--,--,--,--,--,--,--,--,--,--,--,--,--,--,--,--,--,--,--,--,--,--,--,--,--,--,--,--,51721
2026-05-04 16:52:02.153,--,--,--,--,--,--,--,--,--,--,--,--,--,--,--,--,--,--,--,--,--,--,--,--,--,--,--,--,--,--,--,--,--,--,--,--,--,--,--,--,--,--,--,--,--,--,51726
2026-05-04 16:52:02.193,--,--,--,--,--,--,--,--,--,--,--,--,--,--,--,--,--,--,--,--,--,--,--,--,--,--,--,--,--,--,--,--,--,--,--,--,--,--,--,--,--,--,--,--,--,--,51731
2026-05-04 16:52:02.253,--,--,--,--,--,--,--,--,--,--,--,--,--,--,--,--,--,--,--,--,--,--,--,--,--,--,--,--,--,--,--,--,--,--,--,--,--,--,--,--,--,--,--,--,--,--,51736
2026-05-04 16:52:02.311,--,--,--,--,--,--,--,--,--,--,--,--,--,--,--,--,--,--,--,--,--,--,--,--,--,--,--,--,--,--,--,--,--,--,--,--,--,--,--,--,--,--,--,--,--,--,51741
2026-05-04 16:52:02.349,--,--,--,--,--,--,--,--,--,--,--,--,--,--,--,--,--,--,--,--,--,--,--,--,--,--,--,--,--,--,--,--,--,--,--,--,--,--,--,--,--,--,--,--,--,--,51746
2026-05-04 16:52:02.351,--,--,--,--,--,--,--,--,--,--,--,--,--,--,--,--,--,--,--,--,--,--,--,--,--,--,--,--,--,--,--,--,--,--,--,--,--,--,--,--,--,--,--,--,--,--,51751
2026-05-04 16:52:02.352,--,--,--,--,--,--,--,--,--,--,--,--,--,--,--,--,--,--,--,--,--,--,--,--,--,--,--,--,--,--,--,--,--,--,--,--,--,--,--,--,--,--,--,--,--,--,51756
2026-05-04 16:52:02.353,--,--,--,--,--,--,--,--,--,--,--,--,--,--,--,--,--,--,--,--,--,--,--,--,--,--,--,--,--,--,--,--,--,--,--,--,--,--,--,--,--,--,--,--,--,--,51761
2026-05-04 16:52:02.355,--,--,--,--,--,--,--,--,--,--,--,--,--,--,--,--,--,--,--,--,--,--,--,--,--,--,--,--,--,--,--,--,--,--,--,--,--,--,--,--,--,--,--,--,--,--,51766
2026-05-04 16:52:02.355,--,--,--,--,--,--,--,--,--,--,--,--,--,--,--,--,--,--,--,--,--,--,--,--,--,--,--,--,--,--,--,--,--,--,--,--,--,--,--,--,--,--,--,--,--,--,51771
2026-05-04 16:52:02.357,--,--,--,--,--,--,--,--,--,--,--,--,--,--,--,--,--,--,--,--,--,--,--,--,--,--,--,--,--,--,--,--,--,--,--,--,--,--,--,--,--,--,--,--,--,--,51776
2026-05-04 16:52:02.358,--,--,--,--,--,--,--,--,--,--,--,--,--,--,--,--,--,--,--,--,--,--,--,--,--,--,--,--,--,--,--,--,--,--,--,--,--,--,--,--,--,--,--,--,--,--,51781
2026-05-04 16:52:02.360,--,--,--,--,--,--,--,--,--,--,--,--,--,--,--,--,--,--,--,--,--,--,--,--,--,--,--,--,--,--,--,--,--,--,--,--,--,--,--,--,--,--,--,--,--,--,51786
2026-05-04 16:52:02.361,--,--,--,--,--,--,--,--,--,--,--,--,--,--,--,--,--,--,--,--,--,--,--,--,--,--,--,--,--,--,--,--,--,--,--,--,--,--,--,--,--,--,--,--,--,--,51791
2026-05-04 16:52:02.362,--,--,--,--,--,--,--,--,--,--,--,--,--,--,--,--,--,--,--,--,--,--,--,--,--,--,--,--,--,--,--,--,--,--,--,--,--,--,--,--,--,--,--,--,--,--,51796
2026-05-04 16:52:02.363,--,--,--,--,--,--,--,--,--,--,--,--,--,--,--,--,--,--,--,--,--,--,--,--,--,--,--,--,--,--,--,--,--,--,--,--,--,--,--,--,--,--,--,--,--,--,51801
2026-05-04 16:52:02.414,--,--,--,--,--,--,--,--,--,--,--,--,--,--,--,--,--,--,--,--,--,--,--,--,--,--,--,--,--,--,--,--,--,--,--,--,--,--,--,--,--,--,--,--,--,--,54704
2026-05-04 16:52:02.486,--,--,--,--,--,--,--,--,--,--,--,--,--,--,--,--,--,--,--,--,--,--,--,--,--,--,--,--,--,--,--,--,--,--,--,--,--,--,--,--,--,--,--,--,--,--,54709
2026-05-04 16:52:02.575,--,--,--,--,--,--,--,--,--,--,--,--,--,--,--,--,--,--,--,--,--,--,--,--,--,--,--,--,--,--,--,--,--,--,--,--,--,--,--,--,--,--,--,--,--,--,54714
2026-05-04 16:52:02.575,--,--,--,--,--,--,--,--,--,--,--,--,--,--,--,--,--,--,--,--,--,--,--,--,--,--,--,--,--,--,--,--,--,--,--,--,--,--,--,--,--,--,--,--,--,--,54719
2026-05-04 16:52:02.576,--,--,--,--,--,--,--,--,--,--,--,--,--,--,--,--,--,--,--,--,--,--,--,--,--,--,--,--,--,--,--,--,--,--,--,--,--,--,--,--,--,--,--,--,--,--,54724
2026-05-04 16:52:02.578,--,--,--,--,--,--,--,--,--,--,--,--,--,--,--,--,--,--,--,--,--,--,--,--,--,--,--,--,--,--,--,--,--,--,--,--,--,--,--,--,--,--,--,--,--,--,54729
2026-05-04 16:52:02.580,--,--,--,--,--,--,--,--,--,--,--,--,--,--,--,--,--,--,--,--,--,--,--,--,--,--,--,--,--,--,--,--,--,--,--,--,--,--,--,--,--,--,--,--,--,--,54734
2026-05-04 16:52:02.581,--,--,--,--,--,--,--,--,--,--,--,--,--,--,--,--,--,--,--,--,--,--,--,--,--,--,--,--,--,--,--,--,--,--,--,--,--,--,--,--,--,--,--,--,--,--,54739
2026-05-04 16:52:02.582,--,--,--,--,--,--,--,--,--,--,--,--,--,--,--,--,--,--,--,--,--,--,--,--,--,--,--,--,--,--,--,--,--,--,--,--,--,--,--,--,--,--,--,--,--,--,54744
2026-05-04 16:52:02.583,--,--,--,--,--,--,--,--,--,--,--,--,--,--,--,--,--,--,--,--,--,--,--,--,--,--,--,--,--,--,--,--,--,--,--,--,--,--,--,--,--,--,--,--,--,--,54746
2026-05-04 16:52:02.690,--,--,--,--,--,--,--,--,--,--,--,--,--,--,--,--,--,--,--,--,--,--,--,--,--,--,--,--,--,--,--,--,--,--,--,--,--,--,--,--,--,--,--,--,--,--,54747
2026-05-04 16:52:02.730,--,--,--,--,--,--,--,--,--,--,--,--,--,--,--,--,--,--,--,--,--,--,--,--,--,--,--,--,--,--,--,--,--,--,--,--,--,--,--,--,--,--,--,--,--,--,54752
2026-05-04 16:52:02.765,--,--,--,--,--,--,--,--,--,--,--,--,--,--,--,--,--,--,--,--,--,--,--,--,--,--,--,--,--,--,--,--,--,--,--,--,--,--,--,--,--,--,--,--,--,--,54757
2026-05-04 16:52:02.815,--,--,--,--,--,--,--,--,--,--,--,--,--,--,--,--,--,--,--,--,--,--,--,--,--,--,--,--,--,--,--,--,--,--,--,--,--,--,--,--,--,--,--,--,--,--,54762
2026-05-04 16:52:02.865,--,--,--,--,--,--,--,--,--,--,--,--,--,--,--,--,--,--,--,--,--,--,--,--,--,--,--,--,--,--,--,--,--,--,--,--,--,--,--,--,--,--,--,--,--,--,54767
2026-05-04 16:52:02.950,--,--,--,--,--,--,--,--,--,--,--,--,--,--,--,--,--,--,--,--,--,--,--,--,--,--,--,--,--,--,--,--,--,--,--,--,--,--,--,--,--,--,--,--,--,--,54772
2026-05-04 16:52:03.023,--,--,--,--,--,--,--,--,--,--,--,--,--,--,--,--,--,--,--,--,--,--,--,--,--,--,--,--,--,--,--,--,--,--,--,--,--,--,--,--,--,--,--,--,--,--,54777
2026-05-04 16:52:03.059,--,--,--,--,--,--,--,--,--,--,--,--,--,--,--,--,--,--,--,--,--,--,--,--,--,--,--,--,--,--,--,--,--,--,--,--,--,--,--,--,--,--,--,--,--,--,54782
2026-05-04 16:52:03.060,--,--,--,--,--,--,--,--,--,--,--,--,--,--,--,--,--,--,--,--,--,--,--,--,--,--,--,--,--,--,--,--,--,--,--,--,--,--,--,--,--,--,--,--,--,--,54787
2026-05-04 16:52:03.061,--,--,--,--,--,--,--,--,--,--,--,--,--,--,--,--,--,--,--,--,--,--,--,--,--,--,--,--,--,--,--,--,--,--,--,--,--,--,--,--,--,--,--,--,--,--,54792
2026-05-04 16:52:03.063,--,--,--,--,--,--,--,--,--,--,--,--,--,--,--,--,--,--,--,--,--,--,--,--,--,--,--,--,--,--,--,--,--,--,--,--,--,--,--,--,--,--,--,--,--,--,54797
2026-05-04 16:52:03.064,--,--,--,--,--,--,--,--,--,--,--,--,--,--,--,--,--,--,--,--,--,--,--,--,--,--,--,--,--,--,--,--,--,--,--,--,--,--,--,--,--,--,--,--,--,--,54802
2026-05-04 16:52:03.066,--,--,--,--,--,--,--,--,--,--,--,--,--,--,--,--,--,--,--,--,--,--,--,--,--,--,--,--,--,--,--,--,--,--,--,--,--,--,--,--,--,--,--,--,--,--,54807
2026-05-04 16:52:03.067,--,--,--,--,--,--,--,--,--,--,--,--,--,--,--,--,--,--,--,--,--,--,--,--,--,--,--,--,--,--,--,--,--,--,--,--,--,--,--,--,--,--,--,--,--,--,54812
2026-05-04 16:52:03.069,--,--,--,--,--,--,--,--,--,--,--,--,--,--,--,--,--,--,--,--,--,--,--,--,--,--,--,--,--,--,--,--,--,--,--,--,--,--,--,--,--,--,--,--,--,--,54817
2026-05-04 16:52:03.070,--,--,--,--,--,--,--,--,--,--,--,--,--,--,--,--,--,--,--,--,--,--,--,--,--,--,--,--,--,--,--,--,--,--,--,--,--,--,--,--,--,--,--,--,--,--,54822
2026-05-04 16:52:03.071,--,--,--,--,--,--,--,--,--,--,--,--,--,--,--,--,--,--,--,--,--,--,--,--,--,--,--,--,--,--,--,--,--,--,--,--,--,--,--,--,--,--,--,--,--,--,54827
2026-05-04 16:52:03.073,--,--,--,--,--,--,--,--,--,--,--,--,--,--,--,--,--,--,--,--,--,--,--,--,--,--,--,--,--,--,--,--,--,--,--,--,--,--,--,--,--,--,--,--,--,--,54832
2026-05-04 16:52:03.074,--,--,--,--,--,--,--,--,--,--,--,--,--,--,--,--,--,--,--,--,--,--,--,--,--,--,--,--,--,--,--,--,--,--,--,--,--,--,--,--,--,--,--,--,--,--,54837
2026-05-04 16:52:03.075,--,--,--,--,--,--,--,--,--,--,--,--,--,--,--,--,--,--,--,--,--,--,--,--,--,--,--,--,--,--,--,--,--,--,--,--,--,--,--,--,--,--,--,--,--,--,54842
2026-05-04 16:52:03.121,--,--,--,--,--,--,--,--,--,--,--,--,--,--,--,--,--,--,--,--,--,--,--,--,--,--,--,--,--,--,--,--,--,--,--,--,--,--,--,--,--,--,--,--,--,--,57491
2026-05-04 16:52:03.175,--,--,--,--,--,--,--,--,--,--,--,--,--,--,--,--,--,--,--,--,--,--,--,--,--,--,--,--,--,--,--,--,--,--,--,--,--,--,--,--,--,--,--,--,--,--,57496
2026-05-04 16:52:03.229,--,--,--,--,--,--,--,--,--,--,--,--,--,--,--,--,--,--,--,--,--,--,--,--,--,--,--,--,--,--,--,--,--,--,--,--,--,--,--,--,--,--,--,--,--,--,57501
2026-05-04 16:52:03.281,--,--,--,--,--,--,--,--,--,--,--,--,--,--,--,--,--,--,--,--,--,--,--,--,--,--,--,--,--,--,--,--,--,--,--,--,--,--,--,--,--,--,--,--,--,--,57506
2026-05-04 16:52:03.351,--,--,--,--,--,--,--,--,--,--,--,--,--,--,--,--,--,--,--,--,--,--,--,--,--,--,--,--,--,--,--,--,--,--,--,--,--,--,--,--,--,--,--,--,--,--,57511
2026-05-04 16:52:03.404,--,--,--,--,--,--,--,--,--,--,--,--,--,--,--,--,--,--,--,--,--,--,--,--,--,--,--,--,--,--,--,--,--,--,--,--,--,--,--,--,--,--,--,--,--,--,57516
2026-05-04 16:52:03.405,--,--,--,--,--,--,--,--,--,--,--,--,--,--,--,--,--,--,--,--,--,--,--,--,--,--,--,--,--,--,--,--,--,--,--,--,--,--,--,--,--,--,--,--,--,--,57521
2026-05-04 16:52:03.407,--,--,--,--,--,--,--,--,--,--,--,--,--,--,--,--,--,--,--,--,--,--,--,--,--,--,--,--,--,--,--,--,--,--,--,--,--,--,--,--,--,--,--,--,--,--,57526
2026-05-04 16:52:03.408,--,--,--,--,--,--,--,--,--,--,--,--,--,--,--,--,--,--,--,--,--,--,--,--,--,--,--,--,--,--,--,--,--,--,--,--,--,--,--,--,--,--,--,--,--,--,57531
2026-05-04 16:52:03.410,--,--,--,--,--,--,--,--,--,--,--,--,--,--,--,--,--,--,--,--,--,--,--,--,--,--,--,--,--,--,--,--,--,--,--,--,--,--,--,--,--,--,--,--,--,--,57536
2026-05-04 16:52:03.412,--,--,--,--,--,--,--,--,--,--,--,--,--,--,--,--,--,--,--,--,--,--,--,--,--,--,--,--,--,--,--,--,--,--,--,--,--,--,--,--,--,--,--,--,--,--,57541
2026-05-04 16:52:03.416,--,--,--,--,--,--,--,--,--,--,--,--,--,--,--,--,--,--,--,--,--,--,--,--,--,--,--,--,--,--,--,--,--,--,--,--,--,--,--,--,--,--,--,--,--,--,57546
2026-05-04 16:52:03.421,--,--,--,--,--,--,--,--,--,--,--,--,--,--,--,--,--,--,--,--,--,--,--,--,--,--,--,--,--,--,--,--,--,--,--,--,--,--,--,--,--,--,--,--,--,--,57551
2026-05-04 16:52:03.424,--,--,--,--,--,--,--,--,--,--,--,--,--,--,--,--,--,--,--,--,--,--,--,--,--,--,--,--,--,--,--,--,--,--,--,--,--,--,--,--,--,--,--,--,--,--,57556
2026-05-04 16:52:03.425,--,--,--,--,--,--,--,--,--,--,--,--,--,--,--,--,--,--,--,--,--,--,--,--,--,--,--,--,--,--,--,--,--,--,--,--,--,--,--,--,--,--,--,--,--,--,57561
2026-05-04 16:52:03.426,--,--,--,--,--,--,--,--,--,--,--,--,--,--,--,--,--,--,--,--,--,--,--,--,--,--,--,--,--,--,--,--,--,--,--,--,--,--,--,--,--,--,--,--,--,--,57566
2026-05-04 16:52:03.428,--,--,--,--,--,--,--,--,--,--,--,--,--,--,--,--,--,--,--,--,--,--,--,--,--,--,--,--,--,--,--,--,--,--,--,--,--,--,--,--,--,--,--,--,--,--,57571
2026-05-04 16:52:03.541,--,--,--,--,--,--,--,--,--,--,--,--,--,--,--,--,--,--,--,--,--,--,--,--,--,--,--,--,--,--,--,--,--,--,--,--,--,--,--,--,--,--,--,--,--,--,57576
2026-05-04 16:52:03.584,--,--,--,--,--,--,--,--,--,--,--,--,--,--,--,--,--,--,--,--,--,--,--,--,--,--,--,--,--,--,--,--,--,--,--,--,--,--,--,--,--,--,--,--,--,--,57581
2026-05-04 16:52:03.635,--,--,--,--,--,--,--,--,--,--,--,--,--,--,--,--,--,--,--,--,--,--,--,--,--,--,--,--,--,--,--,--,--,--,--,--,--,--,--,--,--,--,--,--,--,--,57586
2026-05-04 16:52:03.693,--,--,--,--,--,--,--,--,--,--,--,--,--,--,--,--,--,--,--,--,--,--,--,--,--,--,--,--,--,--,--,--,--,--,--,--,--,--,--,--,--,--,--,--,--,--,57591
2026-05-04 16:52:03.730,--,--,--,--,--,--,--,--,--,--,--,--,--,--,--,--,--,--,--,--,--,--,--,--,--,--,--,--,--,--,--,--,--,--,--,--,--,--,--,--,--,--,--,--,--,--,57596
2026-05-04 16:52:03.792,--,--,--,--,--,--,--,--,--,--,--,--,--,--,--,--,--,--,--,--,--,--,--,--,--,--,--,--,--,--,--,--,--,--,--,--,--,--,--,--,--,--,--,--,--,--,57601
2026-05-04 16:52:03.868,--,--,--,--,--,--,--,--,--,--,--,--,--,--,--,--,--,--,--,--,--,--,--,--,--,--,--,--,--,--,--,--,--,--,--,--,--,--,--,--,--,--,--,--,--,--,57606
2026-05-04 16:52:03.928,--,--,--,--,--,--,--,--,--,--,--,--,--,--,--,--,--,--,--,--,--,--,--,--,--,--,--,--,--,--,--,--,--,--,--,--,--,--,--,--,--,--,--,--,--,--,57611
2026-05-04 16:52:03.982,--,--,--,--,--,--,--,--,--,--,--,--,--,--,--,--,--,--,--,--,--,--,--,--,--,--,--,--,--,--,--,--,--,--,--,--,--,--,--,--,--,--,--,--,--,--,57616
2026-05-04 16:52:03.986,--,--,--,--,--,--,--,--,--,--,--,--,--,--,--,--,--,--,--,--,--,--,--,--,--,--,--,--,--,--,--,--,--,--,--,--,--,--,--,--,--,--,--,--,--,--,57621
2026-05-04 16:52:03.988,--,--,--,--,--,--,--,--,--,--,--,--,--,--,--,--,--,--,--,--,--,--,--,--,--,--,--,--,--,--,--,--,--,--,--,--,--,--,--,--,--,--,--,--,--,--,57626
2026-05-04 16:52:03.990,--,--,--,--,--,--,--,--,--,--,--,--,--,--,--,--,--,--,--,--,--,--,--,--,--,--,--,--,--,--,--,--,--,--,--,--,--,--,--,--,--,--,--,--,--,--,57631
2026-05-04 16:52:03.992,--,--,--,--,--,--,--,--,--,--,--,--,--,--,--,--,--,--,--,--,--,--,--,--,--,--,--,--,--,--,--,--,--,--,--,--,--,--,--,--,--,--,--,--,--,--,57636
2026-05-04 16:52:03.993,--,--,--,--,--,--,--,--,--,--,--,--,--,--,--,--,--,--,--,--,--,--,--,--,--,--,--,--,--,--,--,--,--,--,--,--,--,--,--,--,--,--,--,--,--,--,57641
2026-05-04 16:52:03.995,--,--,--,--,--,--,--,--,--,--,--,--,--,--,--,--,--,--,--,--,--,--,--,--,--,--,--,--,--,--,--,--,--,--,--,--,--,--,--,--,--,--,--,--,--,--,57646
2026-05-04 16:52:03.995,--,--,--,--,--,--,--,--,--,--,--,--,--,--,--,--,--,--,--,--,--,--,--,--,--,--,--,--,--,--,--,--,--,--,--,--,--,--,--,--,--,--,--,--,--,--,57651
2026-05-04 16:52:03.998,--,--,--,--,--,--,--,--,--,--,--,--,--,--,--,--,--,--,--,--,--,--,--,--,--,--,--,--,--,--,--,--,--,--,--,--,--,--,--,--,--,--,--,--,--,--,57656
2026-05-04 16:52:04.000,--,--,--,--,--,--,--,--,--,--,--,--,--,--,--,--,--,--,--,--,--,--,--,--,--,--,--,--,--,--,--,--,--,--,--,--,--,--,--,--,--,--,--,--,--,--,57661
2026-05-04 16:52:04.002,--,--,--,--,--,--,--,--,--,--,--,--,--,--,--,--,--,--,--,--,--,--,--,--,--,--,--,--,--,--,--,--,--,--,--,--,--,--,--,--,--,--,--,--,--,--,57666
2026-05-04 16:52:04.004,--,--,--,--,--,--,--,--,--,--,--,--,--,--,--,--,--,--,--,--,--,--,--,--,--,--,--,--,--,--,--,--,--,--,--,--,--,--,--,--,--,--,--,--,--,--,57671
2026-05-04 16:52:04.077,--,--,--,--,--,--,--,--,--,--,--,--,--,--,--,--,--,--,--,--,--,--,--,--,--,--,--,--,--,--,--,--,--,--,--,--,--,--,--,--,--,--,--,--,--,--,60954
2026-05-04 16:52:04.139,--,--,--,--,--,--,--,--,--,--,--,--,--,--,--,--,--,--,--,--,--,--,--,--,--,--,--,--,--,--,--,--,--,--,--,--,--,--,--,--,--,--,--,--,--,--,60959
2026-05-04 16:52:04.195,--,--,--,--,--,--,--,--,--,--,--,--,--,--,--,--,--,--,--,--,--,--,--,--,--,--,--,--,--,--,--,--,--,--,--,--,--,--,--,--,--,--,--,--,--,--,60964
2026-05-04 16:52:04.250,--,--,--,--,--,--,--,--,--,--,--,--,--,--,--,--,--,--,--,--,--,--,--,--,--,--,--,--,--,--,--,--,--,--,--,--,--,--,--,--,--,--,--,--,--,--,60969
2026-05-04 16:52:04.251,--,--,--,--,--,--,--,--,--,--,--,--,--,--,--,--,--,--,--,--,--,--,--,--,--,--,--,--,--,--,--,--,--,--,--,--,--,--,--,--,--,--,--,--,--,--,60974
2026-05-04 16:52:04.252,--,--,--,--,--,--,--,--,--,--,--,--,--,--,--,--,--,--,--,--,--,--,--,--,--,--,--,--,--,--,--,--,--,--,--,--,--,--,--,--,--,--,--,--,--,--,60979
2026-05-04 16:52:04.253,--,--,--,--,--,--,--,--,--,--,--,--,--,--,--,--,--,--,--,--,--,--,--,--,--,--,--,--,--,--,--,--,--,--,--,--,--,--,--,--,--,--,--,--,--,--,60984
2026-05-04 16:52:04.254,--,--,--,--,--,--,--,--,--,--,--,--,--,--,--,--,--,--,--,--,--,--,--,--,--,--,--,--,--,--,--,--,--,--,--,--,--,--,--,--,--,--,--,--,--,--,60989
2026-05-04 16:52:04.255,--,--,--,--,--,--,--,--,--,--,--,--,--,--,--,--,--,--,--,--,--,--,--,--,--,--,--,--,--,--,--,--,--,--,--,--,--,--,--,--,--,--,--,--,--,--,60994
2026-05-04 16:52:04.257,--,--,--,--,--,--,--,--,--,--,--,--,--,--,--,--,--,--,--,--,--,--,--,--,--,--,--,--,--,--,--,--,--,--,--,--,--,--,--,--,--,--,--,--,--,--,60995
2026-05-04 16:52:04.453,--,--,--,--,--,--,--,--,--,--,--,--,--,--,--,--,--,--,--,--,--,--,--,--,--,--,--,--,--,--,--,--,--,--,--,--,--,--,--,--,--,--,--,--,--,--,60996
2026-05-04 16:52:04.503,--,--,--,--,--,--,--,--,--,--,--,--,--,--,--,--,--,--,--,--,--,--,--,--,--,--,--,--,--,--,--,--,--,--,--,--,--,--,--,--,--,--,--,--,--,--,61001
2026-05-04 16:52:04.543,--,--,--,--,--,--,--,--,--,--,--,--,--,--,--,--,--,--,--,--,--,--,--,--,--,--,--,--,--,--,--,--,--,--,--,--,--,--,--,--,--,--,--,--,--,--,61006
2026-05-04 16:52:04.599,--,--,--,--,--,--,--,--,--,--,--,--,--,--,--,--,--,--,--,--,--,--,--,--,--,--,--,--,--,--,--,--,--,--,--,--,--,--,--,--,--,--,--,--,--,--,61011
2026-05-04 16:52:04.634,--,--,--,--,--,--,--,--,--,--,--,--,--,--,--,--,--,--,--,--,--,--,--,--,--,--,--,--,--,--,--,--,--,--,--,--,--,--,--,--,--,--,--,--,--,--,61016
2026-05-04 16:52:04.693,--,--,--,--,--,--,--,--,--,--,--,--,--,--,--,--,--,--,--,--,--,--,--,--,--,--,--,--,--,--,--,--,--,--,--,--,--,--,--,--,--,--,--,--,--,--,61021
2026-05-04 16:52:04.744,--,--,--,--,--,--,--,--,--,--,--,--,--,--,--,--,--,--,--,--,--,--,--,--,--,--,--,--,--,--,--,--,--,--,--,--,--,--,--,--,--,--,--,--,--,--,61026
2026-05-04 16:52:04.796,--,--,--,--,--,--,--,--,--,--,--,--,--,--,--,--,--,--,--,--,--,--,--,--,--,--,--,--,--,--,--,--,--,--,--,--,--,--,--,--,--,--,--,--,--,--,61031
2026-05-04 16:52:04.797,--,--,--,--,--,--,--,--,--,--,--,--,--,--,--,--,--,--,--,--,--,--,--,--,--,--,--,--,--,--,--,--,--,--,--,--,--,--,--,--,--,--,--,--,--,--,61036
2026-05-04 16:52:04.798,--,--,--,--,--,--,--,--,--,--,--,--,--,--,--,--,--,--,--,--,--,--,--,--,--,--,--,--,--,--,--,--,--,--,--,--,--,--,--,--,--,--,--,--,--,--,61041
2026-05-04 16:52:04.800,--,--,--,--,--,--,--,--,--,--,--,--,--,--,--,--,--,--,--,--,--,--,--,--,--,--,--,--,--,--,--,--,--,--,--,--,--,--,--,--,--,--,--,--,--,--,61046
2026-05-04 16:52:04.801,--,--,--,--,--,--,--,--,--,--,--,--,--,--,--,--,--,--,--,--,--,--,--,--,--,--,--,--,--,--,--,--,--,--,--,--,--,--,--,--,--,--,--,--,--,--,61051
2026-05-04 16:52:04.803,--,--,--,--,--,--,--,--,--,--,--,--,--,--,--,--,--,--,--,--,--,--,--,--,--,--,--,--,--,--,--,--,--,--,--,--,--,--,--,--,--,--,--,--,--,--,61056
2026-05-04 16:52:04.805,--,--,--,--,--,--,--,--,--,--,--,--,--,--,--,--,--,--,--,--,--,--,--,--,--,--,--,--,--,--,--,--,--,--,--,--,--,--,--,--,--,--,--,--,--,--,61061
2026-05-04 16:52:04.807,--,--,--,--,--,--,--,--,--,--,--,--,--,--,--,--,--,--,--,--,--,--,--,--,--,--,--,--,--,--,--,--,--,--,--,--,--,--,--,--,--,--,--,--,--,--,61066
2026-05-04 16:52:04.809,--,--,--,--,--,--,--,--,--,--,--,--,--,--,--,--,--,--,--,--,--,--,--,--,--,--,--,--,--,--,--,--,--,--,--,--,--,--,--,--,--,--,--,--,--,--,61071
2026-05-04 16:52:04.811,--,--,--,--,--,--,--,--,--,--,--,--,--,--,--,--,--,--,--,--,--,--,--,--,--,--,--,--,--,--,--,--,--,--,--,--,--,--,--,--,--,--,--,--,--,--,61076
2026-05-04 16:52:04.813,--,--,--,--,--,--,--,--,--,--,--,--,--,--,--,--,--,--,--,--,--,--,--,--,--,--,--,--,--,--,--,--,--,--,--,--,--,--,--,--,--,--,--,--,--,--,61081
2026-05-04 16:52:04.814,--,--,--,--,--,--,--,--,--,--,--,--,--,--,--,--,--,--,--,--,--,--,--,--,--,--,--,--,--,--,--,--,--,--,--,--,--,--,--,--,--,--,--,--,--,--,61086
2026-05-04 16:52:04.815,--,--,--,--,--,--,--,--,--,--,--,--,--,--,--,--,--,--,--,--,--,--,--,--,--,--,--,--,--,--,--,--,--,--,--,--,--,--,--,--,--,--,--,--,--,--,61091
2026-05-04 16:52:04.845,--,--,--,--,--,--,--,--,--,--,--,--,--,--,--,--,--,--,--,--,--,--,--,--,--,--,--,--,--,--,--,--,--,--,--,--,--,--,--,--,--,--,--,--,--,--,64205
2026-05-04 16:52:04.896,--,--,--,--,--,--,--,--,--,--,--,--,--,--,--,--,--,--,--,--,--,--,--,--,--,--,--,--,--,--,--,--,--,--,--,--,--,--,--,--,--,--,--,--,--,--,64210
2026-05-04 16:52:04.950,--,--,--,--,--,--,--,--,--,--,--,--,--,--,--,--,--,--,--,--,--,--,--,--,--,--,--,--,--,--,--,--,--,--,--,--,--,--,--,--,--,--,--,--,--,--,64215
2026-05-04 16:52:04.984,--,--,--,--,--,--,--,--,--,--,--,--,--,--,--,--,--,--,--,--,--,--,--,--,--,--,--,--,--,--,--,--,--,--,--,--,--,--,--,--,--,--,--,--,--,--,64220
2026-05-04 16:52:05.032,--,--,--,--,--,--,--,--,--,--,--,--,--,--,--,--,--,--,--,--,--,--,--,--,--,--,--,--,--,--,--,--,--,--,--,--,--,--,--,--,--,--,--,--,--,--,64225
2026-05-04 16:52:05.100,--,--,--,--,--,--,--,--,--,--,--,--,--,--,--,--,--,--,--,--,--,--,--,--,--,--,--,--,--,--,--,--,--,--,--,--,--,--,--,--,--,--,--,--,--,--,64230
2026-05-04 16:52:05.135,--,--,--,--,--,--,--,--,--,--,--,--,--,--,--,--,--,--,--,--,--,--,--,--,--,--,--,--,--,--,--,--,--,--,--,--,--,--,--,--,--,--,--,--,--,--,64235
2026-05-04 16:52:05.136,--,--,--,--,--,--,--,--,--,--,--,--,--,--,--,--,--,--,--,--,--,--,--,--,--,--,--,--,--,--,--,--,--,--,--,--,--,--,--,--,--,--,--,--,--,--,64240
2026-05-04 16:52:05.138,--,--,--,--,--,--,--,--,--,--,--,--,--,--,--,--,--,--,--,--,--,--,--,--,--,--,--,--,--,--,--,--,--,--,--,--,--,--,--,--,--,--,--,--,--,--,64245
2026-05-04 16:52:05.139,--,--,--,--,--,--,--,--,--,--,--,--,--,--,--,--,--,--,--,--,--,--,--,--,--,--,--,--,--,--,--,--,--,--,--,--,--,--,--,--,--,--,--,--,--,--,64250
2026-05-04 16:52:05.141,--,--,--,--,--,--,--,--,--,--,--,--,--,--,--,--,--,--,--,--,--,--,--,--,--,--,--,--,--,--,--,--,--,--,--,--,--,--,--,--,--,--,--,--,--,--,64255
2026-05-04 16:52:05.143,--,--,--,--,--,--,--,--,--,--,--,--,--,--,--,--,--,--,--,--,--,--,--,--,--,--,--,--,--,--,--,--,--,--,--,--,--,--,--,--,--,--,--,--,--,--,64260
2026-05-04 16:52:05.144,--,--,--,--,--,--,--,--,--,--,--,--,--,--,--,--,--,--,--,--,--,--,--,--,--,--,--,--,--,--,--,--,--,--,--,--,--,--,--,--,--,--,--,--,--,--,64265
2026-05-04 16:52:05.145,--,--,--,--,--,--,--,--,--,--,--,--,--,--,--,--,--,--,--,--,--,--,--,--,--,--,--,--,--,--,--,--,--,--,--,--,--,--,--,--,--,--,--,--,--,--,64270
2026-05-04 16:52:05.147,--,--,--,--,--,--,--,--,--,--,--,--,--,--,--,--,--,--,--,--,--,--,--,--,--,--,--,--,--,--,--,--,--,--,--,--,--,--,--,--,--,--,--,--,--,--,64275
2026-05-04 16:52:05.148,--,--,--,--,--,--,--,--,--,--,--,--,--,--,--,--,--,--,--,--,--,--,--,--,--,--,--,--,--,--,--,--,--,--,--,--,--,--,--,--,--,--,--,--,--,--,64280
2026-05-04 16:52:05.149,--,--,--,--,--,--,--,--,--,--,--,--,--,--,--,--,--,--,--,--,--,--,--,--,--,--,--,--,--,--,--,--,--,--,--,--,--,--,--,--,--,--,--,--,--,--,64285
2026-05-04 16:52:05.263,--,--,--,--,--,--,--,--,--,--,--,--,--,--,--,--,--,--,--,--,--,--,--,--,--,--,--,--,--,--,--,--,--,--,--,--,--,--,--,--,--,--,--,--,--,--,64290
2026-05-04 16:52:05.320,--,--,--,--,--,--,--,--,--,--,--,--,--,--,--,--,--,--,--,--,--,--,--,--,--,--,--,--,--,--,--,--,--,--,--,--,--,--,--,--,--,--,--,--,--,--,64295
2026-05-04 16:52:05.393,--,--,--,--,--,--,--,--,--,--,--,--,--,--,--,--,--,--,--,--,--,--,--,--,--,--,--,--,--,--,--,--,--,--,--,--,--,--,--,--,--,--,--,--,--,--,64300
2026-05-04 16:52:05.431,--,--,--,--,--,--,--,--,--,--,--,--,--,--,--,--,--,--,--,--,--,--,--,--,--,--,--,--,--,--,--,--,--,--,--,--,--,--,--,--,--,--,--,--,--,--,64305
2026-05-04 16:52:05.486,--,--,--,--,--,--,--,--,--,--,--,--,--,--,--,--,--,--,--,--,--,--,--,--,--,--,--,--,--,--,--,--,--,--,--,--,--,--,--,--,--,--,--,--,--,--,64310
2026-05-04 16:52:05.518,--,--,--,--,--,--,--,--,--,--,--,--,--,--,--,--,--,--,--,--,--,--,--,--,--,--,--,--,--,--,--,--,--,--,--,--,--,--,--,--,--,--,--,--,--,--,64315
2026-05-04 16:52:05.571,--,--,--,--,--,--,--,--,--,--,--,--,--,--,--,--,--,--,--,--,--,--,--,--,--,--,--,--,--,--,--,--,--,--,--,--,--,--,--,--,--,--,--,--,--,--,64320
2026-05-04 16:52:05.626,--,--,--,--,--,--,--,--,--,--,--,--,--,--,--,--,--,--,--,--,--,--,--,--,--,--,--,--,--,--,--,--,--,--,--,--,--,--,--,--,--,--,--,--,--,--,64325
2026-05-04 16:52:05.646,--,--,--,--,--,--,--,--,--,--,--,--,--,--,--,--,--,--,--,--,--,--,--,--,--,--,--,--,--,--,--,--,--,--,--,--,--,--,--,--,--,--,--,--,--,--,64330
2026-05-04 16:52:05.647,--,--,--,--,--,--,--,--,--,--,--,--,--,--,--,--,--,--,--,--,--,--,--,--,--,--,--,--,--,--,--,--,--,--,--,--,--,--,--,--,--,--,--,--,--,--,64335
2026-05-04 16:52:05.649,--,--,--,--,--,--,--,--,--,--,--,--,--,--,--,--,--,--,--,--,--,--,--,--,--,--,--,--,--,--,--,--,--,--,--,--,--,--,--,--,--,--,--,--,--,--,64340
2026-05-04 16:52:05.651,--,--,--,--,--,--,--,--,--,--,--,--,--,--,--,--,--,--,--,--,--,--,--,--,--,--,--,--,--,--,--,--,--,--,--,--,--,--,--,--,--,--,--,--,--,--,64345
2026-05-04 16:52:05.652,--,--,--,--,--,--,--,--,--,--,--,--,--,--,--,--,--,--,--,--,--,--,--,--,--,--,--,--,--,--,--,--,--,--,--,--,--,--,--,--,--,--,--,--,--,--,64350
2026-05-04 16:52:05.654,--,--,--,--,--,--,--,--,--,--,--,--,--,--,--,--,--,--,--,--,--,--,--,--,--,--,--,--,--,--,--,--,--,--,--,--,--,--,--,--,--,--,--,--,--,--,64355
2026-05-04 16:52:05.655,--,--,--,--,--,--,--,--,--,--,--,--,--,--,--,--,--,--,--,--,--,--,--,--,--,--,--,--,--,--,--,--,--,--,--,--,--,--,--,--,--,--,--,--,--,--,64360
2026-05-04 16:52:05.656,--,--,--,--,--,--,--,--,--,--,--,--,--,--,--,--,--,--,--,--,--,--,--,--,--,--,--,--,--,--,--,--,--,--,--,--,--,--,--,--,--,--,--,--,--,--,64365
2026-05-04 16:52:05.660,--,--,--,--,--,--,--,--,--,--,--,--,--,--,--,--,--,--,--,--,--,--,--,--,--,--,--,--,--,--,--,--,--,--,--,--,--,--,--,--,--,--,--,--,--,--,64370
2026-05-04 16:52:05.662,--,--,--,--,--,--,--,--,--,--,--,--,--,--,--,--,--,--,--,--,--,--,--,--,--,--,--,--,--,--,--,--,--,--,--,--,--,--,--,--,--,--,--,--,--,--,64375
2026-05-04 16:52:05.663,--,--,--,--,--,--,--,--,--,--,--,--,--,--,--,--,--,--,--,--,--,--,--,--,--,--,--,--,--,--,--,--,--,--,--,--,--,--,--,--,--,--,--,--,--,--,64380
2026-05-04 16:52:05.665,--,--,--,--,--,--,--,--,--,--,--,--,--,--,--,--,--,--,--,--,--,--,--,--,--,--,--,--,--,--,--,--,--,--,--,--,--,--,--,--,--,--,--,--,--,--,64385
2026-05-04 16:52:05.696,--,--,--,--,--,--,--,--,--,--,--,--,--,--,--,--,--,--,--,--,--,--,--,--,--,--,--,--,--,--,--,--,--,--,--,--,--,--,--,--,--,--,--,--,--,--,67119
2026-05-04 16:52:05.805,--,--,--,--,--,--,--,--,--,--,--,--,--,--,--,--,--,--,--,--,--,--,--,--,--,--,--,--,--,--,--,--,--,--,--,--,--,--,--,--,--,--,--,--,--,--,67124
2026-05-04 16:52:05.876,--,--,--,--,--,--,--,--,--,--,--,--,--,--,--,--,--,--,--,--,--,--,--,--,--,--,--,--,--,--,--,--,--,--,--,--,--,--,--,--,--,--,--,--,--,--,67129
2026-05-04 16:52:05.877,--,--,--,--,--,--,--,--,--,--,--,--,--,--,--,--,--,--,--,--,--,--,--,--,--,--,--,--,--,--,--,--,--,--,--,--,--,--,--,--,--,--,--,--,--,--,67134
2026-05-04 16:52:05.879,--,--,--,--,--,--,--,--,--,--,--,--,--,--,--,--,--,--,--,--,--,--,--,--,--,--,--,--,--,--,--,--,--,--,--,--,--,--,--,--,--,--,--,--,--,--,67139
2026-05-04 16:52:05.880,--,--,--,--,--,--,--,--,--,--,--,--,--,--,--,--,--,--,--,--,--,--,--,--,--,--,--,--,--,--,--,--,--,--,--,--,--,--,--,--,--,--,--,--,--,--,67144
2026-05-04 16:52:05.881,--,--,--,--,--,--,--,--,--,--,--,--,--,--,--,--,--,--,--,--,--,--,--,--,--,--,--,--,--,--,--,--,--,--,--,--,--,--,--,--,--,--,--,--,--,--,67149
2026-05-04 16:52:05.882,--,--,--,--,--,--,--,--,--,--,--,--,--,--,--,--,--,--,--,--,--,--,--,--,--,--,--,--,--,--,--,--,--,--,--,--,--,--,--,--,--,--,--,--,--,--,67154
2026-05-04 16:52:05.884,--,--,--,--,--,--,--,--,--,--,--,--,--,--,--,--,--,--,--,--,--,--,--,--,--,--,--,--,--,--,--,--,--,--,--,--,--,--,--,--,--,--,--,--,--,--,67159
2026-05-04 16:52:05.885,--,--,--,--,--,--,--,--,--,--,--,--,--,--,--,--,--,--,--,--,--,--,--,--,--,--,--,--,--,--,--,--,--,--,--,--,--,--,--,--,--,--,--,--,--,--,67160
2026-05-04 16:52:05.990,--,--,--,--,--,--,--,--,--,--,--,--,--,--,--,--,--,--,--,--,--,--,--,--,--,--,--,--,--,--,--,--,--,--,--,--,--,--,--,--,--,--,--,--,--,--,67161
2026-05-04 16:52:06.053,--,--,--,--,--,--,--,--,--,--,--,--,--,--,--,--,--,--,--,--,--,--,--,--,--,--,--,--,--,--,--,--,--,--,--,--,--,--,--,--,--,--,--,--,--,--,67166
2026-05-04 16:52:06.102,--,--,--,--,--,--,--,--,--,--,--,--,--,--,--,--,--,--,--,--,--,--,--,--,--,--,--,--,--,--,--,--,--,--,--,--,--,--,--,--,--,--,--,--,--,--,67171
2026-05-04 16:52:06.158,--,--,--,--,--,--,--,--,--,--,--,--,--,--,--,--,--,--,--,--,--,--,--,--,--,--,--,--,--,--,--,--,--,--,--,--,--,--,--,--,--,--,--,--,--,--,67176
2026-05-04 16:52:06.211,--,--,--,--,--,--,--,--,--,--,--,--,--,--,--,--,--,--,--,--,--,--,--,--,--,--,--,--,--,--,--,--,--,--,--,--,--,--,--,--,--,--,--,--,--,--,67181
2026-05-04 16:52:06.261,--,--,--,--,--,--,--,--,--,--,--,--,--,--,--,--,--,--,--,--,--,--,--,--,--,--,--,--,--,--,--,--,--,--,--,--,--,--,--,--,--,--,--,--,--,--,67186
2026-05-04 16:52:06.326,--,--,--,--,--,--,--,--,--,--,--,--,--,--,--,--,--,--,--,--,--,--,--,--,--,--,--,--,--,--,--,--,--,--,--,--,--,--,--,--,--,--,--,--,--,--,67191
2026-05-04 16:52:06.364,--,--,--,--,--,--,--,--,--,--,--,--,--,--,--,--,--,--,--,--,--,--,--,--,--,--,--,--,--,--,--,--,--,--,--,--,--,--,--,--,--,--,--,--,--,--,67196
2026-05-04 16:52:06.365,--,--,--,--,--,--,--,--,--,--,--,--,--,--,--,--,--,--,--,--,--,--,--,--,--,--,--,--,--,--,--,--,--,--,--,--,--,--,--,--,--,--,--,--,--,--,67201
2026-05-04 16:52:06.368,--,--,--,--,--,--,--,--,--,--,--,--,--,--,--,--,--,--,--,--,--,--,--,--,--,--,--,--,--,--,--,--,--,--,--,--,--,--,--,--,--,--,--,--,--,--,67206
2026-05-04 16:52:06.369,--,--,--,--,--,--,--,--,--,--,--,--,--,--,--,--,--,--,--,--,--,--,--,--,--,--,--,--,--,--,--,--,--,--,--,--,--,--,--,--,--,--,--,--,--,--,67211
2026-05-04 16:52:06.371,--,--,--,--,--,--,--,--,--,--,--,--,--,--,--,--,--,--,--,--,--,--,--,--,--,--,--,--,--,--,--,--,--,--,--,--,--,--,--,--,--,--,--,--,--,--,67216
2026-05-04 16:52:06.373,--,--,--,--,--,--,--,--,--,--,--,--,--,--,--,--,--,--,--,--,--,--,--,--,--,--,--,--,--,--,--,--,--,--,--,--,--,--,--,--,--,--,--,--,--,--,67221
2026-05-04 16:52:06.374,--,--,--,--,--,--,--,--,--,--,--,--,--,--,--,--,--,--,--,--,--,--,--,--,--,--,--,--,--,--,--,--,--,--,--,--,--,--,--,--,--,--,--,--,--,--,67226
2026-05-04 16:52:06.377,--,--,--,--,--,--,--,--,--,--,--,--,--,--,--,--,--,--,--,--,--,--,--,--,--,--,--,--,--,--,--,--,--,--,--,--,--,--,--,--,--,--,--,--,--,--,67231
2026-05-04 16:52:06.378,--,--,--,--,--,--,--,--,--,--,--,--,--,--,--,--,--,--,--,--,--,--,--,--,--,--,--,--,--,--,--,--,--,--,--,--,--,--,--,--,--,--,--,--,--,--,67236
2026-05-04 16:52:06.380,--,--,--,--,--,--,--,--,--,--,--,--,--,--,--,--,--,--,--,--,--,--,--,--,--,--,--,--,--,--,--,--,--,--,--,--,--,--,--,--,--,--,--,--,--,--,67241
2026-05-04 16:52:06.382,--,--,--,--,--,--,--,--,--,--,--,--,--,--,--,--,--,--,--,--,--,--,--,--,--,--,--,--,--,--,--,--,--,--,--,--,--,--,--,--,--,--,--,--,--,--,67246
2026-05-04 16:52:06.383,--,--,--,--,--,--,--,--,--,--,--,--,--,--,--,--,--,--,--,--,--,--,--,--,--,--,--,--,--,--,--,--,--,--,--,--,--,--,--,--,--,--,--,--,--,--,67251
2026-05-04 16:52:06.385,--,--,--,--,--,--,--,--,--,--,--,--,--,--,--,--,--,--,--,--,--,--,--,--,--,--,--,--,--,--,--,--,--,--,--,--,--,--,--,--,--,--,--,--,--,--,67256
2026-05-04 16:52:06.442,--,--,--,--,--,--,--,--,--,--,--,--,--,--,--,--,--,--,--,--,--,--,--,--,--,--,--,--,--,--,--,--,--,--,--,--,--,--,--,--,--,--,--,--,--,--,69948
2026-05-04 16:52:06.478,--,--,--,--,--,--,--,--,--,--,--,--,--,--,--,--,--,--,--,--,--,--,--,--,--,--,--,--,--,--,--,--,--,--,--,--,--,--,--,--,--,--,--,--,--,--,69953
2026-05-04 16:52:06.551,--,--,--,--,--,--,--,--,--,--,--,--,--,--,--,--,--,--,--,--,--,--,--,--,--,--,--,--,--,--,--,--,--,--,--,--,--,--,--,--,--,--,--,--,--,--,69958
2026-05-04 16:52:06.605,--,--,--,--,--,--,--,--,--,--,--,--,--,--,--,--,--,--,--,--,--,--,--,--,--,--,--,--,--,--,--,--,--,--,--,--,--,--,--,--,--,--,--,--,--,--,69963
2026-05-04 16:52:06.643,--,--,--,--,--,--,--,--,--,--,--,--,--,--,--,--,--,--,--,--,--,--,--,--,--,--,--,--,--,--,--,--,--,--,--,--,--,--,--,--,--,--,--,--,--,--,69968
2026-05-04 16:52:06.684,--,--,--,--,--,--,--,--,--,--,--,--,--,--,--,--,--,--,--,--,--,--,--,--,--,--,--,--,--,--,--,--,--,--,--,--,--,--,--,--,--,--,--,--,--,--,69973
2026-05-04 16:52:06.740,--,--,--,--,--,--,--,--,--,--,--,--,--,--,--,--,--,--,--,--,--,--,--,--,--,--,--,--,--,--,--,--,--,--,--,--,--,--,--,--,--,--,--,--,--,--,69978
2026-05-04 16:52:06.742,--,--,--,--,--,--,--,--,--,--,--,--,--,--,--,--,--,--,--,--,--,--,--,--,--,--,--,--,--,--,--,--,--,--,--,--,--,--,--,--,--,--,--,--,--,--,69983
2026-05-04 16:52:06.744,--,--,--,--,--,--,--,--,--,--,--,--,--,--,--,--,--,--,--,--,--,--,--,--,--,--,--,--,--,--,--,--,--,--,--,--,--,--,--,--,--,--,--,--,--,--,69988
2026-05-04 16:52:06.745,--,--,--,--,--,--,--,--,--,--,--,--,--,--,--,--,--,--,--,--,--,--,--,--,--,--,--,--,--,--,--,--,--,--,--,--,--,--,--,--,--,--,--,--,--,--,69993
2026-05-04 16:52:06.746,--,--,--,--,--,--,--,--,--,--,--,--,--,--,--,--,--,--,--,--,--,--,--,--,--,--,--,--,--,--,--,--,--,--,--,--,--,--,--,--,--,--,--,--,--,--,69998
2026-05-04 16:52:06.748,--,--,--,--,--,--,--,--,--,--,--,--,--,--,--,--,--,--,--,--,--,--,--,--,--,--,--,--,--,--,--,--,--,--,--,--,--,--,--,--,--,--,--,--,--,--,70003
2026-05-04 16:52:06.749,--,--,--,--,--,--,--,--,--,--,--,--,--,--,--,--,--,--,--,--,--,--,--,--,--,--,--,--,--,--,--,--,--,--,--,--,--,--,--,--,--,--,--,--,--,--,70008
2026-05-04 16:52:06.750,--,--,--,--,--,--,--,--,--,--,--,--,--,--,--,--,--,--,--,--,--,--,--,--,--,--,--,--,--,--,--,--,--,--,--,--,--,--,--,--,--,--,--,--,--,--,70013
2026-05-04 16:52:06.752,--,--,--,--,--,--,--,--,--,--,--,--,--,--,--,--,--,--,--,--,--,--,--,--,--,--,--,--,--,--,--,--,--,--,--,--,--,--,--,--,--,--,--,--,--,--,70018
2026-05-04 16:52:06.754,--,--,--,--,--,--,--,--,--,--,--,--,--,--,--,--,--,--,--,--,--,--,--,--,--,--,--,--,--,--,--,--,--,--,--,--,--,--,--,--,--,--,--,--,--,--,70023
2026-05-04 16:52:06.756,--,--,--,--,--,--,--,--,--,--,--,--,--,--,--,--,--,--,--,--,--,--,--,--,--,--,--,--,--,--,--,--,--,--,--,--,--,--,--,--,--,--,--,--,--,--,70028
2026-05-04 16:52:06.897,--,--,--,--,--,--,--,--,--,--,--,--,--,--,--,--,--,--,--,--,--,--,--,--,--,--,--,--,--,--,--,--,--,--,--,--,--,--,--,--,--,--,--,--,--,--,70033
2026-05-04 16:52:06.934,--,--,--,--,--,--,--,--,--,--,--,--,--,--,--,--,--,--,--,--,--,--,--,--,--,--,--,--,--,--,--,--,--,--,--,--,--,--,--,--,--,--,--,--,--,--,70038
2026-05-04 16:52:06.988,--,--,--,--,--,--,--,--,--,--,--,--,--,--,--,--,--,--,--,--,--,--,--,--,--,--,--,--,--,--,--,--,--,--,--,--,--,--,--,--,--,--,--,--,--,--,70043
2026-05-04 16:52:07.024,--,--,--,--,--,--,--,--,--,--,--,--,--,--,--,--,--,--,--,--,--,--,--,--,--,--,--,--,--,--,--,--,--,--,--,--,--,--,--,--,--,--,--,--,--,--,70048
2026-05-04 16:52:07.083,--,--,--,--,--,--,--,--,--,--,--,--,--,--,--,--,--,--,--,--,--,--,--,--,--,--,--,--,--,--,--,--,--,--,--,--,--,--,--,--,--,--,--,--,--,--,70053
2026-05-04 16:52:07.135,--,--,--,--,--,--,--,--,--,--,--,--,--,--,--,--,--,--,--,--,--,--,--,--,--,--,--,--,--,--,--,--,--,--,--,--,--,--,--,--,--,--,--,--,--,--,70058
2026-05-04 16:52:07.172,--,--,--,--,--,--,--,--,--,--,--,--,--,--,--,--,--,--,--,--,--,--,--,--,--,--,--,--,--,--,--,--,--,--,--,--,--,--,--,--,--,--,--,--,--,--,70063
2026-05-04 16:52:07.225,--,--,--,--,--,--,--,--,--,--,--,--,--,--,--,--,--,--,--,--,--,--,--,--,--,--,--,--,--,--,--,--,--,--,--,--,--,--,--,--,--,--,--,--,--,--,70068
2026-05-04 16:52:07.247,--,--,--,--,--,--,--,--,--,--,--,--,--,--,--,--,--,--,--,--,--,--,--,--,--,--,--,--,--,--,--,--,--,--,--,--,--,--,--,--,--,--,--,--,--,--,70073
2026-05-04 16:52:07.249,--,--,--,--,--,--,--,--,--,--,--,--,--,--,--,--,--,--,--,--,--,--,--,--,--,--,--,--,--,--,--,--,--,--,--,--,--,--,--,--,--,--,--,--,--,--,70078
2026-05-04 16:52:07.251,--,--,--,--,--,--,--,--,--,--,--,--,--,--,--,--,--,--,--,--,--,--,--,--,--,--,--,--,--,--,--,--,--,--,--,--,--,--,--,--,--,--,--,--,--,--,70083
2026-05-04 16:52:07.253,--,--,--,--,--,--,--,--,--,--,--,--,--,--,--,--,--,--,--,--,--,--,--,--,--,--,--,--,--,--,--,--,--,--,--,--,--,--,--,--,--,--,--,--,--,--,70088
2026-05-04 16:52:07.254,--,--,--,--,--,--,--,--,--,--,--,--,--,--,--,--,--,--,--,--,--,--,--,--,--,--,--,--,--,--,--,--,--,--,--,--,--,--,--,--,--,--,--,--,--,--,70093
2026-05-04 16:52:07.255,--,--,--,--,--,--,--,--,--,--,--,--,--,--,--,--,--,--,--,--,--,--,--,--,--,--,--,--,--,--,--,--,--,--,--,--,--,--,--,--,--,--,--,--,--,--,70098
2026-05-04 16:52:07.258,--,--,--,--,--,--,--,--,--,--,--,--,--,--,--,--,--,--,--,--,--,--,--,--,--,--,--,--,--,--,--,--,--,--,--,--,--,--,--,--,--,--,--,--,--,--,70103
2026-05-04 16:52:07.259,--,--,--,--,--,--,--,--,--,--,--,--,--,--,--,--,--,--,--,--,--,--,--,--,--,--,--,--,--,--,--,--,--,--,--,--,--,--,--,--,--,--,--,--,--,--,70108
2026-05-04 16:52:07.261,--,--,--,--,--,--,--,--,--,--,--,--,--,--,--,--,--,--,--,--,--,--,--,--,--,--,--,--,--,--,--,--,--,--,--,--,--,--,--,--,--,--,--,--,--,--,70113
2026-05-04 16:52:07.263,--,--,--,--,--,--,--,--,--,--,--,--,--,--,--,--,--,--,--,--,--,--,--,--,--,--,--,--,--,--,--,--,--,--,--,--,--,--,--,--,--,--,--,--,--,--,70118
2026-05-04 16:52:07.264,--,--,--,--,--,--,--,--,--,--,--,--,--,--,--,--,--,--,--,--,--,--,--,--,--,--,--,--,--,--,--,--,--,--,--,--,--,--,--,--,--,--,--,--,--,--,70123
2026-05-04 16:52:07.266,--,--,--,--,--,--,--,--,--,--,--,--,--,--,--,--,--,--,--,--,--,--,--,--,--,--,--,--,--,--,--,--,--,--,--,--,--,--,--,--,--,--,--,--,--,--,70128
2026-05-04 16:52:07.317,--,--,--,--,--,--,--,--,--,--,--,--,--,--,--,--,--,--,--,--,--,--,--,--,--,--,--,--,--,--,--,--,--,--,--,--,--,--,--,--,--,--,--,--,--,--,73495
2026-05-04 16:52:07.406,--,--,--,--,--,--,--,--,--,--,--,--,--,--,--,--,--,--,--,--,--,--,--,--,--,--,--,--,--,--,--,--,--,--,--,--,--,--,--,--,--,--,--,--,--,--,73500
2026-05-04 16:52:07.499,--,--,--,--,--,--,--,--,--,--,--,--,--,--,--,--,--,--,--,--,--,--,--,--,--,--,--,--,--,--,--,--,--,--,--,--,--,--,--,--,--,--,--,--,--,--,73505
2026-05-04 16:52:07.547,--,--,--,--,--,--,--,--,--,--,--,--,--,--,--,--,--,--,--,--,--,--,--,--,--,--,--,--,--,--,--,--,--,--,--,--,--,--,--,--,--,--,--,--,--,--,73510
2026-05-04 16:52:07.598,--,--,--,--,--,--,--,--,--,--,--,--,--,--,--,--,--,--,--,--,--,--,--,--,--,--,--,--,--,--,--,--,--,--,--,--,--,--,--,--,--,--,--,--,--,--,73515
2026-05-04 16:52:07.600,--,--,--,--,--,--,--,--,--,--,--,--,--,--,--,--,--,--,--,--,--,--,--,--,--,--,--,--,--,--,--,--,--,--,--,--,--,--,--,--,--,--,--,--,--,--,73520
2026-05-04 16:52:07.601,--,--,--,--,--,--,--,--,--,--,--,--,--,--,--,--,--,--,--,--,--,--,--,--,--,--,--,--,--,--,--,--,--,--,--,--,--,--,--,--,--,--,--,--,--,--,73525
2026-05-04 16:52:07.602,--,--,--,--,--,--,--,--,--,--,--,--,--,--,--,--,--,--,--,--,--,--,--,--,--,--,--,--,--,--,--,--,--,--,--,--,--,--,--,--,--,--,--,--,--,--,73530
2026-05-04 16:52:07.603,--,--,--,--,--,--,--,--,--,--,--,--,--,--,--,--,--,--,--,--,--,--,--,--,--,--,--,--,--,--,--,--,--,--,--,--,--,--,--,--,--,--,--,--,--,--,73535
2026-05-04 16:52:07.605,--,--,--,--,--,--,--,--,--,--,--,--,--,--,--,--,--,--,--,--,--,--,--,--,--,--,--,--,--,--,--,--,--,--,--,--,--,--,--,--,--,--,--,--,--,--,73540
2026-05-04 16:52:07.607,--,--,--,--,--,--,--,--,--,--,--,--,--,--,--,--,--,--,--,--,--,--,--,--,--,--,--,--,--,--,--,--,--,--,--,--,--,--,--,--,--,--,--,--,--,--,73545
2026-05-04 16:52:07.608,--,--,--,--,--,--,--,--,--,--,--,--,--,--,--,--,--,--,--,--,--,--,--,--,--,--,--,--,--,--,--,--,--,--,--,--,--,--,--,--,--,--,--,--,--,--,73550
2026-05-04 16:52:07.610,--,--,--,--,--,--,--,--,--,--,--,--,--,--,--,--,--,--,--,--,--,--,--,--,--,--,--,--,--,--,--,--,--,--,--,--,--,--,--,--,--,--,--,--,--,--,73555
2026-05-04 16:52:07.611,--,--,--,--,--,--,--,--,--,--,--,--,--,--,--,--,--,--,--,--,--,--,--,--,--,--,--,--,--,--,--,--,--,--,--,--,--,--,--,--,--,--,--,--,--,--,73560
2026-05-04 16:52:07.614,--,--,--,--,--,--,--,--,--,--,--,--,--,--,--,--,--,--,--,--,--,--,--,--,--,--,--,--,--,--,--,--,--,--,--,--,--,--,--,--,--,--,--,--,--,--,73565
2026-05-04 16:52:07.615,--,--,--,--,--,--,--,--,--,--,--,--,--,--,--,--,--,--,--,--,--,--,--,--,--,--,--,--,--,--,--,--,--,--,--,--,--,--,--,--,--,--,--,--,--,--,73570
2026-05-04 16:52:07.616,--,--,--,--,--,--,--,--,--,--,--,--,--,--,--,--,--,--,--,--,--,--,--,--,--,--,--,--,--,--,--,--,--,--,--,--,--,--,--,--,--,--,--,--,--,--,73575
2026-05-04 16:52:07.740,--,--,--,--,--,--,--,--,--,--,--,--,--,--,--,--,--,--,--,--,--,--,--,--,--,--,--,--,--,--,--,--,--,--,--,--,--,--,--,--,--,--,--,--,--,--,73580
2026-05-04 16:52:07.799,--,--,--,--,--,--,--,--,--,--,--,--,--,--,--,--,--,--,--,--,--,--,--,--,--,--,--,--,--,--,--,--,--,--,--,--,--,--,--,--,--,--,--,--,--,--,73585
2026-05-04 16:52:07.850,--,--,--,--,--,--,--,--,--,--,--,--,--,--,--,--,--,--,--,--,--,--,--,--,--,--,--,--,--,--,--,--,--,--,--,--,--,--,--,--,--,--,--,--,--,--,73590
2026-05-04 16:52:07.919,--,--,--,--,--,--,--,--,--,--,--,--,--,--,--,--,--,--,--,--,--,--,--,--,--,--,--,--,--,--,--,--,--,--,--,--,--,--,--,--,--,--,--,--,--,--,73595
2026-05-04 16:52:07.971,--,--,--,--,--,--,--,--,--,--,--,--,--,--,--,--,--,--,--,--,--,--,--,--,--,--,--,--,--,--,--,--,--,--,--,--,--,--,--,--,--,--,--,--,--,--,73600
2026-05-04 16:52:08.045,--,--,--,--,--,--,--,--,--,--,--,--,--,--,--,--,--,--,--,--,--,--,--,--,--,--,--,--,--,--,--,--,--,--,--,--,--,--,--,--,--,--,--,--,--,--,73605
2026-05-04 16:52:08.117,--,--,--,--,--,--,--,--,--,--,--,--,--,--,--,--,--,--,--,--,--,--,--,--,--,--,--,--,--,--,--,--,--,--,--,--,--,--,--,--,--,--,--,--,--,--,73610
2026-05-04 16:52:08.119,--,--,--,--,--,--,--,--,--,--,--,--,--,--,--,--,--,--,--,--,--,--,--,--,--,--,--,--,--,--,--,--,--,--,--,--,--,--,--,--,--,--,--,--,--,--,73615
2026-05-04 16:52:08.120,--,--,--,--,--,--,--,--,--,--,--,--,--,--,--,--,--,--,--,--,--,--,--,--,--,--,--,--,--,--,--,--,--,--,--,--,--,--,--,--,--,--,--,--,--,--,73620
2026-05-04 16:52:08.121,--,--,--,--,--,--,--,--,--,--,--,--,--,--,--,--,--,--,--,--,--,--,--,--,--,--,--,--,--,--,--,--,--,--,--,--,--,--,--,--,--,--,--,--,--,--,73625
2026-05-04 16:52:08.123,--,--,--,--,--,--,--,--,--,--,--,--,--,--,--,--,--,--,--,--,--,--,--,--,--,--,--,--,--,--,--,--,--,--,--,--,--,--,--,--,--,--,--,--,--,--,73630
2026-05-04 16:52:08.126,--,--,--,--,--,--,--,--,--,--,--,--,--,--,--,--,--,--,--,--,--,--,--,--,--,--,--,--,--,--,--,--,--,--,--,--,--,--,--,--,--,--,--,--,--,--,73635
2026-05-04 16:52:08.129,--,--,--,--,--,--,--,--,--,--,--,--,--,--,--,--,--,--,--,--,--,--,--,--,--,--,--,--,--,--,--,--,--,--,--,--,--,--,--,--,--,--,--,--,--,--,73640
2026-05-04 16:52:08.131,--,--,--,--,--,--,--,--,--,--,--,--,--,--,--,--,--,--,--,--,--,--,--,--,--,--,--,--,--,--,--,--,--,--,--,--,--,--,--,--,--,--,--,--,--,--,73645
2026-05-04 16:52:08.132,--,--,--,--,--,--,--,--,--,--,--,--,--,--,--,--,--,--,--,--,--,--,--,--,--,--,--,--,--,--,--,--,--,--,--,--,--,--,--,--,--,--,--,--,--,--,73650
2026-05-04 16:52:08.133,--,--,--,--,--,--,--,--,--,--,--,--,--,--,--,--,--,--,--,--,--,--,--,--,--,--,--,--,--,--,--,--,--,--,--,--,--,--,--,--,--,--,--,--,--,--,73655
2026-05-04 16:52:08.134,--,--,--,--,--,--,--,--,--,--,--,--,--,--,--,--,--,--,--,--,--,--,--,--,--,--,--,--,--,--,--,--,--,--,--,--,--,--,--,--,--,--,--,--,--,--,73660
2026-05-04 16:52:08.135,--,--,--,--,--,--,--,--,--,--,--,--,--,--,--,--,--,--,--,--,--,--,--,--,--,--,--,--,--,--,--,--,--,--,--,--,--,--,--,--,--,--,--,--,--,--,73665
2026-05-04 16:52:08.137,--,--,--,--,--,--,--,--,--,--,--,--,--,--,--,--,--,--,--,--,--,--,--,--,--,--,--,--,--,--,--,--,--,--,--,--,--,--,--,--,--,--,--,--,--,--,73670
2026-05-04 16:52:08.138,--,--,--,--,--,--,--,--,--,--,--,--,--,--,--,--,--,--,--,--,--,--,--,--,--,--,--,--,--,--,--,--,--,--,--,--,--,--,--,--,--,--,--,--,--,--,73675
2026-05-04 16:52:08.192,--,--,--,--,--,--,--,--,--,--,--,--,--,--,--,--,--,--,--,--,--,--,--,--,--,--,--,--,--,--,--,--,--,--,--,--,--,--,--,--,--,--,--,--,--,--,76916
2026-05-04 16:52:08.247,--,--,--,--,--,--,--,--,--,--,--,--,--,--,--,--,--,--,--,--,--,--,--,--,--,--,--,--,--,--,--,--,--,--,--,--,--,--,--,--,--,--,--,--,--,--,76921
2026-05-04 16:52:08.312,--,--,--,--,--,--,--,--,--,--,--,--,--,--,--,--,--,--,--,--,--,--,--,--,--,--,--,--,--,--,--,--,--,--,--,--,--,--,--,--,--,--,--,--,--,--,76926
2026-05-04 16:52:08.346,--,--,--,--,--,--,--,--,--,--,--,--,--,--,--,--,--,--,--,--,--,--,--,--,--,--,--,--,--,--,--,--,--,--,--,--,--,--,--,--,--,--,--,--,--,--,76931
2026-05-04 16:52:08.347,--,--,--,--,--,--,--,--,--,--,--,--,--,--,--,--,--,--,--,--,--,--,--,--,--,--,--,--,--,--,--,--,--,--,--,--,--,--,--,--,--,--,--,--,--,--,76936
2026-05-04 16:52:08.349,--,--,--,--,--,--,--,--,--,--,--,--,--,--,--,--,--,--,--,--,--,--,--,--,--,--,--,--,--,--,--,--,--,--,--,--,--,--,--,--,--,--,--,--,--,--,76941
2026-05-04 16:52:08.350,--,--,--,--,--,--,--,--,--,--,--,--,--,--,--,--,--,--,--,--,--,--,--,--,--,--,--,--,--,--,--,--,--,--,--,--,--,--,--,--,--,--,--,--,--,--,76946
2026-05-04 16:52:08.351,--,--,--,--,--,--,--,--,--,--,--,--,--,--,--,--,--,--,--,--,--,--,--,--,--,--,--,--,--,--,--,--,--,--,--,--,--,--,--,--,--,--,--,--,--,--,76951
2026-05-04 16:52:08.353,--,--,--,--,--,--,--,--,--,--,--,--,--,--,--,--,--,--,--,--,--,--,--,--,--,--,--,--,--,--,--,--,--,--,--,--,--,--,--,--,--,--,--,--,--,--,76956
2026-05-04 16:52:08.354,--,--,--,--,--,--,--,--,--,--,--,--,--,--,--,--,--,--,--,--,--,--,--,--,--,--,--,--,--,--,--,--,--,--,--,--,--,--,--,--,--,--,--,--,--,--,76957
2026-05-04 16:52:08.461,--,--,--,--,--,--,--,--,--,--,--,--,--,--,--,--,--,--,--,--,--,--,--,--,--,--,--,--,--,--,--,--,--,--,--,--,--,--,--,--,--,--,--,--,--,--,76958
2026-05-04 16:52:08.511,--,--,--,--,--,--,--,--,--,--,--,--,--,--,--,--,--,--,--,--,--,--,--,--,--,--,--,--,--,--,--,--,--,--,--,--,--,--,--,--,--,--,--,--,--,--,76963
2026-05-04 16:52:08.532,--,--,--,--,--,--,--,--,--,--,--,--,--,--,--,--,--,--,--,--,--,--,--,--,--,--,--,--,--,--,--,--,--,--,--,--,--,--,--,--,--,--,--,--,--,--,76968
2026-05-04 16:52:08.606,--,--,--,--,--,--,--,--,--,--,--,--,--,--,--,--,--,--,--,--,--,--,--,--,--,--,--,--,--,--,--,--,--,--,--,--,--,--,--,--,--,--,--,--,--,--,76973
2026-05-04 16:52:08.657,--,--,--,--,--,--,--,--,--,--,--,--,--,--,--,--,--,--,--,--,--,--,--,--,--,--,--,--,--,--,--,--,--,--,--,--,--,--,--,--,--,--,--,--,--,--,76978
2026-05-04 16:52:08.706,--,--,--,--,--,--,--,--,--,--,--,--,--,--,--,--,--,--,--,--,--,--,--,--,--,--,--,--,--,--,--,--,--,--,--,--,--,--,--,--,--,--,--,--,--,--,76983
2026-05-04 16:52:08.757,--,--,--,--,--,--,--,--,--,--,--,--,--,--,--,--,--,--,--,--,--,--,--,--,--,--,--,--,--,--,--,--,--,--,--,--,--,--,--,--,--,--,--,--,--,--,76988
2026-05-04 16:52:08.797,--,--,--,--,--,--,--,--,--,--,--,--,--,--,--,--,--,--,--,--,--,--,--,--,--,--,--,--,--,--,--,--,--,--,--,--,--,--,--,--,--,--,--,--,--,--,76993
2026-05-04 16:52:08.799,--,--,--,--,--,--,--,--,--,--,--,--,--,--,--,--,--,--,--,--,--,--,--,--,--,--,--,--,--,--,--,--,--,--,--,--,--,--,--,--,--,--,--,--,--,--,76998
2026-05-04 16:52:08.800,--,--,--,--,--,--,--,--,--,--,--,--,--,--,--,--,--,--,--,--,--,--,--,--,--,--,--,--,--,--,--,--,--,--,--,--,--,--,--,--,--,--,--,--,--,--,77003
2026-05-04 16:52:08.802,--,--,--,--,--,--,--,--,--,--,--,--,--,--,--,--,--,--,--,--,--,--,--,--,--,--,--,--,--,--,--,--,--,--,--,--,--,--,--,--,--,--,--,--,--,--,77008
2026-05-04 16:52:08.804,--,--,--,--,--,--,--,--,--,--,--,--,--,--,--,--,--,--,--,--,--,--,--,--,--,--,--,--,--,--,--,--,--,--,--,--,--,--,--,--,--,--,--,--,--,--,77013
2026-05-04 16:52:08.805,--,--,--,--,--,--,--,--,--,--,--,--,--,--,--,--,--,--,--,--,--,--,--,--,--,--,--,--,--,--,--,--,--,--,--,--,--,--,--,--,--,--,--,--,--,--,77018
2026-05-04 16:52:08.806,--,--,--,--,--,--,--,--,--,--,--,--,--,--,--,--,--,--,--,--,--,--,--,--,--,--,--,--,--,--,--,--,--,--,--,--,--,--,--,--,--,--,--,--,--,--,77023
2026-05-04 16:52:08.807,--,--,--,--,--,--,--,--,--,--,--,--,--,--,--,--,--,--,--,--,--,--,--,--,--,--,--,--,--,--,--,--,--,--,--,--,--,--,--,--,--,--,--,--,--,--,77028
2026-05-04 16:52:08.809,--,--,--,--,--,--,--,--,--,--,--,--,--,--,--,--,--,--,--,--,--,--,--,--,--,--,--,--,--,--,--,--,--,--,--,--,--,--,--,--,--,--,--,--,--,--,77033
2026-05-04 16:52:08.811,--,--,--,--,--,--,--,--,--,--,--,--,--,--,--,--,--,--,--,--,--,--,--,--,--,--,--,--,--,--,--,--,--,--,--,--,--,--,--,--,--,--,--,--,--,--,77038
2026-05-04 16:52:08.812,--,--,--,--,--,--,--,--,--,--,--,--,--,--,--,--,--,--,--,--,--,--,--,--,--,--,--,--,--,--,--,--,--,--,--,--,--,--,--,--,--,--,--,--,--,--,77043
2026-05-04 16:52:08.814,--,--,--,--,--,--,--,--,--,--,--,--,--,--,--,--,--,--,--,--,--,--,--,--,--,--,--,--,--,--,--,--,--,--,--,--,--,--,--,--,--,--,--,--,--,--,77048
2026-05-04 16:52:08.815,--,--,--,--,--,--,--,--,--,--,--,--,--,--,--,--,--,--,--,--,--,--,--,--,--,--,--,--,--,--,--,--,--,--,--,--,--,--,--,--,--,--,--,--,--,--,77053
2026-05-04 16:52:08.863,--,--,--,--,--,--,--,--,--,--,--,--,--,--,--,--,--,--,--,--,--,--,--,--,--,--,--,--,--,--,--,--,--,--,--,--,--,--,--,--,--,--,--,--,--,--,79745
2026-05-04 16:52:08.933,--,--,--,--,--,--,--,--,--,--,--,--,--,--,--,--,--,--,--,--,--,--,--,--,--,--,--,--,--,--,--,--,--,--,--,--,--,--,--,--,--,--,--,--,--,--,79750
2026-05-04 16:52:08.970,--,--,--,--,--,--,--,--,--,--,--,--,--,--,--,--,--,--,--,--,--,--,--,--,--,--,--,--,--,--,--,--,--,--,--,--,--,--,--,--,--,--,--,--,--,--,79755
2026-05-04 16:52:09.024,--,--,--,--,--,--,--,--,--,--,--,--,--,--,--,--,--,--,--,--,--,--,--,--,--,--,--,--,--,--,--,--,--,--,--,--,--,--,--,--,--,--,--,--,--,--,79760
2026-05-04 16:52:09.025,--,--,--,--,--,--,--,--,--,--,--,--,--,--,--,--,--,--,--,--,--,--,--,--,--,--,--,--,--,--,--,--,--,--,--,--,--,--,--,--,--,--,--,--,--,--,79765
2026-05-04 16:52:09.027,--,--,--,--,--,--,--,--,--,--,--,--,--,--,--,--,--,--,--,--,--,--,--,--,--,--,--,--,--,--,--,--,--,--,--,--,--,--,--,--,--,--,--,--,--,--,79770
2026-05-04 16:52:09.029,--,--,--,--,--,--,--,--,--,--,--,--,--,--,--,--,--,--,--,--,--,--,--,--,--,--,--,--,--,--,--,--,--,--,--,--,--,--,--,--,--,--,--,--,--,--,79775
2026-05-04 16:52:09.030,--,--,--,--,--,--,--,--,--,--,--,--,--,--,--,--,--,--,--,--,--,--,--,--,--,--,--,--,--,--,--,--,--,--,--,--,--,--,--,--,--,--,--,--,--,--,79780
2026-05-04 16:52:09.032,--,--,--,--,--,--,--,--,--,--,--,--,--,--,--,--,--,--,--,--,--,--,--,--,--,--,--,--,--,--,--,--,--,--,--,--,--,--,--,--,--,--,--,--,--,--,79785
2026-05-04 16:52:09.033,--,--,--,--,--,--,--,--,--,--,--,--,--,--,--,--,--,--,--,--,--,--,--,--,--,--,--,--,--,--,--,--,--,--,--,--,--,--,--,--,--,--,--,--,--,--,79786
2026-05-04 16:52:09.127,--,--,--,--,--,--,--,--,--,--,--,--,--,--,--,--,--,--,--,--,--,--,--,--,--,--,--,--,--,--,--,--,--,--,--,--,--,--,--,--,--,--,--,--,--,--,79787
2026-05-04 16:52:09.169,--,--,--,--,--,--,--,--,--,--,--,--,--,--,--,--,--,--,--,--,--,--,--,--,--,--,--,--,--,--,--,--,--,--,--,--,--,--,--,--,--,--,--,--,--,--,79792
2026-05-04 16:52:09.236,--,--,--,--,--,--,--,--,--,--,--,--,--,--,--,--,--,--,--,--,--,--,--,--,--,--,--,--,--,--,--,--,--,--,--,--,--,--,--,--,--,--,--,--,--,--,79797
2026-05-04 16:52:09.288,--,--,--,--,--,--,--,--,--,--,--,--,--,--,--,--,--,--,--,--,--,--,--,--,--,--,--,--,--,--,--,--,--,--,--,--,--,--,--,--,--,--,--,--,--,--,79802
2026-05-04 16:52:09.343,--,--,--,--,--,--,--,--,--,--,--,--,--,--,--,--,--,--,--,--,--,--,--,--,--,--,--,--,--,--,--,--,--,--,--,--,--,--,--,--,--,--,--,--,--,--,79807
2026-05-04 16:52:09.413,--,--,--,--,--,--,--,--,--,--,--,--,--,--,--,--,--,--,--,--,--,--,--,--,--,--,--,--,--,--,--,--,--,--,--,--,--,--,--,--,--,--,--,--,--,--,79812
2026-05-04 16:52:09.480,--,--,--,--,--,--,--,--,--,--,--,--,--,--,--,--,--,--,--,--,--,--,--,--,--,--,--,--,--,--,--,--,--,--,--,--,--,--,--,--,--,--,--,--,--,--,79817
2026-05-04 16:52:09.481,--,--,--,--,--,--,--,--,--,--,--,--,--,--,--,--,--,--,--,--,--,--,--,--,--,--,--,--,--,--,--,--,--,--,--,--,--,--,--,--,--,--,--,--,--,--,79822
2026-05-04 16:52:09.482,--,--,--,--,--,--,--,--,--,--,--,--,--,--,--,--,--,--,--,--,--,--,--,--,--,--,--,--,--,--,--,--,--,--,--,--,--,--,--,--,--,--,--,--,--,--,79827
2026-05-04 16:52:09.483,--,--,--,--,--,--,--,--,--,--,--,--,--,--,--,--,--,--,--,--,--,--,--,--,--,--,--,--,--,--,--,--,--,--,--,--,--,--,--,--,--,--,--,--,--,--,79832
2026-05-04 16:52:09.484,--,--,--,--,--,--,--,--,--,--,--,--,--,--,--,--,--,--,--,--,--,--,--,--,--,--,--,--,--,--,--,--,--,--,--,--,--,--,--,--,--,--,--,--,--,--,79837
2026-05-04 16:52:09.487,--,--,--,--,--,--,--,--,--,--,--,--,--,--,--,--,--,--,--,--,--,--,--,--,--,--,--,--,--,--,--,--,--,--,--,--,--,--,--,--,--,--,--,--,--,--,79842
2026-05-04 16:52:09.488,--,--,--,--,--,--,--,--,--,--,--,--,--,--,--,--,--,--,--,--,--,--,--,--,--,--,--,--,--,--,--,--,--,--,--,--,--,--,--,--,--,--,--,--,--,--,79847
2026-05-04 16:52:09.490,--,--,--,--,--,--,--,--,--,--,--,--,--,--,--,--,--,--,--,--,--,--,--,--,--,--,--,--,--,--,--,--,--,--,--,--,--,--,--,--,--,--,--,--,--,--,79852
2026-05-04 16:52:09.491,--,--,--,--,--,--,--,--,--,--,--,--,--,--,--,--,--,--,--,--,--,--,--,--,--,--,--,--,--,--,--,--,--,--,--,--,--,--,--,--,--,--,--,--,--,--,79857
2026-05-04 16:52:09.492,--,--,--,--,--,--,--,--,--,--,--,--,--,--,--,--,--,--,--,--,--,--,--,--,--,--,--,--,--,--,--,--,--,--,--,--,--,--,--,--,--,--,--,--,--,--,79862
2026-05-04 16:52:09.494,--,--,--,--,--,--,--,--,--,--,--,--,--,--,--,--,--,--,--,--,--,--,--,--,--,--,--,--,--,--,--,--,--,--,--,--,--,--,--,--,--,--,--,--,--,--,79867
2026-05-04 16:52:09.495,--,--,--,--,--,--,--,--,--,--,--,--,--,--,--,--,--,--,--,--,--,--,--,--,--,--,--,--,--,--,--,--,--,--,--,--,--,--,--,--,--,--,--,--,--,--,79872
2026-05-04 16:52:09.497,--,--,--,--,--,--,--,--,--,--,--,--,--,--,--,--,--,--,--,--,--,--,--,--,--,--,--,--,--,--,--,--,--,--,--,--,--,--,--,--,--,--,--,--,--,--,79877
2026-05-04 16:52:09.498,--,--,--,--,--,--,--,--,--,--,--,--,--,--,--,--,--,--,--,--,--,--,--,--,--,--,--,--,--,--,--,--,--,--,--,--,--,--,--,--,--,--,--,--,--,--,79882
2026-05-04 16:52:09.529,--,--,--,--,--,--,--,--,--,--,--,--,--,--,--,--,--,--,--,--,--,--,--,--,--,--,--,--,--,--,--,--,--,--,--,--,--,--,--,--,--,--,--,--,--,--,82152
2026-05-04 16:52:09.608,--,--,--,--,--,--,--,--,--,--,--,--,--,--,--,--,--,--,--,--,--,--,--,--,--,--,--,--,--,--,--,--,--,--,--,--,--,--,--,--,--,--,--,--,--,--,82157
2026-05-04 16:52:09.677,--,--,--,--,--,--,--,--,--,--,--,--,--,--,--,--,--,--,--,--,--,--,--,--,--,--,--,--,--,--,--,--,--,--,--,--,--,--,--,--,--,--,--,--,--,--,82162
2026-05-04 16:52:09.723,--,--,--,--,--,--,--,--,--,--,--,--,--,--,--,--,--,--,--,--,--,--,--,--,--,--,--,--,--,--,--,--,--,--,--,--,--,--,--,--,--,--,--,--,--,--,82167
2026-05-04 16:52:09.725,--,--,--,--,--,--,--,--,--,--,--,--,--,--,--,--,--,--,--,--,--,--,--,--,--,--,--,--,--,--,--,--,--,--,--,--,--,--,--,--,--,--,--,--,--,--,82172
2026-05-04 16:52:09.727,--,--,--,--,--,--,--,--,--,--,--,--,--,--,--,--,--,--,--,--,--,--,--,--,--,--,--,--,--,--,--,--,--,--,--,--,--,--,--,--,--,--,--,--,--,--,82177
2026-05-04 16:52:09.729,--,--,--,--,--,--,--,--,--,--,--,--,--,--,--,--,--,--,--,--,--,--,--,--,--,--,--,--,--,--,--,--,--,--,--,--,--,--,--,--,--,--,--,--,--,--,82182
2026-05-04 16:52:09.730,--,--,--,--,--,--,--,--,--,--,--,--,--,--,--,--,--,--,--,--,--,--,--,--,--,--,--,--,--,--,--,--,--,--,--,--,--,--,--,--,--,--,--,--,--,--,82187
2026-05-04 16:52:09.731,--,--,--,--,--,--,--,--,--,--,--,--,--,--,--,--,--,--,--,--,--,--,--,--,--,--,--,--,--,--,--,--,--,--,--,--,--,--,--,--,--,--,--,--,--,--,82192
2026-05-04 16:52:09.732,--,--,--,--,--,--,--,--,--,--,--,--,--,--,--,--,--,--,--,--,--,--,--,--,--,--,--,--,--,--,--,--,--,--,--,--,--,--,--,--,--,--,--,--,--,--,82193
2026-05-04 16:52:09.852,--,--,--,--,--,--,--,--,--,--,--,--,--,--,--,--,--,--,--,--,--,--,--,--,--,--,--,--,--,--,--,--,--,--,--,--,--,--,--,--,--,--,--,--,--,--,82194
2026-05-04 16:52:09.921,--,--,--,--,--,--,--,--,--,--,--,--,--,--,--,--,--,--,--,--,--,--,--,--,--,--,--,--,--,--,--,--,--,--,--,--,--,--,--,--,--,--,--,--,--,--,82199
2026-05-04 16:52:09.959,--,--,--,--,--,--,--,--,--,--,--,--,--,--,--,--,--,--,--,--,--,--,--,--,--,--,--,--,--,--,--,--,--,--,--,--,--,--,--,--,--,--,--,--,--,--,82204
2026-05-04 16:52:10.027,--,--,--,--,--,--,--,--,--,--,--,--,--,--,--,--,--,--,--,--,--,--,--,--,--,--,--,--,--,--,--,--,--,--,--,--,--,--,--,--,--,--,--,--,--,--,82209
2026-05-04 16:52:10.065,--,--,--,--,--,--,--,--,--,--,--,--,--,--,--,--,--,--,--,--,--,--,--,--,--,--,--,--,--,--,--,--,--,--,--,--,--,--,--,--,--,--,--,--,--,--,82214
2026-05-04 16:52:10.117,--,--,--,--,--,--,--,--,--,--,--,--,--,--,--,--,--,--,--,--,--,--,--,--,--,--,--,--,--,--,--,--,--,--,--,--,--,--,--,--,--,--,--,--,--,--,82219
2026-05-04 16:52:10.170,--,--,--,--,--,--,--,--,--,--,--,--,--,--,--,--,--,--,--,--,--,--,--,--,--,--,--,--,--,--,--,--,--,--,--,--,--,--,--,--,--,--,--,--,--,--,82224
2026-05-04 16:52:10.224,--,--,--,--,--,--,--,--,--,--,--,--,--,--,--,--,--,--,--,--,--,--,--,--,--,--,--,--,--,--,--,--,--,--,--,--,--,--,--,--,--,--,--,--,--,--,82229
2026-05-04 16:52:10.225,--,--,--,--,--,--,--,--,--,--,--,--,--,--,--,--,--,--,--,--,--,--,--,--,--,--,--,--,--,--,--,--,--,--,--,--,--,--,--,--,--,--,--,--,--,--,82234
2026-05-04 16:52:10.226,--,--,--,--,--,--,--,--,--,--,--,--,--,--,--,--,--,--,--,--,--,--,--,--,--,--,--,--,--,--,--,--,--,--,--,--,--,--,--,--,--,--,--,--,--,--,82239
2026-05-04 16:52:10.228,--,--,--,--,--,--,--,--,--,--,--,--,--,--,--,--,--,--,--,--,--,--,--,--,--,--,--,--,--,--,--,--,--,--,--,--,--,--,--,--,--,--,--,--,--,--,82244
2026-05-04 16:52:10.229,--,--,--,--,--,--,--,--,--,--,--,--,--,--,--,--,--,--,--,--,--,--,--,--,--,--,--,--,--,--,--,--,--,--,--,--,--,--,--,--,--,--,--,--,--,--,82249
2026-05-04 16:52:10.231,--,--,--,--,--,--,--,--,--,--,--,--,--,--,--,--,--,--,--,--,--,--,--,--,--,--,--,--,--,--,--,--,--,--,--,--,--,--,--,--,--,--,--,--,--,--,82254
2026-05-04 16:52:10.232,--,--,--,--,--,--,--,--,--,--,--,--,--,--,--,--,--,--,--,--,--,--,--,--,--,--,--,--,--,--,--,--,--,--,--,--,--,--,--,--,--,--,--,--,--,--,82259
2026-05-04 16:52:10.234,--,--,--,--,--,--,--,--,--,--,--,--,--,--,--,--,--,--,--,--,--,--,--,--,--,--,--,--,--,--,--,--,--,--,--,--,--,--,--,--,--,--,--,--,--,--,82264
2026-05-04 16:52:10.236,--,--,--,--,--,--,--,--,--,--,--,--,--,--,--,--,--,--,--,--,--,--,--,--,--,--,--,--,--,--,--,--,--,--,--,--,--,--,--,--,--,--,--,--,--,--,82269
2026-05-04 16:52:10.237,--,--,--,--,--,--,--,--,--,--,--,--,--,--,--,--,--,--,--,--,--,--,--,--,--,--,--,--,--,--,--,--,--,--,--,--,--,--,--,--,--,--,--,--,--,--,82274
2026-05-04 16:52:10.238,--,--,--,--,--,--,--,--,--,--,--,--,--,--,--,--,--,--,--,--,--,--,--,--,--,--,--,--,--,--,--,--,--,--,--,--,--,--,--,--,--,--,--,--,--,--,82279
2026-05-04 16:52:10.240,--,--,--,--,--,--,--,--,--,--,--,--,--,--,--,--,--,--,--,--,--,--,--,--,--,--,--,--,--,--,--,--,--,--,--,--,--,--,--,--,--,--,--,--,--,--,82284
2026-05-04 16:52:10.241,--,--,--,--,--,--,--,--,--,--,--,--,--,--,--,--,--,--,--,--,--,--,--,--,--,--,--,--,--,--,--,--,--,--,--,--,--,--,--,--,--,--,--,--,--,--,82289
2026-05-04 16:52:10.273,--,--,--,--,--,--,--,--,--,--,--,--,--,--,--,--,--,--,--,--,--,--,--,--,--,--,--,--,--,--,--,--,--,--,--,--,--,--,--,--,--,--,--,--,--,--,85108
2026-05-04 16:52:10.360,--,--,--,--,--,--,--,--,--,--,--,--,--,--,--,--,--,--,--,--,--,--,--,--,--,--,--,--,--,--,--,--,--,--,--,--,--,--,--,--,--,--,--,--,--,--,85113
2026-05-04 16:52:10.413,--,--,--,--,--,--,--,--,--,--,--,--,--,--,--,--,--,--,--,--,--,--,--,--,--,--,--,--,--,--,--,--,--,--,--,--,--,--,--,--,--,--,--,--,--,--,85118
2026-05-04 16:52:10.451,--,--,--,--,--,--,--,--,--,--,--,--,--,--,--,--,--,--,--,--,--,--,--,--,--,--,--,--,--,--,--,--,--,--,--,--,--,--,--,--,--,--,--,--,--,--,85123
2026-05-04 16:52:10.453,--,--,--,--,--,--,--,--,--,--,--,--,--,--,--,--,--,--,--,--,--,--,--,--,--,--,--,--,--,--,--,--,--,--,--,--,--,--,--,--,--,--,--,--,--,--,85128
2026-05-04 16:52:10.454,--,--,--,--,--,--,--,--,--,--,--,--,--,--,--,--,--,--,--,--,--,--,--,--,--,--,--,--,--,--,--,--,--,--,--,--,--,--,--,--,--,--,--,--,--,--,85133
2026-05-04 16:52:10.456,--,--,--,--,--,--,--,--,--,--,--,--,--,--,--,--,--,--,--,--,--,--,--,--,--,--,--,--,--,--,--,--,--,--,--,--,--,--,--,--,--,--,--,--,--,--,85138
2026-05-04 16:52:10.457,--,--,--,--,--,--,--,--,--,--,--,--,--,--,--,--,--,--,--,--,--,--,--,--,--,--,--,--,--,--,--,--,--,--,--,--,--,--,--,--,--,--,--,--,--,--,85143
2026-05-04 16:52:10.459,--,--,--,--,--,--,--,--,--,--,--,--,--,--,--,--,--,--,--,--,--,--,--,--,--,--,--,--,--,--,--,--,--,--,--,--,--,--,--,--,--,--,--,--,--,--,85148
2026-05-04 16:52:10.459,--,--,--,--,--,--,--,--,--,--,--,--,--,--,--,--,--,--,--,--,--,--,--,--,--,--,--,--,--,--,--,--,--,--,--,--,--,--,--,--,--,--,--,--,--,--,85149
2026-05-04 16:52:10.582,--,--,--,--,--,--,--,--,--,--,--,--,--,--,--,--,--,--,--,--,--,--,--,--,--,--,--,--,--,--,--,--,--,--,--,--,--,--,--,--,--,--,--,--,--,--,85150
2026-05-04 16:52:10.619,--,--,--,--,--,--,--,--,--,--,--,--,--,--,--,--,--,--,--,--,--,--,--,--,--,--,--,--,--,--,--,--,--,--,--,--,--,--,--,--,--,--,--,--,--,--,85155
2026-05-04 16:52:10.673,--,--,--,--,--,--,--,--,--,--,--,--,--,--,--,--,--,--,--,--,--,--,--,--,--,--,--,--,--,--,--,--,--,--,--,--,--,--,--,--,--,--,--,--,--,--,85160
2026-05-04 16:52:10.726,--,--,--,--,--,--,--,--,--,--,--,--,--,--,--,--,--,--,--,--,--,--,--,--,--,--,--,--,--,--,--,--,--,--,--,--,--,--,--,--,--,--,--,--,--,--,85165
2026-05-04 16:52:10.779,--,--,--,--,--,--,--,--,--,--,--,--,--,--,--,--,--,--,--,--,--,--,--,--,--,--,--,--,--,--,--,--,--,--,--,--,--,--,--,--,--,--,--,--,--,--,85170
2026-05-04 16:52:10.851,--,--,--,--,--,--,--,--,--,--,--,--,--,--,--,--,--,--,--,--,--,--,--,--,--,--,--,--,--,--,--,--,--,--,--,--,--,--,--,--,--,--,--,--,--,--,85175
2026-05-04 16:52:10.919,--,--,--,--,--,--,--,--,--,--,--,--,--,--,--,--,--,--,--,--,--,--,--,--,--,--,--,--,--,--,--,--,--,--,--,--,--,--,--,--,--,--,--,--,--,--,85180
2026-05-04 16:52:10.921,--,--,--,--,--,--,--,--,--,--,--,--,--,--,--,--,--,--,--,--,--,--,--,--,--,--,--,--,--,--,--,--,--,--,--,--,--,--,--,--,--,--,--,--,--,--,85185
2026-05-04 16:52:10.922,--,--,--,--,--,--,--,--,--,--,--,--,--,--,--,--,--,--,--,--,--,--,--,--,--,--,--,--,--,--,--,--,--,--,--,--,--,--,--,--,--,--,--,--,--,--,85190
2026-05-04 16:52:10.924,--,--,--,--,--,--,--,--,--,--,--,--,--,--,--,--,--,--,--,--,--,--,--,--,--,--,--,--,--,--,--,--,--,--,--,--,--,--,--,--,--,--,--,--,--,--,85195
2026-05-04 16:52:10.926,--,--,--,--,--,--,--,--,--,--,--,--,--,--,--,--,--,--,--,--,--,--,--,--,--,--,--,--,--,--,--,--,--,--,--,--,--,--,--,--,--,--,--,--,--,--,85200
2026-05-04 16:52:10.928,--,--,--,--,--,--,--,--,--,--,--,--,--,--,--,--,--,--,--,--,--,--,--,--,--,--,--,--,--,--,--,--,--,--,--,--,--,--,--,--,--,--,--,--,--,--,85205
2026-05-04 16:52:10.929,--,--,--,--,--,--,--,--,--,--,--,--,--,--,--,--,--,--,--,--,--,--,--,--,--,--,--,--,--,--,--,--,--,--,--,--,--,--,--,--,--,--,--,--,--,--,85210
2026-05-04 16:52:10.931,--,--,--,--,--,--,--,--,--,--,--,--,--,--,--,--,--,--,--,--,--,--,--,--,--,--,--,--,--,--,--,--,--,--,--,--,--,--,--,--,--,--,--,--,--,--,85215
2026-05-04 16:52:10.932,--,--,--,--,--,--,--,--,--,--,--,--,--,--,--,--,--,--,--,--,--,--,--,--,--,--,--,--,--,--,--,--,--,--,--,--,--,--,--,--,--,--,--,--,--,--,85220
2026-05-04 16:52:10.934,--,--,--,--,--,--,--,--,--,--,--,--,--,--,--,--,--,--,--,--,--,--,--,--,--,--,--,--,--,--,--,--,--,--,--,--,--,--,--,--,--,--,--,--,--,--,85225
2026-05-04 16:52:10.936,--,--,--,--,--,--,--,--,--,--,--,--,--,--,--,--,--,--,--,--,--,--,--,--,--,--,--,--,--,--,--,--,--,--,--,--,--,--,--,--,--,--,--,--,--,--,85230
2026-05-04 16:52:10.937,--,--,--,--,--,--,--,--,--,--,--,--,--,--,--,--,--,--,--,--,--,--,--,--,--,--,--,--,--,--,--,--,--,--,--,--,--,--,--,--,--,--,--,--,--,--,85235
2026-05-04 16:52:10.939,--,--,--,--,--,--,--,--,--,--,--,--,--,--,--,--,--,--,--,--,--,--,--,--,--,--,--,--,--,--,--,--,--,--,--,--,--,--,--,--,--,--,--,--,--,--,85240
2026-05-04 16:52:10.958,--,--,--,--,--,--,--,--,--,--,--,--,--,--,--,--,--,--,--,--,--,--,--,--,--,--,--,--,--,--,--,--,--,--,--,--,--,--,--,--,--,--,--,--,--,--,85245
2026-05-04 16:52:10.972,--,--,--,--,--,--,--,--,--,--,--,--,--,--,--,--,--,--,--,--,--,--,--,--,--,--,--,--,--,--,--,--,--,--,--,--,--,--,--,--,--,--,--,--,--,--,87895
2026-05-04 16:52:11.040,--,--,--,--,--,--,--,--,--,--,--,--,--,--,--,--,--,--,--,--,--,--,--,--,--,--,--,--,--,--,--,--,--,--,--,--,--,--,--,--,--,--,--,--,--,--,87900
2026-05-04 16:52:11.110,--,--,--,--,--,--,--,--,--,--,--,--,--,--,--,--,--,--,--,--,--,--,--,--,--,--,--,--,--,--,--,--,--,--,--,--,--,--,--,--,--,--,--,--,--,--,87905
2026-05-04 16:52:11.163,--,--,--,--,--,--,--,--,--,--,--,--,--,--,--,--,--,--,--,--,--,--,--,--,--,--,--,--,--,--,--,--,--,--,--,--,--,--,--,--,--,--,--,--,--,--,87910
2026-05-04 16:52:11.231,--,--,--,--,--,--,--,--,--,--,--,--,--,--,--,--,--,--,--,--,--,--,--,--,--,--,--,--,--,--,--,--,--,--,--,--,--,--,--,--,--,--,--,--,--,--,87915
2026-05-04 16:52:11.281,--,--,--,--,--,--,--,--,--,--,--,--,--,--,--,--,--,--,--,--,--,--,--,--,--,--,--,--,--,--,--,--,--,--,--,--,--,--,--,--,--,--,--,--,--,--,87920
2026-05-04 16:52:11.282,--,--,--,--,--,--,--,--,--,--,--,--,--,--,--,--,--,--,--,--,--,--,--,--,--,--,--,--,--,--,--,--,--,--,--,--,--,--,--,--,--,--,--,--,--,--,87925
2026-05-04 16:52:11.283,--,--,--,--,--,--,--,--,--,--,--,--,--,--,--,--,--,--,--,--,--,--,--,--,--,--,--,--,--,--,--,--,--,--,--,--,--,--,--,--,--,--,--,--,--,--,87930
2026-05-04 16:52:11.284,--,--,--,--,--,--,--,--,--,--,--,--,--,--,--,--,--,--,--,--,--,--,--,--,--,--,--,--,--,--,--,--,--,--,--,--,--,--,--,--,--,--,--,--,--,--,87935
2026-05-04 16:52:11.286,--,--,--,--,--,--,--,--,--,--,--,--,--,--,--,--,--,--,--,--,--,--,--,--,--,--,--,--,--,--,--,--,--,--,--,--,--,--,--,--,--,--,--,--,--,--,87940
2026-05-04 16:52:11.287,--,--,--,--,--,--,--,--,--,--,--,--,--,--,--,--,--,--,--,--,--,--,--,--,--,--,--,--,--,--,--,--,--,--,--,--,--,--,--,--,--,--,--,--,--,--,87945
2026-05-04 16:52:11.288,--,--,--,--,--,--,--,--,--,--,--,--,--,--,--,--,--,--,--,--,--,--,--,--,--,--,--,--,--,--,--,--,--,--,--,--,--,--,--,--,--,--,--,--,--,--,87950
2026-05-04 16:52:11.289,--,--,--,--,--,--,--,--,--,--,--,--,--,--,--,--,--,--,--,--,--,--,--,--,--,--,--,--,--,--,--,--,--,--,--,--,--,--,--,--,--,--,--,--,--,--,87955
2026-05-04 16:52:11.290,--,--,--,--,--,--,--,--,--,--,--,--,--,--,--,--,--,--,--,--,--,--,--,--,--,--,--,--,--,--,--,--,--,--,--,--,--,--,--,--,--,--,--,--,--,--,87960
2026-05-04 16:52:11.292,--,--,--,--,--,--,--,--,--,--,--,--,--,--,--,--,--,--,--,--,--,--,--,--,--,--,--,--,--,--,--,--,--,--,--,--,--,--,--,--,--,--,--,--,--,--,87965
2026-05-04 16:52:11.294,--,--,--,--,--,--,--,--,--,--,--,--,--,--,--,--,--,--,--,--,--,--,--,--,--,--,--,--,--,--,--,--,--,--,--,--,--,--,--,--,--,--,--,--,--,--,87970
2026-05-04 16:52:11.295,--,--,--,--,--,--,--,--,--,--,--,--,--,--,--,--,--,--,--,--,--,--,--,--,--,--,--,--,--,--,--,--,--,--,--,--,--,--,--,--,--,--,--,--,--,--,87975
2026-05-04 16:52:11.296,--,--,--,--,--,--,--,--,--,--,--,--,--,--,--,--,--,--,--,--,--,--,--,--,--,--,--,--,--,--,--,--,--,--,--,--,--,--,--,--,--,--,--,--,--,--,87978
2026-05-04 16:52:11.457,--,--,--,--,--,--,--,--,--,--,--,--,--,--,--,--,--,--,--,--,--,--,--,--,--,--,--,--,--,--,--,--,--,--,--,--,--,--,--,--,--,--,--,--,--,--,87979
2026-05-04 16:52:11.512,--,--,--,--,--,--,--,--,--,--,--,--,--,--,--,--,--,--,--,--,--,--,--,--,--,--,--,--,--,--,--,--,--,--,--,--,--,--,--,--,--,--,--,--,--,--,87984
2026-05-04 16:52:11.567,--,--,--,--,--,--,--,--,--,--,--,--,--,--,--,--,--,--,--,--,--,--,--,--,--,--,--,--,--,--,--,--,--,--,--,--,--,--,--,--,--,--,--,--,--,--,87989
2026-05-04 16:52:11.619,--,--,--,--,--,--,--,--,--,--,--,--,--,--,--,--,--,--,--,--,--,--,--,--,--,--,--,--,--,--,--,--,--,--,--,--,--,--,--,--,--,--,--,--,--,--,87994
2026-05-04 16:52:11.657,--,--,--,--,--,--,--,--,--,--,--,--,--,--,--,--,--,--,--,--,--,--,--,--,--,--,--,--,--,--,--,--,--,--,--,--,--,--,--,--,--,--,--,--,--,--,87999
2026-05-04 16:52:11.707,--,--,--,--,--,--,--,--,--,--,--,--,--,--,--,--,--,--,--,--,--,--,--,--,--,--,--,--,--,--,--,--,--,--,--,--,--,--,--,--,--,--,--,--,--,--,88004
2026-05-04 16:52:11.743,--,--,--,--,--,--,--,--,--,--,--,--,--,--,--,--,--,--,--,--,--,--,--,--,--,--,--,--,--,--,--,--,--,--,--,--,--,--,--,--,--,--,--,--,--,--,88009
2026-05-04 16:52:11.795,--,--,--,--,--,--,--,--,--,--,--,--,--,--,--,--,--,--,--,--,--,--,--,--,--,--,--,--,--,--,--,--,--,--,--,--,--,--,--,--,--,--,--,--,--,--,88014
2026-05-04 16:52:11.797,--,--,--,--,--,--,--,--,--,--,--,--,--,--,--,--,--,--,--,--,--,--,--,--,--,--,--,--,--,--,--,--,--,--,--,--,--,--,--,--,--,--,--,--,--,--,88019
2026-05-04 16:52:11.798,--,--,--,--,--,--,--,--,--,--,--,--,--,--,--,--,--,--,--,--,--,--,--,--,--,--,--,--,--,--,--,--,--,--,--,--,--,--,--,--,--,--,--,--,--,--,88024
2026-05-04 16:52:11.800,--,--,--,--,--,--,--,--,--,--,--,--,--,--,--,--,--,--,--,--,--,--,--,--,--,--,--,--,--,--,--,--,--,--,--,--,--,--,--,--,--,--,--,--,--,--,88029
2026-05-04 16:52:11.802,--,--,--,--,--,--,--,--,--,--,--,--,--,--,--,--,--,--,--,--,--,--,--,--,--,--,--,--,--,--,--,--,--,--,--,--,--,--,--,--,--,--,--,--,--,--,88034
2026-05-04 16:52:11.804,--,--,--,--,--,--,--,--,--,--,--,--,--,--,--,--,--,--,--,--,--,--,--,--,--,--,--,--,--,--,--,--,--,--,--,--,--,--,--,--,--,--,--,--,--,--,88039
2026-05-04 16:52:11.805,--,--,--,--,--,--,--,--,--,--,--,--,--,--,--,--,--,--,--,--,--,--,--,--,--,--,--,--,--,--,--,--,--,--,--,--,--,--,--,--,--,--,--,--,--,--,88044
2026-05-04 16:52:11.807,--,--,--,--,--,--,--,--,--,--,--,--,--,--,--,--,--,--,--,--,--,--,--,--,--,--,--,--,--,--,--,--,--,--,--,--,--,--,--,--,--,--,--,--,--,--,88049
2026-05-04 16:52:11.809,--,--,--,--,--,--,--,--,--,--,--,--,--,--,--,--,--,--,--,--,--,--,--,--,--,--,--,--,--,--,--,--,--,--,--,--,--,--,--,--,--,--,--,--,--,--,88054
2026-05-04 16:52:11.811,--,--,--,--,--,--,--,--,--,--,--,--,--,--,--,--,--,--,--,--,--,--,--,--,--,--,--,--,--,--,--,--,--,--,--,--,--,--,--,--,--,--,--,--,--,--,88059
2026-05-04 16:52:11.812,--,--,--,--,--,--,--,--,--,--,--,--,--,--,--,--,--,--,--,--,--,--,--,--,--,--,--,--,--,--,--,--,--,--,--,--,--,--,--,--,--,--,--,--,--,--,88064
2026-05-04 16:52:11.813,--,--,--,--,--,--,--,--,--,--,--,--,--,--,--,--,--,--,--,--,--,--,--,--,--,--,--,--,--,--,--,--,--,--,--,--,--,--,--,--,--,--,--,--,--,--,88069
2026-05-04 16:52:11.815,--,--,--,--,--,--,--,--,--,--,--,--,--,--,--,--,--,--,--,--,--,--,--,--,--,--,--,--,--,--,--,--,--,--,--,--,--,--,--,--,--,--,--,--,--,--,88074
2026-05-04 16:52:11.845,--,--,--,--,--,--,--,--,--,--,--,--,--,--,--,--,--,--,--,--,--,--,--,--,--,--,--,--,--,--,--,--,--,--,--,--,--,--,--,--,--,--,--,--,--,--,91357
2026-05-04 16:52:11.896,--,--,--,--,--,--,--,--,--,--,--,--,--,--,--,--,--,--,--,--,--,--,--,--,--,--,--,--,--,--,--,--,--,--,--,--,--,--,--,--,--,--,--,--,--,--,91362
2026-05-04 16:52:11.953,--,--,--,--,--,--,--,--,--,--,--,--,--,--,--,--,--,--,--,--,--,--,--,--,--,--,--,--,--,--,--,--,--,--,--,--,--,--,--,--,--,--,--,--,--,--,91367
2026-05-04 16:52:12.007,--,--,--,--,--,--,--,--,--,--,--,--,--,--,--,--,--,--,--,--,--,--,--,--,--,--,--,--,--,--,--,--,--,--,--,--,--,--,--,--,--,--,--,--,--,--,91372
2026-05-04 16:52:12.082,--,--,--,--,--,--,--,--,--,--,--,--,--,--,--,--,--,--,--,--,--,--,--,--,--,--,--,--,--,--,--,--,--,--,--,--,--,--,--,--,--,--,--,--,--,--,91377
2026-05-04 16:52:12.151,--,--,--,--,--,--,--,--,--,--,--,--,--,--,--,--,--,--,--,--,--,--,--,--,--,--,--,--,--,--,--,--,--,--,--,--,--,--,--,--,--,--,--,--,--,--,91382
2026-05-04 16:52:12.152,--,--,--,--,--,--,--,--,--,--,--,--,--,--,--,--,--,--,--,--,--,--,--,--,--,--,--,--,--,--,--,--,--,--,--,--,--,--,--,--,--,--,--,--,--,--,91387
2026-05-04 16:52:12.153,--,--,--,--,--,--,--,--,--,--,--,--,--,--,--,--,--,--,--,--,--,--,--,--,--,--,--,--,--,--,--,--,--,--,--,--,--,--,--,--,--,--,--,--,--,--,91392
2026-05-04 16:52:12.155,--,--,--,--,--,--,--,--,--,--,--,--,--,--,--,--,--,--,--,--,--,--,--,--,--,--,--,--,--,--,--,--,--,--,--,--,--,--,--,--,--,--,--,--,--,--,91397
2026-05-04 16:52:12.158,--,--,--,--,--,--,--,--,--,--,--,--,--,--,--,--,--,--,--,--,--,--,--,--,--,--,--,--,--,--,--,--,--,--,--,--,--,--,--,--,--,--,--,--,--,--,91402
2026-05-04 16:52:12.159,--,--,--,--,--,--,--,--,--,--,--,--,--,--,--,--,--,--,--,--,--,--,--,--,--,--,--,--,--,--,--,--,--,--,--,--,--,--,--,--,--,--,--,--,--,--,91407
2026-05-04 16:52:12.160,--,--,--,--,--,--,--,--,--,--,--,--,--,--,--,--,--,--,--,--,--,--,--,--,--,--,--,--,--,--,--,--,--,--,--,--,--,--,--,--,--,--,--,--,--,--,91412
2026-05-04 16:52:12.161,--,--,--,--,--,--,--,--,--,--,--,--,--,--,--,--,--,--,--,--,--,--,--,--,--,--,--,--,--,--,--,--,--,--,--,--,--,--,--,--,--,--,--,--,--,--,91417
2026-05-04 16:52:12.162,--,--,--,--,--,--,--,--,--,--,--,--,--,--,--,--,--,--,--,--,--,--,--,--,--,--,--,--,--,--,--,--,--,--,--,--,--,--,--,--,--,--,--,--,--,--,91422
2026-05-04 16:52:12.164,--,--,--,--,--,--,--,--,--,--,--,--,--,--,--,--,--,--,--,--,--,--,--,--,--,--,--,--,--,--,--,--,--,--,--,--,--,--,--,--,--,--,--,--,--,--,91427
2026-05-04 16:52:12.165,--,--,--,--,--,--,--,--,--,--,--,--,--,--,--,--,--,--,--,--,--,--,--,--,--,--,--,--,--,--,--,--,--,--,--,--,--,--,--,--,--,--,--,--,--,--,91432
2026-05-04 16:52:12.167,--,--,--,--,--,--,--,--,--,--,--,--,--,--,--,--,--,--,--,--,--,--,--,--,--,--,--,--,--,--,--,--,--,--,--,--,--,--,--,--,--,--,--,--,--,--,91437
2026-05-04 16:52:12.307,--,--,--,--,--,--,--,--,--,--,--,--,--,--,--,--,--,--,--,--,--,--,--,--,--,--,--,--,--,--,--,--,--,--,--,--,--,--,--,--,--,--,--,--,--,--,91442
2026-05-04 16:52:12.346,--,--,--,--,--,--,--,--,--,--,--,--,--,--,--,--,--,--,--,--,--,--,--,--,--,--,--,--,--,--,--,--,--,--,--,--,--,--,--,--,--,--,--,--,--,--,91447
2026-05-04 16:52:12.407,--,--,--,--,--,--,--,--,--,--,--,--,--,--,--,--,--,--,--,--,--,--,--,--,--,--,--,--,--,--,--,--,--,--,--,--,--,--,--,--,--,--,--,--,--,--,91452
2026-05-04 16:52:12.456,--,--,--,--,--,--,--,--,--,--,--,--,--,--,--,--,--,--,--,--,--,--,--,--,--,--,--,--,--,--,--,--,--,--,--,--,--,--,--,--,--,--,--,--,--,--,91457
2026-05-04 16:52:12.512,--,--,--,--,--,--,--,--,--,--,--,--,--,--,--,--,--,--,--,--,--,--,--,--,--,--,--,--,--,--,--,--,--,--,--,--,--,--,--,--,--,--,--,--,--,--,91462
2026-05-04 16:52:12.565,--,--,--,--,--,--,--,--,--,--,--,--,--,--,--,--,--,--,--,--,--,--,--,--,--,--,--,--,--,--,--,--,--,--,--,--,--,--,--,--,--,--,--,--,--,--,91467
2026-05-04 16:52:12.622,--,--,--,--,--,--,--,--,--,--,--,--,--,--,--,--,--,--,--,--,--,--,--,--,--,--,--,--,--,--,--,--,--,--,--,--,--,--,--,--,--,--,--,--,--,--,91472
2026-05-04 16:52:12.672,--,--,--,--,--,--,--,--,--,--,--,--,--,--,--,--,--,--,--,--,--,--,--,--,--,--,--,--,--,--,--,--,--,--,--,--,--,--,--,--,--,--,--,--,--,--,91477
2026-05-04 16:52:12.693,--,--,--,--,--,--,--,--,--,--,--,--,--,--,--,--,--,--,--,--,--,--,--,--,--,--,--,--,--,--,--,--,--,--,--,--,--,--,--,--,--,--,--,--,--,--,91482
2026-05-04 16:52:12.693,--,--,--,--,--,--,--,--,--,--,--,--,--,--,--,--,--,--,--,--,--,--,--,--,--,--,--,--,--,--,--,--,--,--,--,--,--,--,--,--,--,--,--,--,--,--,91487
2026-05-04 16:52:12.695,--,--,--,--,--,--,--,--,--,--,--,--,--,--,--,--,--,--,--,--,--,--,--,--,--,--,--,--,--,--,--,--,--,--,--,--,--,--,--,--,--,--,--,--,--,--,91492
2026-05-04 16:52:12.697,--,--,--,--,--,--,--,--,--,--,--,--,--,--,--,--,--,--,--,--,--,--,--,--,--,--,--,--,--,--,--,--,--,--,--,--,--,--,--,--,--,--,--,--,--,--,91497
2026-05-04 16:52:12.700,--,--,--,--,--,--,--,--,--,--,--,--,--,--,--,--,--,--,--,--,--,--,--,--,--,--,--,--,--,--,--,--,--,--,--,--,--,--,--,--,--,--,--,--,--,--,91502
2026-05-04 16:52:12.701,--,--,--,--,--,--,--,--,--,--,--,--,--,--,--,--,--,--,--,--,--,--,--,--,--,--,--,--,--,--,--,--,--,--,--,--,--,--,--,--,--,--,--,--,--,--,91507
2026-05-04 16:52:12.703,--,--,--,--,--,--,--,--,--,--,--,--,--,--,--,--,--,--,--,--,--,--,--,--,--,--,--,--,--,--,--,--,--,--,--,--,--,--,--,--,--,--,--,--,--,--,91512
2026-05-04 16:52:12.704,--,--,--,--,--,--,--,--,--,--,--,--,--,--,--,--,--,--,--,--,--,--,--,--,--,--,--,--,--,--,--,--,--,--,--,--,--,--,--,--,--,--,--,--,--,--,91517
2026-05-04 16:52:12.706,--,--,--,--,--,--,--,--,--,--,--,--,--,--,--,--,--,--,--,--,--,--,--,--,--,--,--,--,--,--,--,--,--,--,--,--,--,--,--,--,--,--,--,--,--,--,91522
2026-05-04 16:52:12.707,--,--,--,--,--,--,--,--,--,--,--,--,--,--,--,--,--,--,--,--,--,--,--,--,--,--,--,--,--,--,--,--,--,--,--,--,--,--,--,--,--,--,--,--,--,--,91527
2026-05-04 16:52:12.709,--,--,--,--,--,--,--,--,--,--,--,--,--,--,--,--,--,--,--,--,--,--,--,--,--,--,--,--,--,--,--,--,--,--,--,--,--,--,--,--,--,--,--,--,--,--,91532
2026-05-04 16:52:12.710,--,--,--,--,--,--,--,--,--,--,--,--,--,--,--,--,--,--,--,--,--,--,--,--,--,--,--,--,--,--,--,--,--,--,--,--,--,--,--,--,--,--,--,--,--,--,91537
2026-05-04 16:52:12.762,--,--,--,--,--,--,--,--,--,--,--,--,--,--,--,--,--,--,--,--,--,--,--,--,--,--,--,--,--,--,--,--,--,--,--,--,--,--,--,--,--,--,--,--,--,--,94440
2026-05-04 16:52:12.830,--,--,--,--,--,--,--,--,--,--,--,--,--,--,--,--,--,--,--,--,--,--,--,--,--,--,--,--,--,--,--,--,--,--,--,--,--,--,--,--,--,--,--,--,--,--,94445
2026-05-04 16:52:12.882,--,--,--,--,--,--,--,--,--,--,--,--,--,--,--,--,--,--,--,--,--,--,--,--,--,--,--,--,--,--,--,--,--,--,--,--,--,--,--,--,--,--,--,--,--,--,94450
2026-05-04 16:52:12.916,--,--,--,--,--,--,--,--,--,--,--,--,--,--,--,--,--,--,--,--,--,--,--,--,--,--,--,--,--,--,--,--,--,--,--,--,--,--,--,--,--,--,--,--,--,--,94455
2026-05-04 16:52:12.918,--,--,--,--,--,--,--,--,--,--,--,--,--,--,--,--,--,--,--,--,--,--,--,--,--,--,--,--,--,--,--,--,--,--,--,--,--,--,--,--,--,--,--,--,--,--,94460
2026-05-04 16:52:12.920,--,--,--,--,--,--,--,--,--,--,--,--,--,--,--,--,--,--,--,--,--,--,--,--,--,--,--,--,--,--,--,--,--,--,--,--,--,--,--,--,--,--,--,--,--,--,94465
2026-05-04 16:52:12.922,--,--,--,--,--,--,--,--,--,--,--,--,--,--,--,--,--,--,--,--,--,--,--,--,--,--,--,--,--,--,--,--,--,--,--,--,--,--,--,--,--,--,--,--,--,--,94470
2026-05-04 16:52:12.923,--,--,--,--,--,--,--,--,--,--,--,--,--,--,--,--,--,--,--,--,--,--,--,--,--,--,--,--,--,--,--,--,--,--,--,--,--,--,--,--,--,--,--,--,--,--,94475
2026-05-04 16:52:12.924,--,--,--,--,--,--,--,--,--,--,--,--,--,--,--,--,--,--,--,--,--,--,--,--,--,--,--,--,--,--,--,--,--,--,--,--,--,--,--,--,--,--,--,--,--,--,94480
2026-05-04 16:52:12.925,--,--,--,--,--,--,--,--,--,--,--,--,--,--,--,--,--,--,--,--,--,--,--,--,--,--,--,--,--,--,--,--,--,--,--,--,--,--,--,--,--,--,--,--,--,--,94481
2026-05-04 16:52:13.024,--,--,--,--,--,--,--,--,--,--,--,--,--,--,--,--,--,--,--,--,--,--,--,--,--,--,--,--,--,--,--,--,--,--,--,--,--,--,--,--,--,--,--,--,--,--,94482
2026-05-04 16:52:13.026,--,--,--,--,--,--,--,--,--,--,--,--,--,--,--,--,--,--,--,--,--,--,--,--,--,--,--,--,--,--,--,--,--,--,--,--,--,--,--,--,--,--,--,--,--,--,94487
2026-05-04 16:52:13.086,--,--,--,--,--,--,--,--,--,--,--,--,--,--,--,--,--,--,--,--,--,--,--,--,--,--,--,--,--,--,--,--,--,--,--,--,--,--,--,--,--,--,--,--,--,--,94492
2026-05-04 16:52:13.122,--,--,--,--,--,--,--,--,--,--,--,--,--,--,--,--,--,--,--,--,--,--,--,--,--,--,--,--,--,--,--,--,--,--,--,--,--,--,--,--,--,--,--,--,--,--,94497
2026-05-04 16:52:13.193,--,--,--,--,--,--,--,--,--,--,--,--,--,--,--,--,--,--,--,--,--,--,--,--,--,--,--,--,--,--,--,--,--,--,--,--,--,--,--,--,--,--,--,--,--,--,94502
2026-05-04 16:52:13.229,--,--,--,--,--,--,--,--,--,--,--,--,--,--,--,--,--,--,--,--,--,--,--,--,--,--,--,--,--,--,--,--,--,--,--,--,--,--,--,--,--,--,--,--,--,--,94507
2026-05-04 16:52:13.284,--,--,--,--,--,--,--,--,--,--,--,--,--,--,--,--,--,--,--,--,--,--,--,--,--,--,--,--,--,--,--,--,--,--,--,--,--,--,--,--,--,--,--,--,--,--,94512
2026-05-04 16:52:13.339,--,--,--,--,--,--,--,--,--,--,--,--,--,--,--,--,--,--,--,--,--,--,--,--,--,--,--,--,--,--,--,--,--,--,--,--,--,--,--,--,--,--,--,--,--,--,94517
2026-05-04 16:52:13.406,--,--,--,--,--,--,--,--,--,--,--,--,--,--,--,--,--,--,--,--,--,--,--,--,--,--,--,--,--,--,--,--,--,--,--,--,--,--,--,--,--,--,--,--,--,--,94522
2026-05-04 16:52:13.407,--,--,--,--,--,--,--,--,--,--,--,--,--,--,--,--,--,--,--,--,--,--,--,--,--,--,--,--,--,--,--,--,--,--,--,--,--,--,--,--,--,--,--,--,--,--,94527
2026-05-04 16:52:13.409,--,--,--,--,--,--,--,--,--,--,--,--,--,--,--,--,--,--,--,--,--,--,--,--,--,--,--,--,--,--,--,--,--,--,--,--,--,--,--,--,--,--,--,--,--,--,94532
2026-05-04 16:52:13.410,--,--,--,--,--,--,--,--,--,--,--,--,--,--,--,--,--,--,--,--,--,--,--,--,--,--,--,--,--,--,--,--,--,--,--,--,--,--,--,--,--,--,--,--,--,--,94537
2026-05-04 16:52:13.411,--,--,--,--,--,--,--,--,--,--,--,--,--,--,--,--,--,--,--,--,--,--,--,--,--,--,--,--,--,--,--,--,--,--,--,--,--,--,--,--,--,--,--,--,--,--,94542
2026-05-04 16:52:13.414,--,--,--,--,--,--,--,--,--,--,--,--,--,--,--,--,--,--,--,--,--,--,--,--,--,--,--,--,--,--,--,--,--,--,--,--,--,--,--,--,--,--,--,--,--,--,94547
2026-05-04 16:52:13.414,--,--,--,--,--,--,--,--,--,--,--,--,--,--,--,--,--,--,--,--,--,--,--,--,--,--,--,--,--,--,--,--,--,--,--,--,--,--,--,--,--,--,--,--,--,--,94552
2026-05-04 16:52:13.416,--,--,--,--,--,--,--,--,--,--,--,--,--,--,--,--,--,--,--,--,--,--,--,--,--,--,--,--,--,--,--,--,--,--,--,--,--,--,--,--,--,--,--,--,--,--,94557
2026-05-04 16:52:13.417,--,--,--,--,--,--,--,--,--,--,--,--,--,--,--,--,--,--,--,--,--,--,--,--,--,--,--,--,--,--,--,--,--,--,--,--,--,--,--,--,--,--,--,--,--,--,94562
2026-05-04 16:52:13.420,--,--,--,--,--,--,--,--,--,--,--,--,--,--,--,--,--,--,--,--,--,--,--,--,--,--,--,--,--,--,--,--,--,--,--,--,--,--,--,--,--,--,--,--,--,--,94567
2026-05-04 16:52:13.421,--,--,--,--,--,--,--,--,--,--,--,--,--,--,--,--,--,--,--,--,--,--,--,--,--,--,--,--,--,--,--,--,--,--,--,--,--,--,--,--,--,--,--,--,--,--,94572
2026-05-04 16:52:13.422,--,--,--,--,--,--,--,--,--,--,--,--,--,--,--,--,--,--,--,--,--,--,--,--,--,--,--,--,--,--,--,--,--,--,--,--,--,--,--,--,--,--,--,--,--,--,94577
2026-05-04 16:52:13.459,--,--,--,--,--,--,--,--,--,--,--,--,--,--,--,--,--,--,--,--,--,--,--,--,--,--,--,--,--,--,--,--,--,--,--,--,--,--,--,--,--,--,--,--,--,--,97311
2026-05-04 16:52:13.517,--,--,--,--,--,--,--,--,--,--,--,--,--,--,--,--,--,--,--,--,--,--,--,--,--,--,--,--,--,--,--,--,--,--,--,--,--,--,--,--,--,--,--,--,--,--,97316
2026-05-04 16:52:13.575,--,--,--,--,--,--,--,--,--,--,--,--,--,--,--,--,--,--,--,--,--,--,--,--,--,--,--,--,--,--,--,--,--,--,--,--,--,--,--,--,--,--,--,--,--,--,97321
2026-05-04 16:52:13.646,--,--,--,--,--,--,--,--,--,--,--,--,--,--,--,--,--,--,--,--,--,--,--,--,--,--,--,--,--,--,--,--,--,--,--,--,--,--,--,--,--,--,--,--,--,--,97326
2026-05-04 16:52:13.649,--,--,--,--,--,--,--,--,--,--,--,--,--,--,--,--,--,--,--,--,--,--,--,--,--,--,--,--,--,--,--,--,--,--,--,--,--,--,--,--,--,--,--,--,--,--,97331
2026-05-04 16:52:13.651,--,--,--,--,--,--,--,--,--,--,--,--,--,--,--,--,--,--,--,--,--,--,--,--,--,--,--,--,--,--,--,--,--,--,--,--,--,--,--,--,--,--,--,--,--,--,97336
2026-05-04 16:52:13.652,--,--,--,--,--,--,--,--,--,--,--,--,--,--,--,--,--,--,--,--,--,--,--,--,--,--,--,--,--,--,--,--,--,--,--,--,--,--,--,--,--,--,--,--,--,--,97341
2026-05-04 16:52:13.653,--,--,--,--,--,--,--,--,--,--,--,--,--,--,--,--,--,--,--,--,--,--,--,--,--,--,--,--,--,--,--,--,--,--,--,--,--,--,--,--,--,--,--,--,--,--,97346
2026-05-04 16:52:13.656,--,--,--,--,--,--,--,--,--,--,--,--,--,--,--,--,--,--,--,--,--,--,--,--,--,--,--,--,--,--,--,--,--,--,--,--,--,--,--,--,--,--,--,--,--,--,97351
2026-05-04 16:52:13.657,--,--,--,--,--,--,--,--,--,--,--,--,--,--,--,--,--,--,--,--,--,--,--,--,--,--,--,--,--,--,--,--,--,--,--,--,--,--,--,--,--,--,--,--,--,--,97352
2026-05-04 16:52:13.767,--,--,--,--,--,--,--,--,--,--,--,--,--,--,--,--,--,--,--,--,--,--,--,--,--,--,--,--,--,--,--,--,--,--,--,--,--,--,--,--,--,--,--,--,--,--,97353
2026-05-04 16:52:13.818,--,--,--,--,--,--,--,--,--,--,--,--,--,--,--,--,--,--,--,--,--,--,--,--,--,--,--,--,--,--,--,--,--,--,--,--,--,--,--,--,--,--,--,--,--,--,97358
2026-05-04 16:52:13.871,--,--,--,--,--,--,--,--,--,--,--,--,--,--,--,--,--,--,--,--,--,--,--,--,--,--,--,--,--,--,--,--,--,--,--,--,--,--,--,--,--,--,--,--,--,--,97363
2026-05-04 16:52:13.891,--,--,--,--,--,--,--,--,--,--,--,--,--,--,--,--,--,--,--,--,--,--,--,--,--,--,--,--,--,--,--,--,--,--,--,--,--,--,--,--,--,--,--,--,--,--,97368
2026-05-04 16:52:13.943,--,--,--,--,--,--,--,--,--,--,--,--,--,--,--,--,--,--,--,--,--,--,--,--,--,--,--,--,--,--,--,--,--,--,--,--,--,--,--,--,--,--,--,--,--,--,97373
2026-05-04 16:52:13.996,--,--,--,--,--,--,--,--,--,--,--,--,--,--,--,--,--,--,--,--,--,--,--,--,--,--,--,--,--,--,--,--,--,--,--,--,--,--,--,--,--,--,--,--,--,--,97378
2026-05-04 16:52:14.049,--,--,--,--,--,--,--,--,--,--,--,--,--,--,--,--,--,--,--,--,--,--,--,--,--,--,--,--,--,--,--,--,--,--,--,--,--,--,--,--,--,--,--,--,--,--,97383
2026-05-04 16:52:14.104,--,--,--,--,--,--,--,--,--,--,--,--,--,--,--,--,--,--,--,--,--,--,--,--,--,--,--,--,--,--,--,--,--,--,--,--,--,--,--,--,--,--,--,--,--,--,97388
2026-05-04 16:52:14.105,--,--,--,--,--,--,--,--,--,--,--,--,--,--,--,--,--,--,--,--,--,--,--,--,--,--,--,--,--,--,--,--,--,--,--,--,--,--,--,--,--,--,--,--,--,--,97393
2026-05-04 16:52:14.107,--,--,--,--,--,--,--,--,--,--,--,--,--,--,--,--,--,--,--,--,--,--,--,--,--,--,--,--,--,--,--,--,--,--,--,--,--,--,--,--,--,--,--,--,--,--,97398
2026-05-04 16:52:14.109,--,--,--,--,--,--,--,--,--,--,--,--,--,--,--,--,--,--,--,--,--,--,--,--,--,--,--,--,--,--,--,--,--,--,--,--,--,--,--,--,--,--,--,--,--,--,97403
2026-05-04 16:52:14.111,--,--,--,--,--,--,--,--,--,--,--,--,--,--,--,--,--,--,--,--,--,--,--,--,--,--,--,--,--,--,--,--,--,--,--,--,--,--,--,--,--,--,--,--,--,--,97408
2026-05-04 16:52:14.112,--,--,--,--,--,--,--,--,--,--,--,--,--,--,--,--,--,--,--,--,--,--,--,--,--,--,--,--,--,--,--,--,--,--,--,--,--,--,--,--,--,--,--,--,--,--,97413
2026-05-04 16:52:14.113,--,--,--,--,--,--,--,--,--,--,--,--,--,--,--,--,--,--,--,--,--,--,--,--,--,--,--,--,--,--,--,--,--,--,--,--,--,--,--,--,--,--,--,--,--,--,97418
2026-05-04 16:52:14.114,--,--,--,--,--,--,--,--,--,--,--,--,--,--,--,--,--,--,--,--,--,--,--,--,--,--,--,--,--,--,--,--,--,--,--,--,--,--,--,--,--,--,--,--,--,--,97423
2026-05-04 16:52:14.116,--,--,--,--,--,--,--,--,--,--,--,--,--,--,--,--,--,--,--,--,--,--,--,--,--,--,--,--,--,--,--,--,--,--,--,--,--,--,--,--,--,--,--,--,--,--,97428
2026-05-04 16:52:14.118,--,--,--,--,--,--,--,--,--,--,--,--,--,--,--,--,--,--,--,--,--,--,--,--,--,--,--,--,--,--,--,--,--,--,--,--,--,--,--,--,--,--,--,--,--,--,97433
2026-05-04 16:52:14.119,--,--,--,--,--,--,--,--,--,--,--,--,--,--,--,--,--,--,--,--,--,--,--,--,--,--,--,--,--,--,--,--,--,--,--,--,--,--,--,--,--,--,--,--,--,--,97438
2026-05-04 16:52:14.121,--,--,--,--,--,--,--,--,--,--,--,--,--,--,--,--,--,--,--,--,--,--,--,--,--,--,--,--,--,--,--,--,--,--,--,--,--,--,--,--,--,--,--,--,--,--,97443
2026-05-04 16:52:14.122,--,--,--,--,--,--,--,--,--,--,--,--,--,--,--,--,--,--,--,--,--,--,--,--,--,--,--,--,--,--,--,--,--,--,--,--,--,--,--,--,--,--,--,--,--,--,97448
2026-05-04 16:52:14.174,--,--,--,--,--,--,--,--,--,--,--,--,--,--,--,--,--,--,--,--,--,--,--,--,--,--,--,--,--,--,--,--,--,--,--,--,--,--,--,--,--,--,--,--,--,--,100183
2026-05-04 16:52:14.226,--,--,--,--,--,--,--,--,--,--,--,--,--,--,--,--,--,--,--,--,--,--,--,--,--,--,--,--,--,--,--,--,--,--,--,--,--,--,--,--,--,--,--,--,--,--,100188
2026-05-04 16:52:14.279,--,--,--,--,--,--,--,--,--,--,--,--,--,--,--,--,--,--,--,--,--,--,--,--,--,--,--,--,--,--,--,--,--,--,--,--,--,--,--,--,--,--,--,--,--,--,100193
2026-05-04 16:52:14.333,--,--,--,--,--,--,--,--,--,--,--,--,--,--,--,--,--,--,--,--,--,--,--,--,--,--,--,--,--,--,--,--,--,--,--,--,--,--,--,--,--,--,--,--,--,--,100198
2026-05-04 16:52:14.334,--,--,--,--,--,--,--,--,--,--,--,--,--,--,--,--,--,--,--,--,--,--,--,--,--,--,--,--,--,--,--,--,--,--,--,--,--,--,--,--,--,--,--,--,--,--,100203
2026-05-04 16:52:14.337,--,--,--,--,--,--,--,--,--,--,--,--,--,--,--,--,--,--,--,--,--,--,--,--,--,--,--,--,--,--,--,--,--,--,--,--,--,--,--,--,--,--,--,--,--,--,100208
2026-05-04 16:52:14.338,--,--,--,--,--,--,--,--,--,--,--,--,--,--,--,--,--,--,--,--,--,--,--,--,--,--,--,--,--,--,--,--,--,--,--,--,--,--,--,--,--,--,--,--,--,--,100213
2026-05-04 16:52:14.340,--,--,--,--,--,--,--,--,--,--,--,--,--,--,--,--,--,--,--,--,--,--,--,--,--,--,--,--,--,--,--,--,--,--,--,--,--,--,--,--,--,--,--,--,--,--,100218
2026-05-04 16:52:14.341,--,--,--,--,--,--,--,--,--,--,--,--,--,--,--,--,--,--,--,--,--,--,--,--,--,--,--,--,--,--,--,--,--,--,--,--,--,--,--,--,--,--,--,--,--,--,100223
2026-05-04 16:52:14.343,--,--,--,--,--,--,--,--,--,--,--,--,--,--,--,--,--,--,--,--,--,--,--,--,--,--,--,--,--,--,--,--,--,--,--,--,--,--,--,--,--,--,--,--,--,--,100224
2026-05-04 16:52:14.470,--,--,--,--,--,--,--,--,--,--,--,--,--,--,--,--,--,--,--,--,--,--,--,--,--,--,--,--,--,--,--,--,--,--,--,--,--,--,--,--,--,--,--,--,--,--,100225
2026-05-04 16:52:14.503,--,--,--,--,--,--,--,--,--,--,--,--,--,--,--,--,--,--,--,--,--,--,--,--,--,--,--,--,--,--,--,--,--,--,--,--,--,--,--,--,--,--,--,--,--,--,100230
2026-05-04 16:52:14.538,--,--,--,--,--,--,--,--,--,--,--,--,--,--,--,--,--,--,--,--,--,--,--,--,--,--,--,--,--,--,--,--,--,--,--,--,--,--,--,--,--,--,--,--,--,--,100235
2026-05-04 16:52:14.590,--,--,--,--,--,--,--,--,--,--,--,--,--,--,--,--,--,--,--,--,--,--,--,--,--,--,--,--,--,--,--,--,--,--,--,--,--,--,--,--,--,--,--,--,--,--,100240
2026-05-04 16:52:14.625,--,--,--,--,--,--,--,--,--,--,--,--,--,--,--,--,--,--,--,--,--,--,--,--,--,--,--,--,--,--,--,--,--,--,--,--,--,--,--,--,--,--,--,--,--,--,100245
2026-05-04 16:52:14.698,--,--,--,--,--,--,--,--,--,--,--,--,--,--,--,--,--,--,--,--,--,--,--,--,--,--,--,--,--,--,--,--,--,--,--,--,--,--,--,--,--,--,--,--,--,--,100250
2026-05-04 16:52:14.747,--,--,--,--,--,--,--,--,--,--,--,--,--,--,--,--,--,--,--,--,--,--,--,--,--,--,--,--,--,--,--,--,--,--,--,--,--,--,--,--,--,--,--,--,--,--,100255
2026-05-04 16:52:14.799,--,--,--,--,--,--,--,--,--,--,--,--,--,--,--,--,--,--,--,--,--,--,--,--,--,--,--,--,--,--,--,--,--,--,--,--,--,--,--,--,--,--,--,--,--,--,100260
2026-05-04 16:52:14.800,--,--,--,--,--,--,--,--,--,--,--,--,--,--,--,--,--,--,--,--,--,--,--,--,--,--,--,--,--,--,--,--,--,--,--,--,--,--,--,--,--,--,--,--,--,--,100265
2026-05-04 16:52:14.802,--,--,--,--,--,--,--,--,--,--,--,--,--,--,--,--,--,--,--,--,--,--,--,--,--,--,--,--,--,--,--,--,--,--,--,--,--,--,--,--,--,--,--,--,--,--,100270
2026-05-04 16:52:14.804,--,--,--,--,--,--,--,--,--,--,--,--,--,--,--,--,--,--,--,--,--,--,--,--,--,--,--,--,--,--,--,--,--,--,--,--,--,--,--,--,--,--,--,--,--,--,100275
2026-05-04 16:52:14.805,--,--,--,--,--,--,--,--,--,--,--,--,--,--,--,--,--,--,--,--,--,--,--,--,--,--,--,--,--,--,--,--,--,--,--,--,--,--,--,--,--,--,--,--,--,--,100280
2026-05-04 16:52:14.806,--,--,--,--,--,--,--,--,--,--,--,--,--,--,--,--,--,--,--,--,--,--,--,--,--,--,--,--,--,--,--,--,--,--,--,--,--,--,--,--,--,--,--,--,--,--,100285
2026-05-04 16:52:14.808,--,--,--,--,--,--,--,--,--,--,--,--,--,--,--,--,--,--,--,--,--,--,--,--,--,--,--,--,--,--,--,--,--,--,--,--,--,--,--,--,--,--,--,--,--,--,100290
2026-05-04 16:52:14.809,--,--,--,--,--,--,--,--,--,--,--,--,--,--,--,--,--,--,--,--,--,--,--,--,--,--,--,--,--,--,--,--,--,--,--,--,--,--,--,--,--,--,--,--,--,--,100295
2026-05-04 16:52:14.810,--,--,--,--,--,--,--,--,--,--,--,--,--,--,--,--,--,--,--,--,--,--,--,--,--,--,--,--,--,--,--,--,--,--,--,--,--,--,--,--,--,--,--,--,--,--,100300
2026-05-04 16:52:14.812,--,--,--,--,--,--,--,--,--,--,--,--,--,--,--,--,--,--,--,--,--,--,--,--,--,--,--,--,--,--,--,--,--,--,--,--,--,--,--,--,--,--,--,--,--,--,100305
2026-05-04 16:52:14.813,--,--,--,--,--,--,--,--,--,--,--,--,--,--,--,--,--,--,--,--,--,--,--,--,--,--,--,--,--,--,--,--,--,--,--,--,--,--,--,--,--,--,--,--,--,--,100310
2026-05-04 16:52:14.815,--,--,--,--,--,--,--,--,--,--,--,--,--,--,--,--,--,--,--,--,--,--,--,--,--,--,--,--,--,--,--,--,--,--,--,--,--,--,--,--,--,--,--,--,--,--,100315
2026-05-04 16:52:14.817,--,--,--,--,--,--,--,--,--,--,--,--,--,--,--,--,--,--,--,--,--,--,--,--,--,--,--,--,--,--,--,--,--,--,--,--,--,--,--,--,--,--,--,--,--,--,100320
2026-05-04 16:52:14.866,--,--,--,--,--,--,--,--,--,--,--,--,--,--,--,--,--,--,--,--,--,--,--,--,--,--,--,--,--,--,--,--,--,--,--,--,--,--,--,--,--,--,--,--,--,--,103054
2026-05-04 16:52:14.936,--,--,--,--,--,--,--,--,--,--,--,--,--,--,--,--,--,--,--,--,--,--,--,--,--,--,--,--,--,--,--,--,--,--,--,--,--,--,--,--,--,--,--,--,--,--,103059
2026-05-04 16:52:14.989,--,--,--,--,--,--,--,--,--,--,--,--,--,--,--,--,--,--,--,--,--,--,--,--,--,--,--,--,--,--,--,--,--,--,--,--,--,--,--,--,--,--,--,--,--,--,103064
2026-05-04 16:52:15.022,--,--,--,--,--,--,--,--,--,--,--,--,--,--,--,--,--,--,--,--,--,--,--,--,--,--,--,--,--,--,--,--,--,--,--,--,--,--,--,--,--,--,--,--,--,--,103069
2026-05-04 16:52:15.025,--,--,--,--,--,--,--,--,--,--,--,--,--,--,--,--,--,--,--,--,--,--,--,--,--,--,--,--,--,--,--,--,--,--,--,--,--,--,--,--,--,--,--,--,--,--,103074
2026-05-04 16:52:15.029,--,--,--,--,--,--,--,--,--,--,--,--,--,--,--,--,--,--,--,--,--,--,--,--,--,--,--,--,--,--,--,--,--,--,--,--,--,--,--,--,--,--,--,--,--,--,103079
2026-05-04 16:52:15.032,--,--,--,--,--,--,--,--,--,--,--,--,--,--,--,--,--,--,--,--,--,--,--,--,--,--,--,--,--,--,--,--,--,--,--,--,--,--,--,--,--,--,--,--,--,--,103084
2026-05-04 16:52:15.035,--,--,--,--,--,--,--,--,--,--,--,--,--,--,--,--,--,--,--,--,--,--,--,--,--,--,--,--,--,--,--,--,--,--,--,--,--,--,--,--,--,--,--,--,--,--,103089
2026-05-04 16:52:15.039,--,--,--,--,--,--,--,--,--,--,--,--,--,--,--,--,--,--,--,--,--,--,--,--,--,--,--,--,--,--,--,--,--,--,--,--,--,--,--,--,--,--,--,--,--,--,103094
2026-05-04 16:52:15.041,--,--,--,--,--,--,--,--,--,--,--,--,--,--,--,--,--,--,--,--,--,--,--,--,--,--,--,--,--,--,--,--,--,--,--,--,--,--,--,--,--,--,--,--,--,--,103095
2026-05-04 16:52:15.089,--,--,--,--,--,--,--,--,--,--,--,--,--,--,--,--,--,--,--,--,--,--,--,--,--,--,--,--,--,--,--,--,--,--,--,--,--,--,--,--,--,--,--,--,--,--,103096
2026-05-04 16:52:15.107,--,--,--,--,--,--,--,--,--,--,--,--,--,--,--,--,--,--,--,--,--,--,--,--,--,--,--,--,--,--,--,--,--,--,--,--,--,--,--,--,--,--,--,--,--,--,103101
2026-05-04 16:52:15.190,--,--,--,--,--,--,--,--,--,--,--,--,--,--,--,--,--,--,--,--,--,--,--,--,--,--,--,--,--,--,--,--,--,--,--,--,--,--,--,--,--,--,--,--,--,--,103106
2026-05-04 16:52:15.262,--,--,--,--,--,--,--,--,--,--,--,--,--,--,--,--,--,--,--,--,--,--,--,--,--,--,--,--,--,--,--,--,--,--,--,--,--,--,--,--,--,--,--,--,--,--,103111
2026-05-04 16:52:15.321,--,--,--,--,--,--,--,--,--,--,--,--,--,--,--,--,--,--,--,--,--,--,--,--,--,--,--,--,--,--,--,--,--,--,--,--,--,--,--,--,--,--,--,--,--,--,103116
2026-05-04 16:52:15.388,--,--,--,--,--,--,--,--,--,--,--,--,--,--,--,--,--,--,--,--,--,--,--,--,--,--,--,--,--,--,--,--,--,--,--,--,--,--,--,--,--,--,--,--,--,--,103121
2026-05-04 16:52:15.454,--,--,--,--,--,--,--,--,--,--,--,--,--,--,--,--,--,--,--,--,--,--,--,--,--,--,--,--,--,--,--,--,--,--,--,--,--,--,--,--,--,--,--,--,--,--,103126
2026-05-04 16:52:15.456,--,--,--,--,--,--,--,--,--,--,--,--,--,--,--,--,--,--,--,--,--,--,--,--,--,--,--,--,--,--,--,--,--,--,--,--,--,--,--,--,--,--,--,--,--,--,103131
2026-05-04 16:52:15.458,--,--,--,--,--,--,--,--,--,--,--,--,--,--,--,--,--,--,--,--,--,--,--,--,--,--,--,--,--,--,--,--,--,--,--,--,--,--,--,--,--,--,--,--,--,--,103136
2026-05-04 16:52:15.459,--,--,--,--,--,--,--,--,--,--,--,--,--,--,--,--,--,--,--,--,--,--,--,--,--,--,--,--,--,--,--,--,--,--,--,--,--,--,--,--,--,--,--,--,--,--,103141
2026-05-04 16:52:15.461,--,--,--,--,--,--,--,--,--,--,--,--,--,--,--,--,--,--,--,--,--,--,--,--,--,--,--,--,--,--,--,--,--,--,--,--,--,--,--,--,--,--,--,--,--,--,103146
2026-05-04 16:52:15.462,--,--,--,--,--,--,--,--,--,--,--,--,--,--,--,--,--,--,--,--,--,--,--,--,--,--,--,--,--,--,--,--,--,--,--,--,--,--,--,--,--,--,--,--,--,--,103151
2026-05-04 16:52:15.464,--,--,--,--,--,--,--,--,--,--,--,--,--,--,--,--,--,--,--,--,--,--,--,--,--,--,--,--,--,--,--,--,--,--,--,--,--,--,--,--,--,--,--,--,--,--,103156
2026-05-04 16:52:15.466,--,--,--,--,--,--,--,--,--,--,--,--,--,--,--,--,--,--,--,--,--,--,--,--,--,--,--,--,--,--,--,--,--,--,--,--,--,--,--,--,--,--,--,--,--,--,103161
2026-05-04 16:52:15.467,--,--,--,--,--,--,--,--,--,--,--,--,--,--,--,--,--,--,--,--,--,--,--,--,--,--,--,--,--,--,--,--,--,--,--,--,--,--,--,--,--,--,--,--,--,--,103166
2026-05-04 16:52:15.469,--,--,--,--,--,--,--,--,--,--,--,--,--,--,--,--,--,--,--,--,--,--,--,--,--,--,--,--,--,--,--,--,--,--,--,--,--,--,--,--,--,--,--,--,--,--,103171
2026-05-04 16:52:15.470,--,--,--,--,--,--,--,--,--,--,--,--,--,--,--,--,--,--,--,--,--,--,--,--,--,--,--,--,--,--,--,--,--,--,--,--,--,--,--,--,--,--,--,--,--,--,103176
2026-05-04 16:52:15.471,--,--,--,--,--,--,--,--,--,--,--,--,--,--,--,--,--,--,--,--,--,--,--,--,--,--,--,--,--,--,--,--,--,--,--,--,--,--,--,--,--,--,--,--,--,--,103181
2026-05-04 16:52:15.472,--,--,--,--,--,--,--,--,--,--,--,--,--,--,--,--,--,--,--,--,--,--,--,--,--,--,--,--,--,--,--,--,--,--,--,--,--,--,--,--,--,--,--,--,--,--,103186
2026-05-04 16:52:15.474,--,--,--,--,--,--,--,--,--,--,--,--,--,--,--,--,--,--,--,--,--,--,--,--,--,--,--,--,--,--,--,--,--,--,--,--,--,--,--,--,--,--,--,--,--,--,103191
2026-05-04 16:52:15.525,--,--,--,--,--,--,--,--,--,--,--,--,--,--,--,--,--,--,--,--,--,--,--,--,--,--,--,--,--,--,--,--,--,--,--,--,--,--,--,--,--,--,--,--,--,--,104659
2026-05-04 16:52:15.563,--,--,--,--,--,--,--,--,--,--,--,--,--,--,--,--,--,--,--,--,--,--,--,--,--,--,--,--,--,--,--,--,--,--,--,--,--,--,--,--,--,--,--,--,--,--,104664
2026-05-04 16:52:15.617,--,--,--,--,--,--,--,--,--,--,--,--,--,--,--,--,--,--,--,--,--,--,--,--,--,--,--,--,--,--,--,--,--,--,--,--,--,--,--,--,--,--,--,--,--,--,104669
2026-05-04 16:52:15.692,--,--,--,--,--,--,--,--,--,--,--,--,--,--,--,--,--,--,--,--,--,--,--,--,--,--,--,--,--,--,--,--,--,--,--,--,--,--,--,--,--,--,--,--,--,--,104674
2026-05-04 16:52:15.744,--,--,--,--,--,--,--,--,--,--,--,--,--,--,--,--,--,--,--,--,--,--,--,--,--,--,--,--,--,--,--,--,--,--,--,--,--,--,--,--,--,--,--,--,--,--,104679
2026-05-04 16:52:15.796,--,--,--,--,--,--,--,--,--,--,--,--,--,--,--,--,--,--,--,--,--,--,--,--,--,--,--,--,--,--,--,--,--,--,--,--,--,--,--,--,--,--,--,--,--,--,104684
2026-05-04 16:52:15.830,--,--,--,--,--,--,--,--,--,--,--,--,--,--,--,--,--,--,--,--,--,--,--,--,--,--,--,--,--,--,--,--,--,--,--,--,--,--,--,--,--,--,--,--,--,--,104689
2026-05-04 16:52:15.861,--,--,--,--,--,--,--,--,--,--,--,--,--,--,--,--,--,--,--,--,--,--,--,--,--,--,--,--,--,--,--,--,--,--,--,--,--,--,--,--,--,--,--,--,--,--,104694
2026-05-04 16:52:15.864,--,--,--,--,--,--,--,--,--,--,--,--,--,--,--,--,--,--,--,--,--,--,--,--,--,--,--,--,--,--,--,--,--,--,--,--,--,--,--,--,--,--,--,--,--,--,104699
2026-05-04 16:52:15.865,--,--,--,--,--,--,--,--,--,--,--,--,--,--,--,--,--,--,--,--,--,--,--,--,--,--,--,--,--,--,--,--,--,--,--,--,--,--,--,--,--,--,--,--,--,--,104704
2026-05-04 16:52:15.866,--,--,--,--,--,--,--,--,--,--,--,--,--,--,--,--,--,--,--,--,--,--,--,--,--,--,--,--,--,--,--,--,--,--,--,--,--,--,--,--,--,--,--,--,--,--,104709
2026-05-04 16:52:15.866,--,--,--,--,--,--,--,--,--,--,--,--,--,--,--,--,--,--,--,--,--,--,--,--,--,--,--,--,--,--,--,--,--,--,--,--,--,--,--,--,--,--,--,--,--,--,104714
2026-05-04 16:52:15.867,--,--,--,--,--,--,--,--,--,--,--,--,--,--,--,--,--,--,--,--,--,--,--,--,--,--,--,--,--,--,--,--,--,--,--,--,--,--,--,--,--,--,--,--,--,--,104719
2026-05-04 16:52:15.868,--,--,--,--,--,--,--,--,--,--,--,--,--,--,--,--,--,--,--,--,--,--,--,--,--,--,--,--,--,--,--,--,--,--,--,--,--,--,--,--,--,--,--,--,--,--,104724
2026-05-04 16:52:15.870,--,--,--,--,--,--,--,--,--,--,--,--,--,--,--,--,--,--,--,--,--,--,--,--,--,--,--,--,--,--,--,--,--,--,--,--,--,--,--,--,--,--,--,--,--,--,104729
2026-05-04 16:52:15.872,--,--,--,--,--,--,--,--,--,--,--,--,--,--,--,--,--,--,--,--,--,--,--,--,--,--,--,--,--,--,--,--,--,--,--,--,--,--,--,--,--,--,--,--,--,--,104734
2026-05-04 16:52:15.873,--,--,--,--,--,--,--,--,--,--,--,--,--,--,--,--,--,--,--,--,--,--,--,--,--,--,--,--,--,--,--,--,--,--,--,--,--,--,--,--,--,--,--,--,--,--,104739
2026-05-04 16:52:15.874,--,--,--,--,--,--,--,--,--,--,--,--,--,--,--,--,--,--,--,--,--,--,--,--,--,--,--,--,--,--,--,--,--,--,--,--,--,--,--,--,--,--,--,--,--,--,104744
2026-05-04 16:52:15.876,--,--,--,--,--,--,--,--,--,--,--,--,--,--,--,--,--,--,--,--,--,--,--,--,--,--,--,--,--,--,--,--,--,--,--,--,--,--,--,--,--,--,--,--,--,--,104749
2026-05-04 16:52:15.877,--,--,--,--,--,--,--,--,--,--,--,--,--,--,--,--,--,--,--,--,--,--,--,--,--,--,--,--,--,--,--,--,--,--,--,--,--,--,--,--,--,--,--,--,--,--,104754
2026-05-04 16:52:16.060,--,--,--,--,--,--,--,--,--,--,--,--,--,--,--,--,--,--,--,--,--,--,--,--,--,--,--,--,--,--,--,--,--,--,--,--,--,--,--,--,--,--,--,--,--,--,105588
2026-05-04 16:52:16.100,--,--,--,--,--,--,--,--,--,--,--,--,--,--,--,--,--,--,--,--,--,--,--,--,--,--,--,--,--,--,--,--,--,--,--,--,--,--,--,--,--,--,--,--,--,--,105593
2026-05-04 16:52:16.119,--,--,--,--,--,--,--,--,--,--,--,--,--,--,--,--,--,--,--,--,--,--,--,--,--,--,--,--,--,--,--,--,--,--,--,--,--,--,--,--,--,--,--,--,--,--,105598
2026-05-04 16:52:16.172,--,--,--,--,--,--,--,--,--,--,--,--,--,--,--,--,--,--,--,--,--,--,--,--,--,--,--,--,--,--,--,--,--,--,--,--,--,--,--,--,--,--,--,--,--,--,105603
2026-05-04 16:52:16.222,--,--,--,--,--,--,--,--,--,--,--,--,--,--,--,--,--,--,--,--,--,--,--,--,--,--,--,--,--,--,--,--,--,--,--,--,--,--,--,--,--,--,--,--,--,--,105608
2026-05-04 16:52:16.255,--,--,--,--,--,--,--,--,--,--,--,--,--,--,--,--,--,--,--,--,--,--,--,--,--,--,--,--,--,--,--,--,--,--,--,--,--,--,--,--,--,--,--,--,--,--,105613
2026-05-04 16:52:16.308,--,--,--,--,--,--,--,--,--,--,--,--,--,--,--,--,--,--,--,--,--,--,--,--,--,--,--,--,--,--,--,--,--,--,--,--,--,--,--,--,--,--,--,--,--,--,105618
2026-05-04 16:52:16.346,--,--,--,--,--,--,--,--,--,--,--,--,--,--,--,--,--,--,--,--,--,--,--,--,--,--,--,--,--,--,--,--,--,--,--,--,--,--,--,--,--,--,--,--,--,--,105623
2026-05-04 16:52:16.401,--,--,--,--,--,--,--,--,--,--,--,--,--,--,--,--,--,--,--,--,--,--,--,--,--,--,--,--,--,--,--,--,--,--,--,--,--,--,--,--,--,--,--,--,--,--,105628
2026-05-04 16:52:16.402,--,--,--,--,--,--,--,--,--,--,--,--,--,--,--,--,--,--,--,--,--,--,--,--,--,--,--,--,--,--,--,--,--,--,--,--,--,--,--,--,--,--,--,--,--,--,105633
2026-05-04 16:52:16.404,--,--,--,--,--,--,--,--,--,--,--,--,--,--,--,--,--,--,--,--,--,--,--,--,--,--,--,--,--,--,--,--,--,--,--,--,--,--,--,--,--,--,--,--,--,--,105638
2026-05-04 16:52:16.406,--,--,--,--,--,--,--,--,--,--,--,--,--,--,--,--,--,--,--,--,--,--,--,--,--,--,--,--,--,--,--,--,--,--,--,--,--,--,--,--,--,--,--,--,--,--,105643
2026-05-04 16:52:16.407,--,--,--,--,--,--,--,--,--,--,--,--,--,--,--,--,--,--,--,--,--,--,--,--,--,--,--,--,--,--,--,--,--,--,--,--,--,--,--,--,--,--,--,--,--,--,105648
2026-05-04 16:52:16.408,--,--,--,--,--,--,--,--,--,--,--,--,--,--,--,--,--,--,--,--,--,--,--,--,--,--,--,--,--,--,--,--,--,--,--,--,--,--,--,--,--,--,--,--,--,--,105653
2026-05-04 16:52:16.409,--,--,--,--,--,--,--,--,--,--,--,--,--,--,--,--,--,--,--,--,--,--,--,--,--,--,--,--,--,--,--,--,--,--,--,--,--,--,--,--,--,--,--,--,--,--,105658
2026-05-04 16:52:16.410,--,--,--,--,--,--,--,--,--,--,--,--,--,--,--,--,--,--,--,--,--,--,--,--,--,--,--,--,--,--,--,--,--,--,--,--,--,--,--,--,--,--,--,--,--,--,105663
2026-05-04 16:52:16.412,--,--,--,--,--,--,--,--,--,--,--,--,--,--,--,--,--,--,--,--,--,--,--,--,--,--,--,--,--,--,--,--,--,--,--,--,--,--,--,--,--,--,--,--,--,--,105668
2026-05-04 16:52:16.413,--,--,--,--,--,--,--,--,--,--,--,--,--,--,--,--,--,--,--,--,--,--,--,--,--,--,--,--,--,--,--,--,--,--,--,--,--,--,--,--,--,--,--,--,--,--,105673
2026-05-04 16:52:16.414,--,--,--,--,--,--,--,--,--,--,--,--,--,--,--,--,--,--,--,--,--,--,--,--,--,--,--,--,--,--,--,--,--,--,--,--,--,--,--,--,--,--,--,--,--,--,105678
2026-05-04 16:52:16.417,--,--,--,--,--,--,--,--,--,--,--,--,--,--,--,--,--,--,--,--,--,--,--,--,--,--,--,--,--,--,--,--,--,--,--,--,--,--,--,--,--,--,--,--,--,--,105683
2026-05-04 16:52:16.447,--,--,--,--,--,--,--,--,--,--,--,--,--,--,--,--,--,--,--,--,--,--,--,--,--,--,--,--,--,--,--,--,--,--,--,--,--,--,--,--,--,--,--,--,--,--,109430
2026-05-04 16:52:16.483,--,--,--,--,--,--,--,--,--,--,--,--,--,--,--,--,--,--,--,--,--,--,--,--,--,--,--,--,--,--,--,--,--,--,--,--,--,--,--,--,--,--,--,--,--,--,109435
2026-05-04 16:52:16.554,--,--,--,--,--,--,--,--,--,--,--,--,--,--,--,--,--,--,--,--,--,--,--,--,--,--,--,--,--,--,--,--,--,--,--,--,--,--,--,--,--,--,--,--,--,--,109440
2026-05-04 16:52:16.603,--,--,--,--,--,--,--,--,--,--,--,--,--,--,--,--,--,--,--,--,--,--,--,--,--,--,--,--,--,--,--,--,--,--,--,--,--,--,--,--,--,--,--,--,--,--,109445
2026-05-04 16:52:16.620,--,--,--,--,--,--,--,--,--,--,--,--,--,--,--,--,--,--,--,--,--,--,--,--,--,--,--,--,--,--,--,--,--,--,--,--,--,--,--,--,--,--,--,--,--,--,109450
2026-05-04 16:52:16.621,--,--,--,--,--,--,--,--,--,--,--,--,--,--,--,--,--,--,--,--,--,--,--,--,--,--,--,--,--,--,--,--,--,--,--,--,--,--,--,--,--,--,--,--,--,--,109455
2026-05-04 16:52:16.623,--,--,--,--,--,--,--,--,--,--,--,--,--,--,--,--,--,--,--,--,--,--,--,--,--,--,--,--,--,--,--,--,--,--,--,--,--,--,--,--,--,--,--,--,--,--,109460
2026-05-04 16:52:16.625,--,--,--,--,--,--,--,--,--,--,--,--,--,--,--,--,--,--,--,--,--,--,--,--,--,--,--,--,--,--,--,--,--,--,--,--,--,--,--,--,--,--,--,--,--,--,109465
2026-05-04 16:52:16.626,--,--,--,--,--,--,--,--,--,--,--,--,--,--,--,--,--,--,--,--,--,--,--,--,--,--,--,--,--,--,--,--,--,--,--,--,--,--,--,--,--,--,--,--,--,--,109470
2026-05-04 16:52:16.627,--,--,--,--,--,--,--,--,--,--,--,--,--,--,--,--,--,--,--,--,--,--,--,--,--,--,--,--,--,--,--,--,--,--,--,--,--,--,--,--,--,--,--,--,--,--,109471
2026-05-04 16:52:16.737,--,--,--,--,--,--,--,--,--,--,--,--,--,--,--,--,--,--,--,--,--,--,--,--,--,--,--,--,--,--,--,--,--,--,--,--,--,--,--,--,--,--,--,--,--,--,109472
2026-05-04 16:52:16.806,--,--,--,--,--,--,--,--,--,--,--,--,--,--,--,--,--,--,--,--,--,--,--,--,--,--,--,--,--,--,--,--,--,--,--,--,--,--,--,--,--,--,--,--,--,--,109477
2026-05-04 16:52:16.846,--,--,--,--,--,--,--,--,--,--,--,--,--,--,--,--,--,--,--,--,--,--,--,--,--,--,--,--,--,--,--,--,--,--,--,--,--,--,--,--,--,--,--,--,--,--,109482
2026-05-04 16:52:16.900,--,--,--,--,--,--,--,--,--,--,--,--,--,--,--,--,--,--,--,--,--,--,--,--,--,--,--,--,--,--,--,--,--,--,--,--,--,--,--,--,--,--,--,--,--,--,109487
2026-05-04 16:52:16.951,--,--,--,--,--,--,--,--,--,--,--,--,--,--,--,--,--,--,--,--,--,--,--,--,--,--,--,--,--,--,--,--,--,--,--,--,--,--,--,--,--,--,--,--,--,--,109492
2026-05-04 16:52:17.024,--,--,--,--,--,--,--,--,--,--,--,--,--,--,--,--,--,--,--,--,--,--,--,--,--,--,--,--,--,--,--,--,--,--,--,--,--,--,--,--,--,--,--,--,--,--,109497
2026-05-04 16:52:17.074,--,--,--,--,--,--,--,--,--,--,--,--,--,--,--,--,--,--,--,--,--,--,--,--,--,--,--,--,--,--,--,--,--,--,--,--,--,--,--,--,--,--,--,--,--,--,109502
2026-05-04 16:52:17.093,--,--,--,--,--,--,--,--,--,--,--,--,--,--,--,--,--,--,--,--,--,--,--,--,--,--,--,--,--,--,--,--,--,--,--,--,--,--,--,--,--,--,--,--,--,--,109507
2026-05-04 16:52:17.094,--,--,--,--,--,--,--,--,--,--,--,--,--,--,--,--,--,--,--,--,--,--,--,--,--,--,--,--,--,--,--,--,--,--,--,--,--,--,--,--,--,--,--,--,--,--,109512
2026-05-04 16:52:17.095,--,--,--,--,--,--,--,--,--,--,--,--,--,--,--,--,--,--,--,--,--,--,--,--,--,--,--,--,--,--,--,--,--,--,--,--,--,--,--,--,--,--,--,--,--,--,109517
2026-05-04 16:52:17.096,--,--,--,--,--,--,--,--,--,--,--,--,--,--,--,--,--,--,--,--,--,--,--,--,--,--,--,--,--,--,--,--,--,--,--,--,--,--,--,--,--,--,--,--,--,--,109522
2026-05-04 16:52:17.098,--,--,--,--,--,--,--,--,--,--,--,--,--,--,--,--,--,--,--,--,--,--,--,--,--,--,--,--,--,--,--,--,--,--,--,--,--,--,--,--,--,--,--,--,--,--,109527
2026-05-04 16:52:17.100,--,--,--,--,--,--,--,--,--,--,--,--,--,--,--,--,--,--,--,--,--,--,--,--,--,--,--,--,--,--,--,--,--,--,--,--,--,--,--,--,--,--,--,--,--,--,109532
2026-05-04 16:52:17.101,--,--,--,--,--,--,--,--,--,--,--,--,--,--,--,--,--,--,--,--,--,--,--,--,--,--,--,--,--,--,--,--,--,--,--,--,--,--,--,--,--,--,--,--,--,--,109537
2026-05-04 16:52:17.103,--,--,--,--,--,--,--,--,--,--,--,--,--,--,--,--,--,--,--,--,--,--,--,--,--,--,--,--,--,--,--,--,--,--,--,--,--,--,--,--,--,--,--,--,--,--,109542
2026-05-04 16:52:17.104,--,--,--,--,--,--,--,--,--,--,--,--,--,--,--,--,--,--,--,--,--,--,--,--,--,--,--,--,--,--,--,--,--,--,--,--,--,--,--,--,--,--,--,--,--,--,109547
2026-05-04 16:52:17.106,--,--,--,--,--,--,--,--,--,--,--,--,--,--,--,--,--,--,--,--,--,--,--,--,--,--,--,--,--,--,--,--,--,--,--,--,--,--,--,--,--,--,--,--,--,--,109552
2026-05-04 16:52:17.107,--,--,--,--,--,--,--,--,--,--,--,--,--,--,--,--,--,--,--,--,--,--,--,--,--,--,--,--,--,--,--,--,--,--,--,--,--,--,--,--,--,--,--,--,--,--,109557
2026-05-04 16:52:17.109,--,--,--,--,--,--,--,--,--,--,--,--,--,--,--,--,--,--,--,--,--,--,--,--,--,--,--,--,--,--,--,--,--,--,--,--,--,--,--,--,--,--,--,--,--,--,109562
2026-05-04 16:52:17.109,--,--,--,--,--,--,--,--,--,--,--,--,--,--,--,--,--,--,--,--,--,--,--,--,--,--,--,--,--,--,--,--,--,--,--,--,--,--,--,--,--,--,--,--,--,--,109567
2026-05-04 16:52:17.154,--,--,--,--,--,--,--,--,--,--,--,--,--,--,--,--,--,--,--,--,--,--,--,--,--,--,--,--,--,--,--,--,--,--,--,--,--,--,--,--,--,--,--,--,--,--,112133
2026-05-04 16:52:17.220,--,--,--,--,--,--,--,--,--,--,--,--,--,--,--,--,--,--,--,--,--,--,--,--,--,--,--,--,--,--,--,--,--,--,--,--,--,--,--,--,--,--,--,--,--,--,112138
2026-05-04 16:52:17.306,--,--,--,--,--,--,--,--,--,--,--,--,--,--,--,--,--,--,--,--,--,--,--,--,--,--,--,--,--,--,--,--,--,--,--,--,--,--,--,--,--,--,--,--,--,--,112143
2026-05-04 16:52:17.308,--,--,--,--,--,--,--,--,--,--,--,--,--,--,--,--,--,--,--,--,--,--,--,--,--,--,--,--,--,--,--,--,--,--,--,--,--,--,--,--,--,--,--,--,--,--,112148
2026-05-04 16:52:17.309,--,--,--,--,--,--,--,--,--,--,--,--,--,--,--,--,--,--,--,--,--,--,--,--,--,--,--,--,--,--,--,--,--,--,--,--,--,--,--,--,--,--,--,--,--,--,112153
2026-05-04 16:52:17.311,--,--,--,--,--,--,--,--,--,--,--,--,--,--,--,--,--,--,--,--,--,--,--,--,--,--,--,--,--,--,--,--,--,--,--,--,--,--,--,--,--,--,--,--,--,--,112158
2026-05-04 16:52:17.313,--,--,--,--,--,--,--,--,--,--,--,--,--,--,--,--,--,--,--,--,--,--,--,--,--,--,--,--,--,--,--,--,--,--,--,--,--,--,--,--,--,--,--,--,--,--,112163
2026-05-04 16:52:17.314,--,--,--,--,--,--,--,--,--,--,--,--,--,--,--,--,--,--,--,--,--,--,--,--,--,--,--,--,--,--,--,--,--,--,--,--,--,--,--,--,--,--,--,--,--,--,112168
2026-05-04 16:52:17.316,--,--,--,--,--,--,--,--,--,--,--,--,--,--,--,--,--,--,--,--,--,--,--,--,--,--,--,--,--,--,--,--,--,--,--,--,--,--,--,--,--,--,--,--,--,--,112173
2026-05-04 16:52:17.317,--,--,--,--,--,--,--,--,--,--,--,--,--,--,--,--,--,--,--,--,--,--,--,--,--,--,--,--,--,--,--,--,--,--,--,--,--,--,--,--,--,--,--,--,--,--,112174
2026-05-04 16:52:17.457,--,--,--,--,--,--,--,--,--,--,--,--,--,--,--,--,--,--,--,--,--,--,--,--,--,--,--,--,--,--,--,--,--,--,--,--,--,--,--,--,--,--,--,--,--,--,112175
2026-05-04 16:52:17.511,--,--,--,--,--,--,--,--,--,--,--,--,--,--,--,--,--,--,--,--,--,--,--,--,--,--,--,--,--,--,--,--,--,--,--,--,--,--,--,--,--,--,--,--,--,--,112180
2026-05-04 16:52:17.546,--,--,--,--,--,--,--,--,--,--,--,--,--,--,--,--,--,--,--,--,--,--,--,--,--,--,--,--,--,--,--,--,--,--,--,--,--,--,--,--,--,--,--,--,--,--,112185
2026-05-04 16:52:17.599,--,--,--,--,--,--,--,--,--,--,--,--,--,--,--,--,--,--,--,--,--,--,--,--,--,--,--,--,--,--,--,--,--,--,--,--,--,--,--,--,--,--,--,--,--,--,112190
2026-05-04 16:52:17.636,--,--,--,--,--,--,--,--,--,--,--,--,--,--,--,--,--,--,--,--,--,--,--,--,--,--,--,--,--,--,--,--,--,--,--,--,--,--,--,--,--,--,--,--,--,--,112195
2026-05-04 16:52:17.687,--,--,--,--,--,--,--,--,--,--,--,--,--,--,--,--,--,--,--,--,--,--,--,--,--,--,--,--,--,--,--,--,--,--,--,--,--,--,--,--,--,--,--,--,--,--,112200
2026-05-04 16:52:17.745,--,--,--,--,--,--,--,--,--,--,--,--,--,--,--,--,--,--,--,--,--,--,--,--,--,--,--,--,--,--,--,--,--,--,--,--,--,--,--,--,--,--,--,--,--,--,112205
2026-05-04 16:52:17.797,--,--,--,--,--,--,--,--,--,--,--,--,--,--,--,--,--,--,--,--,--,--,--,--,--,--,--,--,--,--,--,--,--,--,--,--,--,--,--,--,--,--,--,--,--,--,112210
2026-05-04 16:52:17.798,--,--,--,--,--,--,--,--,--,--,--,--,--,--,--,--,--,--,--,--,--,--,--,--,--,--,--,--,--,--,--,--,--,--,--,--,--,--,--,--,--,--,--,--,--,--,112215
2026-05-04 16:52:17.799,--,--,--,--,--,--,--,--,--,--,--,--,--,--,--,--,--,--,--,--,--,--,--,--,--,--,--,--,--,--,--,--,--,--,--,--,--,--,--,--,--,--,--,--,--,--,112220
2026-05-04 16:52:17.802,--,--,--,--,--,--,--,--,--,--,--,--,--,--,--,--,--,--,--,--,--,--,--,--,--,--,--,--,--,--,--,--,--,--,--,--,--,--,--,--,--,--,--,--,--,--,112225
2026-05-04 16:52:17.803,--,--,--,--,--,--,--,--,--,--,--,--,--,--,--,--,--,--,--,--,--,--,--,--,--,--,--,--,--,--,--,--,--,--,--,--,--,--,--,--,--,--,--,--,--,--,112230
2026-05-04 16:52:17.805,--,--,--,--,--,--,--,--,--,--,--,--,--,--,--,--,--,--,--,--,--,--,--,--,--,--,--,--,--,--,--,--,--,--,--,--,--,--,--,--,--,--,--,--,--,--,112235
2026-05-04 16:52:17.807,--,--,--,--,--,--,--,--,--,--,--,--,--,--,--,--,--,--,--,--,--,--,--,--,--,--,--,--,--,--,--,--,--,--,--,--,--,--,--,--,--,--,--,--,--,--,112240
2026-05-04 16:52:17.809,--,--,--,--,--,--,--,--,--,--,--,--,--,--,--,--,--,--,--,--,--,--,--,--,--,--,--,--,--,--,--,--,--,--,--,--,--,--,--,--,--,--,--,--,--,--,112245
2026-05-04 16:52:17.810,--,--,--,--,--,--,--,--,--,--,--,--,--,--,--,--,--,--,--,--,--,--,--,--,--,--,--,--,--,--,--,--,--,--,--,--,--,--,--,--,--,--,--,--,--,--,112250
2026-05-04 16:52:17.811,--,--,--,--,--,--,--,--,--,--,--,--,--,--,--,--,--,--,--,--,--,--,--,--,--,--,--,--,--,--,--,--,--,--,--,--,--,--,--,--,--,--,--,--,--,--,112255
2026-05-04 16:52:17.812,--,--,--,--,--,--,--,--,--,--,--,--,--,--,--,--,--,--,--,--,--,--,--,--,--,--,--,--,--,--,--,--,--,--,--,--,--,--,--,--,--,--,--,--,--,--,112260
2026-05-04 16:52:17.814,--,--,--,--,--,--,--,--,--,--,--,--,--,--,--,--,--,--,--,--,--,--,--,--,--,--,--,--,--,--,--,--,--,--,--,--,--,--,--,--,--,--,--,--,--,--,112265
2026-05-04 16:52:17.815,--,--,--,--,--,--,--,--,--,--,--,--,--,--,--,--,--,--,--,--,--,--,--,--,--,--,--,--,--,--,--,--,--,--,--,--,--,--,--,--,--,--,--,--,--,--,112270
2026-05-04 16:52:17.867,--,--,--,--,--,--,--,--,--,--,--,--,--,--,--,--,--,--,--,--,--,--,--,--,--,--,--,--,--,--,--,--,--,--,--,--,--,--,--,--,--,--,--,--,--,--,115004
2026-05-04 16:52:17.923,--,--,--,--,--,--,--,--,--,--,--,--,--,--,--,--,--,--,--,--,--,--,--,--,--,--,--,--,--,--,--,--,--,--,--,--,--,--,--,--,--,--,--,--,--,--,115009
2026-05-04 16:52:18.015,--,--,--,--,--,--,--,--,--,--,--,--,--,--,--,--,--,--,--,--,--,--,--,--,--,--,--,--,--,--,--,--,--,--,--,--,--,--,--,--,--,--,--,--,--,--,115014
2026-05-04 16:52:18.069,--,--,--,--,--,--,--,--,--,--,--,--,--,--,--,--,--,--,--,--,--,--,--,--,--,--,--,--,--,--,--,--,--,--,--,--,--,--,--,--,--,--,--,--,--,--,115019
2026-05-04 16:52:18.138,--,--,--,--,--,--,--,--,--,--,--,--,--,--,--,--,--,--,--,--,--,--,--,--,--,--,--,--,--,--,--,--,--,--,--,--,--,--,--,--,--,--,--,--,--,--,115024
2026-05-04 16:52:18.156,--,--,--,--,--,--,--,--,--,--,--,--,--,--,--,--,--,--,--,--,--,--,--,--,--,--,--,--,--,--,--,--,--,--,--,--,--,--,--,--,--,--,--,--,--,--,115029
2026-05-04 16:52:18.160,--,--,--,--,--,--,--,--,--,--,--,--,--,--,--,--,--,--,--,--,--,--,--,--,--,--,--,--,--,--,--,--,--,--,--,--,--,--,--,--,--,--,--,--,--,--,115034
2026-05-04 16:52:18.164,--,--,--,--,--,--,--,--,--,--,--,--,--,--,--,--,--,--,--,--,--,--,--,--,--,--,--,--,--,--,--,--,--,--,--,--,--,--,--,--,--,--,--,--,--,--,115039
2026-05-04 16:52:18.169,--,--,--,--,--,--,--,--,--,--,--,--,--,--,--,--,--,--,--,--,--,--,--,--,--,--,--,--,--,--,--,--,--,--,--,--,--,--,--,--,--,--,--,--,--,--,115044
2026-05-04 16:52:18.172,--,--,--,--,--,--,--,--,--,--,--,--,--,--,--,--,--,--,--,--,--,--,--,--,--,--,--,--,--,--,--,--,--,--,--,--,--,--,--,--,--,--,--,--,--,--,115049
2026-05-04 16:52:18.176,--,--,--,--,--,--,--,--,--,--,--,--,--,--,--,--,--,--,--,--,--,--,--,--,--,--,--,--,--,--,--,--,--,--,--,--,--,--,--,--,--,--,--,--,--,--,115054
2026-05-04 16:52:18.179,--,--,--,--,--,--,--,--,--,--,--,--,--,--,--,--,--,--,--,--,--,--,--,--,--,--,--,--,--,--,--,--,--,--,--,--,--,--,--,--,--,--,--,--,--,--,115059
2026-05-04 16:52:18.180,--,--,--,--,--,--,--,--,--,--,--,--,--,--,--,--,--,--,--,--,--,--,--,--,--,--,--,--,--,--,--,--,--,--,--,--,--,--,--,--,--,--,--,--,--,--,115064
2026-05-04 16:52:18.183,--,--,--,--,--,--,--,--,--,--,--,--,--,--,--,--,--,--,--,--,--,--,--,--,--,--,--,--,--,--,--,--,--,--,--,--,--,--,--,--,--,--,--,--,--,--,115069
2026-05-04 16:52:18.184,--,--,--,--,--,--,--,--,--,--,--,--,--,--,--,--,--,--,--,--,--,--,--,--,--,--,--,--,--,--,--,--,--,--,--,--,--,--,--,--,--,--,--,--,--,--,115074
2026-05-04 16:52:18.186,--,--,--,--,--,--,--,--,--,--,--,--,--,--,--,--,--,--,--,--,--,--,--,--,--,--,--,--,--,--,--,--,--,--,--,--,--,--,--,--,--,--,--,--,--,--,115079
2026-05-04 16:52:18.187,--,--,--,--,--,--,--,--,--,--,--,--,--,--,--,--,--,--,--,--,--,--,--,--,--,--,--,--,--,--,--,--,--,--,--,--,--,--,--,--,--,--,--,--,--,--,115084
2026-05-04 16:52:18.288,--,--,--,--,--,--,--,--,--,--,--,--,--,--,--,--,--,--,--,--,--,--,--,--,--,--,--,--,--,--,--,--,--,--,--,--,--,--,--,--,--,--,--,--,--,--,115089
2026-05-04 16:52:18.326,--,--,--,--,--,--,--,--,--,--,--,--,--,--,--,--,--,--,--,--,--,--,--,--,--,--,--,--,--,--,--,--,--,--,--,--,--,--,--,--,--,--,--,--,--,--,115094
2026-05-04 16:52:18.399,--,--,--,--,--,--,--,--,--,--,--,--,--,--,--,--,--,--,--,--,--,--,--,--,--,--,--,--,--,--,--,--,--,--,--,--,--,--,--,--,--,--,--,--,--,--,115099
2026-05-04 16:52:18.453,--,--,--,--,--,--,--,--,--,--,--,--,--,--,--,--,--,--,--,--,--,--,--,--,--,--,--,--,--,--,--,--,--,--,--,--,--,--,--,--,--,--,--,--,--,--,115104
2026-05-04 16:52:18.487,--,--,--,--,--,--,--,--,--,--,--,--,--,--,--,--,--,--,--,--,--,--,--,--,--,--,--,--,--,--,--,--,--,--,--,--,--,--,--,--,--,--,--,--,--,--,115109
2026-05-04 16:52:18.535,--,--,--,--,--,--,--,--,--,--,--,--,--,--,--,--,--,--,--,--,--,--,--,--,--,--,--,--,--,--,--,--,--,--,--,--,--,--,--,--,--,--,--,--,--,--,115114
2026-05-04 16:52:18.570,--,--,--,--,--,--,--,--,--,--,--,--,--,--,--,--,--,--,--,--,--,--,--,--,--,--,--,--,--,--,--,--,--,--,--,--,--,--,--,--,--,--,--,--,--,--,115119
2026-05-04 16:52:18.623,--,--,--,--,--,--,--,--,--,--,--,--,--,--,--,--,--,--,--,--,--,--,--,--,--,--,--,--,--,--,--,--,--,--,--,--,--,--,--,--,--,--,--,--,--,--,115124
2026-05-04 16:52:18.658,--,--,--,--,--,--,--,--,--,--,--,--,--,--,--,--,--,--,--,--,--,--,--,--,--,--,--,--,--,--,--,--,--,--,--,--,--,--,--,--,--,--,--,--,--,--,115129
2026-05-04 16:52:18.660,--,--,--,--,--,--,--,--,--,--,--,--,--,--,--,--,--,--,--,--,--,--,--,--,--,--,--,--,--,--,--,--,--,--,--,--,--,--,--,--,--,--,--,--,--,--,115134
2026-05-04 16:52:18.661,--,--,--,--,--,--,--,--,--,--,--,--,--,--,--,--,--,--,--,--,--,--,--,--,--,--,--,--,--,--,--,--,--,--,--,--,--,--,--,--,--,--,--,--,--,--,115139
2026-05-04 16:52:18.663,--,--,--,--,--,--,--,--,--,--,--,--,--,--,--,--,--,--,--,--,--,--,--,--,--,--,--,--,--,--,--,--,--,--,--,--,--,--,--,--,--,--,--,--,--,--,115144
2026-05-04 16:52:18.664,--,--,--,--,--,--,--,--,--,--,--,--,--,--,--,--,--,--,--,--,--,--,--,--,--,--,--,--,--,--,--,--,--,--,--,--,--,--,--,--,--,--,--,--,--,--,115149
2026-05-04 16:52:18.665,--,--,--,--,--,--,--,--,--,--,--,--,--,--,--,--,--,--,--,--,--,--,--,--,--,--,--,--,--,--,--,--,--,--,--,--,--,--,--,--,--,--,--,--,--,--,115154
2026-05-04 16:52:18.667,--,--,--,--,--,--,--,--,--,--,--,--,--,--,--,--,--,--,--,--,--,--,--,--,--,--,--,--,--,--,--,--,--,--,--,--,--,--,--,--,--,--,--,--,--,--,115159
2026-05-04 16:52:18.669,--,--,--,--,--,--,--,--,--,--,--,--,--,--,--,--,--,--,--,--,--,--,--,--,--,--,--,--,--,--,--,--,--,--,--,--,--,--,--,--,--,--,--,--,--,--,115164
2026-05-04 16:52:18.670,--,--,--,--,--,--,--,--,--,--,--,--,--,--,--,--,--,--,--,--,--,--,--,--,--,--,--,--,--,--,--,--,--,--,--,--,--,--,--,--,--,--,--,--,--,--,115169
2026-05-04 16:52:18.671,--,--,--,--,--,--,--,--,--,--,--,--,--,--,--,--,--,--,--,--,--,--,--,--,--,--,--,--,--,--,--,--,--,--,--,--,--,--,--,--,--,--,--,--,--,--,115174
2026-05-04 16:52:18.672,--,--,--,--,--,--,--,--,--,--,--,--,--,--,--,--,--,--,--,--,--,--,--,--,--,--,--,--,--,--,--,--,--,--,--,--,--,--,--,--,--,--,--,--,--,--,115179
2026-05-04 16:52:18.674,--,--,--,--,--,--,--,--,--,--,--,--,--,--,--,--,--,--,--,--,--,--,--,--,--,--,--,--,--,--,--,--,--,--,--,--,--,--,--,--,--,--,--,--,--,--,115184
2026-05-04 16:52:18.724,--,--,--,--,--,--,--,--,--,--,--,--,--,--,--,--,--,--,--,--,--,--,--,--,--,--,--,--,--,--,--,--,--,--,--,--,--,--,--,--,--,--,--,--,--,--,118509
2026-05-04 16:52:18.778,--,--,--,--,--,--,--,--,--,--,--,--,--,--,--,--,--,--,--,--,--,--,--,--,--,--,--,--,--,--,--,--,--,--,--,--,--,--,--,--,--,--,--,--,--,--,118514
2026-05-04 16:52:18.828,--,--,--,--,--,--,--,--,--,--,--,--,--,--,--,--,--,--,--,--,--,--,--,--,--,--,--,--,--,--,--,--,--,--,--,--,--,--,--,--,--,--,--,--,--,--,118519
2026-05-04 16:52:18.879,--,--,--,--,--,--,--,--,--,--,--,--,--,--,--,--,--,--,--,--,--,--,--,--,--,--,--,--,--,--,--,--,--,--,--,--,--,--,--,--,--,--,--,--,--,--,118524
2026-05-04 16:52:18.881,--,--,--,--,--,--,--,--,--,--,--,--,--,--,--,--,--,--,--,--,--,--,--,--,--,--,--,--,--,--,--,--,--,--,--,--,--,--,--,--,--,--,--,--,--,--,118529
2026-05-04 16:52:18.883,--,--,--,--,--,--,--,--,--,--,--,--,--,--,--,--,--,--,--,--,--,--,--,--,--,--,--,--,--,--,--,--,--,--,--,--,--,--,--,--,--,--,--,--,--,--,118534
2026-05-04 16:52:18.884,--,--,--,--,--,--,--,--,--,--,--,--,--,--,--,--,--,--,--,--,--,--,--,--,--,--,--,--,--,--,--,--,--,--,--,--,--,--,--,--,--,--,--,--,--,--,118539
2026-05-04 16:52:18.885,--,--,--,--,--,--,--,--,--,--,--,--,--,--,--,--,--,--,--,--,--,--,--,--,--,--,--,--,--,--,--,--,--,--,--,--,--,--,--,--,--,--,--,--,--,--,118544
2026-05-04 16:52:18.887,--,--,--,--,--,--,--,--,--,--,--,--,--,--,--,--,--,--,--,--,--,--,--,--,--,--,--,--,--,--,--,--,--,--,--,--,--,--,--,--,--,--,--,--,--,--,118549
2026-05-04 16:52:18.888,--,--,--,--,--,--,--,--,--,--,--,--,--,--,--,--,--,--,--,--,--,--,--,--,--,--,--,--,--,--,--,--,--,--,--,--,--,--,--,--,--,--,--,--,--,--,118550
2026-05-04 16:52:18.995,--,--,--,--,--,--,--,--,--,--,--,--,--,--,--,--,--,--,--,--,--,--,--,--,--,--,--,--,--,--,--,--,--,--,--,--,--,--,--,--,--,--,--,--,--,--,118551
2026-05-04 16:52:19.041,--,--,--,--,--,--,--,--,--,--,--,--,--,--,--,--,--,--,--,--,--,--,--,--,--,--,--,--,--,--,--,--,--,--,--,--,--,--,--,--,--,--,--,--,--,--,118556
2026-05-04 16:52:19.079,--,--,--,--,--,--,--,--,--,--,--,--,--,--,--,--,--,--,--,--,--,--,--,--,--,--,--,--,--,--,--,--,--,--,--,--,--,--,--,--,--,--,--,--,--,--,118561
2026-05-04 16:52:19.146,--,--,--,--,--,--,--,--,--,--,--,--,--,--,--,--,--,--,--,--,--,--,--,--,--,--,--,--,--,--,--,--,--,--,--,--,--,--,--,--,--,--,--,--,--,--,118566
2026-05-04 16:52:19.212,--,--,--,--,--,--,--,--,--,--,--,--,--,--,--,--,--,--,--,--,--,--,--,--,--,--,--,--,--,--,--,--,--,--,--,--,--,--,--,--,--,--,--,--,--,--,118571
2026-05-04 16:52:19.266,--,--,--,--,--,--,--,--,--,--,--,--,--,--,--,--,--,--,--,--,--,--,--,--,--,--,--,--,--,--,--,--,--,--,--,--,--,--,--,--,--,--,--,--,--,--,118576
2026-05-04 16:52:19.302,--,--,--,--,--,--,--,--,--,--,--,--,--,--,--,--,--,--,--,--,--,--,--,--,--,--,--,--,--,--,--,--,--,--,--,--,--,--,--,--,--,--,--,--,--,--,118581
2026-05-04 16:52:19.352,--,--,--,--,--,--,--,--,--,--,--,--,--,--,--,--,--,--,--,--,--,--,--,--,--,--,--,--,--,--,--,--,--,--,--,--,--,--,--,--,--,--,--,--,--,--,118586
2026-05-04 16:52:19.370,--,--,--,--,--,--,--,--,--,--,--,--,--,--,--,--,--,--,--,--,--,--,--,--,--,--,--,--,--,--,--,--,--,--,--,--,--,--,--,--,--,--,--,--,--,--,118591
2026-05-04 16:52:19.370,--,--,--,--,--,--,--,--,--,--,--,--,--,--,--,--,--,--,--,--,--,--,--,--,--,--,--,--,--,--,--,--,--,--,--,--,--,--,--,--,--,--,--,--,--,--,118596
2026-05-04 16:52:19.372,--,--,--,--,--,--,--,--,--,--,--,--,--,--,--,--,--,--,--,--,--,--,--,--,--,--,--,--,--,--,--,--,--,--,--,--,--,--,--,--,--,--,--,--,--,--,118601
2026-05-04 16:52:19.373,--,--,--,--,--,--,--,--,--,--,--,--,--,--,--,--,--,--,--,--,--,--,--,--,--,--,--,--,--,--,--,--,--,--,--,--,--,--,--,--,--,--,--,--,--,--,118606
2026-05-04 16:52:19.374,--,--,--,--,--,--,--,--,--,--,--,--,--,--,--,--,--,--,--,--,--,--,--,--,--,--,--,--,--,--,--,--,--,--,--,--,--,--,--,--,--,--,--,--,--,--,118611
2026-05-04 16:52:19.375,--,--,--,--,--,--,--,--,--,--,--,--,--,--,--,--,--,--,--,--,--,--,--,--,--,--,--,--,--,--,--,--,--,--,--,--,--,--,--,--,--,--,--,--,--,--,118616
2026-05-04 16:52:19.376,--,--,--,--,--,--,--,--,--,--,--,--,--,--,--,--,--,--,--,--,--,--,--,--,--,--,--,--,--,--,--,--,--,--,--,--,--,--,--,--,--,--,--,--,--,--,118621
2026-05-04 16:52:19.379,--,--,--,--,--,--,--,--,--,--,--,--,--,--,--,--,--,--,--,--,--,--,--,--,--,--,--,--,--,--,--,--,--,--,--,--,--,--,--,--,--,--,--,--,--,--,118626
2026-05-04 16:52:19.381,--,--,--,--,--,--,--,--,--,--,--,--,--,--,--,--,--,--,--,--,--,--,--,--,--,--,--,--,--,--,--,--,--,--,--,--,--,--,--,--,--,--,--,--,--,--,118631
2026-05-04 16:52:19.382,--,--,--,--,--,--,--,--,--,--,--,--,--,--,--,--,--,--,--,--,--,--,--,--,--,--,--,--,--,--,--,--,--,--,--,--,--,--,--,--,--,--,--,--,--,--,118636
2026-05-04 16:52:19.383,--,--,--,--,--,--,--,--,--,--,--,--,--,--,--,--,--,--,--,--,--,--,--,--,--,--,--,--,--,--,--,--,--,--,--,--,--,--,--,--,--,--,--,--,--,--,118641
2026-05-04 16:52:19.385,--,--,--,--,--,--,--,--,--,--,--,--,--,--,--,--,--,--,--,--,--,--,--,--,--,--,--,--,--,--,--,--,--,--,--,--,--,--,--,--,--,--,--,--,--,--,118646
2026-05-04 16:52:19.420,--,--,--,--,--,--,--,--,--,--,--,--,--,--,--,--,--,--,--,--,--,--,--,--,--,--,--,--,--,--,--,--,--,--,--,--,--,--,--,--,--,--,--,--,--,--,121296
2026-05-04 16:52:19.458,--,--,--,--,--,--,--,--,--,--,--,--,--,--,--,--,--,--,--,--,--,--,--,--,--,--,--,--,--,--,--,--,--,--,--,--,--,--,--,--,--,--,--,--,--,--,121301
2026-05-04 16:52:19.528,--,--,--,--,--,--,--,--,--,--,--,--,--,--,--,--,--,--,--,--,--,--,--,--,--,--,--,--,--,--,--,--,--,--,--,--,--,--,--,--,--,--,--,--,--,--,121306
2026-05-04 16:52:19.579,--,--,--,--,--,--,--,--,--,--,--,--,--,--,--,--,--,--,--,--,--,--,--,--,--,--,--,--,--,--,--,--,--,--,--,--,--,--,--,--,--,--,--,--,--,--,121311
2026-05-04 16:52:19.627,--,--,--,--,--,--,--,--,--,--,--,--,--,--,--,--,--,--,--,--,--,--,--,--,--,--,--,--,--,--,--,--,--,--,--,--,--,--,--,--,--,--,--,--,--,--,121316
2026-05-04 16:52:19.682,--,--,--,--,--,--,--,--,--,--,--,--,--,--,--,--,--,--,--,--,--,--,--,--,--,--,--,--,--,--,--,--,--,--,--,--,--,--,--,--,--,--,--,--,--,--,121321
2026-05-04 16:52:19.741,--,--,--,--,--,--,--,--,--,--,--,--,--,--,--,--,--,--,--,--,--,--,--,--,--,--,--,--,--,--,--,--,--,--,--,--,--,--,--,--,--,--,--,--,--,--,121326
2026-05-04 16:52:19.742,--,--,--,--,--,--,--,--,--,--,--,--,--,--,--,--,--,--,--,--,--,--,--,--,--,--,--,--,--,--,--,--,--,--,--,--,--,--,--,--,--,--,--,--,--,--,121331
2026-05-04 16:52:19.743,--,--,--,--,--,--,--,--,--,--,--,--,--,--,--,--,--,--,--,--,--,--,--,--,--,--,--,--,--,--,--,--,--,--,--,--,--,--,--,--,--,--,--,--,--,--,121336
2026-05-04 16:52:19.744,--,--,--,--,--,--,--,--,--,--,--,--,--,--,--,--,--,--,--,--,--,--,--,--,--,--,--,--,--,--,--,--,--,--,--,--,--,--,--,--,--,--,--,--,--,--,121341
2026-05-04 16:52:19.746,--,--,--,--,--,--,--,--,--,--,--,--,--,--,--,--,--,--,--,--,--,--,--,--,--,--,--,--,--,--,--,--,--,--,--,--,--,--,--,--,--,--,--,--,--,--,121346
2026-05-04 16:52:19.748,--,--,--,--,--,--,--,--,--,--,--,--,--,--,--,--,--,--,--,--,--,--,--,--,--,--,--,--,--,--,--,--,--,--,--,--,--,--,--,--,--,--,--,--,--,--,121351
2026-05-04 16:52:19.750,--,--,--,--,--,--,--,--,--,--,--,--,--,--,--,--,--,--,--,--,--,--,--,--,--,--,--,--,--,--,--,--,--,--,--,--,--,--,--,--,--,--,--,--,--,--,121356
2026-05-04 16:52:19.751,--,--,--,--,--,--,--,--,--,--,--,--,--,--,--,--,--,--,--,--,--,--,--,--,--,--,--,--,--,--,--,--,--,--,--,--,--,--,--,--,--,--,--,--,--,--,121361
2026-05-04 16:52:19.752,--,--,--,--,--,--,--,--,--,--,--,--,--,--,--,--,--,--,--,--,--,--,--,--,--,--,--,--,--,--,--,--,--,--,--,--,--,--,--,--,--,--,--,--,--,--,121366
2026-05-04 16:52:19.752,--,--,--,--,--,--,--,--,--,--,--,--,--,--,--,--,--,--,--,--,--,--,--,--,--,--,--,--,--,--,--,--,--,--,--,--,--,--,--,--,--,--,--,--,--,--,121371
2026-05-04 16:52:19.753,--,--,--,--,--,--,--,--,--,--,--,--,--,--,--,--,--,--,--,--,--,--,--,--,--,--,--,--,--,--,--,--,--,--,--,--,--,--,--,--,--,--,--,--,--,--,121376
2026-05-04 16:52:19.755,--,--,--,--,--,--,--,--,--,--,--,--,--,--,--,--,--,--,--,--,--,--,--,--,--,--,--,--,--,--,--,--,--,--,--,--,--,--,--,--,--,--,--,--,--,--,121379
2026-05-04 16:52:19.885,--,--,--,--,--,--,--,--,--,--,--,--,--,--,--,--,--,--,--,--,--,--,--,--,--,--,--,--,--,--,--,--,--,--,--,--,--,--,--,--,--,--,--,--,--,--,121380
2026-05-04 16:52:19.940,--,--,--,--,--,--,--,--,--,--,--,--,--,--,--,--,--,--,--,--,--,--,--,--,--,--,--,--,--,--,--,--,--,--,--,--,--,--,--,--,--,--,--,--,--,--,121385
2026-05-04 16:52:20.003,--,--,--,--,--,--,--,--,--,--,--,--,--,--,--,--,--,--,--,--,--,--,--,--,--,--,--,--,--,--,--,--,--,--,--,--,--,--,--,--,--,--,--,--,--,--,121390
2026-05-04 16:52:20.055,--,--,--,--,--,--,--,--,--,--,--,--,--,--,--,--,--,--,--,--,--,--,--,--,--,--,--,--,--,--,--,--,--,--,--,--,--,--,--,--,--,--,--,--,--,--,121395
2026-05-04 16:52:20.108,--,--,--,--,--,--,--,--,--,--,--,--,--,--,--,--,--,--,--,--,--,--,--,--,--,--,--,--,--,--,--,--,--,--,--,--,--,--,--,--,--,--,--,--,--,--,121400
2026-05-04 16:52:20.143,--,--,--,--,--,--,--,--,--,--,--,--,--,--,--,--,--,--,--,--,--,--,--,--,--,--,--,--,--,--,--,--,--,--,--,--,--,--,--,--,--,--,--,--,--,--,121405
2026-05-04 16:52:20.198,--,--,--,--,--,--,--,--,--,--,--,--,--,--,--,--,--,--,--,--,--,--,--,--,--,--,--,--,--,--,--,--,--,--,--,--,--,--,--,--,--,--,--,--,--,--,121410
2026-05-04 16:52:20.233,--,--,--,--,--,--,--,--,--,--,--,--,--,--,--,--,--,--,--,--,--,--,--,--,--,--,--,--,--,--,--,--,--,--,--,--,--,--,--,--,--,--,--,--,--,--,121415
2026-05-04 16:52:20.251,--,--,--,--,--,--,--,--,--,--,--,--,--,--,--,--,--,--,--,--,--,--,--,--,--,--,--,--,--,--,--,--,--,--,--,--,--,--,--,--,--,--,--,--,--,--,121420
2026-05-04 16:52:20.254,--,--,--,--,--,--,--,--,--,--,--,--,--,--,--,--,--,--,--,--,--,--,--,--,--,--,--,--,--,--,--,--,--,--,--,--,--,--,--,--,--,--,--,--,--,--,121425
2026-05-04 16:52:20.256,--,--,--,--,--,--,--,--,--,--,--,--,--,--,--,--,--,--,--,--,--,--,--,--,--,--,--,--,--,--,--,--,--,--,--,--,--,--,--,--,--,--,--,--,--,--,121430
2026-05-04 16:52:20.258,--,--,--,--,--,--,--,--,--,--,--,--,--,--,--,--,--,--,--,--,--,--,--,--,--,--,--,--,--,--,--,--,--,--,--,--,--,--,--,--,--,--,--,--,--,--,121435
2026-05-04 16:52:20.259,--,--,--,--,--,--,--,--,--,--,--,--,--,--,--,--,--,--,--,--,--,--,--,--,--,--,--,--,--,--,--,--,--,--,--,--,--,--,--,--,--,--,--,--,--,--,121440
2026-05-04 16:52:20.260,--,--,--,--,--,--,--,--,--,--,--,--,--,--,--,--,--,--,--,--,--,--,--,--,--,--,--,--,--,--,--,--,--,--,--,--,--,--,--,--,--,--,--,--,--,--,121445
2026-05-04 16:52:20.262,--,--,--,--,--,--,--,--,--,--,--,--,--,--,--,--,--,--,--,--,--,--,--,--,--,--,--,--,--,--,--,--,--,--,--,--,--,--,--,--,--,--,--,--,--,--,121450
2026-05-04 16:52:20.263,--,--,--,--,--,--,--,--,--,--,--,--,--,--,--,--,--,--,--,--,--,--,--,--,--,--,--,--,--,--,--,--,--,--,--,--,--,--,--,--,--,--,--,--,--,--,121455
2026-05-04 16:52:20.265,--,--,--,--,--,--,--,--,--,--,--,--,--,--,--,--,--,--,--,--,--,--,--,--,--,--,--,--,--,--,--,--,--,--,--,--,--,--,--,--,--,--,--,--,--,--,121460
2026-05-04 16:52:20.266,--,--,--,--,--,--,--,--,--,--,--,--,--,--,--,--,--,--,--,--,--,--,--,--,--,--,--,--,--,--,--,--,--,--,--,--,--,--,--,--,--,--,--,--,--,--,121465
2026-05-04 16:52:20.267,--,--,--,--,--,--,--,--,--,--,--,--,--,--,--,--,--,--,--,--,--,--,--,--,--,--,--,--,--,--,--,--,--,--,--,--,--,--,--,--,--,--,--,--,--,--,121470
2026-05-04 16:52:20.268,--,--,--,--,--,--,--,--,--,--,--,--,--,--,--,--,--,--,--,--,--,--,--,--,--,--,--,--,--,--,--,--,--,--,--,--,--,--,--,--,--,--,--,--,--,--,121475
2026-05-04 16:52:20.319,--,--,--,--,--,--,--,--,--,--,--,--,--,--,--,--,--,--,--,--,--,--,--,--,--,--,--,--,--,--,--,--,--,--,--,--,--,--,--,--,--,--,--,--,--,--,124885
2026-05-04 16:52:20.377,--,--,--,--,--,--,--,--,--,--,--,--,--,--,--,--,--,--,--,--,--,--,--,--,--,--,--,--,--,--,--,--,--,--,--,--,--,--,--,--,--,--,--,--,--,--,124890
2026-05-04 16:52:20.428,--,--,--,--,--,--,--,--,--,--,--,--,--,--,--,--,--,--,--,--,--,--,--,--,--,--,--,--,--,--,--,--,--,--,--,--,--,--,--,--,--,--,--,--,--,--,124895
2026-05-04 16:52:20.480,--,--,--,--,--,--,--,--,--,--,--,--,--,--,--,--,--,--,--,--,--,--,--,--,--,--,--,--,--,--,--,--,--,--,--,--,--,--,--,--,--,--,--,--,--,--,124900
2026-05-04 16:52:20.482,--,--,--,--,--,--,--,--,--,--,--,--,--,--,--,--,--,--,--,--,--,--,--,--,--,--,--,--,--,--,--,--,--,--,--,--,--,--,--,--,--,--,--,--,--,--,124905
2026-05-04 16:52:20.483,--,--,--,--,--,--,--,--,--,--,--,--,--,--,--,--,--,--,--,--,--,--,--,--,--,--,--,--,--,--,--,--,--,--,--,--,--,--,--,--,--,--,--,--,--,--,124910
2026-05-04 16:52:20.484,--,--,--,--,--,--,--,--,--,--,--,--,--,--,--,--,--,--,--,--,--,--,--,--,--,--,--,--,--,--,--,--,--,--,--,--,--,--,--,--,--,--,--,--,--,--,124915
2026-05-04 16:52:20.485,--,--,--,--,--,--,--,--,--,--,--,--,--,--,--,--,--,--,--,--,--,--,--,--,--,--,--,--,--,--,--,--,--,--,--,--,--,--,--,--,--,--,--,--,--,--,124920
2026-05-04 16:52:20.486,--,--,--,--,--,--,--,--,--,--,--,--,--,--,--,--,--,--,--,--,--,--,--,--,--,--,--,--,--,--,--,--,--,--,--,--,--,--,--,--,--,--,--,--,--,--,124925
2026-05-04 16:52:20.487,--,--,--,--,--,--,--,--,--,--,--,--,--,--,--,--,--,--,--,--,--,--,--,--,--,--,--,--,--,--,--,--,--,--,--,--,--,--,--,--,--,--,--,--,--,--,124926
2026-05-04 16:52:20.588,--,--,--,--,--,--,--,--,--,--,--,--,--,--,--,--,--,--,--,--,--,--,--,--,--,--,--,--,--,--,--,--,--,--,--,--,--,--,--,--,--,--,--,--,--,--,124927
2026-05-04 16:52:20.677,--,--,--,--,--,--,--,--,--,--,--,--,--,--,--,--,--,--,--,--,--,--,--,--,--,--,--,--,--,--,--,--,--,--,--,--,--,--,--,--,--,--,--,--,--,--,124932
2026-05-04 16:52:20.717,--,--,--,--,--,--,--,--,--,--,--,--,--,--,--,--,--,--,--,--,--,--,--,--,--,--,--,--,--,--,--,--,--,--,--,--,--,--,--,--,--,--,--,--,--,--,124937
2026-05-04 16:52:20.750,--,--,--,--,--,--,--,--,--,--,--,--,--,--,--,--,--,--,--,--,--,--,--,--,--,--,--,--,--,--,--,--,--,--,--,--,--,--,--,--,--,--,--,--,--,--,124942
2026-05-04 16:52:20.803,--,--,--,--,--,--,--,--,--,--,--,--,--,--,--,--,--,--,--,--,--,--,--,--,--,--,--,--,--,--,--,--,--,--,--,--,--,--,--,--,--,--,--,--,--,--,124947
2026-05-04 16:52:20.838,--,--,--,--,--,--,--,--,--,--,--,--,--,--,--,--,--,--,--,--,--,--,--,--,--,--,--,--,--,--,--,--,--,--,--,--,--,--,--,--,--,--,--,--,--,--,124952
2026-05-04 16:52:20.915,--,--,--,--,--,--,--,--,--,--,--,--,--,--,--,--,--,--,--,--,--,--,--,--,--,--,--,--,--,--,--,--,--,--,--,--,--,--,--,--,--,--,--,--,--,--,124957
2026-05-04 16:52:20.948,--,--,--,--,--,--,--,--,--,--,--,--,--,--,--,--,--,--,--,--,--,--,--,--,--,--,--,--,--,--,--,--,--,--,--,--,--,--,--,--,--,--,--,--,--,--,124962
2026-05-04 16:52:20.966,--,--,--,--,--,--,--,--,--,--,--,--,--,--,--,--,--,--,--,--,--,--,--,--,--,--,--,--,--,--,--,--,--,--,--,--,--,--,--,--,--,--,--,--,--,--,124967
2026-05-04 16:52:20.967,--,--,--,--,--,--,--,--,--,--,--,--,--,--,--,--,--,--,--,--,--,--,--,--,--,--,--,--,--,--,--,--,--,--,--,--,--,--,--,--,--,--,--,--,--,--,124972
2026-05-04 16:52:20.968,--,--,--,--,--,--,--,--,--,--,--,--,--,--,--,--,--,--,--,--,--,--,--,--,--,--,--,--,--,--,--,--,--,--,--,--,--,--,--,--,--,--,--,--,--,--,124977
2026-05-04 16:52:20.969,--,--,--,--,--,--,--,--,--,--,--,--,--,--,--,--,--,--,--,--,--,--,--,--,--,--,--,--,--,--,--,--,--,--,--,--,--,--,--,--,--,--,--,--,--,--,124982
2026-05-04 16:52:20.971,--,--,--,--,--,--,--,--,--,--,--,--,--,--,--,--,--,--,--,--,--,--,--,--,--,--,--,--,--,--,--,--,--,--,--,--,--,--,--,--,--,--,--,--,--,--,124987
2026-05-04 16:52:20.972,--,--,--,--,--,--,--,--,--,--,--,--,--,--,--,--,--,--,--,--,--,--,--,--,--,--,--,--,--,--,--,--,--,--,--,--,--,--,--,--,--,--,--,--,--,--,124992
2026-05-04 16:52:20.973,--,--,--,--,--,--,--,--,--,--,--,--,--,--,--,--,--,--,--,--,--,--,--,--,--,--,--,--,--,--,--,--,--,--,--,--,--,--,--,--,--,--,--,--,--,--,124997
2026-05-04 16:52:20.975,--,--,--,--,--,--,--,--,--,--,--,--,--,--,--,--,--,--,--,--,--,--,--,--,--,--,--,--,--,--,--,--,--,--,--,--,--,--,--,--,--,--,--,--,--,--,125002
2026-05-04 16:52:20.977,--,--,--,--,--,--,--,--,--,--,--,--,--,--,--,--,--,--,--,--,--,--,--,--,--,--,--,--,--,--,--,--,--,--,--,--,--,--,--,--,--,--,--,--,--,--,125007
2026-05-04 16:52:20.978,--,--,--,--,--,--,--,--,--,--,--,--,--,--,--,--,--,--,--,--,--,--,--,--,--,--,--,--,--,--,--,--,--,--,--,--,--,--,--,--,--,--,--,--,--,--,125012
2026-05-04 16:52:20.980,--,--,--,--,--,--,--,--,--,--,--,--,--,--,--,--,--,--,--,--,--,--,--,--,--,--,--,--,--,--,--,--,--,--,--,--,--,--,--,--,--,--,--,--,--,--,125017
2026-05-04 16:52:20.981,--,--,--,--,--,--,--,--,--,--,--,--,--,--,--,--,--,--,--,--,--,--,--,--,--,--,--,--,--,--,--,--,--,--,--,--,--,--,--,--,--,--,--,--,--,--,125022
2026-05-04 16:52:21.026,--,--,--,--,--,--,--,--,--,--,--,--,--,--,--,--,--,--,--,--,--,--,--,--,--,--,--,--,--,--,--,--,--,--,--,--,--,--,--,--,--,--,--,--,--,--,127714
2026-05-04 16:52:21.074,--,--,--,--,--,--,--,--,--,--,--,--,--,--,--,--,--,--,--,--,--,--,--,--,--,--,--,--,--,--,--,--,--,--,--,--,--,--,--,--,--,--,--,--,--,--,127719
2026-05-04 16:52:21.145,--,--,--,--,--,--,--,--,--,--,--,--,--,--,--,--,--,--,--,--,--,--,--,--,--,--,--,--,--,--,--,--,--,--,--,--,--,--,--,--,--,--,--,--,--,--,127724
2026-05-04 16:52:21.177,--,--,--,--,--,--,--,--,--,--,--,--,--,--,--,--,--,--,--,--,--,--,--,--,--,--,--,--,--,--,--,--,--,--,--,--,--,--,--,--,--,--,--,--,--,--,127729
2026-05-04 16:52:21.178,--,--,--,--,--,--,--,--,--,--,--,--,--,--,--,--,--,--,--,--,--,--,--,--,--,--,--,--,--,--,--,--,--,--,--,--,--,--,--,--,--,--,--,--,--,--,127734
2026-05-04 16:52:21.179,--,--,--,--,--,--,--,--,--,--,--,--,--,--,--,--,--,--,--,--,--,--,--,--,--,--,--,--,--,--,--,--,--,--,--,--,--,--,--,--,--,--,--,--,--,--,127739
2026-05-04 16:52:21.181,--,--,--,--,--,--,--,--,--,--,--,--,--,--,--,--,--,--,--,--,--,--,--,--,--,--,--,--,--,--,--,--,--,--,--,--,--,--,--,--,--,--,--,--,--,--,127744
2026-05-04 16:52:21.182,--,--,--,--,--,--,--,--,--,--,--,--,--,--,--,--,--,--,--,--,--,--,--,--,--,--,--,--,--,--,--,--,--,--,--,--,--,--,--,--,--,--,--,--,--,--,127749
2026-05-04 16:52:21.184,--,--,--,--,--,--,--,--,--,--,--,--,--,--,--,--,--,--,--,--,--,--,--,--,--,--,--,--,--,--,--,--,--,--,--,--,--,--,--,--,--,--,--,--,--,--,127754
2026-05-04 16:52:21.185,--,--,--,--,--,--,--,--,--,--,--,--,--,--,--,--,--,--,--,--,--,--,--,--,--,--,--,--,--,--,--,--,--,--,--,--,--,--,--,--,--,--,--,--,--,--,127756
2026-05-04 16:52:21.306,--,--,--,--,--,--,--,--,--,--,--,--,--,--,--,--,--,--,--,--,--,--,--,--,--,--,--,--,--,--,--,--,--,--,--,--,--,--,--,--,--,--,--,--,--,--,127757
2026-05-04 16:52:21.359,--,--,--,--,--,--,--,--,--,--,--,--,--,--,--,--,--,--,--,--,--,--,--,--,--,--,--,--,--,--,--,--,--,--,--,--,--,--,--,--,--,--,--,--,--,--,127762
2026-05-04 16:52:21.414,--,--,--,--,--,--,--,--,--,--,--,--,--,--,--,--,--,--,--,--,--,--,--,--,--,--,--,--,--,--,--,--,--,--,--,--,--,--,--,--,--,--,--,--,--,--,127767
2026-05-04 16:52:21.487,--,--,--,--,--,--,--,--,--,--,--,--,--,--,--,--,--,--,--,--,--,--,--,--,--,--,--,--,--,--,--,--,--,--,--,--,--,--,--,--,--,--,--,--,--,--,127772
2026-05-04 16:52:21.524,--,--,--,--,--,--,--,--,--,--,--,--,--,--,--,--,--,--,--,--,--,--,--,--,--,--,--,--,--,--,--,--,--,--,--,--,--,--,--,--,--,--,--,--,--,--,127777
2026-05-04 16:52:21.593,--,--,--,--,--,--,--,--,--,--,--,--,--,--,--,--,--,--,--,--,--,--,--,--,--,--,--,--,--,--,--,--,--,--,--,--,--,--,--,--,--,--,--,--,--,--,127782
2026-05-04 16:52:21.649,--,--,--,--,--,--,--,--,--,--,--,--,--,--,--,--,--,--,--,--,--,--,--,--,--,--,--,--,--,--,--,--,--,--,--,--,--,--,--,--,--,--,--,--,--,--,127787
2026-05-04 16:52:21.669,--,--,--,--,--,--,--,--,--,--,--,--,--,--,--,--,--,--,--,--,--,--,--,--,--,--,--,--,--,--,--,--,--,--,--,--,--,--,--,--,--,--,--,--,--,--,127792
2026-05-04 16:52:21.671,--,--,--,--,--,--,--,--,--,--,--,--,--,--,--,--,--,--,--,--,--,--,--,--,--,--,--,--,--,--,--,--,--,--,--,--,--,--,--,--,--,--,--,--,--,--,127797
2026-05-04 16:52:21.673,--,--,--,--,--,--,--,--,--,--,--,--,--,--,--,--,--,--,--,--,--,--,--,--,--,--,--,--,--,--,--,--,--,--,--,--,--,--,--,--,--,--,--,--,--,--,127802
2026-05-04 16:52:21.674,--,--,--,--,--,--,--,--,--,--,--,--,--,--,--,--,--,--,--,--,--,--,--,--,--,--,--,--,--,--,--,--,--,--,--,--,--,--,--,--,--,--,--,--,--,--,127807
2026-05-04 16:52:21.675,--,--,--,--,--,--,--,--,--,--,--,--,--,--,--,--,--,--,--,--,--,--,--,--,--,--,--,--,--,--,--,--,--,--,--,--,--,--,--,--,--,--,--,--,--,--,127812
2026-05-04 16:52:21.676,--,--,--,--,--,--,--,--,--,--,--,--,--,--,--,--,--,--,--,--,--,--,--,--,--,--,--,--,--,--,--,--,--,--,--,--,--,--,--,--,--,--,--,--,--,--,127817
2026-05-04 16:52:21.677,--,--,--,--,--,--,--,--,--,--,--,--,--,--,--,--,--,--,--,--,--,--,--,--,--,--,--,--,--,--,--,--,--,--,--,--,--,--,--,--,--,--,--,--,--,--,127822
2026-05-04 16:52:21.678,--,--,--,--,--,--,--,--,--,--,--,--,--,--,--,--,--,--,--,--,--,--,--,--,--,--,--,--,--,--,--,--,--,--,--,--,--,--,--,--,--,--,--,--,--,--,127827
2026-05-04 16:52:21.679,--,--,--,--,--,--,--,--,--,--,--,--,--,--,--,--,--,--,--,--,--,--,--,--,--,--,--,--,--,--,--,--,--,--,--,--,--,--,--,--,--,--,--,--,--,--,127832
2026-05-04 16:52:21.681,--,--,--,--,--,--,--,--,--,--,--,--,--,--,--,--,--,--,--,--,--,--,--,--,--,--,--,--,--,--,--,--,--,--,--,--,--,--,--,--,--,--,--,--,--,--,127837
2026-05-04 16:52:21.700,--,--,--,--,--,--,--,--,--,--,--,--,--,--,--,--,--,--,--,--,--,--,--,--,--,--,--,--,--,--,--,--,--,--,--,--,--,--,--,--,--,--,--,--,--,--,127842
2026-05-04 16:52:21.701,--,--,--,--,--,--,--,--,--,--,--,--,--,--,--,--,--,--,--,--,--,--,--,--,--,--,--,--,--,--,--,--,--,--,--,--,--,--,--,--,--,--,--,--,--,--,127847
2026-05-04 16:52:21.703,--,--,--,--,--,--,--,--,--,--,--,--,--,--,--,--,--,--,--,--,--,--,--,--,--,--,--,--,--,--,--,--,--,--,--,--,--,--,--,--,--,--,--,--,--,--,127852
2026-05-04 16:52:21.737,--,--,--,--,--,--,--,--,--,--,--,--,--,--,--,--,--,--,--,--,--,--,--,--,--,--,--,--,--,--,--,--,--,--,--,--,--,--,--,--,--,--,--,--,--,--,130501
2026-05-04 16:52:21.807,--,--,--,--,--,--,--,--,--,--,--,--,--,--,--,--,--,--,--,--,--,--,--,--,--,--,--,--,--,--,--,--,--,--,--,--,--,--,--,--,--,--,--,--,--,--,130506
2026-05-04 16:52:21.891,--,--,--,--,--,--,--,--,--,--,--,--,--,--,--,--,--,--,--,--,--,--,--,--,--,--,--,--,--,--,--,--,--,--,--,--,--,--,--,--,--,--,--,--,--,--,130511
2026-05-04 16:52:21.894,--,--,--,--,--,--,--,--,--,--,--,--,--,--,--,--,--,--,--,--,--,--,--,--,--,--,--,--,--,--,--,--,--,--,--,--,--,--,--,--,--,--,--,--,--,--,130516
2026-05-04 16:52:21.899,--,--,--,--,--,--,--,--,--,--,--,--,--,--,--,--,--,--,--,--,--,--,--,--,--,--,--,--,--,--,--,--,--,--,--,--,--,--,--,--,--,--,--,--,--,--,130521
2026-05-04 16:52:21.903,--,--,--,--,--,--,--,--,--,--,--,--,--,--,--,--,--,--,--,--,--,--,--,--,--,--,--,--,--,--,--,--,--,--,--,--,--,--,--,--,--,--,--,--,--,--,130526
2026-05-04 16:52:21.907,--,--,--,--,--,--,--,--,--,--,--,--,--,--,--,--,--,--,--,--,--,--,--,--,--,--,--,--,--,--,--,--,--,--,--,--,--,--,--,--,--,--,--,--,--,--,130531
2026-05-04 16:52:21.910,--,--,--,--,--,--,--,--,--,--,--,--,--,--,--,--,--,--,--,--,--,--,--,--,--,--,--,--,--,--,--,--,--,--,--,--,--,--,--,--,--,--,--,--,--,--,130536
2026-05-04 16:52:21.915,--,--,--,--,--,--,--,--,--,--,--,--,--,--,--,--,--,--,--,--,--,--,--,--,--,--,--,--,--,--,--,--,--,--,--,--,--,--,--,--,--,--,--,--,--,--,130541
2026-05-04 16:52:21.918,--,--,--,--,--,--,--,--,--,--,--,--,--,--,--,--,--,--,--,--,--,--,--,--,--,--,--,--,--,--,--,--,--,--,--,--,--,--,--,--,--,--,--,--,--,--,130543
2026-05-04 16:52:21.998,--,--,--,--,--,--,--,--,--,--,--,--,--,--,--,--,--,--,--,--,--,--,--,--,--,--,--,--,--,--,--,--,--,--,--,--,--,--,--,--,--,--,--,--,--,--,130544
2026-05-04 16:52:22.064,--,--,--,--,--,--,--,--,--,--,--,--,--,--,--,--,--,--,--,--,--,--,--,--,--,--,--,--,--,--,--,--,--,--,--,--,--,--,--,--,--,--,--,--,--,--,130549
2026-05-04 16:52:22.117,--,--,--,--,--,--,--,--,--,--,--,--,--,--,--,--,--,--,--,--,--,--,--,--,--,--,--,--,--,--,--,--,--,--,--,--,--,--,--,--,--,--,--,--,--,--,130554
2026-05-04 16:52:22.171,--,--,--,--,--,--,--,--,--,--,--,--,--,--,--,--,--,--,--,--,--,--,--,--,--,--,--,--,--,--,--,--,--,--,--,--,--,--,--,--,--,--,--,--,--,--,130559
2026-05-04 16:52:22.238,--,--,--,--,--,--,--,--,--,--,--,--,--,--,--,--,--,--,--,--,--,--,--,--,--,--,--,--,--,--,--,--,--,--,--,--,--,--,--,--,--,--,--,--,--,--,130564
2026-05-04 16:52:22.305,--,--,--,--,--,--,--,--,--,--,--,--,--,--,--,--,--,--,--,--,--,--,--,--,--,--,--,--,--,--,--,--,--,--,--,--,--,--,--,--,--,--,--,--,--,--,130569
2026-05-04 16:52:22.323,--,--,--,--,--,--,--,--,--,--,--,--,--,--,--,--,--,--,--,--,--,--,--,--,--,--,--,--,--,--,--,--,--,--,--,--,--,--,--,--,--,--,--,--,--,--,130574
2026-05-04 16:52:22.324,--,--,--,--,--,--,--,--,--,--,--,--,--,--,--,--,--,--,--,--,--,--,--,--,--,--,--,--,--,--,--,--,--,--,--,--,--,--,--,--,--,--,--,--,--,--,130579
2026-05-04 16:52:22.325,--,--,--,--,--,--,--,--,--,--,--,--,--,--,--,--,--,--,--,--,--,--,--,--,--,--,--,--,--,--,--,--,--,--,--,--,--,--,--,--,--,--,--,--,--,--,130584
2026-05-04 16:52:22.326,--,--,--,--,--,--,--,--,--,--,--,--,--,--,--,--,--,--,--,--,--,--,--,--,--,--,--,--,--,--,--,--,--,--,--,--,--,--,--,--,--,--,--,--,--,--,130589
2026-05-04 16:52:22.328,--,--,--,--,--,--,--,--,--,--,--,--,--,--,--,--,--,--,--,--,--,--,--,--,--,--,--,--,--,--,--,--,--,--,--,--,--,--,--,--,--,--,--,--,--,--,130594
2026-05-04 16:52:22.329,--,--,--,--,--,--,--,--,--,--,--,--,--,--,--,--,--,--,--,--,--,--,--,--,--,--,--,--,--,--,--,--,--,--,--,--,--,--,--,--,--,--,--,--,--,--,130599
2026-05-04 16:52:22.330,--,--,--,--,--,--,--,--,--,--,--,--,--,--,--,--,--,--,--,--,--,--,--,--,--,--,--,--,--,--,--,--,--,--,--,--,--,--,--,--,--,--,--,--,--,--,130604
2026-05-04 16:52:22.331,--,--,--,--,--,--,--,--,--,--,--,--,--,--,--,--,--,--,--,--,--,--,--,--,--,--,--,--,--,--,--,--,--,--,--,--,--,--,--,--,--,--,--,--,--,--,130609
2026-05-04 16:52:22.332,--,--,--,--,--,--,--,--,--,--,--,--,--,--,--,--,--,--,--,--,--,--,--,--,--,--,--,--,--,--,--,--,--,--,--,--,--,--,--,--,--,--,--,--,--,--,130614
2026-05-04 16:52:22.333,--,--,--,--,--,--,--,--,--,--,--,--,--,--,--,--,--,--,--,--,--,--,--,--,--,--,--,--,--,--,--,--,--,--,--,--,--,--,--,--,--,--,--,--,--,--,130619
2026-05-04 16:52:22.334,--,--,--,--,--,--,--,--,--,--,--,--,--,--,--,--,--,--,--,--,--,--,--,--,--,--,--,--,--,--,--,--,--,--,--,--,--,--,--,--,--,--,--,--,--,--,130624
2026-05-04 16:52:22.335,--,--,--,--,--,--,--,--,--,--,--,--,--,--,--,--,--,--,--,--,--,--,--,--,--,--,--,--,--,--,--,--,--,--,--,--,--,--,--,--,--,--,--,--,--,--,130629
2026-05-04 16:52:22.336,--,--,--,--,--,--,--,--,--,--,--,--,--,--,--,--,--,--,--,--,--,--,--,--,--,--,--,--,--,--,--,--,--,--,--,--,--,--,--,--,--,--,--,--,--,--,130634
2026-05-04 16:52:22.338,--,--,--,--,--,--,--,--,--,--,--,--,--,--,--,--,--,--,--,--,--,--,--,--,--,--,--,--,--,--,--,--,--,--,--,--,--,--,--,--,--,--,--,--,--,--,130639
2026-05-04 16:52:22.391,--,--,--,--,--,--,--,--,--,--,--,--,--,--,--,--,--,--,--,--,--,--,--,--,--,--,--,--,--,--,--,--,--,--,--,--,--,--,--,--,--,--,--,--,--,--,132190
2026-05-04 16:52:22.460,--,--,--,--,--,--,--,--,--,--,--,--,--,--,--,--,--,--,--,--,--,--,--,--,--,--,--,--,--,--,--,--,--,--,--,--,--,--,--,--,--,--,--,--,--,--,132195
2026-05-04 16:52:22.543,--,--,--,--,--,--,--,--,--,--,--,--,--,--,--,--,--,--,--,--,--,--,--,--,--,--,--,--,--,--,--,--,--,--,--,--,--,--,--,--,--,--,--,--,--,--,132200
2026-05-04 16:52:22.615,--,--,--,--,--,--,--,--,--,--,--,--,--,--,--,--,--,--,--,--,--,--,--,--,--,--,--,--,--,--,--,--,--,--,--,--,--,--,--,--,--,--,--,--,--,--,132205
2026-05-04 16:52:22.668,--,--,--,--,--,--,--,--,--,--,--,--,--,--,--,--,--,--,--,--,--,--,--,--,--,--,--,--,--,--,--,--,--,--,--,--,--,--,--,--,--,--,--,--,--,--,132210
2026-05-04 16:52:22.717,--,--,--,--,--,--,--,--,--,--,--,--,--,--,--,--,--,--,--,--,--,--,--,--,--,--,--,--,--,--,--,--,--,--,--,--,--,--,--,--,--,--,--,--,--,--,132215
2026-05-04 16:52:22.719,--,--,--,--,--,--,--,--,--,--,--,--,--,--,--,--,--,--,--,--,--,--,--,--,--,--,--,--,--,--,--,--,--,--,--,--,--,--,--,--,--,--,--,--,--,--,132220
2026-05-04 16:52:22.720,--,--,--,--,--,--,--,--,--,--,--,--,--,--,--,--,--,--,--,--,--,--,--,--,--,--,--,--,--,--,--,--,--,--,--,--,--,--,--,--,--,--,--,--,--,--,132225
2026-05-04 16:52:22.721,--,--,--,--,--,--,--,--,--,--,--,--,--,--,--,--,--,--,--,--,--,--,--,--,--,--,--,--,--,--,--,--,--,--,--,--,--,--,--,--,--,--,--,--,--,--,132230
2026-05-04 16:52:22.722,--,--,--,--,--,--,--,--,--,--,--,--,--,--,--,--,--,--,--,--,--,--,--,--,--,--,--,--,--,--,--,--,--,--,--,--,--,--,--,--,--,--,--,--,--,--,132235
2026-05-04 16:52:22.724,--,--,--,--,--,--,--,--,--,--,--,--,--,--,--,--,--,--,--,--,--,--,--,--,--,--,--,--,--,--,--,--,--,--,--,--,--,--,--,--,--,--,--,--,--,--,132240
2026-05-04 16:52:22.725,--,--,--,--,--,--,--,--,--,--,--,--,--,--,--,--,--,--,--,--,--,--,--,--,--,--,--,--,--,--,--,--,--,--,--,--,--,--,--,--,--,--,--,--,--,--,132245
2026-05-04 16:52:22.726,--,--,--,--,--,--,--,--,--,--,--,--,--,--,--,--,--,--,--,--,--,--,--,--,--,--,--,--,--,--,--,--,--,--,--,--,--,--,--,--,--,--,--,--,--,--,132250
2026-05-04 16:52:22.728,--,--,--,--,--,--,--,--,--,--,--,--,--,--,--,--,--,--,--,--,--,--,--,--,--,--,--,--,--,--,--,--,--,--,--,--,--,--,--,--,--,--,--,--,--,--,132255
2026-05-04 16:52:22.730,--,--,--,--,--,--,--,--,--,--,--,--,--,--,--,--,--,--,--,--,--,--,--,--,--,--,--,--,--,--,--,--,--,--,--,--,--,--,--,--,--,--,--,--,--,--,132260
2026-05-04 16:52:22.731,--,--,--,--,--,--,--,--,--,--,--,--,--,--,--,--,--,--,--,--,--,--,--,--,--,--,--,--,--,--,--,--,--,--,--,--,--,--,--,--,--,--,--,--,--,--,132265
2026-05-04 16:52:22.733,--,--,--,--,--,--,--,--,--,--,--,--,--,--,--,--,--,--,--,--,--,--,--,--,--,--,--,--,--,--,--,--,--,--,--,--,--,--,--,--,--,--,--,--,--,--,132270
2026-05-04 16:52:22.735,--,--,--,--,--,--,--,--,--,--,--,--,--,--,--,--,--,--,--,--,--,--,--,--,--,--,--,--,--,--,--,--,--,--,--,--,--,--,--,--,--,--,--,--,--,--,132275
2026-05-04 16:52:22.736,--,--,--,--,--,--,--,--,--,--,--,--,--,--,--,--,--,--,--,--,--,--,--,--,--,--,--,--,--,--,--,--,--,--,--,--,--,--,--,--,--,--,--,--,--,--,132280
2026-05-04 16:52:22.737,--,--,--,--,--,--,--,--,--,--,--,--,--,--,--,--,--,--,--,--,--,--,--,--,--,--,--,--,--,--,--,--,--,--,--,--,--,--,--,--,--,--,--,--,--,--,132285
2026-05-04 16:52:22.870,--,--,--,--,--,--,--,--,--,--,--,--,--,--,--,--,--,--,--,--,--,--,--,--,--,--,--,--,--,--,--,--,--,--,--,--,--,--,--,--,--,--,--,--,--,--,133162
2026-05-04 16:52:22.925,--,--,--,--,--,--,--,--,--,--,--,--,--,--,--,--,--,--,--,--,--,--,--,--,--,--,--,--,--,--,--,--,--,--,--,--,--,--,--,--,--,--,--,--,--,--,133167
2026-05-04 16:52:22.963,--,--,--,--,--,--,--,--,--,--,--,--,--,--,--,--,--,--,--,--,--,--,--,--,--,--,--,--,--,--,--,--,--,--,--,--,--,--,--,--,--,--,--,--,--,--,133172
2026-05-04 16:52:22.996,--,--,--,--,--,--,--,--,--,--,--,--,--,--,--,--,--,--,--,--,--,--,--,--,--,--,--,--,--,--,--,--,--,--,--,--,--,--,--,--,--,--,--,--,--,--,133177
2026-05-04 16:52:23.032,--,--,--,--,--,--,--,--,--,--,--,--,--,--,--,--,--,--,--,--,--,--,--,--,--,--,--,--,--,--,--,--,--,--,--,--,--,--,--,--,--,--,--,--,--,--,133182
2026-05-04 16:52:23.066,--,--,--,--,--,--,--,--,--,--,--,--,--,--,--,--,--,--,--,--,--,--,--,--,--,--,--,--,--,--,--,--,--,--,--,--,--,--,--,--,--,--,--,--,--,--,133187
2026-05-04 16:52:23.121,--,--,--,--,--,--,--,--,--,--,--,--,--,--,--,--,--,--,--,--,--,--,--,--,--,--,--,--,--,--,--,--,--,--,--,--,--,--,--,--,--,--,--,--,--,--,133192
2026-05-04 16:52:23.157,--,--,--,--,--,--,--,--,--,--,--,--,--,--,--,--,--,--,--,--,--,--,--,--,--,--,--,--,--,--,--,--,--,--,--,--,--,--,--,--,--,--,--,--,--,--,133197
2026-05-04 16:52:23.209,--,--,--,--,--,--,--,--,--,--,--,--,--,--,--,--,--,--,--,--,--,--,--,--,--,--,--,--,--,--,--,--,--,--,--,--,--,--,--,--,--,--,--,--,--,--,133202
2026-05-04 16:52:23.234,--,--,--,--,--,--,--,--,--,--,--,--,--,--,--,--,--,--,--,--,--,--,--,--,--,--,--,--,--,--,--,--,--,--,--,--,--,--,--,--,--,--,--,--,--,--,133207
2026-05-04 16:52:23.235,--,--,--,--,--,--,--,--,--,--,--,--,--,--,--,--,--,--,--,--,--,--,--,--,--,--,--,--,--,--,--,--,--,--,--,--,--,--,--,--,--,--,--,--,--,--,133212
2026-05-04 16:52:23.237,--,--,--,--,--,--,--,--,--,--,--,--,--,--,--,--,--,--,--,--,--,--,--,--,--,--,--,--,--,--,--,--,--,--,--,--,--,--,--,--,--,--,--,--,--,--,133217
2026-05-04 16:52:23.238,--,--,--,--,--,--,--,--,--,--,--,--,--,--,--,--,--,--,--,--,--,--,--,--,--,--,--,--,--,--,--,--,--,--,--,--,--,--,--,--,--,--,--,--,--,--,133222
2026-05-04 16:52:23.240,--,--,--,--,--,--,--,--,--,--,--,--,--,--,--,--,--,--,--,--,--,--,--,--,--,--,--,--,--,--,--,--,--,--,--,--,--,--,--,--,--,--,--,--,--,--,133227
2026-05-04 16:52:23.241,--,--,--,--,--,--,--,--,--,--,--,--,--,--,--,--,--,--,--,--,--,--,--,--,--,--,--,--,--,--,--,--,--,--,--,--,--,--,--,--,--,--,--,--,--,--,133232
2026-05-04 16:52:23.242,--,--,--,--,--,--,--,--,--,--,--,--,--,--,--,--,--,--,--,--,--,--,--,--,--,--,--,--,--,--,--,--,--,--,--,--,--,--,--,--,--,--,--,--,--,--,133237
2026-05-04 16:52:23.244,--,--,--,--,--,--,--,--,--,--,--,--,--,--,--,--,--,--,--,--,--,--,--,--,--,--,--,--,--,--,--,--,--,--,--,--,--,--,--,--,--,--,--,--,--,--,133242
2026-05-04 16:52:23.245,--,--,--,--,--,--,--,--,--,--,--,--,--,--,--,--,--,--,--,--,--,--,--,--,--,--,--,--,--,--,--,--,--,--,--,--,--,--,--,--,--,--,--,--,--,--,133247
2026-05-04 16:52:23.246,--,--,--,--,--,--,--,--,--,--,--,--,--,--,--,--,--,--,--,--,--,--,--,--,--,--,--,--,--,--,--,--,--,--,--,--,--,--,--,--,--,--,--,--,--,--,133252
2026-05-04 16:52:23.247,--,--,--,--,--,--,--,--,--,--,--,--,--,--,--,--,--,--,--,--,--,--,--,--,--,--,--,--,--,--,--,--,--,--,--,--,--,--,--,--,--,--,--,--,--,--,133257
2026-05-04 16:52:23.316,--,--,--,--,--,--,--,--,--,--,--,--,--,--,--,--,--,--,--,--,--,--,--,--,--,--,--,--,--,--,--,--,--,--,--,--,--,--,--,--,--,--,--,--,--,--,136793
2026-05-04 16:52:23.353,--,--,--,--,--,--,--,--,--,--,--,--,--,--,--,--,--,--,--,--,--,--,--,--,--,--,--,--,--,--,--,--,--,--,--,--,--,--,--,--,--,--,--,--,--,--,136798
2026-05-04 16:52:23.402,--,--,--,--,--,--,--,--,--,--,--,--,--,--,--,--,--,--,--,--,--,--,--,--,--,--,--,--,--,--,--,--,--,--,--,--,--,--,--,--,--,--,--,--,--,--,136803
2026-05-04 16:52:23.453,--,--,--,--,--,--,--,--,--,--,--,--,--,--,--,--,--,--,--,--,--,--,--,--,--,--,--,--,--,--,--,--,--,--,--,--,--,--,--,--,--,--,--,--,--,--,136808
2026-05-04 16:52:23.455,--,--,--,--,--,--,--,--,--,--,--,--,--,--,--,--,--,--,--,--,--,--,--,--,--,--,--,--,--,--,--,--,--,--,--,--,--,--,--,--,--,--,--,--,--,--,136813
2026-05-04 16:52:23.456,--,--,--,--,--,--,--,--,--,--,--,--,--,--,--,--,--,--,--,--,--,--,--,--,--,--,--,--,--,--,--,--,--,--,--,--,--,--,--,--,--,--,--,--,--,--,136818
2026-05-04 16:52:23.458,--,--,--,--,--,--,--,--,--,--,--,--,--,--,--,--,--,--,--,--,--,--,--,--,--,--,--,--,--,--,--,--,--,--,--,--,--,--,--,--,--,--,--,--,--,--,136823
2026-05-04 16:52:23.460,--,--,--,--,--,--,--,--,--,--,--,--,--,--,--,--,--,--,--,--,--,--,--,--,--,--,--,--,--,--,--,--,--,--,--,--,--,--,--,--,--,--,--,--,--,--,136828
2026-05-04 16:52:23.461,--,--,--,--,--,--,--,--,--,--,--,--,--,--,--,--,--,--,--,--,--,--,--,--,--,--,--,--,--,--,--,--,--,--,--,--,--,--,--,--,--,--,--,--,--,--,136833
2026-05-04 16:52:23.462,--,--,--,--,--,--,--,--,--,--,--,--,--,--,--,--,--,--,--,--,--,--,--,--,--,--,--,--,--,--,--,--,--,--,--,--,--,--,--,--,--,--,--,--,--,--,136834
2026-05-04 16:52:23.572,--,--,--,--,--,--,--,--,--,--,--,--,--,--,--,--,--,--,--,--,--,--,--,--,--,--,--,--,--,--,--,--,--,--,--,--,--,--,--,--,--,--,--,--,--,--,136835
2026-05-04 16:52:23.607,--,--,--,--,--,--,--,--,--,--,--,--,--,--,--,--,--,--,--,--,--,--,--,--,--,--,--,--,--,--,--,--,--,--,--,--,--,--,--,--,--,--,--,--,--,--,136840
2026-05-04 16:52:23.661,--,--,--,--,--,--,--,--,--,--,--,--,--,--,--,--,--,--,--,--,--,--,--,--,--,--,--,--,--,--,--,--,--,--,--,--,--,--,--,--,--,--,--,--,--,--,136845
2026-05-04 16:52:23.695,--,--,--,--,--,--,--,--,--,--,--,--,--,--,--,--,--,--,--,--,--,--,--,--,--,--,--,--,--,--,--,--,--,--,--,--,--,--,--,--,--,--,--,--,--,--,136850
2026-05-04 16:52:23.750,--,--,--,--,--,--,--,--,--,--,--,--,--,--,--,--,--,--,--,--,--,--,--,--,--,--,--,--,--,--,--,--,--,--,--,--,--,--,--,--,--,--,--,--,--,--,136855
2026-05-04 16:52:23.817,--,--,--,--,--,--,--,--,--,--,--,--,--,--,--,--,--,--,--,--,--,--,--,--,--,--,--,--,--,--,--,--,--,--,--,--,--,--,--,--,--,--,--,--,--,--,136860
2026-05-04 16:52:23.869,--,--,--,--,--,--,--,--,--,--,--,--,--,--,--,--,--,--,--,--,--,--,--,--,--,--,--,--,--,--,--,--,--,--,--,--,--,--,--,--,--,--,--,--,--,--,136865
2026-05-04 16:52:23.906,--,--,--,--,--,--,--,--,--,--,--,--,--,--,--,--,--,--,--,--,--,--,--,--,--,--,--,--,--,--,--,--,--,--,--,--,--,--,--,--,--,--,--,--,--,--,136870
2026-05-04 16:52:23.907,--,--,--,--,--,--,--,--,--,--,--,--,--,--,--,--,--,--,--,--,--,--,--,--,--,--,--,--,--,--,--,--,--,--,--,--,--,--,--,--,--,--,--,--,--,--,136875
2026-05-04 16:52:23.909,--,--,--,--,--,--,--,--,--,--,--,--,--,--,--,--,--,--,--,--,--,--,--,--,--,--,--,--,--,--,--,--,--,--,--,--,--,--,--,--,--,--,--,--,--,--,136880
2026-05-04 16:52:23.910,--,--,--,--,--,--,--,--,--,--,--,--,--,--,--,--,--,--,--,--,--,--,--,--,--,--,--,--,--,--,--,--,--,--,--,--,--,--,--,--,--,--,--,--,--,--,136885
2026-05-04 16:52:23.911,--,--,--,--,--,--,--,--,--,--,--,--,--,--,--,--,--,--,--,--,--,--,--,--,--,--,--,--,--,--,--,--,--,--,--,--,--,--,--,--,--,--,--,--,--,--,136890
2026-05-04 16:52:23.912,--,--,--,--,--,--,--,--,--,--,--,--,--,--,--,--,--,--,--,--,--,--,--,--,--,--,--,--,--,--,--,--,--,--,--,--,--,--,--,--,--,--,--,--,--,--,136895
2026-05-04 16:52:23.913,--,--,--,--,--,--,--,--,--,--,--,--,--,--,--,--,--,--,--,--,--,--,--,--,--,--,--,--,--,--,--,--,--,--,--,--,--,--,--,--,--,--,--,--,--,--,136900
2026-05-04 16:52:23.914,--,--,--,--,--,--,--,--,--,--,--,--,--,--,--,--,--,--,--,--,--,--,--,--,--,--,--,--,--,--,--,--,--,--,--,--,--,--,--,--,--,--,--,--,--,--,136905
2026-05-04 16:52:23.916,--,--,--,--,--,--,--,--,--,--,--,--,--,--,--,--,--,--,--,--,--,--,--,--,--,--,--,--,--,--,--,--,--,--,--,--,--,--,--,--,--,--,--,--,--,--,136910
2026-05-04 16:52:23.917,--,--,--,--,--,--,--,--,--,--,--,--,--,--,--,--,--,--,--,--,--,--,--,--,--,--,--,--,--,--,--,--,--,--,--,--,--,--,--,--,--,--,--,--,--,--,136915
2026-05-04 16:52:23.918,--,--,--,--,--,--,--,--,--,--,--,--,--,--,--,--,--,--,--,--,--,--,--,--,--,--,--,--,--,--,--,--,--,--,--,--,--,--,--,--,--,--,--,--,--,--,136920
2026-05-04 16:52:23.920,--,--,--,--,--,--,--,--,--,--,--,--,--,--,--,--,--,--,--,--,--,--,--,--,--,--,--,--,--,--,--,--,--,--,--,--,--,--,--,--,--,--,--,--,--,--,136925
2026-05-04 16:52:23.921,--,--,--,--,--,--,--,--,--,--,--,--,--,--,--,--,--,--,--,--,--,--,--,--,--,--,--,--,--,--,--,--,--,--,--,--,--,--,--,--,--,--,--,--,--,--,136930
2026-05-04 16:52:23.973,--,--,--,--,--,--,--,--,--,--,--,--,--,--,--,--,--,--,--,--,--,--,--,--,--,--,--,--,--,--,--,--,--,--,--,--,--,--,--,--,--,--,--,--,--,--,139496
2026-05-04 16:52:24.026,--,--,--,--,--,--,--,--,--,--,--,--,--,--,--,--,--,--,--,--,--,--,--,--,--,--,--,--,--,--,--,--,--,--,--,--,--,--,--,--,--,--,--,--,--,--,139501
2026-05-04 16:52:24.078,--,--,--,--,--,--,--,--,--,--,--,--,--,--,--,--,--,--,--,--,--,--,--,--,--,--,--,--,--,--,--,--,--,--,--,--,--,--,--,--,--,--,--,--,--,--,139506
2026-05-04 16:52:24.114,--,--,--,--,--,--,--,--,--,--,--,--,--,--,--,--,--,--,--,--,--,--,--,--,--,--,--,--,--,--,--,--,--,--,--,--,--,--,--,--,--,--,--,--,--,--,139511
2026-05-04 16:52:24.168,--,--,--,--,--,--,--,--,--,--,--,--,--,--,--,--,--,--,--,--,--,--,--,--,--,--,--,--,--,--,--,--,--,--,--,--,--,--,--,--,--,--,--,--,--,--,139516
2026-05-04 16:52:24.251,--,--,--,--,--,--,--,--,--,--,--,--,--,--,--,--,--,--,--,--,--,--,--,--,--,--,--,--,--,--,--,--,--,--,--,--,--,--,--,--,--,--,--,--,--,--,139521
2026-05-04 16:52:24.268,--,--,--,--,--,--,--,--,--,--,--,--,--,--,--,--,--,--,--,--,--,--,--,--,--,--,--,--,--,--,--,--,--,--,--,--,--,--,--,--,--,--,--,--,--,--,139526
2026-05-04 16:52:24.269,--,--,--,--,--,--,--,--,--,--,--,--,--,--,--,--,--,--,--,--,--,--,--,--,--,--,--,--,--,--,--,--,--,--,--,--,--,--,--,--,--,--,--,--,--,--,139531
2026-05-04 16:52:24.270,--,--,--,--,--,--,--,--,--,--,--,--,--,--,--,--,--,--,--,--,--,--,--,--,--,--,--,--,--,--,--,--,--,--,--,--,--,--,--,--,--,--,--,--,--,--,139536
2026-05-04 16:52:24.271,--,--,--,--,--,--,--,--,--,--,--,--,--,--,--,--,--,--,--,--,--,--,--,--,--,--,--,--,--,--,--,--,--,--,--,--,--,--,--,--,--,--,--,--,--,--,139541
2026-05-04 16:52:24.272,--,--,--,--,--,--,--,--,--,--,--,--,--,--,--,--,--,--,--,--,--,--,--,--,--,--,--,--,--,--,--,--,--,--,--,--,--,--,--,--,--,--,--,--,--,--,139546
2026-05-04 16:52:24.272,--,--,--,--,--,--,--,--,--,--,--,--,--,--,--,--,--,--,--,--,--,--,--,--,--,--,--,--,--,--,--,--,--,--,--,--,--,--,--,--,--,--,--,--,--,--,139551
2026-05-04 16:52:24.274,--,--,--,--,--,--,--,--,--,--,--,--,--,--,--,--,--,--,--,--,--,--,--,--,--,--,--,--,--,--,--,--,--,--,--,--,--,--,--,--,--,--,--,--,--,--,139556
2026-05-04 16:52:24.276,--,--,--,--,--,--,--,--,--,--,--,--,--,--,--,--,--,--,--,--,--,--,--,--,--,--,--,--,--,--,--,--,--,--,--,--,--,--,--,--,--,--,--,--,--,--,139561
2026-05-04 16:52:24.276,--,--,--,--,--,--,--,--,--,--,--,--,--,--,--,--,--,--,--,--,--,--,--,--,--,--,--,--,--,--,--,--,--,--,--,--,--,--,--,--,--,--,--,--,--,--,139566
2026-05-04 16:52:24.277,--,--,--,--,--,--,--,--,--,--,--,--,--,--,--,--,--,--,--,--,--,--,--,--,--,--,--,--,--,--,--,--,--,--,--,--,--,--,--,--,--,--,--,--,--,--,139571
2026-05-04 16:52:24.279,--,--,--,--,--,--,--,--,--,--,--,--,--,--,--,--,--,--,--,--,--,--,--,--,--,--,--,--,--,--,--,--,--,--,--,--,--,--,--,--,--,--,--,--,--,--,139576
2026-05-04 16:52:24.282,--,--,--,--,--,--,--,--,--,--,--,--,--,--,--,--,--,--,--,--,--,--,--,--,--,--,--,--,--,--,--,--,--,--,--,--,--,--,--,--,--,--,--,--,--,--,139579
2026-05-04 16:52:24.444,--,--,--,--,--,--,--,--,--,--,--,--,--,--,--,--,--,--,--,--,--,--,--,--,--,--,--,--,--,--,--,--,--,--,--,--,--,--,--,--,--,--,--,--,--,--,139580
2026-05-04 16:52:24.497,--,--,--,--,--,--,--,--,--,--,--,--,--,--,--,--,--,--,--,--,--,--,--,--,--,--,--,--,--,--,--,--,--,--,--,--,--,--,--,--,--,--,--,--,--,--,139585
2026-05-04 16:52:24.536,--,--,--,--,--,--,--,--,--,--,--,--,--,--,--,--,--,--,--,--,--,--,--,--,--,--,--,--,--,--,--,--,--,--,--,--,--,--,--,--,--,--,--,--,--,--,139590
2026-05-04 16:52:24.604,--,--,--,--,--,--,--,--,--,--,--,--,--,--,--,--,--,--,--,--,--,--,--,--,--,--,--,--,--,--,--,--,--,--,--,--,--,--,--,--,--,--,--,--,--,--,139595
2026-05-04 16:52:24.675,--,--,--,--,--,--,--,--,--,--,--,--,--,--,--,--,--,--,--,--,--,--,--,--,--,--,--,--,--,--,--,--,--,--,--,--,--,--,--,--,--,--,--,--,--,--,139600
2026-05-04 16:52:24.729,--,--,--,--,--,--,--,--,--,--,--,--,--,--,--,--,--,--,--,--,--,--,--,--,--,--,--,--,--,--,--,--,--,--,--,--,--,--,--,--,--,--,--,--,--,--,139605
2026-05-04 16:52:24.778,--,--,--,--,--,--,--,--,--,--,--,--,--,--,--,--,--,--,--,--,--,--,--,--,--,--,--,--,--,--,--,--,--,--,--,--,--,--,--,--,--,--,--,--,--,--,139610
2026-05-04 16:52:24.780,--,--,--,--,--,--,--,--,--,--,--,--,--,--,--,--,--,--,--,--,--,--,--,--,--,--,--,--,--,--,--,--,--,--,--,--,--,--,--,--,--,--,--,--,--,--,139615
2026-05-04 16:52:24.781,--,--,--,--,--,--,--,--,--,--,--,--,--,--,--,--,--,--,--,--,--,--,--,--,--,--,--,--,--,--,--,--,--,--,--,--,--,--,--,--,--,--,--,--,--,--,139620
2026-05-04 16:52:24.783,--,--,--,--,--,--,--,--,--,--,--,--,--,--,--,--,--,--,--,--,--,--,--,--,--,--,--,--,--,--,--,--,--,--,--,--,--,--,--,--,--,--,--,--,--,--,139625
2026-05-04 16:52:24.785,--,--,--,--,--,--,--,--,--,--,--,--,--,--,--,--,--,--,--,--,--,--,--,--,--,--,--,--,--,--,--,--,--,--,--,--,--,--,--,--,--,--,--,--,--,--,139630
2026-05-04 16:52:24.786,--,--,--,--,--,--,--,--,--,--,--,--,--,--,--,--,--,--,--,--,--,--,--,--,--,--,--,--,--,--,--,--,--,--,--,--,--,--,--,--,--,--,--,--,--,--,139635
2026-05-04 16:52:24.788,--,--,--,--,--,--,--,--,--,--,--,--,--,--,--,--,--,--,--,--,--,--,--,--,--,--,--,--,--,--,--,--,--,--,--,--,--,--,--,--,--,--,--,--,--,--,139640
2026-05-04 16:52:24.789,--,--,--,--,--,--,--,--,--,--,--,--,--,--,--,--,--,--,--,--,--,--,--,--,--,--,--,--,--,--,--,--,--,--,--,--,--,--,--,--,--,--,--,--,--,--,139645
2026-05-04 16:52:24.790,--,--,--,--,--,--,--,--,--,--,--,--,--,--,--,--,--,--,--,--,--,--,--,--,--,--,--,--,--,--,--,--,--,--,--,--,--,--,--,--,--,--,--,--,--,--,139650
2026-05-04 16:52:24.791,--,--,--,--,--,--,--,--,--,--,--,--,--,--,--,--,--,--,--,--,--,--,--,--,--,--,--,--,--,--,--,--,--,--,--,--,--,--,--,--,--,--,--,--,--,--,139655
2026-05-04 16:52:24.792,--,--,--,--,--,--,--,--,--,--,--,--,--,--,--,--,--,--,--,--,--,--,--,--,--,--,--,--,--,--,--,--,--,--,--,--,--,--,--,--,--,--,--,--,--,--,139660
2026-05-04 16:52:24.793,--,--,--,--,--,--,--,--,--,--,--,--,--,--,--,--,--,--,--,--,--,--,--,--,--,--,--,--,--,--,--,--,--,--,--,--,--,--,--,--,--,--,--,--,--,--,139665
2026-05-04 16:52:24.796,--,--,--,--,--,--,--,--,--,--,--,--,--,--,--,--,--,--,--,--,--,--,--,--,--,--,--,--,--,--,--,--,--,--,--,--,--,--,--,--,--,--,--,--,--,--,139670
2026-05-04 16:52:24.798,--,--,--,--,--,--,--,--,--,--,--,--,--,--,--,--,--,--,--,--,--,--,--,--,--,--,--,--,--,--,--,--,--,--,--,--,--,--,--,--,--,--,--,--,--,--,139675
2026-05-04 16:52:24.845,--,--,--,--,--,--,--,--,--,--,--,--,--,--,--,--,--,--,--,--,--,--,--,--,--,--,--,--,--,--,--,--,--,--,--,--,--,--,--,--,--,--,--,--,--,--,142916
2026-05-04 16:52:24.916,--,--,--,--,--,--,--,--,--,--,--,--,--,--,--,--,--,--,--,--,--,--,--,--,--,--,--,--,--,--,--,--,--,--,--,--,--,--,--,--,--,--,--,--,--,--,142921
2026-05-04 16:52:24.950,--,--,--,--,--,--,--,--,--,--,--,--,--,--,--,--,--,--,--,--,--,--,--,--,--,--,--,--,--,--,--,--,--,--,--,--,--,--,--,--,--,--,--,--,--,--,142926
2026-05-04 16:52:25.000,--,--,--,--,--,--,--,--,--,--,--,--,--,--,--,--,--,--,--,--,--,--,--,--,--,--,--,--,--,--,--,--,--,--,--,--,--,--,--,--,--,--,--,--,--,--,142931
2026-05-04 16:52:25.002,--,--,--,--,--,--,--,--,--,--,--,--,--,--,--,--,--,--,--,--,--,--,--,--,--,--,--,--,--,--,--,--,--,--,--,--,--,--,--,--,--,--,--,--,--,--,142936
2026-05-04 16:52:25.004,--,--,--,--,--,--,--,--,--,--,--,--,--,--,--,--,--,--,--,--,--,--,--,--,--,--,--,--,--,--,--,--,--,--,--,--,--,--,--,--,--,--,--,--,--,--,142941
2026-05-04 16:52:25.005,--,--,--,--,--,--,--,--,--,--,--,--,--,--,--,--,--,--,--,--,--,--,--,--,--,--,--,--,--,--,--,--,--,--,--,--,--,--,--,--,--,--,--,--,--,--,142946
2026-05-04 16:52:25.006,--,--,--,--,--,--,--,--,--,--,--,--,--,--,--,--,--,--,--,--,--,--,--,--,--,--,--,--,--,--,--,--,--,--,--,--,--,--,--,--,--,--,--,--,--,--,142951
2026-05-04 16:52:25.007,--,--,--,--,--,--,--,--,--,--,--,--,--,--,--,--,--,--,--,--,--,--,--,--,--,--,--,--,--,--,--,--,--,--,--,--,--,--,--,--,--,--,--,--,--,--,142956
2026-05-04 16:52:25.008,--,--,--,--,--,--,--,--,--,--,--,--,--,--,--,--,--,--,--,--,--,--,--,--,--,--,--,--,--,--,--,--,--,--,--,--,--,--,--,--,--,--,--,--,--,--,142957
2026-05-04 16:52:25.161,--,--,--,--,--,--,--,--,--,--,--,--,--,--,--,--,--,--,--,--,--,--,--,--,--,--,--,--,--,--,--,--,--,--,--,--,--,--,--,--,--,--,--,--,--,--,142958
2026-05-04 16:52:25.197,--,--,--,--,--,--,--,--,--,--,--,--,--,--,--,--,--,--,--,--,--,--,--,--,--,--,--,--,--,--,--,--,--,--,--,--,--,--,--,--,--,--,--,--,--,--,142963
2026-05-04 16:52:25.231,--,--,--,--,--,--,--,--,--,--,--,--,--,--,--,--,--,--,--,--,--,--,--,--,--,--,--,--,--,--,--,--,--,--,--,--,--,--,--,--,--,--,--,--,--,--,142968
2026-05-04 16:52:25.288,--,--,--,--,--,--,--,--,--,--,--,--,--,--,--,--,--,--,--,--,--,--,--,--,--,--,--,--,--,--,--,--,--,--,--,--,--,--,--,--,--,--,--,--,--,--,142973
2026-05-04 16:52:25.340,--,--,--,--,--,--,--,--,--,--,--,--,--,--,--,--,--,--,--,--,--,--,--,--,--,--,--,--,--,--,--,--,--,--,--,--,--,--,--,--,--,--,--,--,--,--,142978
2026-05-04 16:52:25.392,--,--,--,--,--,--,--,--,--,--,--,--,--,--,--,--,--,--,--,--,--,--,--,--,--,--,--,--,--,--,--,--,--,--,--,--,--,--,--,--,--,--,--,--,--,--,142983
2026-05-04 16:52:25.442,--,--,--,--,--,--,--,--,--,--,--,--,--,--,--,--,--,--,--,--,--,--,--,--,--,--,--,--,--,--,--,--,--,--,--,--,--,--,--,--,--,--,--,--,--,--,142988
2026-05-04 16:52:25.475,--,--,--,--,--,--,--,--,--,--,--,--,--,--,--,--,--,--,--,--,--,--,--,--,--,--,--,--,--,--,--,--,--,--,--,--,--,--,--,--,--,--,--,--,--,--,142993
2026-05-04 16:52:25.476,--,--,--,--,--,--,--,--,--,--,--,--,--,--,--,--,--,--,--,--,--,--,--,--,--,--,--,--,--,--,--,--,--,--,--,--,--,--,--,--,--,--,--,--,--,--,142998
2026-05-04 16:52:25.478,--,--,--,--,--,--,--,--,--,--,--,--,--,--,--,--,--,--,--,--,--,--,--,--,--,--,--,--,--,--,--,--,--,--,--,--,--,--,--,--,--,--,--,--,--,--,143003
2026-05-04 16:52:25.479,--,--,--,--,--,--,--,--,--,--,--,--,--,--,--,--,--,--,--,--,--,--,--,--,--,--,--,--,--,--,--,--,--,--,--,--,--,--,--,--,--,--,--,--,--,--,143008
2026-05-04 16:52:25.482,--,--,--,--,--,--,--,--,--,--,--,--,--,--,--,--,--,--,--,--,--,--,--,--,--,--,--,--,--,--,--,--,--,--,--,--,--,--,--,--,--,--,--,--,--,--,143013
2026-05-04 16:52:25.484,--,--,--,--,--,--,--,--,--,--,--,--,--,--,--,--,--,--,--,--,--,--,--,--,--,--,--,--,--,--,--,--,--,--,--,--,--,--,--,--,--,--,--,--,--,--,143018
2026-05-04 16:52:25.485,--,--,--,--,--,--,--,--,--,--,--,--,--,--,--,--,--,--,--,--,--,--,--,--,--,--,--,--,--,--,--,--,--,--,--,--,--,--,--,--,--,--,--,--,--,--,143023
2026-05-04 16:52:25.485,--,--,--,--,--,--,--,--,--,--,--,--,--,--,--,--,--,--,--,--,--,--,--,--,--,--,--,--,--,--,--,--,--,--,--,--,--,--,--,--,--,--,--,--,--,--,143028
2026-05-04 16:52:25.487,--,--,--,--,--,--,--,--,--,--,--,--,--,--,--,--,--,--,--,--,--,--,--,--,--,--,--,--,--,--,--,--,--,--,--,--,--,--,--,--,--,--,--,--,--,--,143033
2026-05-04 16:52:25.488,--,--,--,--,--,--,--,--,--,--,--,--,--,--,--,--,--,--,--,--,--,--,--,--,--,--,--,--,--,--,--,--,--,--,--,--,--,--,--,--,--,--,--,--,--,--,143038
2026-05-04 16:52:25.489,--,--,--,--,--,--,--,--,--,--,--,--,--,--,--,--,--,--,--,--,--,--,--,--,--,--,--,--,--,--,--,--,--,--,--,--,--,--,--,--,--,--,--,--,--,--,143043
2026-05-04 16:52:25.490,--,--,--,--,--,--,--,--,--,--,--,--,--,--,--,--,--,--,--,--,--,--,--,--,--,--,--,--,--,--,--,--,--,--,--,--,--,--,--,--,--,--,--,--,--,--,143048
2026-05-04 16:52:25.491,--,--,--,--,--,--,--,--,--,--,--,--,--,--,--,--,--,--,--,--,--,--,--,--,--,--,--,--,--,--,--,--,--,--,--,--,--,--,--,--,--,--,--,--,--,--,143053
2026-05-04 16:52:25.541,--,--,--,--,--,--,--,--,--,--,--,--,--,--,--,--,--,--,--,--,--,--,--,--,--,--,--,--,--,--,--,--,--,--,--,--,--,--,--,--,--,--,--,--,--,--,145745
2026-05-04 16:52:25.591,--,--,--,--,--,--,--,--,--,--,--,--,--,--,--,--,--,--,--,--,--,--,--,--,--,--,--,--,--,--,--,--,--,--,--,--,--,--,--,--,--,--,--,--,--,--,145750
2026-05-04 16:52:25.697,--,--,--,--,--,--,--,--,--,--,--,--,--,--,--,--,--,--,--,--,--,--,--,--,--,--,--,--,--,--,--,--,--,--,--,--,--,--,--,--,--,--,--,--,--,--,145755
2026-05-04 16:52:25.699,--,--,--,--,--,--,--,--,--,--,--,--,--,--,--,--,--,--,--,--,--,--,--,--,--,--,--,--,--,--,--,--,--,--,--,--,--,--,--,--,--,--,--,--,--,--,145760
2026-05-04 16:52:25.699,--,--,--,--,--,--,--,--,--,--,--,--,--,--,--,--,--,--,--,--,--,--,--,--,--,--,--,--,--,--,--,--,--,--,--,--,--,--,--,--,--,--,--,--,--,--,145765
2026-05-04 16:52:25.700,--,--,--,--,--,--,--,--,--,--,--,--,--,--,--,--,--,--,--,--,--,--,--,--,--,--,--,--,--,--,--,--,--,--,--,--,--,--,--,--,--,--,--,--,--,--,145770
2026-05-04 16:52:25.702,--,--,--,--,--,--,--,--,--,--,--,--,--,--,--,--,--,--,--,--,--,--,--,--,--,--,--,--,--,--,--,--,--,--,--,--,--,--,--,--,--,--,--,--,--,--,145775
2026-05-04 16:52:25.704,--,--,--,--,--,--,--,--,--,--,--,--,--,--,--,--,--,--,--,--,--,--,--,--,--,--,--,--,--,--,--,--,--,--,--,--,--,--,--,--,--,--,--,--,--,--,145780
2026-05-04 16:52:25.705,--,--,--,--,--,--,--,--,--,--,--,--,--,--,--,--,--,--,--,--,--,--,--,--,--,--,--,--,--,--,--,--,--,--,--,--,--,--,--,--,--,--,--,--,--,--,145785
2026-05-04 16:52:25.706,--,--,--,--,--,--,--,--,--,--,--,--,--,--,--,--,--,--,--,--,--,--,--,--,--,--,--,--,--,--,--,--,--,--,--,--,--,--,--,--,--,--,--,--,--,--,145787
2026-05-04 16:52:25.809,--,--,--,--,--,--,--,--,--,--,--,--,--,--,--,--,--,--,--,--,--,--,--,--,--,--,--,--,--,--,--,--,--,--,--,--,--,--,--,--,--,--,--,--,--,--,145788
2026-05-04 16:52:25.848,--,--,--,--,--,--,--,--,--,--,--,--,--,--,--,--,--,--,--,--,--,--,--,--,--,--,--,--,--,--,--,--,--,--,--,--,--,--,--,--,--,--,--,--,--,--,145793
2026-05-04 16:52:25.902,--,--,--,--,--,--,--,--,--,--,--,--,--,--,--,--,--,--,--,--,--,--,--,--,--,--,--,--,--,--,--,--,--,--,--,--,--,--,--,--,--,--,--,--,--,--,145798
2026-05-04 16:52:25.967,--,--,--,--,--,--,--,--,--,--,--,--,--,--,--,--,--,--,--,--,--,--,--,--,--,--,--,--,--,--,--,--,--,--,--,--,--,--,--,--,--,--,--,--,--,--,145803
2026-05-04 16:52:26.003,--,--,--,--,--,--,--,--,--,--,--,--,--,--,--,--,--,--,--,--,--,--,--,--,--,--,--,--,--,--,--,--,--,--,--,--,--,--,--,--,--,--,--,--,--,--,145808
2026-05-04 16:52:26.060,--,--,--,--,--,--,--,--,--,--,--,--,--,--,--,--,--,--,--,--,--,--,--,--,--,--,--,--,--,--,--,--,--,--,--,--,--,--,--,--,--,--,--,--,--,--,145813
2026-05-04 16:52:26.094,--,--,--,--,--,--,--,--,--,--,--,--,--,--,--,--,--,--,--,--,--,--,--,--,--,--,--,--,--,--,--,--,--,--,--,--,--,--,--,--,--,--,--,--,--,--,145818
2026-05-04 16:52:26.130,--,--,--,--,--,--,--,--,--,--,--,--,--,--,--,--,--,--,--,--,--,--,--,--,--,--,--,--,--,--,--,--,--,--,--,--,--,--,--,--,--,--,--,--,--,--,145823
2026-05-04 16:52:26.166,--,--,--,--,--,--,--,--,--,--,--,--,--,--,--,--,--,--,--,--,--,--,--,--,--,--,--,--,--,--,--,--,--,--,--,--,--,--,--,--,--,--,--,--,--,--,145828
2026-05-04 16:52:26.184,--,--,--,--,--,--,--,--,--,--,--,--,--,--,--,--,--,--,--,--,--,--,--,--,--,--,--,--,--,--,--,--,--,--,--,--,--,--,--,--,--,--,--,--,--,--,145833
2026-05-04 16:52:26.185,--,--,--,--,--,--,--,--,--,--,--,--,--,--,--,--,--,--,--,--,--,--,--,--,--,--,--,--,--,--,--,--,--,--,--,--,--,--,--,--,--,--,--,--,--,--,145838
2026-05-04 16:52:26.187,--,--,--,--,--,--,--,--,--,--,--,--,--,--,--,--,--,--,--,--,--,--,--,--,--,--,--,--,--,--,--,--,--,--,--,--,--,--,--,--,--,--,--,--,--,--,145843
2026-05-04 16:52:26.188,--,--,--,--,--,--,--,--,--,--,--,--,--,--,--,--,--,--,--,--,--,--,--,--,--,--,--,--,--,--,--,--,--,--,--,--,--,--,--,--,--,--,--,--,--,--,145848
2026-05-04 16:52:26.190,--,--,--,--,--,--,--,--,--,--,--,--,--,--,--,--,--,--,--,--,--,--,--,--,--,--,--,--,--,--,--,--,--,--,--,--,--,--,--,--,--,--,--,--,--,--,145853
2026-05-04 16:52:26.191,--,--,--,--,--,--,--,--,--,--,--,--,--,--,--,--,--,--,--,--,--,--,--,--,--,--,--,--,--,--,--,--,--,--,--,--,--,--,--,--,--,--,--,--,--,--,145858
2026-05-04 16:52:26.193,--,--,--,--,--,--,--,--,--,--,--,--,--,--,--,--,--,--,--,--,--,--,--,--,--,--,--,--,--,--,--,--,--,--,--,--,--,--,--,--,--,--,--,--,--,--,145863
2026-05-04 16:52:26.194,--,--,--,--,--,--,--,--,--,--,--,--,--,--,--,--,--,--,--,--,--,--,--,--,--,--,--,--,--,--,--,--,--,--,--,--,--,--,--,--,--,--,--,--,--,--,145868
2026-05-04 16:52:26.195,--,--,--,--,--,--,--,--,--,--,--,--,--,--,--,--,--,--,--,--,--,--,--,--,--,--,--,--,--,--,--,--,--,--,--,--,--,--,--,--,--,--,--,--,--,--,145873
2026-05-04 16:52:26.196,--,--,--,--,--,--,--,--,--,--,--,--,--,--,--,--,--,--,--,--,--,--,--,--,--,--,--,--,--,--,--,--,--,--,--,--,--,--,--,--,--,--,--,--,--,--,145878
2026-05-04 16:52:26.199,--,--,--,--,--,--,--,--,--,--,--,--,--,--,--,--,--,--,--,--,--,--,--,--,--,--,--,--,--,--,--,--,--,--,--,--,--,--,--,--,--,--,--,--,--,--,145883
2026-05-04 16:52:26.230,--,--,--,--,--,--,--,--,--,--,--,--,--,--,--,--,--,--,--,--,--,--,--,--,--,--,--,--,--,--,--,--,--,--,--,--,--,--,--,--,--,--,--,--,--,--,148490
2026-05-04 16:52:26.294,--,--,--,--,--,--,--,--,--,--,--,--,--,--,--,--,--,--,--,--,--,--,--,--,--,--,--,--,--,--,--,--,--,--,--,--,--,--,--,--,--,--,--,--,--,--,148495
2026-05-04 16:52:26.363,--,--,--,--,--,--,--,--,--,--,--,--,--,--,--,--,--,--,--,--,--,--,--,--,--,--,--,--,--,--,--,--,--,--,--,--,--,--,--,--,--,--,--,--,--,--,148500
2026-05-04 16:52:26.397,--,--,--,--,--,--,--,--,--,--,--,--,--,--,--,--,--,--,--,--,--,--,--,--,--,--,--,--,--,--,--,--,--,--,--,--,--,--,--,--,--,--,--,--,--,--,148505
2026-05-04 16:52:26.398,--,--,--,--,--,--,--,--,--,--,--,--,--,--,--,--,--,--,--,--,--,--,--,--,--,--,--,--,--,--,--,--,--,--,--,--,--,--,--,--,--,--,--,--,--,--,148510
2026-05-04 16:52:26.400,--,--,--,--,--,--,--,--,--,--,--,--,--,--,--,--,--,--,--,--,--,--,--,--,--,--,--,--,--,--,--,--,--,--,--,--,--,--,--,--,--,--,--,--,--,--,148515
2026-05-04 16:52:26.401,--,--,--,--,--,--,--,--,--,--,--,--,--,--,--,--,--,--,--,--,--,--,--,--,--,--,--,--,--,--,--,--,--,--,--,--,--,--,--,--,--,--,--,--,--,--,148520
2026-05-04 16:52:26.402,--,--,--,--,--,--,--,--,--,--,--,--,--,--,--,--,--,--,--,--,--,--,--,--,--,--,--,--,--,--,--,--,--,--,--,--,--,--,--,--,--,--,--,--,--,--,148525
2026-05-04 16:52:26.403,--,--,--,--,--,--,--,--,--,--,--,--,--,--,--,--,--,--,--,--,--,--,--,--,--,--,--,--,--,--,--,--,--,--,--,--,--,--,--,--,--,--,--,--,--,--,148530
2026-05-04 16:52:26.404,--,--,--,--,--,--,--,--,--,--,--,--,--,--,--,--,--,--,--,--,--,--,--,--,--,--,--,--,--,--,--,--,--,--,--,--,--,--,--,--,--,--,--,--,--,--,148531
2026-05-04 16:52:26.532,--,--,--,--,--,--,--,--,--,--,--,--,--,--,--,--,--,--,--,--,--,--,--,--,--,--,--,--,--,--,--,--,--,--,--,--,--,--,--,--,--,--,--,--,--,--,148532
2026-05-04 16:52:26.583,--,--,--,--,--,--,--,--,--,--,--,--,--,--,--,--,--,--,--,--,--,--,--,--,--,--,--,--,--,--,--,--,--,--,--,--,--,--,--,--,--,--,--,--,--,--,148537
2026-05-04 16:52:26.633,--,--,--,--,--,--,--,--,--,--,--,--,--,--,--,--,--,--,--,--,--,--,--,--,--,--,--,--,--,--,--,--,--,--,--,--,--,--,--,--,--,--,--,--,--,--,148542
2026-05-04 16:52:26.687,--,--,--,--,--,--,--,--,--,--,--,--,--,--,--,--,--,--,--,--,--,--,--,--,--,--,--,--,--,--,--,--,--,--,--,--,--,--,--,--,--,--,--,--,--,--,148547
2026-05-04 16:52:26.752,--,--,--,--,--,--,--,--,--,--,--,--,--,--,--,--,--,--,--,--,--,--,--,--,--,--,--,--,--,--,--,--,--,--,--,--,--,--,--,--,--,--,--,--,--,--,148552
2026-05-04 16:52:26.820,--,--,--,--,--,--,--,--,--,--,--,--,--,--,--,--,--,--,--,--,--,--,--,--,--,--,--,--,--,--,--,--,--,--,--,--,--,--,--,--,--,--,--,--,--,--,148557
2026-05-04 16:52:26.839,--,--,--,--,--,--,--,--,--,--,--,--,--,--,--,--,--,--,--,--,--,--,--,--,--,--,--,--,--,--,--,--,--,--,--,--,--,--,--,--,--,--,--,--,--,--,148562
2026-05-04 16:52:26.840,--,--,--,--,--,--,--,--,--,--,--,--,--,--,--,--,--,--,--,--,--,--,--,--,--,--,--,--,--,--,--,--,--,--,--,--,--,--,--,--,--,--,--,--,--,--,148567
2026-05-04 16:52:26.841,--,--,--,--,--,--,--,--,--,--,--,--,--,--,--,--,--,--,--,--,--,--,--,--,--,--,--,--,--,--,--,--,--,--,--,--,--,--,--,--,--,--,--,--,--,--,148572
2026-05-04 16:52:26.843,--,--,--,--,--,--,--,--,--,--,--,--,--,--,--,--,--,--,--,--,--,--,--,--,--,--,--,--,--,--,--,--,--,--,--,--,--,--,--,--,--,--,--,--,--,--,148577
2026-05-04 16:52:26.844,--,--,--,--,--,--,--,--,--,--,--,--,--,--,--,--,--,--,--,--,--,--,--,--,--,--,--,--,--,--,--,--,--,--,--,--,--,--,--,--,--,--,--,--,--,--,148582
2026-05-04 16:52:26.846,--,--,--,--,--,--,--,--,--,--,--,--,--,--,--,--,--,--,--,--,--,--,--,--,--,--,--,--,--,--,--,--,--,--,--,--,--,--,--,--,--,--,--,--,--,--,148587
2026-05-04 16:52:26.847,--,--,--,--,--,--,--,--,--,--,--,--,--,--,--,--,--,--,--,--,--,--,--,--,--,--,--,--,--,--,--,--,--,--,--,--,--,--,--,--,--,--,--,--,--,--,148592
2026-05-04 16:52:26.849,--,--,--,--,--,--,--,--,--,--,--,--,--,--,--,--,--,--,--,--,--,--,--,--,--,--,--,--,--,--,--,--,--,--,--,--,--,--,--,--,--,--,--,--,--,--,148597
2026-05-04 16:52:26.850,--,--,--,--,--,--,--,--,--,--,--,--,--,--,--,--,--,--,--,--,--,--,--,--,--,--,--,--,--,--,--,--,--,--,--,--,--,--,--,--,--,--,--,--,--,--,148602
2026-05-04 16:52:26.851,--,--,--,--,--,--,--,--,--,--,--,--,--,--,--,--,--,--,--,--,--,--,--,--,--,--,--,--,--,--,--,--,--,--,--,--,--,--,--,--,--,--,--,--,--,--,148607
2026-05-04 16:52:26.854,--,--,--,--,--,--,--,--,--,--,--,--,--,--,--,--,--,--,--,--,--,--,--,--,--,--,--,--,--,--,--,--,--,--,--,--,--,--,--,--,--,--,--,--,--,--,148612
2026-05-04 16:52:26.855,--,--,--,--,--,--,--,--,--,--,--,--,--,--,--,--,--,--,--,--,--,--,--,--,--,--,--,--,--,--,--,--,--,--,--,--,--,--,--,--,--,--,--,--,--,--,148617
2026-05-04 16:52:26.856,--,--,--,--,--,--,--,--,--,--,--,--,--,--,--,--,--,--,--,--,--,--,--,--,--,--,--,--,--,--,--,--,--,--,--,--,--,--,--,--,--,--,--,--,--,--,148622
2026-05-04 16:52:26.857,--,--,--,--,--,--,--,--,--,--,--,--,--,--,--,--,--,--,--,--,--,--,--,--,--,--,--,--,--,--,--,--,--,--,--,--,--,--,--,--,--,--,--,--,--,--,148627
2026-05-04 16:52:26.885,--,--,--,--,--,--,--,--,--,--,--,--,--,--,--,--,--,--,--,--,--,--,--,--,--,--,--,--,--,--,--,--,--,--,--,--,--,--,--,--,--,--,--,--,--,--,150939
2026-05-04 16:52:26.952,--,--,--,--,--,--,--,--,--,--,--,--,--,--,--,--,--,--,--,--,--,--,--,--,--,--,--,--,--,--,--,--,--,--,--,--,--,--,--,--,--,--,--,--,--,--,150944
2026-05-04 16:52:27.005,--,--,--,--,--,--,--,--,--,--,--,--,--,--,--,--,--,--,--,--,--,--,--,--,--,--,--,--,--,--,--,--,--,--,--,--,--,--,--,--,--,--,--,--,--,--,150949
2026-05-04 16:52:27.055,--,--,--,--,--,--,--,--,--,--,--,--,--,--,--,--,--,--,--,--,--,--,--,--,--,--,--,--,--,--,--,--,--,--,--,--,--,--,--,--,--,--,--,--,--,--,150954
2026-05-04 16:52:27.056,--,--,--,--,--,--,--,--,--,--,--,--,--,--,--,--,--,--,--,--,--,--,--,--,--,--,--,--,--,--,--,--,--,--,--,--,--,--,--,--,--,--,--,--,--,--,150959
2026-05-04 16:52:27.057,--,--,--,--,--,--,--,--,--,--,--,--,--,--,--,--,--,--,--,--,--,--,--,--,--,--,--,--,--,--,--,--,--,--,--,--,--,--,--,--,--,--,--,--,--,--,150964
2026-05-04 16:52:27.059,--,--,--,--,--,--,--,--,--,--,--,--,--,--,--,--,--,--,--,--,--,--,--,--,--,--,--,--,--,--,--,--,--,--,--,--,--,--,--,--,--,--,--,--,--,--,150969
2026-05-04 16:52:27.060,--,--,--,--,--,--,--,--,--,--,--,--,--,--,--,--,--,--,--,--,--,--,--,--,--,--,--,--,--,--,--,--,--,--,--,--,--,--,--,--,--,--,--,--,--,--,150974
2026-05-04 16:52:27.062,--,--,--,--,--,--,--,--,--,--,--,--,--,--,--,--,--,--,--,--,--,--,--,--,--,--,--,--,--,--,--,--,--,--,--,--,--,--,--,--,--,--,--,--,--,--,150979
2026-05-04 16:52:27.063,--,--,--,--,--,--,--,--,--,--,--,--,--,--,--,--,--,--,--,--,--,--,--,--,--,--,--,--,--,--,--,--,--,--,--,--,--,--,--,--,--,--,--,--,--,--,150980
2026-05-04 16:52:27.197,--,--,--,--,--,--,--,--,--,--,--,--,--,--,--,--,--,--,--,--,--,--,--,--,--,--,--,--,--,--,--,--,--,--,--,--,--,--,--,--,--,--,--,--,--,--,150981
2026-05-04 16:52:27.233,--,--,--,--,--,--,--,--,--,--,--,--,--,--,--,--,--,--,--,--,--,--,--,--,--,--,--,--,--,--,--,--,--,--,--,--,--,--,--,--,--,--,--,--,--,--,150986
2026-05-04 16:52:27.267,--,--,--,--,--,--,--,--,--,--,--,--,--,--,--,--,--,--,--,--,--,--,--,--,--,--,--,--,--,--,--,--,--,--,--,--,--,--,--,--,--,--,--,--,--,--,150991
2026-05-04 16:52:27.318,--,--,--,--,--,--,--,--,--,--,--,--,--,--,--,--,--,--,--,--,--,--,--,--,--,--,--,--,--,--,--,--,--,--,--,--,--,--,--,--,--,--,--,--,--,--,150996
2026-05-04 16:52:27.373,--,--,--,--,--,--,--,--,--,--,--,--,--,--,--,--,--,--,--,--,--,--,--,--,--,--,--,--,--,--,--,--,--,--,--,--,--,--,--,--,--,--,--,--,--,--,151001
2026-05-04 16:52:27.440,--,--,--,--,--,--,--,--,--,--,--,--,--,--,--,--,--,--,--,--,--,--,--,--,--,--,--,--,--,--,--,--,--,--,--,--,--,--,--,--,--,--,--,--,--,--,151006
2026-05-04 16:52:27.510,--,--,--,--,--,--,--,--,--,--,--,--,--,--,--,--,--,--,--,--,--,--,--,--,--,--,--,--,--,--,--,--,--,--,--,--,--,--,--,--,--,--,--,--,--,--,151011
2026-05-04 16:52:27.530,--,--,--,--,--,--,--,--,--,--,--,--,--,--,--,--,--,--,--,--,--,--,--,--,--,--,--,--,--,--,--,--,--,--,--,--,--,--,--,--,--,--,--,--,--,--,151016
2026-05-04 16:52:27.531,--,--,--,--,--,--,--,--,--,--,--,--,--,--,--,--,--,--,--,--,--,--,--,--,--,--,--,--,--,--,--,--,--,--,--,--,--,--,--,--,--,--,--,--,--,--,151021
2026-05-04 16:52:27.532,--,--,--,--,--,--,--,--,--,--,--,--,--,--,--,--,--,--,--,--,--,--,--,--,--,--,--,--,--,--,--,--,--,--,--,--,--,--,--,--,--,--,--,--,--,--,151026
2026-05-04 16:52:27.534,--,--,--,--,--,--,--,--,--,--,--,--,--,--,--,--,--,--,--,--,--,--,--,--,--,--,--,--,--,--,--,--,--,--,--,--,--,--,--,--,--,--,--,--,--,--,151031
2026-05-04 16:52:27.536,--,--,--,--,--,--,--,--,--,--,--,--,--,--,--,--,--,--,--,--,--,--,--,--,--,--,--,--,--,--,--,--,--,--,--,--,--,--,--,--,--,--,--,--,--,--,151036
2026-05-04 16:52:27.538,--,--,--,--,--,--,--,--,--,--,--,--,--,--,--,--,--,--,--,--,--,--,--,--,--,--,--,--,--,--,--,--,--,--,--,--,--,--,--,--,--,--,--,--,--,--,151041
2026-05-04 16:52:27.540,--,--,--,--,--,--,--,--,--,--,--,--,--,--,--,--,--,--,--,--,--,--,--,--,--,--,--,--,--,--,--,--,--,--,--,--,--,--,--,--,--,--,--,--,--,--,151046
2026-05-04 16:52:27.541,--,--,--,--,--,--,--,--,--,--,--,--,--,--,--,--,--,--,--,--,--,--,--,--,--,--,--,--,--,--,--,--,--,--,--,--,--,--,--,--,--,--,--,--,--,--,151051
2026-05-04 16:52:27.542,--,--,--,--,--,--,--,--,--,--,--,--,--,--,--,--,--,--,--,--,--,--,--,--,--,--,--,--,--,--,--,--,--,--,--,--,--,--,--,--,--,--,--,--,--,--,151056
2026-05-04 16:52:27.544,--,--,--,--,--,--,--,--,--,--,--,--,--,--,--,--,--,--,--,--,--,--,--,--,--,--,--,--,--,--,--,--,--,--,--,--,--,--,--,--,--,--,--,--,--,--,151061
2026-05-04 16:52:27.545,--,--,--,--,--,--,--,--,--,--,--,--,--,--,--,--,--,--,--,--,--,--,--,--,--,--,--,--,--,--,--,--,--,--,--,--,--,--,--,--,--,--,--,--,--,--,151066
2026-05-04 16:52:27.546,--,--,--,--,--,--,--,--,--,--,--,--,--,--,--,--,--,--,--,--,--,--,--,--,--,--,--,--,--,--,--,--,--,--,--,--,--,--,--,--,--,--,--,--,--,--,151071
2026-05-04 16:52:27.547,--,--,--,--,--,--,--,--,--,--,--,--,--,--,--,--,--,--,--,--,--,--,--,--,--,--,--,--,--,--,--,--,--,--,--,--,--,--,--,--,--,--,--,--,--,--,151076
2026-05-04 16:52:27.577,--,--,--,--,--,--,--,--,--,--,--,--,--,--,--,--,--,--,--,--,--,--,--,--,--,--,--,--,--,--,--,--,--,--,--,--,--,--,--,--,--,--,--,--,--,--,153726
2026-05-04 16:52:27.636,--,--,--,--,--,--,--,--,--,--,--,--,--,--,--,--,--,--,--,--,--,--,--,--,--,--,--,--,--,--,--,--,--,--,--,--,--,--,--,--,--,--,--,--,--,--,153731
2026-05-04 16:52:27.674,--,--,--,--,--,--,--,--,--,--,--,--,--,--,--,--,--,--,--,--,--,--,--,--,--,--,--,--,--,--,--,--,--,--,--,--,--,--,--,--,--,--,--,--,--,--,153736
2026-05-04 16:52:27.757,--,--,--,--,--,--,--,--,--,--,--,--,--,--,--,--,--,--,--,--,--,--,--,--,--,--,--,--,--,--,--,--,--,--,--,--,--,--,--,--,--,--,--,--,--,--,153741
2026-05-04 16:52:27.758,--,--,--,--,--,--,--,--,--,--,--,--,--,--,--,--,--,--,--,--,--,--,--,--,--,--,--,--,--,--,--,--,--,--,--,--,--,--,--,--,--,--,--,--,--,--,153746
2026-05-04 16:52:27.759,--,--,--,--,--,--,--,--,--,--,--,--,--,--,--,--,--,--,--,--,--,--,--,--,--,--,--,--,--,--,--,--,--,--,--,--,--,--,--,--,--,--,--,--,--,--,153751
2026-05-04 16:52:27.760,--,--,--,--,--,--,--,--,--,--,--,--,--,--,--,--,--,--,--,--,--,--,--,--,--,--,--,--,--,--,--,--,--,--,--,--,--,--,--,--,--,--,--,--,--,--,153756
2026-05-04 16:52:27.761,--,--,--,--,--,--,--,--,--,--,--,--,--,--,--,--,--,--,--,--,--,--,--,--,--,--,--,--,--,--,--,--,--,--,--,--,--,--,--,--,--,--,--,--,--,--,153761
2026-05-04 16:52:27.763,--,--,--,--,--,--,--,--,--,--,--,--,--,--,--,--,--,--,--,--,--,--,--,--,--,--,--,--,--,--,--,--,--,--,--,--,--,--,--,--,--,--,--,--,--,--,153766
2026-05-04 16:52:27.764,--,--,--,--,--,--,--,--,--,--,--,--,--,--,--,--,--,--,--,--,--,--,--,--,--,--,--,--,--,--,--,--,--,--,--,--,--,--,--,--,--,--,--,--,--,--,153767
2026-05-04 16:52:27.866,--,--,--,--,--,--,--,--,--,--,--,--,--,--,--,--,--,--,--,--,--,--,--,--,--,--,--,--,--,--,--,--,--,--,--,--,--,--,--,--,--,--,--,--,--,--,153768
2026-05-04 16:52:27.935,--,--,--,--,--,--,--,--,--,--,--,--,--,--,--,--,--,--,--,--,--,--,--,--,--,--,--,--,--,--,--,--,--,--,--,--,--,--,--,--,--,--,--,--,--,--,153773
2026-05-04 16:52:27.990,--,--,--,--,--,--,--,--,--,--,--,--,--,--,--,--,--,--,--,--,--,--,--,--,--,--,--,--,--,--,--,--,--,--,--,--,--,--,--,--,--,--,--,--,--,--,153778
2026-05-04 16:52:28.028,--,--,--,--,--,--,--,--,--,--,--,--,--,--,--,--,--,--,--,--,--,--,--,--,--,--,--,--,--,--,--,--,--,--,--,--,--,--,--,--,--,--,--,--,--,--,153783
2026-05-04 16:52:28.064,--,--,--,--,--,--,--,--,--,--,--,--,--,--,--,--,--,--,--,--,--,--,--,--,--,--,--,--,--,--,--,--,--,--,--,--,--,--,--,--,--,--,--,--,--,--,153788
2026-05-04 16:52:28.118,--,--,--,--,--,--,--,--,--,--,--,--,--,--,--,--,--,--,--,--,--,--,--,--,--,--,--,--,--,--,--,--,--,--,--,--,--,--,--,--,--,--,--,--,--,--,153793
2026-05-04 16:52:28.198,--,--,--,--,--,--,--,--,--,--,--,--,--,--,--,--,--,--,--,--,--,--,--,--,--,--,--,--,--,--,--,--,--,--,--,--,--,--,--,--,--,--,--,--,--,--,153798
2026-05-04 16:52:28.218,--,--,--,--,--,--,--,--,--,--,--,--,--,--,--,--,--,--,--,--,--,--,--,--,--,--,--,--,--,--,--,--,--,--,--,--,--,--,--,--,--,--,--,--,--,--,153803
2026-05-04 16:52:28.220,--,--,--,--,--,--,--,--,--,--,--,--,--,--,--,--,--,--,--,--,--,--,--,--,--,--,--,--,--,--,--,--,--,--,--,--,--,--,--,--,--,--,--,--,--,--,153808
2026-05-04 16:52:28.221,--,--,--,--,--,--,--,--,--,--,--,--,--,--,--,--,--,--,--,--,--,--,--,--,--,--,--,--,--,--,--,--,--,--,--,--,--,--,--,--,--,--,--,--,--,--,153813
2026-05-04 16:52:28.223,--,--,--,--,--,--,--,--,--,--,--,--,--,--,--,--,--,--,--,--,--,--,--,--,--,--,--,--,--,--,--,--,--,--,--,--,--,--,--,--,--,--,--,--,--,--,153818
2026-05-04 16:52:28.225,--,--,--,--,--,--,--,--,--,--,--,--,--,--,--,--,--,--,--,--,--,--,--,--,--,--,--,--,--,--,--,--,--,--,--,--,--,--,--,--,--,--,--,--,--,--,153823
2026-05-04 16:52:28.227,--,--,--,--,--,--,--,--,--,--,--,--,--,--,--,--,--,--,--,--,--,--,--,--,--,--,--,--,--,--,--,--,--,--,--,--,--,--,--,--,--,--,--,--,--,--,153828
2026-05-04 16:52:28.229,--,--,--,--,--,--,--,--,--,--,--,--,--,--,--,--,--,--,--,--,--,--,--,--,--,--,--,--,--,--,--,--,--,--,--,--,--,--,--,--,--,--,--,--,--,--,153833
2026-05-04 16:52:28.230,--,--,--,--,--,--,--,--,--,--,--,--,--,--,--,--,--,--,--,--,--,--,--,--,--,--,--,--,--,--,--,--,--,--,--,--,--,--,--,--,--,--,--,--,--,--,153838
2026-05-04 16:52:28.231,--,--,--,--,--,--,--,--,--,--,--,--,--,--,--,--,--,--,--,--,--,--,--,--,--,--,--,--,--,--,--,--,--,--,--,--,--,--,--,--,--,--,--,--,--,--,153843
2026-05-04 16:52:28.233,--,--,--,--,--,--,--,--,--,--,--,--,--,--,--,--,--,--,--,--,--,--,--,--,--,--,--,--,--,--,--,--,--,--,--,--,--,--,--,--,--,--,--,--,--,--,153848
2026-05-04 16:52:28.235,--,--,--,--,--,--,--,--,--,--,--,--,--,--,--,--,--,--,--,--,--,--,--,--,--,--,--,--,--,--,--,--,--,--,--,--,--,--,--,--,--,--,--,--,--,--,153853
2026-05-04 16:52:28.236,--,--,--,--,--,--,--,--,--,--,--,--,--,--,--,--,--,--,--,--,--,--,--,--,--,--,--,--,--,--,--,--,--,--,--,--,--,--,--,--,--,--,--,--,--,--,153858
2026-05-04 16:52:28.238,--,--,--,--,--,--,--,--,--,--,--,--,--,--,--,--,--,--,--,--,--,--,--,--,--,--,--,--,--,--,--,--,--,--,--,--,--,--,--,--,--,--,--,--,--,--,153863
2026-05-04 16:52:28.288,--,--,--,--,--,--,--,--,--,--,--,--,--,--,--,--,--,--,--,--,--,--,--,--,--,--,--,--,--,--,--,--,--,--,--,--,--,--,--,--,--,--,--,--,--,--,156471
2026-05-04 16:52:28.340,--,--,--,--,--,--,--,--,--,--,--,--,--,--,--,--,--,--,--,--,--,--,--,--,--,--,--,--,--,--,--,--,--,--,--,--,--,--,--,--,--,--,--,--,--,--,156476
2026-05-04 16:52:28.392,--,--,--,--,--,--,--,--,--,--,--,--,--,--,--,--,--,--,--,--,--,--,--,--,--,--,--,--,--,--,--,--,--,--,--,--,--,--,--,--,--,--,--,--,--,--,156481
2026-05-04 16:52:28.443,--,--,--,--,--,--,--,--,--,--,--,--,--,--,--,--,--,--,--,--,--,--,--,--,--,--,--,--,--,--,--,--,--,--,--,--,--,--,--,--,--,--,--,--,--,--,156486
2026-05-04 16:52:28.444,--,--,--,--,--,--,--,--,--,--,--,--,--,--,--,--,--,--,--,--,--,--,--,--,--,--,--,--,--,--,--,--,--,--,--,--,--,--,--,--,--,--,--,--,--,--,156491
2026-05-04 16:52:28.445,--,--,--,--,--,--,--,--,--,--,--,--,--,--,--,--,--,--,--,--,--,--,--,--,--,--,--,--,--,--,--,--,--,--,--,--,--,--,--,--,--,--,--,--,--,--,156496
2026-05-04 16:52:28.447,--,--,--,--,--,--,--,--,--,--,--,--,--,--,--,--,--,--,--,--,--,--,--,--,--,--,--,--,--,--,--,--,--,--,--,--,--,--,--,--,--,--,--,--,--,--,156501
2026-05-04 16:52:28.448,--,--,--,--,--,--,--,--,--,--,--,--,--,--,--,--,--,--,--,--,--,--,--,--,--,--,--,--,--,--,--,--,--,--,--,--,--,--,--,--,--,--,--,--,--,--,156506
2026-05-04 16:52:28.449,--,--,--,--,--,--,--,--,--,--,--,--,--,--,--,--,--,--,--,--,--,--,--,--,--,--,--,--,--,--,--,--,--,--,--,--,--,--,--,--,--,--,--,--,--,--,156511
2026-05-04 16:52:28.451,--,--,--,--,--,--,--,--,--,--,--,--,--,--,--,--,--,--,--,--,--,--,--,--,--,--,--,--,--,--,--,--,--,--,--,--,--,--,--,--,--,--,--,--,--,--,156512
2026-05-04 16:52:28.582,--,--,--,--,--,--,--,--,--,--,--,--,--,--,--,--,--,--,--,--,--,--,--,--,--,--,--,--,--,--,--,--,--,--,--,--,--,--,--,--,--,--,--,--,--,--,156513
2026-05-04 16:52:28.620,--,--,--,--,--,--,--,--,--,--,--,--,--,--,--,--,--,--,--,--,--,--,--,--,--,--,--,--,--,--,--,--,--,--,--,--,--,--,--,--,--,--,--,--,--,--,156518
2026-05-04 16:52:28.658,--,--,--,--,--,--,--,--,--,--,--,--,--,--,--,--,--,--,--,--,--,--,--,--,--,--,--,--,--,--,--,--,--,--,--,--,--,--,--,--,--,--,--,--,--,--,156523
2026-05-04 16:52:28.697,--,--,--,--,--,--,--,--,--,--,--,--,--,--,--,--,--,--,--,--,--,--,--,--,--,--,--,--,--,--,--,--,--,--,--,--,--,--,--,--,--,--,--,--,--,--,156528
2026-05-04 16:52:28.768,--,--,--,--,--,--,--,--,--,--,--,--,--,--,--,--,--,--,--,--,--,--,--,--,--,--,--,--,--,--,--,--,--,--,--,--,--,--,--,--,--,--,--,--,--,--,156533
2026-05-04 16:52:28.839,--,--,--,--,--,--,--,--,--,--,--,--,--,--,--,--,--,--,--,--,--,--,--,--,--,--,--,--,--,--,--,--,--,--,--,--,--,--,--,--,--,--,--,--,--,--,156538
2026-05-04 16:52:28.909,--,--,--,--,--,--,--,--,--,--,--,--,--,--,--,--,--,--,--,--,--,--,--,--,--,--,--,--,--,--,--,--,--,--,--,--,--,--,--,--,--,--,--,--,--,--,156543
2026-05-04 16:52:28.928,--,--,--,--,--,--,--,--,--,--,--,--,--,--,--,--,--,--,--,--,--,--,--,--,--,--,--,--,--,--,--,--,--,--,--,--,--,--,--,--,--,--,--,--,--,--,156548
2026-05-04 16:52:28.930,--,--,--,--,--,--,--,--,--,--,--,--,--,--,--,--,--,--,--,--,--,--,--,--,--,--,--,--,--,--,--,--,--,--,--,--,--,--,--,--,--,--,--,--,--,--,156553
2026-05-04 16:52:28.933,--,--,--,--,--,--,--,--,--,--,--,--,--,--,--,--,--,--,--,--,--,--,--,--,--,--,--,--,--,--,--,--,--,--,--,--,--,--,--,--,--,--,--,--,--,--,156558
2026-05-04 16:52:28.936,--,--,--,--,--,--,--,--,--,--,--,--,--,--,--,--,--,--,--,--,--,--,--,--,--,--,--,--,--,--,--,--,--,--,--,--,--,--,--,--,--,--,--,--,--,--,156563
2026-05-04 16:52:28.938,--,--,--,--,--,--,--,--,--,--,--,--,--,--,--,--,--,--,--,--,--,--,--,--,--,--,--,--,--,--,--,--,--,--,--,--,--,--,--,--,--,--,--,--,--,--,156568
2026-05-04 16:52:28.939,--,--,--,--,--,--,--,--,--,--,--,--,--,--,--,--,--,--,--,--,--,--,--,--,--,--,--,--,--,--,--,--,--,--,--,--,--,--,--,--,--,--,--,--,--,--,156573
2026-05-04 16:52:28.941,--,--,--,--,--,--,--,--,--,--,--,--,--,--,--,--,--,--,--,--,--,--,--,--,--,--,--,--,--,--,--,--,--,--,--,--,--,--,--,--,--,--,--,--,--,--,156578
2026-05-04 16:52:28.942,--,--,--,--,--,--,--,--,--,--,--,--,--,--,--,--,--,--,--,--,--,--,--,--,--,--,--,--,--,--,--,--,--,--,--,--,--,--,--,--,--,--,--,--,--,--,156583
2026-05-04 16:52:28.943,--,--,--,--,--,--,--,--,--,--,--,--,--,--,--,--,--,--,--,--,--,--,--,--,--,--,--,--,--,--,--,--,--,--,--,--,--,--,--,--,--,--,--,--,--,--,156588
2026-05-04 16:52:28.945,--,--,--,--,--,--,--,--,--,--,--,--,--,--,--,--,--,--,--,--,--,--,--,--,--,--,--,--,--,--,--,--,--,--,--,--,--,--,--,--,--,--,--,--,--,--,156593
2026-05-04 16:52:28.946,--,--,--,--,--,--,--,--,--,--,--,--,--,--,--,--,--,--,--,--,--,--,--,--,--,--,--,--,--,--,--,--,--,--,--,--,--,--,--,--,--,--,--,--,--,--,156598
2026-05-04 16:52:28.947,--,--,--,--,--,--,--,--,--,--,--,--,--,--,--,--,--,--,--,--,--,--,--,--,--,--,--,--,--,--,--,--,--,--,--,--,--,--,--,--,--,--,--,--,--,--,156603
2026-05-04 16:52:28.968,--,--,--,--,--,--,--,--,--,--,--,--,--,--,--,--,--,--,--,--,--,--,--,--,--,--,--,--,--,--,--,--,--,--,--,--,--,--,--,--,--,--,--,--,--,--,156608
2026-05-04 16:52:28.979,--,--,--,--,--,--,--,--,--,--,--,--,--,--,--,--,--,--,--,--,--,--,--,--,--,--,--,--,--,--,--,--,--,--,--,--,--,--,--,--,--,--,--,--,--,--,159258
2026-05-04 16:52:29.048,--,--,--,--,--,--,--,--,--,--,--,--,--,--,--,--,--,--,--,--,--,--,--,--,--,--,--,--,--,--,--,--,--,--,--,--,--,--,--,--,--,--,--,--,--,--,159263
2026-05-04 16:52:29.116,--,--,--,--,--,--,--,--,--,--,--,--,--,--,--,--,--,--,--,--,--,--,--,--,--,--,--,--,--,--,--,--,--,--,--,--,--,--,--,--,--,--,--,--,--,--,159268
2026-05-04 16:52:29.152,--,--,--,--,--,--,--,--,--,--,--,--,--,--,--,--,--,--,--,--,--,--,--,--,--,--,--,--,--,--,--,--,--,--,--,--,--,--,--,--,--,--,--,--,--,--,159273
2026-05-04 16:52:29.154,--,--,--,--,--,--,--,--,--,--,--,--,--,--,--,--,--,--,--,--,--,--,--,--,--,--,--,--,--,--,--,--,--,--,--,--,--,--,--,--,--,--,--,--,--,--,159278
2026-05-04 16:52:29.155,--,--,--,--,--,--,--,--,--,--,--,--,--,--,--,--,--,--,--,--,--,--,--,--,--,--,--,--,--,--,--,--,--,--,--,--,--,--,--,--,--,--,--,--,--,--,159283
2026-05-04 16:52:29.157,--,--,--,--,--,--,--,--,--,--,--,--,--,--,--,--,--,--,--,--,--,--,--,--,--,--,--,--,--,--,--,--,--,--,--,--,--,--,--,--,--,--,--,--,--,--,159288
2026-05-04 16:52:29.158,--,--,--,--,--,--,--,--,--,--,--,--,--,--,--,--,--,--,--,--,--,--,--,--,--,--,--,--,--,--,--,--,--,--,--,--,--,--,--,--,--,--,--,--,--,--,159293
2026-05-04 16:52:29.161,--,--,--,--,--,--,--,--,--,--,--,--,--,--,--,--,--,--,--,--,--,--,--,--,--,--,--,--,--,--,--,--,--,--,--,--,--,--,--,--,--,--,--,--,--,--,159298
2026-05-04 16:52:29.161,--,--,--,--,--,--,--,--,--,--,--,--,--,--,--,--,--,--,--,--,--,--,--,--,--,--,--,--,--,--,--,--,--,--,--,--,--,--,--,--,--,--,--,--,--,--,159299
2026-05-04 16:52:29.249,--,--,--,--,--,--,--,--,--,--,--,--,--,--,--,--,--,--,--,--,--,--,--,--,--,--,--,--,--,--,--,--,--,--,--,--,--,--,--,--,--,--,--,--,--,--,159300
2026-05-04 16:52:29.326,--,--,--,--,--,--,--,--,--,--,--,--,--,--,--,--,--,--,--,--,--,--,--,--,--,--,--,--,--,--,--,--,--,--,--,--,--,--,--,--,--,--,--,--,--,--,159305
2026-05-04 16:52:29.393,--,--,--,--,--,--,--,--,--,--,--,--,--,--,--,--,--,--,--,--,--,--,--,--,--,--,--,--,--,--,--,--,--,--,--,--,--,--,--,--,--,--,--,--,--,--,159310
2026-05-04 16:52:29.446,--,--,--,--,--,--,--,--,--,--,--,--,--,--,--,--,--,--,--,--,--,--,--,--,--,--,--,--,--,--,--,--,--,--,--,--,--,--,--,--,--,--,--,--,--,--,159315
2026-05-04 16:52:29.531,--,--,--,--,--,--,--,--,--,--,--,--,--,--,--,--,--,--,--,--,--,--,--,--,--,--,--,--,--,--,--,--,--,--,--,--,--,--,--,--,--,--,--,--,--,--,159320
2026-05-04 16:52:29.603,--,--,--,--,--,--,--,--,--,--,--,--,--,--,--,--,--,--,--,--,--,--,--,--,--,--,--,--,--,--,--,--,--,--,--,--,--,--,--,--,--,--,--,--,--,--,159325
2026-05-04 16:52:29.606,--,--,--,--,--,--,--,--,--,--,--,--,--,--,--,--,--,--,--,--,--,--,--,--,--,--,--,--,--,--,--,--,--,--,--,--,--,--,--,--,--,--,--,--,--,--,159330
2026-05-04 16:52:29.608,--,--,--,--,--,--,--,--,--,--,--,--,--,--,--,--,--,--,--,--,--,--,--,--,--,--,--,--,--,--,--,--,--,--,--,--,--,--,--,--,--,--,--,--,--,--,159335
2026-05-04 16:52:29.609,--,--,--,--,--,--,--,--,--,--,--,--,--,--,--,--,--,--,--,--,--,--,--,--,--,--,--,--,--,--,--,--,--,--,--,--,--,--,--,--,--,--,--,--,--,--,159340
2026-05-04 16:52:29.609,--,--,--,--,--,--,--,--,--,--,--,--,--,--,--,--,--,--,--,--,--,--,--,--,--,--,--,--,--,--,--,--,--,--,--,--,--,--,--,--,--,--,--,--,--,--,159345
2026-05-04 16:52:29.612,--,--,--,--,--,--,--,--,--,--,--,--,--,--,--,--,--,--,--,--,--,--,--,--,--,--,--,--,--,--,--,--,--,--,--,--,--,--,--,--,--,--,--,--,--,--,159350
2026-05-04 16:52:29.613,--,--,--,--,--,--,--,--,--,--,--,--,--,--,--,--,--,--,--,--,--,--,--,--,--,--,--,--,--,--,--,--,--,--,--,--,--,--,--,--,--,--,--,--,--,--,159355
2026-05-04 16:52:29.615,--,--,--,--,--,--,--,--,--,--,--,--,--,--,--,--,--,--,--,--,--,--,--,--,--,--,--,--,--,--,--,--,--,--,--,--,--,--,--,--,--,--,--,--,--,--,159360
2026-05-04 16:52:29.617,--,--,--,--,--,--,--,--,--,--,--,--,--,--,--,--,--,--,--,--,--,--,--,--,--,--,--,--,--,--,--,--,--,--,--,--,--,--,--,--,--,--,--,--,--,--,159365
2026-05-04 16:52:29.619,--,--,--,--,--,--,--,--,--,--,--,--,--,--,--,--,--,--,--,--,--,--,--,--,--,--,--,--,--,--,--,--,--,--,--,--,--,--,--,--,--,--,--,--,--,--,159370
2026-05-04 16:52:29.622,--,--,--,--,--,--,--,--,--,--,--,--,--,--,--,--,--,--,--,--,--,--,--,--,--,--,--,--,--,--,--,--,--,--,--,--,--,--,--,--,--,--,--,--,--,--,159375
2026-05-04 16:52:29.623,--,--,--,--,--,--,--,--,--,--,--,--,--,--,--,--,--,--,--,--,--,--,--,--,--,--,--,--,--,--,--,--,--,--,--,--,--,--,--,--,--,--,--,--,--,--,159380
2026-05-04 16:52:29.624,--,--,--,--,--,--,--,--,--,--,--,--,--,--,--,--,--,--,--,--,--,--,--,--,--,--,--,--,--,--,--,--,--,--,--,--,--,--,--,--,--,--,--,--,--,--,159385
2026-05-04 16:52:29.625,--,--,--,--,--,--,--,--,--,--,--,--,--,--,--,--,--,--,--,--,--,--,--,--,--,--,--,--,--,--,--,--,--,--,--,--,--,--,--,--,--,--,--,--,--,--,159390
2026-05-04 16:52:29.626,--,--,--,--,--,--,--,--,--,--,--,--,--,--,--,--,--,--,--,--,--,--,--,--,--,--,--,--,--,--,--,--,--,--,--,--,--,--,--,--,--,--,--,--,--,--,159395
2026-05-04 16:52:29.679,--,--,--,--,--,--,--,--,--,--,--,--,--,--,--,--,--,--,--,--,--,--,--,--,--,--,--,--,--,--,--,--,--,--,--,--,--,--,--,--,--,--,--,--,--,--,161960
2026-05-04 16:52:29.740,--,--,--,--,--,--,--,--,--,--,--,--,--,--,--,--,--,--,--,--,--,--,--,--,--,--,--,--,--,--,--,--,--,--,--,--,--,--,--,--,--,--,--,--,--,--,161965
2026-05-04 16:52:29.793,--,--,--,--,--,--,--,--,--,--,--,--,--,--,--,--,--,--,--,--,--,--,--,--,--,--,--,--,--,--,--,--,--,--,--,--,--,--,--,--,--,--,--,--,--,--,161970
2026-05-04 16:52:29.829,--,--,--,--,--,--,--,--,--,--,--,--,--,--,--,--,--,--,--,--,--,--,--,--,--,--,--,--,--,--,--,--,--,--,--,--,--,--,--,--,--,--,--,--,--,--,161975
2026-05-04 16:52:29.916,--,--,--,--,--,--,--,--,--,--,--,--,--,--,--,--,--,--,--,--,--,--,--,--,--,--,--,--,--,--,--,--,--,--,--,--,--,--,--,--,--,--,--,--,--,--,161980
2026-05-04 16:52:29.969,--,--,--,--,--,--,--,--,--,--,--,--,--,--,--,--,--,--,--,--,--,--,--,--,--,--,--,--,--,--,--,--,--,--,--,--,--,--,--,--,--,--,--,--,--,--,161985
2026-05-04 16:52:29.971,--,--,--,--,--,--,--,--,--,--,--,--,--,--,--,--,--,--,--,--,--,--,--,--,--,--,--,--,--,--,--,--,--,--,--,--,--,--,--,--,--,--,--,--,--,--,161990
2026-05-04 16:52:29.972,--,--,--,--,--,--,--,--,--,--,--,--,--,--,--,--,--,--,--,--,--,--,--,--,--,--,--,--,--,--,--,--,--,--,--,--,--,--,--,--,--,--,--,--,--,--,161995
2026-05-04 16:52:29.973,--,--,--,--,--,--,--,--,--,--,--,--,--,--,--,--,--,--,--,--,--,--,--,--,--,--,--,--,--,--,--,--,--,--,--,--,--,--,--,--,--,--,--,--,--,--,162000
2026-05-04 16:52:29.976,--,--,--,--,--,--,--,--,--,--,--,--,--,--,--,--,--,--,--,--,--,--,--,--,--,--,--,--,--,--,--,--,--,--,--,--,--,--,--,--,--,--,--,--,--,--,162005
2026-05-04 16:52:29.977,--,--,--,--,--,--,--,--,--,--,--,--,--,--,--,--,--,--,--,--,--,--,--,--,--,--,--,--,--,--,--,--,--,--,--,--,--,--,--,--,--,--,--,--,--,--,162010
2026-05-04 16:52:29.978,--,--,--,--,--,--,--,--,--,--,--,--,--,--,--,--,--,--,--,--,--,--,--,--,--,--,--,--,--,--,--,--,--,--,--,--,--,--,--,--,--,--,--,--,--,--,162015
2026-05-04 16:52:29.980,--,--,--,--,--,--,--,--,--,--,--,--,--,--,--,--,--,--,--,--,--,--,--,--,--,--,--,--,--,--,--,--,--,--,--,--,--,--,--,--,--,--,--,--,--,--,162020
2026-05-04 16:52:29.982,--,--,--,--,--,--,--,--,--,--,--,--,--,--,--,--,--,--,--,--,--,--,--,--,--,--,--,--,--,--,--,--,--,--,--,--,--,--,--,--,--,--,--,--,--,--,162025
2026-05-04 16:52:29.983,--,--,--,--,--,--,--,--,--,--,--,--,--,--,--,--,--,--,--,--,--,--,--,--,--,--,--,--,--,--,--,--,--,--,--,--,--,--,--,--,--,--,--,--,--,--,162030
2026-05-04 16:52:29.984,--,--,--,--,--,--,--,--,--,--,--,--,--,--,--,--,--,--,--,--,--,--,--,--,--,--,--,--,--,--,--,--,--,--,--,--,--,--,--,--,--,--,--,--,--,--,162035
2026-05-04 16:52:29.986,--,--,--,--,--,--,--,--,--,--,--,--,--,--,--,--,--,--,--,--,--,--,--,--,--,--,--,--,--,--,--,--,--,--,--,--,--,--,--,--,--,--,--,--,--,--,162040
2026-05-04 16:52:30.138,--,--,--,--,--,--,--,--,--,--,--,--,--,--,--,--,--,--,--,--,--,--,--,--,--,--,--,--,--,--,--,--,--,--,--,--,--,--,--,--,--,--,--,--,--,--,162045
2026-05-04 16:52:30.177,--,--,--,--,--,--,--,--,--,--,--,--,--,--,--,--,--,--,--,--,--,--,--,--,--,--,--,--,--,--,--,--,--,--,--,--,--,--,--,--,--,--,--,--,--,--,162050
2026-05-04 16:52:30.213,--,--,--,--,--,--,--,--,--,--,--,--,--,--,--,--,--,--,--,--,--,--,--,--,--,--,--,--,--,--,--,--,--,--,--,--,--,--,--,--,--,--,--,--,--,--,162055
2026-05-04 16:52:30.249,--,--,--,--,--,--,--,--,--,--,--,--,--,--,--,--,--,--,--,--,--,--,--,--,--,--,--,--,--,--,--,--,--,--,--,--,--,--,--,--,--,--,--,--,--,--,162060
2026-05-04 16:52:30.286,--,--,--,--,--,--,--,--,--,--,--,--,--,--,--,--,--,--,--,--,--,--,--,--,--,--,--,--,--,--,--,--,--,--,--,--,--,--,--,--,--,--,--,--,--,--,162065
2026-05-04 16:52:30.342,--,--,--,--,--,--,--,--,--,--,--,--,--,--,--,--,--,--,--,--,--,--,--,--,--,--,--,--,--,--,--,--,--,--,--,--,--,--,--,--,--,--,--,--,--,--,162070
2026-05-04 16:52:30.382,--,--,--,--,--,--,--,--,--,--,--,--,--,--,--,--,--,--,--,--,--,--,--,--,--,--,--,--,--,--,--,--,--,--,--,--,--,--,--,--,--,--,--,--,--,--,162075
2026-05-04 16:52:30.435,--,--,--,--,--,--,--,--,--,--,--,--,--,--,--,--,--,--,--,--,--,--,--,--,--,--,--,--,--,--,--,--,--,--,--,--,--,--,--,--,--,--,--,--,--,--,162080
2026-05-04 16:52:30.486,--,--,--,--,--,--,--,--,--,--,--,--,--,--,--,--,--,--,--,--,--,--,--,--,--,--,--,--,--,--,--,--,--,--,--,--,--,--,--,--,--,--,--,--,--,--,162085
2026-05-04 16:52:30.487,--,--,--,--,--,--,--,--,--,--,--,--,--,--,--,--,--,--,--,--,--,--,--,--,--,--,--,--,--,--,--,--,--,--,--,--,--,--,--,--,--,--,--,--,--,--,162090
2026-05-04 16:52:30.488,--,--,--,--,--,--,--,--,--,--,--,--,--,--,--,--,--,--,--,--,--,--,--,--,--,--,--,--,--,--,--,--,--,--,--,--,--,--,--,--,--,--,--,--,--,--,162095
2026-05-04 16:52:30.490,--,--,--,--,--,--,--,--,--,--,--,--,--,--,--,--,--,--,--,--,--,--,--,--,--,--,--,--,--,--,--,--,--,--,--,--,--,--,--,--,--,--,--,--,--,--,162100
2026-05-04 16:52:30.491,--,--,--,--,--,--,--,--,--,--,--,--,--,--,--,--,--,--,--,--,--,--,--,--,--,--,--,--,--,--,--,--,--,--,--,--,--,--,--,--,--,--,--,--,--,--,162105
2026-05-04 16:52:30.492,--,--,--,--,--,--,--,--,--,--,--,--,--,--,--,--,--,--,--,--,--,--,--,--,--,--,--,--,--,--,--,--,--,--,--,--,--,--,--,--,--,--,--,--,--,--,162110
2026-05-04 16:52:30.493,--,--,--,--,--,--,--,--,--,--,--,--,--,--,--,--,--,--,--,--,--,--,--,--,--,--,--,--,--,--,--,--,--,--,--,--,--,--,--,--,--,--,--,--,--,--,162115
2026-05-04 16:52:30.496,--,--,--,--,--,--,--,--,--,--,--,--,--,--,--,--,--,--,--,--,--,--,--,--,--,--,--,--,--,--,--,--,--,--,--,--,--,--,--,--,--,--,--,--,--,--,162120
2026-05-04 16:52:30.497,--,--,--,--,--,--,--,--,--,--,--,--,--,--,--,--,--,--,--,--,--,--,--,--,--,--,--,--,--,--,--,--,--,--,--,--,--,--,--,--,--,--,--,--,--,--,162125
2026-05-04 16:52:30.498,--,--,--,--,--,--,--,--,--,--,--,--,--,--,--,--,--,--,--,--,--,--,--,--,--,--,--,--,--,--,--,--,--,--,--,--,--,--,--,--,--,--,--,--,--,--,162130
2026-05-04 16:52:30.500,--,--,--,--,--,--,--,--,--,--,--,--,--,--,--,--,--,--,--,--,--,--,--,--,--,--,--,--,--,--,--,--,--,--,--,--,--,--,--,--,--,--,--,--,--,--,162135
2026-05-04 16:52:30.517,--,--,--,--,--,--,--,--,--,--,--,--,--,--,--,--,--,--,--,--,--,--,--,--,--,--,--,--,--,--,--,--,--,--,--,--,--,--,--,--,--,--,--,--,--,--,162140
2026-05-04 16:52:30.566,--,--,--,--,--,--,--,--,--,--,--,--,--,--,--,--,--,--,--,--,--,--,--,--,--,--,--,--,--,--,--,--,--,--,--,--,--,--,--,--,--,--,--,--,--,--,165465
2026-05-04 16:52:30.632,--,--,--,--,--,--,--,--,--,--,--,--,--,--,--,--,--,--,--,--,--,--,--,--,--,--,--,--,--,--,--,--,--,--,--,--,--,--,--,--,--,--,--,--,--,--,165470
2026-05-04 16:52:30.697,--,--,--,--,--,--,--,--,--,--,--,--,--,--,--,--,--,--,--,--,--,--,--,--,--,--,--,--,--,--,--,--,--,--,--,--,--,--,--,--,--,--,--,--,--,--,165475
2026-05-04 16:52:30.699,--,--,--,--,--,--,--,--,--,--,--,--,--,--,--,--,--,--,--,--,--,--,--,--,--,--,--,--,--,--,--,--,--,--,--,--,--,--,--,--,--,--,--,--,--,--,165480
2026-05-04 16:52:30.702,--,--,--,--,--,--,--,--,--,--,--,--,--,--,--,--,--,--,--,--,--,--,--,--,--,--,--,--,--,--,--,--,--,--,--,--,--,--,--,--,--,--,--,--,--,--,165485
2026-05-04 16:52:30.702,--,--,--,--,--,--,--,--,--,--,--,--,--,--,--,--,--,--,--,--,--,--,--,--,--,--,--,--,--,--,--,--,--,--,--,--,--,--,--,--,--,--,--,--,--,--,165490
2026-05-04 16:52:30.704,--,--,--,--,--,--,--,--,--,--,--,--,--,--,--,--,--,--,--,--,--,--,--,--,--,--,--,--,--,--,--,--,--,--,--,--,--,--,--,--,--,--,--,--,--,--,165495
2026-05-04 16:52:30.705,--,--,--,--,--,--,--,--,--,--,--,--,--,--,--,--,--,--,--,--,--,--,--,--,--,--,--,--,--,--,--,--,--,--,--,--,--,--,--,--,--,--,--,--,--,--,165500
2026-05-04 16:52:30.706,--,--,--,--,--,--,--,--,--,--,--,--,--,--,--,--,--,--,--,--,--,--,--,--,--,--,--,--,--,--,--,--,--,--,--,--,--,--,--,--,--,--,--,--,--,--,165505
2026-05-04 16:52:30.707,--,--,--,--,--,--,--,--,--,--,--,--,--,--,--,--,--,--,--,--,--,--,--,--,--,--,--,--,--,--,--,--,--,--,--,--,--,--,--,--,--,--,--,--,--,--,165506
2026-05-04 16:52:30.824,--,--,--,--,--,--,--,--,--,--,--,--,--,--,--,--,--,--,--,--,--,--,--,--,--,--,--,--,--,--,--,--,--,--,--,--,--,--,--,--,--,--,--,--,--,--,165507
2026-05-04 16:52:30.878,--,--,--,--,--,--,--,--,--,--,--,--,--,--,--,--,--,--,--,--,--,--,--,--,--,--,--,--,--,--,--,--,--,--,--,--,--,--,--,--,--,--,--,--,--,--,165512
2026-05-04 16:52:30.932,--,--,--,--,--,--,--,--,--,--,--,--,--,--,--,--,--,--,--,--,--,--,--,--,--,--,--,--,--,--,--,--,--,--,--,--,--,--,--,--,--,--,--,--,--,--,165517
2026-05-04 16:52:30.984,--,--,--,--,--,--,--,--,--,--,--,--,--,--,--,--,--,--,--,--,--,--,--,--,--,--,--,--,--,--,--,--,--,--,--,--,--,--,--,--,--,--,--,--,--,--,165522
2026-05-04 16:52:31.057,--,--,--,--,--,--,--,--,--,--,--,--,--,--,--,--,--,--,--,--,--,--,--,--,--,--,--,--,--,--,--,--,--,--,--,--,--,--,--,--,--,--,--,--,--,--,165527
2026-05-04 16:52:31.113,--,--,--,--,--,--,--,--,--,--,--,--,--,--,--,--,--,--,--,--,--,--,--,--,--,--,--,--,--,--,--,--,--,--,--,--,--,--,--,--,--,--,--,--,--,--,165532
2026-05-04 16:52:31.163,--,--,--,--,--,--,--,--,--,--,--,--,--,--,--,--,--,--,--,--,--,--,--,--,--,--,--,--,--,--,--,--,--,--,--,--,--,--,--,--,--,--,--,--,--,--,165537
2026-05-04 16:52:31.165,--,--,--,--,--,--,--,--,--,--,--,--,--,--,--,--,--,--,--,--,--,--,--,--,--,--,--,--,--,--,--,--,--,--,--,--,--,--,--,--,--,--,--,--,--,--,165542
2026-05-04 16:52:31.166,--,--,--,--,--,--,--,--,--,--,--,--,--,--,--,--,--,--,--,--,--,--,--,--,--,--,--,--,--,--,--,--,--,--,--,--,--,--,--,--,--,--,--,--,--,--,165547
2026-05-04 16:52:31.168,--,--,--,--,--,--,--,--,--,--,--,--,--,--,--,--,--,--,--,--,--,--,--,--,--,--,--,--,--,--,--,--,--,--,--,--,--,--,--,--,--,--,--,--,--,--,165552
2026-05-04 16:52:31.169,--,--,--,--,--,--,--,--,--,--,--,--,--,--,--,--,--,--,--,--,--,--,--,--,--,--,--,--,--,--,--,--,--,--,--,--,--,--,--,--,--,--,--,--,--,--,165557
2026-05-04 16:52:31.171,--,--,--,--,--,--,--,--,--,--,--,--,--,--,--,--,--,--,--,--,--,--,--,--,--,--,--,--,--,--,--,--,--,--,--,--,--,--,--,--,--,--,--,--,--,--,165562
2026-05-04 16:52:31.173,--,--,--,--,--,--,--,--,--,--,--,--,--,--,--,--,--,--,--,--,--,--,--,--,--,--,--,--,--,--,--,--,--,--,--,--,--,--,--,--,--,--,--,--,--,--,165567
2026-05-04 16:52:31.174,--,--,--,--,--,--,--,--,--,--,--,--,--,--,--,--,--,--,--,--,--,--,--,--,--,--,--,--,--,--,--,--,--,--,--,--,--,--,--,--,--,--,--,--,--,--,165572
2026-05-04 16:52:31.175,--,--,--,--,--,--,--,--,--,--,--,--,--,--,--,--,--,--,--,--,--,--,--,--,--,--,--,--,--,--,--,--,--,--,--,--,--,--,--,--,--,--,--,--,--,--,165577
2026-05-04 16:52:31.177,--,--,--,--,--,--,--,--,--,--,--,--,--,--,--,--,--,--,--,--,--,--,--,--,--,--,--,--,--,--,--,--,--,--,--,--,--,--,--,--,--,--,--,--,--,--,165582
2026-05-04 16:52:31.179,--,--,--,--,--,--,--,--,--,--,--,--,--,--,--,--,--,--,--,--,--,--,--,--,--,--,--,--,--,--,--,--,--,--,--,--,--,--,--,--,--,--,--,--,--,--,165587
2026-05-04 16:52:31.181,--,--,--,--,--,--,--,--,--,--,--,--,--,--,--,--,--,--,--,--,--,--,--,--,--,--,--,--,--,--,--,--,--,--,--,--,--,--,--,--,--,--,--,--,--,--,165592
2026-05-04 16:52:31.182,--,--,--,--,--,--,--,--,--,--,--,--,--,--,--,--,--,--,--,--,--,--,--,--,--,--,--,--,--,--,--,--,--,--,--,--,--,--,--,--,--,--,--,--,--,--,165597
2026-05-04 16:52:31.184,--,--,--,--,--,--,--,--,--,--,--,--,--,--,--,--,--,--,--,--,--,--,--,--,--,--,--,--,--,--,--,--,--,--,--,--,--,--,--,--,--,--,--,--,--,--,165602
2026-05-04 16:52:31.214,--,--,--,--,--,--,--,--,--,--,--,--,--,--,--,--,--,--,--,--,--,--,--,--,--,--,--,--,--,--,--,--,--,--,--,--,--,--,--,--,--,--,--,--,--,--,168210
2026-05-04 16:52:31.269,--,--,--,--,--,--,--,--,--,--,--,--,--,--,--,--,--,--,--,--,--,--,--,--,--,--,--,--,--,--,--,--,--,--,--,--,--,--,--,--,--,--,--,--,--,--,168215
2026-05-04 16:52:31.340,--,--,--,--,--,--,--,--,--,--,--,--,--,--,--,--,--,--,--,--,--,--,--,--,--,--,--,--,--,--,--,--,--,--,--,--,--,--,--,--,--,--,--,--,--,--,168220
2026-05-04 16:52:31.408,--,--,--,--,--,--,--,--,--,--,--,--,--,--,--,--,--,--,--,--,--,--,--,--,--,--,--,--,--,--,--,--,--,--,--,--,--,--,--,--,--,--,--,--,--,--,168225
2026-05-04 16:52:31.477,--,--,--,--,--,--,--,--,--,--,--,--,--,--,--,--,--,--,--,--,--,--,--,--,--,--,--,--,--,--,--,--,--,--,--,--,--,--,--,--,--,--,--,--,--,--,168230
2026-05-04 16:52:31.524,--,--,--,--,--,--,--,--,--,--,--,--,--,--,--,--,--,--,--,--,--,--,--,--,--,--,--,--,--,--,--,--,--,--,--,--,--,--,--,--,--,--,--,--,--,--,168235
2026-05-04 16:52:31.526,--,--,--,--,--,--,--,--,--,--,--,--,--,--,--,--,--,--,--,--,--,--,--,--,--,--,--,--,--,--,--,--,--,--,--,--,--,--,--,--,--,--,--,--,--,--,168240
2026-05-04 16:52:31.527,--,--,--,--,--,--,--,--,--,--,--,--,--,--,--,--,--,--,--,--,--,--,--,--,--,--,--,--,--,--,--,--,--,--,--,--,--,--,--,--,--,--,--,--,--,--,168245
2026-05-04 16:52:31.529,--,--,--,--,--,--,--,--,--,--,--,--,--,--,--,--,--,--,--,--,--,--,--,--,--,--,--,--,--,--,--,--,--,--,--,--,--,--,--,--,--,--,--,--,--,--,168250
2026-05-04 16:52:31.531,--,--,--,--,--,--,--,--,--,--,--,--,--,--,--,--,--,--,--,--,--,--,--,--,--,--,--,--,--,--,--,--,--,--,--,--,--,--,--,--,--,--,--,--,--,--,168255
2026-05-04 16:52:31.533,--,--,--,--,--,--,--,--,--,--,--,--,--,--,--,--,--,--,--,--,--,--,--,--,--,--,--,--,--,--,--,--,--,--,--,--,--,--,--,--,--,--,--,--,--,--,168260
2026-05-04 16:52:31.534,--,--,--,--,--,--,--,--,--,--,--,--,--,--,--,--,--,--,--,--,--,--,--,--,--,--,--,--,--,--,--,--,--,--,--,--,--,--,--,--,--,--,--,--,--,--,168265
2026-05-04 16:52:31.536,--,--,--,--,--,--,--,--,--,--,--,--,--,--,--,--,--,--,--,--,--,--,--,--,--,--,--,--,--,--,--,--,--,--,--,--,--,--,--,--,--,--,--,--,--,--,168270
2026-05-04 16:52:31.538,--,--,--,--,--,--,--,--,--,--,--,--,--,--,--,--,--,--,--,--,--,--,--,--,--,--,--,--,--,--,--,--,--,--,--,--,--,--,--,--,--,--,--,--,--,--,168275
2026-05-04 16:52:31.540,--,--,--,--,--,--,--,--,--,--,--,--,--,--,--,--,--,--,--,--,--,--,--,--,--,--,--,--,--,--,--,--,--,--,--,--,--,--,--,--,--,--,--,--,--,--,168280
2026-05-04 16:52:31.541,--,--,--,--,--,--,--,--,--,--,--,--,--,--,--,--,--,--,--,--,--,--,--,--,--,--,--,--,--,--,--,--,--,--,--,--,--,--,--,--,--,--,--,--,--,--,168285
2026-05-04 16:52:31.542,--,--,--,--,--,--,--,--,--,--,--,--,--,--,--,--,--,--,--,--,--,--,--,--,--,--,--,--,--,--,--,--,--,--,--,--,--,--,--,--,--,--,--,--,--,--,168290
2026-05-04 16:52:31.543,--,--,--,--,--,--,--,--,--,--,--,--,--,--,--,--,--,--,--,--,--,--,--,--,--,--,--,--,--,--,--,--,--,--,--,--,--,--,--,--,--,--,--,--,--,--,168293
2026-05-04 16:52:31.658,--,--,--,--,--,--,--,--,--,--,--,--,--,--,--,--,--,--,--,--,--,--,--,--,--,--,--,--,--,--,--,--,--,--,--,--,--,--,--,--,--,--,--,--,--,--,168294
2026-05-04 16:52:31.680,--,--,--,--,--,--,--,--,--,--,--,--,--,--,--,--,--,--,--,--,--,--,--,--,--,--,--,--,--,--,--,--,--,--,--,--,--,--,--,--,--,--,--,--,--,--,168299
2026-05-04 16:52:31.714,--,--,--,--,--,--,--,--,--,--,--,--,--,--,--,--,--,--,--,--,--,--,--,--,--,--,--,--,--,--,--,--,--,--,--,--,--,--,--,--,--,--,--,--,--,--,168304
2026-05-04 16:52:31.782,--,--,--,--,--,--,--,--,--,--,--,--,--,--,--,--,--,--,--,--,--,--,--,--,--,--,--,--,--,--,--,--,--,--,--,--,--,--,--,--,--,--,--,--,--,--,168309
2026-05-04 16:52:31.821,--,--,--,--,--,--,--,--,--,--,--,--,--,--,--,--,--,--,--,--,--,--,--,--,--,--,--,--,--,--,--,--,--,--,--,--,--,--,--,--,--,--,--,--,--,--,168314
2026-05-04 16:52:31.857,--,--,--,--,--,--,--,--,--,--,--,--,--,--,--,--,--,--,--,--,--,--,--,--,--,--,--,--,--,--,--,--,--,--,--,--,--,--,--,--,--,--,--,--,--,--,168319
2026-05-04 16:52:31.913,--,--,--,--,--,--,--,--,--,--,--,--,--,--,--,--,--,--,--,--,--,--,--,--,--,--,--,--,--,--,--,--,--,--,--,--,--,--,--,--,--,--,--,--,--,--,168324
2026-05-04 16:52:31.965,--,--,--,--,--,--,--,--,--,--,--,--,--,--,--,--,--,--,--,--,--,--,--,--,--,--,--,--,--,--,--,--,--,--,--,--,--,--,--,--,--,--,--,--,--,--,168329
2026-05-04 16:52:32.016,--,--,--,--,--,--,--,--,--,--,--,--,--,--,--,--,--,--,--,--,--,--,--,--,--,--,--,--,--,--,--,--,--,--,--,--,--,--,--,--,--,--,--,--,--,--,168334
2026-05-04 16:52:32.035,--,--,--,--,--,--,--,--,--,--,--,--,--,--,--,--,--,--,--,--,--,--,--,--,--,--,--,--,--,--,--,--,--,--,--,--,--,--,--,--,--,--,--,--,--,--,168339
2026-05-04 16:52:32.037,--,--,--,--,--,--,--,--,--,--,--,--,--,--,--,--,--,--,--,--,--,--,--,--,--,--,--,--,--,--,--,--,--,--,--,--,--,--,--,--,--,--,--,--,--,--,168344
2026-05-04 16:52:32.039,--,--,--,--,--,--,--,--,--,--,--,--,--,--,--,--,--,--,--,--,--,--,--,--,--,--,--,--,--,--,--,--,--,--,--,--,--,--,--,--,--,--,--,--,--,--,168349
2026-05-04 16:52:32.041,--,--,--,--,--,--,--,--,--,--,--,--,--,--,--,--,--,--,--,--,--,--,--,--,--,--,--,--,--,--,--,--,--,--,--,--,--,--,--,--,--,--,--,--,--,--,168354
2026-05-04 16:52:32.043,--,--,--,--,--,--,--,--,--,--,--,--,--,--,--,--,--,--,--,--,--,--,--,--,--,--,--,--,--,--,--,--,--,--,--,--,--,--,--,--,--,--,--,--,--,--,168359
2026-05-04 16:52:32.045,--,--,--,--,--,--,--,--,--,--,--,--,--,--,--,--,--,--,--,--,--,--,--,--,--,--,--,--,--,--,--,--,--,--,--,--,--,--,--,--,--,--,--,--,--,--,168364
2026-05-04 16:52:32.046,--,--,--,--,--,--,--,--,--,--,--,--,--,--,--,--,--,--,--,--,--,--,--,--,--,--,--,--,--,--,--,--,--,--,--,--,--,--,--,--,--,--,--,--,--,--,168369
2026-05-04 16:52:32.048,--,--,--,--,--,--,--,--,--,--,--,--,--,--,--,--,--,--,--,--,--,--,--,--,--,--,--,--,--,--,--,--,--,--,--,--,--,--,--,--,--,--,--,--,--,--,168374
2026-05-04 16:52:32.050,--,--,--,--,--,--,--,--,--,--,--,--,--,--,--,--,--,--,--,--,--,--,--,--,--,--,--,--,--,--,--,--,--,--,--,--,--,--,--,--,--,--,--,--,--,--,168379
2026-05-04 16:52:32.051,--,--,--,--,--,--,--,--,--,--,--,--,--,--,--,--,--,--,--,--,--,--,--,--,--,--,--,--,--,--,--,--,--,--,--,--,--,--,--,--,--,--,--,--,--,--,168384
2026-05-04 16:52:32.054,--,--,--,--,--,--,--,--,--,--,--,--,--,--,--,--,--,--,--,--,--,--,--,--,--,--,--,--,--,--,--,--,--,--,--,--,--,--,--,--,--,--,--,--,--,--,168389
2026-05-04 16:52:32.102,--,--,--,--,--,--,--,--,--,--,--,--,--,--,--,--,--,--,--,--,--,--,--,--,--,--,--,--,--,--,--,--,--,--,--,--,--,--,--,--,--,--,--,--,--,--,171715
2026-05-04 16:52:32.157,--,--,--,--,--,--,--,--,--,--,--,--,--,--,--,--,--,--,--,--,--,--,--,--,--,--,--,--,--,--,--,--,--,--,--,--,--,--,--,--,--,--,--,--,--,--,171720
2026-05-04 16:52:32.261,--,--,--,--,--,--,--,--,--,--,--,--,--,--,--,--,--,--,--,--,--,--,--,--,--,--,--,--,--,--,--,--,--,--,--,--,--,--,--,--,--,--,--,--,--,--,171725
2026-05-04 16:52:32.263,--,--,--,--,--,--,--,--,--,--,--,--,--,--,--,--,--,--,--,--,--,--,--,--,--,--,--,--,--,--,--,--,--,--,--,--,--,--,--,--,--,--,--,--,--,--,171730
2026-05-04 16:52:32.264,--,--,--,--,--,--,--,--,--,--,--,--,--,--,--,--,--,--,--,--,--,--,--,--,--,--,--,--,--,--,--,--,--,--,--,--,--,--,--,--,--,--,--,--,--,--,171735
2026-05-04 16:52:32.266,--,--,--,--,--,--,--,--,--,--,--,--,--,--,--,--,--,--,--,--,--,--,--,--,--,--,--,--,--,--,--,--,--,--,--,--,--,--,--,--,--,--,--,--,--,--,171740
2026-05-04 16:52:32.267,--,--,--,--,--,--,--,--,--,--,--,--,--,--,--,--,--,--,--,--,--,--,--,--,--,--,--,--,--,--,--,--,--,--,--,--,--,--,--,--,--,--,--,--,--,--,171745
2026-05-04 16:52:32.269,--,--,--,--,--,--,--,--,--,--,--,--,--,--,--,--,--,--,--,--,--,--,--,--,--,--,--,--,--,--,--,--,--,--,--,--,--,--,--,--,--,--,--,--,--,--,171750
2026-05-04 16:52:32.271,--,--,--,--,--,--,--,--,--,--,--,--,--,--,--,--,--,--,--,--,--,--,--,--,--,--,--,--,--,--,--,--,--,--,--,--,--,--,--,--,--,--,--,--,--,--,171755
2026-05-04 16:52:32.273,--,--,--,--,--,--,--,--,--,--,--,--,--,--,--,--,--,--,--,--,--,--,--,--,--,--,--,--,--,--,--,--,--,--,--,--,--,--,--,--,--,--,--,--,--,--,171756
2026-05-04 16:52:32.370,--,--,--,--,--,--,--,--,--,--,--,--,--,--,--,--,--,--,--,--,--,--,--,--,--,--,--,--,--,--,--,--,--,--,--,--,--,--,--,--,--,--,--,--,--,--,171757
2026-05-04 16:52:32.426,--,--,--,--,--,--,--,--,--,--,--,--,--,--,--,--,--,--,--,--,--,--,--,--,--,--,--,--,--,--,--,--,--,--,--,--,--,--,--,--,--,--,--,--,--,--,171762
2026-05-04 16:52:32.480,--,--,--,--,--,--,--,--,--,--,--,--,--,--,--,--,--,--,--,--,--,--,--,--,--,--,--,--,--,--,--,--,--,--,--,--,--,--,--,--,--,--,--,--,--,--,171767
2026-05-04 16:52:32.516,--,--,--,--,--,--,--,--,--,--,--,--,--,--,--,--,--,--,--,--,--,--,--,--,--,--,--,--,--,--,--,--,--,--,--,--,--,--,--,--,--,--,--,--,--,--,171772
2026-05-04 16:52:32.539,--,--,--,--,--,--,--,--,--,--,--,--,--,--,--,--,--,--,--,--,--,--,--,--,--,--,--,--,--,--,--,--,--,--,--,--,--,--,--,--,--,--,--,--,--,--,171777
2026-05-04 16:52:32.590,--,--,--,--,--,--,--,--,--,--,--,--,--,--,--,--,--,--,--,--,--,--,--,--,--,--,--,--,--,--,--,--,--,--,--,--,--,--,--,--,--,--,--,--,--,--,171782
2026-05-04 16:52:32.640,--,--,--,--,--,--,--,--,--,--,--,--,--,--,--,--,--,--,--,--,--,--,--,--,--,--,--,--,--,--,--,--,--,--,--,--,--,--,--,--,--,--,--,--,--,--,171787
2026-05-04 16:52:32.691,--,--,--,--,--,--,--,--,--,--,--,--,--,--,--,--,--,--,--,--,--,--,--,--,--,--,--,--,--,--,--,--,--,--,--,--,--,--,--,--,--,--,--,--,--,--,171792
2026-05-04 16:52:32.727,--,--,--,--,--,--,--,--,--,--,--,--,--,--,--,--,--,--,--,--,--,--,--,--,--,--,--,--,--,--,--,--,--,--,--,--,--,--,--,--,--,--,--,--,--,--,171797
2026-05-04 16:52:32.728,--,--,--,--,--,--,--,--,--,--,--,--,--,--,--,--,--,--,--,--,--,--,--,--,--,--,--,--,--,--,--,--,--,--,--,--,--,--,--,--,--,--,--,--,--,--,171802
2026-05-04 16:52:32.729,--,--,--,--,--,--,--,--,--,--,--,--,--,--,--,--,--,--,--,--,--,--,--,--,--,--,--,--,--,--,--,--,--,--,--,--,--,--,--,--,--,--,--,--,--,--,171807
2026-05-04 16:52:32.732,--,--,--,--,--,--,--,--,--,--,--,--,--,--,--,--,--,--,--,--,--,--,--,--,--,--,--,--,--,--,--,--,--,--,--,--,--,--,--,--,--,--,--,--,--,--,171812
2026-05-04 16:52:32.733,--,--,--,--,--,--,--,--,--,--,--,--,--,--,--,--,--,--,--,--,--,--,--,--,--,--,--,--,--,--,--,--,--,--,--,--,--,--,--,--,--,--,--,--,--,--,171817
2026-05-04 16:52:32.734,--,--,--,--,--,--,--,--,--,--,--,--,--,--,--,--,--,--,--,--,--,--,--,--,--,--,--,--,--,--,--,--,--,--,--,--,--,--,--,--,--,--,--,--,--,--,171822
2026-05-04 16:52:32.736,--,--,--,--,--,--,--,--,--,--,--,--,--,--,--,--,--,--,--,--,--,--,--,--,--,--,--,--,--,--,--,--,--,--,--,--,--,--,--,--,--,--,--,--,--,--,171827
2026-05-04 16:52:32.738,--,--,--,--,--,--,--,--,--,--,--,--,--,--,--,--,--,--,--,--,--,--,--,--,--,--,--,--,--,--,--,--,--,--,--,--,--,--,--,--,--,--,--,--,--,--,171832
2026-05-04 16:52:32.739,--,--,--,--,--,--,--,--,--,--,--,--,--,--,--,--,--,--,--,--,--,--,--,--,--,--,--,--,--,--,--,--,--,--,--,--,--,--,--,--,--,--,--,--,--,--,171837
2026-05-04 16:52:32.741,--,--,--,--,--,--,--,--,--,--,--,--,--,--,--,--,--,--,--,--,--,--,--,--,--,--,--,--,--,--,--,--,--,--,--,--,--,--,--,--,--,--,--,--,--,--,171842
2026-05-04 16:52:32.742,--,--,--,--,--,--,--,--,--,--,--,--,--,--,--,--,--,--,--,--,--,--,--,--,--,--,--,--,--,--,--,--,--,--,--,--,--,--,--,--,--,--,--,--,--,--,171847
2026-05-04 16:52:32.743,--,--,--,--,--,--,--,--,--,--,--,--,--,--,--,--,--,--,--,--,--,--,--,--,--,--,--,--,--,--,--,--,--,--,--,--,--,--,--,--,--,--,--,--,--,--,171852
2026-05-04 16:52:32.772,--,--,--,--,--,--,--,--,--,--,--,--,--,--,--,--,--,--,--,--,--,--,--,--,--,--,--,--,--,--,--,--,--,--,--,--,--,--,--,--,--,--,--,--,--,--,174544
2026-05-04 16:52:32.859,--,--,--,--,--,--,--,--,--,--,--,--,--,--,--,--,--,--,--,--,--,--,--,--,--,--,--,--,--,--,--,--,--,--,--,--,--,--,--,--,--,--,--,--,--,--,174549
2026-05-04 16:52:32.940,--,--,--,--,--,--,--,--,--,--,--,--,--,--,--,--,--,--,--,--,--,--,--,--,--,--,--,--,--,--,--,--,--,--,--,--,--,--,--,--,--,--,--,--,--,--,174554
2026-05-04 16:52:32.941,--,--,--,--,--,--,--,--,--,--,--,--,--,--,--,--,--,--,--,--,--,--,--,--,--,--,--,--,--,--,--,--,--,--,--,--,--,--,--,--,--,--,--,--,--,--,174559
2026-05-04 16:52:32.944,--,--,--,--,--,--,--,--,--,--,--,--,--,--,--,--,--,--,--,--,--,--,--,--,--,--,--,--,--,--,--,--,--,--,--,--,--,--,--,--,--,--,--,--,--,--,174564
2026-05-04 16:52:32.947,--,--,--,--,--,--,--,--,--,--,--,--,--,--,--,--,--,--,--,--,--,--,--,--,--,--,--,--,--,--,--,--,--,--,--,--,--,--,--,--,--,--,--,--,--,--,174569
2026-05-04 16:52:32.948,--,--,--,--,--,--,--,--,--,--,--,--,--,--,--,--,--,--,--,--,--,--,--,--,--,--,--,--,--,--,--,--,--,--,--,--,--,--,--,--,--,--,--,--,--,--,174574
2026-05-04 16:52:32.950,--,--,--,--,--,--,--,--,--,--,--,--,--,--,--,--,--,--,--,--,--,--,--,--,--,--,--,--,--,--,--,--,--,--,--,--,--,--,--,--,--,--,--,--,--,--,174579
2026-05-04 16:52:32.951,--,--,--,--,--,--,--,--,--,--,--,--,--,--,--,--,--,--,--,--,--,--,--,--,--,--,--,--,--,--,--,--,--,--,--,--,--,--,--,--,--,--,--,--,--,--,174584
2026-05-04 16:52:32.952,--,--,--,--,--,--,--,--,--,--,--,--,--,--,--,--,--,--,--,--,--,--,--,--,--,--,--,--,--,--,--,--,--,--,--,--,--,--,--,--,--,--,--,--,--,--,174585
2026-05-04 16:52:33.100,--,--,--,--,--,--,--,--,--,--,--,--,--,--,--,--,--,--,--,--,--,--,--,--,--,--,--,--,--,--,--,--,--,--,--,--,--,--,--,--,--,--,--,--,--,--,174586
2026-05-04 16:52:33.137,--,--,--,--,--,--,--,--,--,--,--,--,--,--,--,--,--,--,--,--,--,--,--,--,--,--,--,--,--,--,--,--,--,--,--,--,--,--,--,--,--,--,--,--,--,--,174591
2026-05-04 16:52:33.194,--,--,--,--,--,--,--,--,--,--,--,--,--,--,--,--,--,--,--,--,--,--,--,--,--,--,--,--,--,--,--,--,--,--,--,--,--,--,--,--,--,--,--,--,--,--,174596
2026-05-04 16:52:33.246,--,--,--,--,--,--,--,--,--,--,--,--,--,--,--,--,--,--,--,--,--,--,--,--,--,--,--,--,--,--,--,--,--,--,--,--,--,--,--,--,--,--,--,--,--,--,174601
2026-05-04 16:52:33.316,--,--,--,--,--,--,--,--,--,--,--,--,--,--,--,--,--,--,--,--,--,--,--,--,--,--,--,--,--,--,--,--,--,--,--,--,--,--,--,--,--,--,--,--,--,--,174606
2026-05-04 16:52:33.402,--,--,--,--,--,--,--,--,--,--,--,--,--,--,--,--,--,--,--,--,--,--,--,--,--,--,--,--,--,--,--,--,--,--,--,--,--,--,--,--,--,--,--,--,--,--,174611
2026-05-04 16:52:33.421,--,--,--,--,--,--,--,--,--,--,--,--,--,--,--,--,--,--,--,--,--,--,--,--,--,--,--,--,--,--,--,--,--,--,--,--,--,--,--,--,--,--,--,--,--,--,174616
2026-05-04 16:52:33.422,--,--,--,--,--,--,--,--,--,--,--,--,--,--,--,--,--,--,--,--,--,--,--,--,--,--,--,--,--,--,--,--,--,--,--,--,--,--,--,--,--,--,--,--,--,--,174621
2026-05-04 16:52:33.423,--,--,--,--,--,--,--,--,--,--,--,--,--,--,--,--,--,--,--,--,--,--,--,--,--,--,--,--,--,--,--,--,--,--,--,--,--,--,--,--,--,--,--,--,--,--,174626
2026-05-04 16:52:33.424,--,--,--,--,--,--,--,--,--,--,--,--,--,--,--,--,--,--,--,--,--,--,--,--,--,--,--,--,--,--,--,--,--,--,--,--,--,--,--,--,--,--,--,--,--,--,174631
2026-05-04 16:52:33.426,--,--,--,--,--,--,--,--,--,--,--,--,--,--,--,--,--,--,--,--,--,--,--,--,--,--,--,--,--,--,--,--,--,--,--,--,--,--,--,--,--,--,--,--,--,--,174636
2026-05-04 16:52:33.427,--,--,--,--,--,--,--,--,--,--,--,--,--,--,--,--,--,--,--,--,--,--,--,--,--,--,--,--,--,--,--,--,--,--,--,--,--,--,--,--,--,--,--,--,--,--,174641
2026-05-04 16:52:33.428,--,--,--,--,--,--,--,--,--,--,--,--,--,--,--,--,--,--,--,--,--,--,--,--,--,--,--,--,--,--,--,--,--,--,--,--,--,--,--,--,--,--,--,--,--,--,174646
2026-05-04 16:52:33.430,--,--,--,--,--,--,--,--,--,--,--,--,--,--,--,--,--,--,--,--,--,--,--,--,--,--,--,--,--,--,--,--,--,--,--,--,--,--,--,--,--,--,--,--,--,--,174651
2026-05-04 16:52:33.431,--,--,--,--,--,--,--,--,--,--,--,--,--,--,--,--,--,--,--,--,--,--,--,--,--,--,--,--,--,--,--,--,--,--,--,--,--,--,--,--,--,--,--,--,--,--,174656
2026-05-04 16:52:33.432,--,--,--,--,--,--,--,--,--,--,--,--,--,--,--,--,--,--,--,--,--,--,--,--,--,--,--,--,--,--,--,--,--,--,--,--,--,--,--,--,--,--,--,--,--,--,174661
2026-05-04 16:52:33.434,--,--,--,--,--,--,--,--,--,--,--,--,--,--,--,--,--,--,--,--,--,--,--,--,--,--,--,--,--,--,--,--,--,--,--,--,--,--,--,--,--,--,--,--,--,--,174666
2026-05-04 16:52:33.435,--,--,--,--,--,--,--,--,--,--,--,--,--,--,--,--,--,--,--,--,--,--,--,--,--,--,--,--,--,--,--,--,--,--,--,--,--,--,--,--,--,--,--,--,--,--,174671
2026-05-04 16:52:33.438,--,--,--,--,--,--,--,--,--,--,--,--,--,--,--,--,--,--,--,--,--,--,--,--,--,--,--,--,--,--,--,--,--,--,--,--,--,--,--,--,--,--,--,--,--,--,174676
2026-05-04 16:52:33.438,--,--,--,--,--,--,--,--,--,--,--,--,--,--,--,--,--,--,--,--,--,--,--,--,--,--,--,--,--,--,--,--,--,--,--,--,--,--,--,--,--,--,--,--,--,--,174681
2026-05-04 16:52:33.487,--,--,--,--,--,--,--,--,--,--,--,--,--,--,--,--,--,--,--,--,--,--,--,--,--,--,--,--,--,--,--,--,--,--,--,--,--,--,--,--,--,--,--,--,--,--,177289
2026-05-04 16:52:33.520,--,--,--,--,--,--,--,--,--,--,--,--,--,--,--,--,--,--,--,--,--,--,--,--,--,--,--,--,--,--,--,--,--,--,--,--,--,--,--,--,--,--,--,--,--,--,177294
2026-05-04 16:52:33.589,--,--,--,--,--,--,--,--,--,--,--,--,--,--,--,--,--,--,--,--,--,--,--,--,--,--,--,--,--,--,--,--,--,--,--,--,--,--,--,--,--,--,--,--,--,--,177299
2026-05-04 16:52:33.625,--,--,--,--,--,--,--,--,--,--,--,--,--,--,--,--,--,--,--,--,--,--,--,--,--,--,--,--,--,--,--,--,--,--,--,--,--,--,--,--,--,--,--,--,--,--,177304
2026-05-04 16:52:33.715,--,--,--,--,--,--,--,--,--,--,--,--,--,--,--,--,--,--,--,--,--,--,--,--,--,--,--,--,--,--,--,--,--,--,--,--,--,--,--,--,--,--,--,--,--,--,177309
2026-05-04 16:52:33.778,--,--,--,--,--,--,--,--,--,--,--,--,--,--,--,--,--,--,--,--,--,--,--,--,--,--,--,--,--,--,--,--,--,--,--,--,--,--,--,--,--,--,--,--,--,--,177314
2026-05-04 16:52:33.781,--,--,--,--,--,--,--,--,--,--,--,--,--,--,--,--,--,--,--,--,--,--,--,--,--,--,--,--,--,--,--,--,--,--,--,--,--,--,--,--,--,--,--,--,--,--,177319
2026-05-04 16:52:33.783,--,--,--,--,--,--,--,--,--,--,--,--,--,--,--,--,--,--,--,--,--,--,--,--,--,--,--,--,--,--,--,--,--,--,--,--,--,--,--,--,--,--,--,--,--,--,177324
2026-05-04 16:52:33.784,--,--,--,--,--,--,--,--,--,--,--,--,--,--,--,--,--,--,--,--,--,--,--,--,--,--,--,--,--,--,--,--,--,--,--,--,--,--,--,--,--,--,--,--,--,--,177329
2026-05-04 16:52:33.786,--,--,--,--,--,--,--,--,--,--,--,--,--,--,--,--,--,--,--,--,--,--,--,--,--,--,--,--,--,--,--,--,--,--,--,--,--,--,--,--,--,--,--,--,--,--,177334
2026-05-04 16:52:33.787,--,--,--,--,--,--,--,--,--,--,--,--,--,--,--,--,--,--,--,--,--,--,--,--,--,--,--,--,--,--,--,--,--,--,--,--,--,--,--,--,--,--,--,--,--,--,177339
2026-05-04 16:52:33.789,--,--,--,--,--,--,--,--,--,--,--,--,--,--,--,--,--,--,--,--,--,--,--,--,--,--,--,--,--,--,--,--,--,--,--,--,--,--,--,--,--,--,--,--,--,--,177344
2026-05-04 16:52:33.790,--,--,--,--,--,--,--,--,--,--,--,--,--,--,--,--,--,--,--,--,--,--,--,--,--,--,--,--,--,--,--,--,--,--,--,--,--,--,--,--,--,--,--,--,--,--,177349
2026-05-04 16:52:33.791,--,--,--,--,--,--,--,--,--,--,--,--,--,--,--,--,--,--,--,--,--,--,--,--,--,--,--,--,--,--,--,--,--,--,--,--,--,--,--,--,--,--,--,--,--,--,177354
2026-05-04 16:52:33.792,--,--,--,--,--,--,--,--,--,--,--,--,--,--,--,--,--,--,--,--,--,--,--,--,--,--,--,--,--,--,--,--,--,--,--,--,--,--,--,--,--,--,--,--,--,--,177359
2026-05-04 16:52:33.793,--,--,--,--,--,--,--,--,--,--,--,--,--,--,--,--,--,--,--,--,--,--,--,--,--,--,--,--,--,--,--,--,--,--,--,--,--,--,--,--,--,--,--,--,--,--,177364
2026-05-04 16:52:33.794,--,--,--,--,--,--,--,--,--,--,--,--,--,--,--,--,--,--,--,--,--,--,--,--,--,--,--,--,--,--,--,--,--,--,--,--,--,--,--,--,--,--,--,--,--,--,177369
2026-05-04 16:52:33.795,--,--,--,--,--,--,--,--,--,--,--,--,--,--,--,--,--,--,--,--,--,--,--,--,--,--,--,--,--,--,--,--,--,--,--,--,--,--,--,--,--,--,--,--,--,--,177372
2026-05-04 16:52:33.964,--,--,--,--,--,--,--,--,--,--,--,--,--,--,--,--,--,--,--,--,--,--,--,--,--,--,--,--,--,--,--,--,--,--,--,--,--,--,--,--,--,--,--,--,--,--,177373
2026-05-04 16:52:34.030,--,--,--,--,--,--,--,--,--,--,--,--,--,--,--,--,--,--,--,--,--,--,--,--,--,--,--,--,--,--,--,--,--,--,--,--,--,--,--,--,--,--,--,--,--,--,177378
2026-05-04 16:52:34.100,--,--,--,--,--,--,--,--,--,--,--,--,--,--,--,--,--,--,--,--,--,--,--,--,--,--,--,--,--,--,--,--,--,--,--,--,--,--,--,--,--,--,--,--,--,--,177383
2026-05-04 16:52:34.133,--,--,--,--,--,--,--,--,--,--,--,--,--,--,--,--,--,--,--,--,--,--,--,--,--,--,--,--,--,--,--,--,--,--,--,--,--,--,--,--,--,--,--,--,--,--,177388
2026-05-04 16:52:34.170,--,--,--,--,--,--,--,--,--,--,--,--,--,--,--,--,--,--,--,--,--,--,--,--,--,--,--,--,--,--,--,--,--,--,--,--,--,--,--,--,--,--,--,--,--,--,177393
2026-05-04 16:52:34.204,--,--,--,--,--,--,--,--,--,--,--,--,--,--,--,--,--,--,--,--,--,--,--,--,--,--,--,--,--,--,--,--,--,--,--,--,--,--,--,--,--,--,--,--,--,--,177398
2026-05-04 16:52:34.258,--,--,--,--,--,--,--,--,--,--,--,--,--,--,--,--,--,--,--,--,--,--,--,--,--,--,--,--,--,--,--,--,--,--,--,--,--,--,--,--,--,--,--,--,--,--,177403
2026-05-04 16:52:34.297,--,--,--,--,--,--,--,--,--,--,--,--,--,--,--,--,--,--,--,--,--,--,--,--,--,--,--,--,--,--,--,--,--,--,--,--,--,--,--,--,--,--,--,--,--,--,177408
2026-05-04 16:52:34.317,--,--,--,--,--,--,--,--,--,--,--,--,--,--,--,--,--,--,--,--,--,--,--,--,--,--,--,--,--,--,--,--,--,--,--,--,--,--,--,--,--,--,--,--,--,--,177413
2026-05-04 16:52:34.318,--,--,--,--,--,--,--,--,--,--,--,--,--,--,--,--,--,--,--,--,--,--,--,--,--,--,--,--,--,--,--,--,--,--,--,--,--,--,--,--,--,--,--,--,--,--,177418
2026-05-04 16:52:34.320,--,--,--,--,--,--,--,--,--,--,--,--,--,--,--,--,--,--,--,--,--,--,--,--,--,--,--,--,--,--,--,--,--,--,--,--,--,--,--,--,--,--,--,--,--,--,177423
2026-05-04 16:52:34.322,--,--,--,--,--,--,--,--,--,--,--,--,--,--,--,--,--,--,--,--,--,--,--,--,--,--,--,--,--,--,--,--,--,--,--,--,--,--,--,--,--,--,--,--,--,--,177428
2026-05-04 16:52:34.324,--,--,--,--,--,--,--,--,--,--,--,--,--,--,--,--,--,--,--,--,--,--,--,--,--,--,--,--,--,--,--,--,--,--,--,--,--,--,--,--,--,--,--,--,--,--,177433
2026-05-04 16:52:34.326,--,--,--,--,--,--,--,--,--,--,--,--,--,--,--,--,--,--,--,--,--,--,--,--,--,--,--,--,--,--,--,--,--,--,--,--,--,--,--,--,--,--,--,--,--,--,177438
2026-05-04 16:52:34.328,--,--,--,--,--,--,--,--,--,--,--,--,--,--,--,--,--,--,--,--,--,--,--,--,--,--,--,--,--,--,--,--,--,--,--,--,--,--,--,--,--,--,--,--,--,--,177443
2026-05-04 16:52:34.329,--,--,--,--,--,--,--,--,--,--,--,--,--,--,--,--,--,--,--,--,--,--,--,--,--,--,--,--,--,--,--,--,--,--,--,--,--,--,--,--,--,--,--,--,--,--,177448
2026-05-04 16:52:34.331,--,--,--,--,--,--,--,--,--,--,--,--,--,--,--,--,--,--,--,--,--,--,--,--,--,--,--,--,--,--,--,--,--,--,--,--,--,--,--,--,--,--,--,--,--,--,177453
2026-05-04 16:52:34.332,--,--,--,--,--,--,--,--,--,--,--,--,--,--,--,--,--,--,--,--,--,--,--,--,--,--,--,--,--,--,--,--,--,--,--,--,--,--,--,--,--,--,--,--,--,--,177458
2026-05-04 16:52:34.333,--,--,--,--,--,--,--,--,--,--,--,--,--,--,--,--,--,--,--,--,--,--,--,--,--,--,--,--,--,--,--,--,--,--,--,--,--,--,--,--,--,--,--,--,--,--,177463
2026-05-04 16:52:34.334,--,--,--,--,--,--,--,--,--,--,--,--,--,--,--,--,--,--,--,--,--,--,--,--,--,--,--,--,--,--,--,--,--,--,--,--,--,--,--,--,--,--,--,--,--,--,177468
2026-05-04 16:52:34.386,--,--,--,--,--,--,--,--,--,--,--,--,--,--,--,--,--,--,--,--,--,--,--,--,--,--,--,--,--,--,--,--,--,--,--,--,--,--,--,--,--,--,--,--,--,--,180794
2026-05-04 16:52:34.483,--,--,--,--,--,--,--,--,--,--,--,--,--,--,--,--,--,--,--,--,--,--,--,--,--,--,--,--,--,--,--,--,--,--,--,--,--,--,--,--,--,--,--,--,--,--,180799
2026-05-04 16:52:34.567,--,--,--,--,--,--,--,--,--,--,--,--,--,--,--,--,--,--,--,--,--,--,--,--,--,--,--,--,--,--,--,--,--,--,--,--,--,--,--,--,--,--,--,--,--,--,180804
2026-05-04 16:52:34.671,--,--,--,--,--,--,--,--,--,--,--,--,--,--,--,--,--,--,--,--,--,--,--,--,--,--,--,--,--,--,--,--,--,--,--,--,--,--,--,--,--,--,--,--,--,--,180809
2026-05-04 16:52:34.672,--,--,--,--,--,--,--,--,--,--,--,--,--,--,--,--,--,--,--,--,--,--,--,--,--,--,--,--,--,--,--,--,--,--,--,--,--,--,--,--,--,--,--,--,--,--,180814
2026-05-04 16:52:34.673,--,--,--,--,--,--,--,--,--,--,--,--,--,--,--,--,--,--,--,--,--,--,--,--,--,--,--,--,--,--,--,--,--,--,--,--,--,--,--,--,--,--,--,--,--,--,180819
2026-05-04 16:52:34.675,--,--,--,--,--,--,--,--,--,--,--,--,--,--,--,--,--,--,--,--,--,--,--,--,--,--,--,--,--,--,--,--,--,--,--,--,--,--,--,--,--,--,--,--,--,--,180824
2026-05-04 16:52:34.677,--,--,--,--,--,--,--,--,--,--,--,--,--,--,--,--,--,--,--,--,--,--,--,--,--,--,--,--,--,--,--,--,--,--,--,--,--,--,--,--,--,--,--,--,--,--,180829
2026-05-04 16:52:34.678,--,--,--,--,--,--,--,--,--,--,--,--,--,--,--,--,--,--,--,--,--,--,--,--,--,--,--,--,--,--,--,--,--,--,--,--,--,--,--,--,--,--,--,--,--,--,180834
2026-05-04 16:52:34.679,--,--,--,--,--,--,--,--,--,--,--,--,--,--,--,--,--,--,--,--,--,--,--,--,--,--,--,--,--,--,--,--,--,--,--,--,--,--,--,--,--,--,--,--,--,--,180839
2026-05-04 16:52:34.680,--,--,--,--,--,--,--,--,--,--,--,--,--,--,--,--,--,--,--,--,--,--,--,--,--,--,--,--,--,--,--,--,--,--,--,--,--,--,--,--,--,--,--,--,--,--,180844
2026-05-04 16:52:34.682,--,--,--,--,--,--,--,--,--,--,--,--,--,--,--,--,--,--,--,--,--,--,--,--,--,--,--,--,--,--,--,--,--,--,--,--,--,--,--,--,--,--,--,--,--,--,180849
2026-05-04 16:52:34.683,--,--,--,--,--,--,--,--,--,--,--,--,--,--,--,--,--,--,--,--,--,--,--,--,--,--,--,--,--,--,--,--,--,--,--,--,--,--,--,--,--,--,--,--,--,--,180854
2026-05-04 16:52:34.684,--,--,--,--,--,--,--,--,--,--,--,--,--,--,--,--,--,--,--,--,--,--,--,--,--,--,--,--,--,--,--,--,--,--,--,--,--,--,--,--,--,--,--,--,--,--,180859
2026-05-04 16:52:34.685,--,--,--,--,--,--,--,--,--,--,--,--,--,--,--,--,--,--,--,--,--,--,--,--,--,--,--,--,--,--,--,--,--,--,--,--,--,--,--,--,--,--,--,--,--,--,180864
2026-05-04 16:52:34.686,--,--,--,--,--,--,--,--,--,--,--,--,--,--,--,--,--,--,--,--,--,--,--,--,--,--,--,--,--,--,--,--,--,--,--,--,--,--,--,--,--,--,--,--,--,--,180869
2026-05-04 16:52:34.688,--,--,--,--,--,--,--,--,--,--,--,--,--,--,--,--,--,--,--,--,--,--,--,--,--,--,--,--,--,--,--,--,--,--,--,--,--,--,--,--,--,--,--,--,--,--,180874
2026-05-04 16:52:34.689,--,--,--,--,--,--,--,--,--,--,--,--,--,--,--,--,--,--,--,--,--,--,--,--,--,--,--,--,--,--,--,--,--,--,--,--,--,--,--,--,--,--,--,--,--,--,180877
2026-05-04 16:52:34.850,--,--,--,--,--,--,--,--,--,--,--,--,--,--,--,--,--,--,--,--,--,--,--,--,--,--,--,--,--,--,--,--,--,--,--,--,--,--,--,--,--,--,--,--,--,--,180878
2026-05-04 16:52:34.889,--,--,--,--,--,--,--,--,--,--,--,--,--,--,--,--,--,--,--,--,--,--,--,--,--,--,--,--,--,--,--,--,--,--,--,--,--,--,--,--,--,--,--,--,--,--,180883
2026-05-04 16:52:34.922,--,--,--,--,--,--,--,--,--,--,--,--,--,--,--,--,--,--,--,--,--,--,--,--,--,--,--,--,--,--,--,--,--,--,--,--,--,--,--,--,--,--,--,--,--,--,180888
2026-05-04 16:52:34.957,--,--,--,--,--,--,--,--,--,--,--,--,--,--,--,--,--,--,--,--,--,--,--,--,--,--,--,--,--,--,--,--,--,--,--,--,--,--,--,--,--,--,--,--,--,--,180893
2026-05-04 16:52:34.996,--,--,--,--,--,--,--,--,--,--,--,--,--,--,--,--,--,--,--,--,--,--,--,--,--,--,--,--,--,--,--,--,--,--,--,--,--,--,--,--,--,--,--,--,--,--,180898
2026-05-04 16:52:35.028,--,--,--,--,--,--,--,--,--,--,--,--,--,--,--,--,--,--,--,--,--,--,--,--,--,--,--,--,--,--,--,--,--,--,--,--,--,--,--,--,--,--,--,--,--,--,180903
2026-05-04 16:52:35.060,--,--,--,--,--,--,--,--,--,--,--,--,--,--,--,--,--,--,--,--,--,--,--,--,--,--,--,--,--,--,--,--,--,--,--,--,--,--,--,--,--,--,--,--,--,--,180908
2026-05-04 16:52:35.113,--,--,--,--,--,--,--,--,--,--,--,--,--,--,--,--,--,--,--,--,--,--,--,--,--,--,--,--,--,--,--,--,--,--,--,--,--,--,--,--,--,--,--,--,--,--,180913
2026-05-04 16:52:35.166,--,--,--,--,--,--,--,--,--,--,--,--,--,--,--,--,--,--,--,--,--,--,--,--,--,--,--,--,--,--,--,--,--,--,--,--,--,--,--,--,--,--,--,--,--,--,180918
2026-05-04 16:52:35.187,--,--,--,--,--,--,--,--,--,--,--,--,--,--,--,--,--,--,--,--,--,--,--,--,--,--,--,--,--,--,--,--,--,--,--,--,--,--,--,--,--,--,--,--,--,--,180923
2026-05-04 16:52:35.188,--,--,--,--,--,--,--,--,--,--,--,--,--,--,--,--,--,--,--,--,--,--,--,--,--,--,--,--,--,--,--,--,--,--,--,--,--,--,--,--,--,--,--,--,--,--,180928
2026-05-04 16:52:35.189,--,--,--,--,--,--,--,--,--,--,--,--,--,--,--,--,--,--,--,--,--,--,--,--,--,--,--,--,--,--,--,--,--,--,--,--,--,--,--,--,--,--,--,--,--,--,180933
2026-05-04 16:52:35.190,--,--,--,--,--,--,--,--,--,--,--,--,--,--,--,--,--,--,--,--,--,--,--,--,--,--,--,--,--,--,--,--,--,--,--,--,--,--,--,--,--,--,--,--,--,--,180938
2026-05-04 16:52:35.191,--,--,--,--,--,--,--,--,--,--,--,--,--,--,--,--,--,--,--,--,--,--,--,--,--,--,--,--,--,--,--,--,--,--,--,--,--,--,--,--,--,--,--,--,--,--,180943
2026-05-04 16:52:35.193,--,--,--,--,--,--,--,--,--,--,--,--,--,--,--,--,--,--,--,--,--,--,--,--,--,--,--,--,--,--,--,--,--,--,--,--,--,--,--,--,--,--,--,--,--,--,180948
2026-05-04 16:52:35.194,--,--,--,--,--,--,--,--,--,--,--,--,--,--,--,--,--,--,--,--,--,--,--,--,--,--,--,--,--,--,--,--,--,--,--,--,--,--,--,--,--,--,--,--,--,--,180953
2026-05-04 16:52:35.195,--,--,--,--,--,--,--,--,--,--,--,--,--,--,--,--,--,--,--,--,--,--,--,--,--,--,--,--,--,--,--,--,--,--,--,--,--,--,--,--,--,--,--,--,--,--,180958
2026-05-04 16:52:35.197,--,--,--,--,--,--,--,--,--,--,--,--,--,--,--,--,--,--,--,--,--,--,--,--,--,--,--,--,--,--,--,--,--,--,--,--,--,--,--,--,--,--,--,--,--,--,180963
2026-05-04 16:52:35.198,--,--,--,--,--,--,--,--,--,--,--,--,--,--,--,--,--,--,--,--,--,--,--,--,--,--,--,--,--,--,--,--,--,--,--,--,--,--,--,--,--,--,--,--,--,--,180968
2026-05-04 16:52:35.199,--,--,--,--,--,--,--,--,--,--,--,--,--,--,--,--,--,--,--,--,--,--,--,--,--,--,--,--,--,--,--,--,--,--,--,--,--,--,--,--,--,--,--,--,--,--,180973
2026-05-04 16:52:35.242,--,--,--,--,--,--,--,--,--,--,--,--,--,--,--,--,--,--,--,--,--,--,--,--,--,--,--,--,--,--,--,--,--,--,--,--,--,--,--,--,--,--,--,--,--,--,184383
2026-05-04 16:52:35.327,--,--,--,--,--,--,--,--,--,--,--,--,--,--,--,--,--,--,--,--,--,--,--,--,--,--,--,--,--,--,--,--,--,--,--,--,--,--,--,--,--,--,--,--,--,--,184388
2026-05-04 16:52:35.395,--,--,--,--,--,--,--,--,--,--,--,--,--,--,--,--,--,--,--,--,--,--,--,--,--,--,--,--,--,--,--,--,--,--,--,--,--,--,--,--,--,--,--,--,--,--,184393
2026-05-04 16:52:35.396,--,--,--,--,--,--,--,--,--,--,--,--,--,--,--,--,--,--,--,--,--,--,--,--,--,--,--,--,--,--,--,--,--,--,--,--,--,--,--,--,--,--,--,--,--,--,184398
2026-05-04 16:52:35.398,--,--,--,--,--,--,--,--,--,--,--,--,--,--,--,--,--,--,--,--,--,--,--,--,--,--,--,--,--,--,--,--,--,--,--,--,--,--,--,--,--,--,--,--,--,--,184403
2026-05-04 16:52:35.400,--,--,--,--,--,--,--,--,--,--,--,--,--,--,--,--,--,--,--,--,--,--,--,--,--,--,--,--,--,--,--,--,--,--,--,--,--,--,--,--,--,--,--,--,--,--,184408
2026-05-04 16:52:35.401,--,--,--,--,--,--,--,--,--,--,--,--,--,--,--,--,--,--,--,--,--,--,--,--,--,--,--,--,--,--,--,--,--,--,--,--,--,--,--,--,--,--,--,--,--,--,184413
2026-05-04 16:52:35.402,--,--,--,--,--,--,--,--,--,--,--,--,--,--,--,--,--,--,--,--,--,--,--,--,--,--,--,--,--,--,--,--,--,--,--,--,--,--,--,--,--,--,--,--,--,--,184418
2026-05-04 16:52:35.405,--,--,--,--,--,--,--,--,--,--,--,--,--,--,--,--,--,--,--,--,--,--,--,--,--,--,--,--,--,--,--,--,--,--,--,--,--,--,--,--,--,--,--,--,--,--,184423
2026-05-04 16:52:35.406,--,--,--,--,--,--,--,--,--,--,--,--,--,--,--,--,--,--,--,--,--,--,--,--,--,--,--,--,--,--,--,--,--,--,--,--,--,--,--,--,--,--,--,--,--,--,184424
2026-05-04 16:52:35.519,--,--,--,--,--,--,--,--,--,--,--,--,--,--,--,--,--,--,--,--,--,--,--,--,--,--,--,--,--,--,--,--,--,--,--,--,--,--,--,--,--,--,--,--,--,--,184425
2026-05-04 16:52:35.604,--,--,--,--,--,--,--,--,--,--,--,--,--,--,--,--,--,--,--,--,--,--,--,--,--,--,--,--,--,--,--,--,--,--,--,--,--,--,--,--,--,--,--,--,--,--,184430
2026-05-04 16:52:35.659,--,--,--,--,--,--,--,--,--,--,--,--,--,--,--,--,--,--,--,--,--,--,--,--,--,--,--,--,--,--,--,--,--,--,--,--,--,--,--,--,--,--,--,--,--,--,184435
2026-05-04 16:52:35.719,--,--,--,--,--,--,--,--,--,--,--,--,--,--,--,--,--,--,--,--,--,--,--,--,--,--,--,--,--,--,--,--,--,--,--,--,--,--,--,--,--,--,--,--,--,--,184440
2026-05-04 16:52:35.791,--,--,--,--,--,--,--,--,--,--,--,--,--,--,--,--,--,--,--,--,--,--,--,--,--,--,--,--,--,--,--,--,--,--,--,--,--,--,--,--,--,--,--,--,--,--,184445
2026-05-04 16:52:35.841,--,--,--,--,--,--,--,--,--,--,--,--,--,--,--,--,--,--,--,--,--,--,--,--,--,--,--,--,--,--,--,--,--,--,--,--,--,--,--,--,--,--,--,--,--,--,184450
2026-05-04 16:52:35.876,--,--,--,--,--,--,--,--,--,--,--,--,--,--,--,--,--,--,--,--,--,--,--,--,--,--,--,--,--,--,--,--,--,--,--,--,--,--,--,--,--,--,--,--,--,--,184455
2026-05-04 16:52:35.877,--,--,--,--,--,--,--,--,--,--,--,--,--,--,--,--,--,--,--,--,--,--,--,--,--,--,--,--,--,--,--,--,--,--,--,--,--,--,--,--,--,--,--,--,--,--,184460
2026-05-04 16:52:35.878,--,--,--,--,--,--,--,--,--,--,--,--,--,--,--,--,--,--,--,--,--,--,--,--,--,--,--,--,--,--,--,--,--,--,--,--,--,--,--,--,--,--,--,--,--,--,184465
2026-05-04 16:52:35.879,--,--,--,--,--,--,--,--,--,--,--,--,--,--,--,--,--,--,--,--,--,--,--,--,--,--,--,--,--,--,--,--,--,--,--,--,--,--,--,--,--,--,--,--,--,--,184470
2026-05-04 16:52:35.881,--,--,--,--,--,--,--,--,--,--,--,--,--,--,--,--,--,--,--,--,--,--,--,--,--,--,--,--,--,--,--,--,--,--,--,--,--,--,--,--,--,--,--,--,--,--,184475
2026-05-04 16:52:35.882,--,--,--,--,--,--,--,--,--,--,--,--,--,--,--,--,--,--,--,--,--,--,--,--,--,--,--,--,--,--,--,--,--,--,--,--,--,--,--,--,--,--,--,--,--,--,184480
2026-05-04 16:52:35.884,--,--,--,--,--,--,--,--,--,--,--,--,--,--,--,--,--,--,--,--,--,--,--,--,--,--,--,--,--,--,--,--,--,--,--,--,--,--,--,--,--,--,--,--,--,--,184485
2026-05-04 16:52:35.885,--,--,--,--,--,--,--,--,--,--,--,--,--,--,--,--,--,--,--,--,--,--,--,--,--,--,--,--,--,--,--,--,--,--,--,--,--,--,--,--,--,--,--,--,--,--,184490
2026-05-04 16:52:35.886,--,--,--,--,--,--,--,--,--,--,--,--,--,--,--,--,--,--,--,--,--,--,--,--,--,--,--,--,--,--,--,--,--,--,--,--,--,--,--,--,--,--,--,--,--,--,184495
2026-05-04 16:52:35.888,--,--,--,--,--,--,--,--,--,--,--,--,--,--,--,--,--,--,--,--,--,--,--,--,--,--,--,--,--,--,--,--,--,--,--,--,--,--,--,--,--,--,--,--,--,--,184500
2026-05-04 16:52:35.889,--,--,--,--,--,--,--,--,--,--,--,--,--,--,--,--,--,--,--,--,--,--,--,--,--,--,--,--,--,--,--,--,--,--,--,--,--,--,--,--,--,--,--,--,--,--,184505
2026-05-04 16:52:35.890,--,--,--,--,--,--,--,--,--,--,--,--,--,--,--,--,--,--,--,--,--,--,--,--,--,--,--,--,--,--,--,--,--,--,--,--,--,--,--,--,--,--,--,--,--,--,184510
2026-05-04 16:52:35.892,--,--,--,--,--,--,--,--,--,--,--,--,--,--,--,--,--,--,--,--,--,--,--,--,--,--,--,--,--,--,--,--,--,--,--,--,--,--,--,--,--,--,--,--,--,--,184515
2026-05-04 16:52:35.893,--,--,--,--,--,--,--,--,--,--,--,--,--,--,--,--,--,--,--,--,--,--,--,--,--,--,--,--,--,--,--,--,--,--,--,--,--,--,--,--,--,--,--,--,--,--,184520
2026-05-04 16:52:35.939,--,--,--,--,--,--,--,--,--,--,--,--,--,--,--,--,--,--,--,--,--,--,--,--,--,--,--,--,--,--,--,--,--,--,--,--,--,--,--,--,--,--,--,--,--,--,186874
2026-05-04 16:52:35.995,--,--,--,--,--,--,--,--,--,--,--,--,--,--,--,--,--,--,--,--,--,--,--,--,--,--,--,--,--,--,--,--,--,--,--,--,--,--,--,--,--,--,--,--,--,--,186879
2026-05-04 16:52:36.065,--,--,--,--,--,--,--,--,--,--,--,--,--,--,--,--,--,--,--,--,--,--,--,--,--,--,--,--,--,--,--,--,--,--,--,--,--,--,--,--,--,--,--,--,--,--,186884
2026-05-04 16:52:36.121,--,--,--,--,--,--,--,--,--,--,--,--,--,--,--,--,--,--,--,--,--,--,--,--,--,--,--,--,--,--,--,--,--,--,--,--,--,--,--,--,--,--,--,--,--,--,186889
2026-05-04 16:52:36.153,--,--,--,--,--,--,--,--,--,--,--,--,--,--,--,--,--,--,--,--,--,--,--,--,--,--,--,--,--,--,--,--,--,--,--,--,--,--,--,--,--,--,--,--,--,--,186894
2026-05-04 16:52:36.221,--,--,--,--,--,--,--,--,--,--,--,--,--,--,--,--,--,--,--,--,--,--,--,--,--,--,--,--,--,--,--,--,--,--,--,--,--,--,--,--,--,--,--,--,--,--,186899
2026-05-04 16:52:36.222,--,--,--,--,--,--,--,--,--,--,--,--,--,--,--,--,--,--,--,--,--,--,--,--,--,--,--,--,--,--,--,--,--,--,--,--,--,--,--,--,--,--,--,--,--,--,186904
2026-05-04 16:52:36.223,--,--,--,--,--,--,--,--,--,--,--,--,--,--,--,--,--,--,--,--,--,--,--,--,--,--,--,--,--,--,--,--,--,--,--,--,--,--,--,--,--,--,--,--,--,--,186909
2026-05-04 16:52:36.224,--,--,--,--,--,--,--,--,--,--,--,--,--,--,--,--,--,--,--,--,--,--,--,--,--,--,--,--,--,--,--,--,--,--,--,--,--,--,--,--,--,--,--,--,--,--,186914
2026-05-04 16:52:36.225,--,--,--,--,--,--,--,--,--,--,--,--,--,--,--,--,--,--,--,--,--,--,--,--,--,--,--,--,--,--,--,--,--,--,--,--,--,--,--,--,--,--,--,--,--,--,186919
2026-05-04 16:52:36.227,--,--,--,--,--,--,--,--,--,--,--,--,--,--,--,--,--,--,--,--,--,--,--,--,--,--,--,--,--,--,--,--,--,--,--,--,--,--,--,--,--,--,--,--,--,--,186924
2026-05-04 16:52:36.228,--,--,--,--,--,--,--,--,--,--,--,--,--,--,--,--,--,--,--,--,--,--,--,--,--,--,--,--,--,--,--,--,--,--,--,--,--,--,--,--,--,--,--,--,--,--,186929
2026-05-04 16:52:36.231,--,--,--,--,--,--,--,--,--,--,--,--,--,--,--,--,--,--,--,--,--,--,--,--,--,--,--,--,--,--,--,--,--,--,--,--,--,--,--,--,--,--,--,--,--,--,186934
2026-05-04 16:52:36.232,--,--,--,--,--,--,--,--,--,--,--,--,--,--,--,--,--,--,--,--,--,--,--,--,--,--,--,--,--,--,--,--,--,--,--,--,--,--,--,--,--,--,--,--,--,--,186939
2026-05-04 16:52:36.233,--,--,--,--,--,--,--,--,--,--,--,--,--,--,--,--,--,--,--,--,--,--,--,--,--,--,--,--,--,--,--,--,--,--,--,--,--,--,--,--,--,--,--,--,--,--,186944
2026-05-04 16:52:36.237,--,--,--,--,--,--,--,--,--,--,--,--,--,--,--,--,--,--,--,--,--,--,--,--,--,--,--,--,--,--,--,--,--,--,--,--,--,--,--,--,--,--,--,--,--,--,186949
2026-05-04 16:52:36.239,--,--,--,--,--,--,--,--,--,--,--,--,--,--,--,--,--,--,--,--,--,--,--,--,--,--,--,--,--,--,--,--,--,--,--,--,--,--,--,--,--,--,--,--,--,--,186954
2026-05-04 16:52:36.349,--,--,--,--,--,--,--,--,--,--,--,--,--,--,--,--,--,--,--,--,--,--,--,--,--,--,--,--,--,--,--,--,--,--,--,--,--,--,--,--,--,--,--,--,--,--,186959
2026-05-04 16:52:36.392,--,--,--,--,--,--,--,--,--,--,--,--,--,--,--,--,--,--,--,--,--,--,--,--,--,--,--,--,--,--,--,--,--,--,--,--,--,--,--,--,--,--,--,--,--,--,186964
2026-05-04 16:52:36.446,--,--,--,--,--,--,--,--,--,--,--,--,--,--,--,--,--,--,--,--,--,--,--,--,--,--,--,--,--,--,--,--,--,--,--,--,--,--,--,--,--,--,--,--,--,--,186969
2026-05-04 16:52:36.500,--,--,--,--,--,--,--,--,--,--,--,--,--,--,--,--,--,--,--,--,--,--,--,--,--,--,--,--,--,--,--,--,--,--,--,--,--,--,--,--,--,--,--,--,--,--,186974
2026-05-04 16:52:36.538,--,--,--,--,--,--,--,--,--,--,--,--,--,--,--,--,--,--,--,--,--,--,--,--,--,--,--,--,--,--,--,--,--,--,--,--,--,--,--,--,--,--,--,--,--,--,186979
2026-05-04 16:52:36.561,--,--,--,--,--,--,--,--,--,--,--,--,--,--,--,--,--,--,--,--,--,--,--,--,--,--,--,--,--,--,--,--,--,--,--,--,--,--,--,--,--,--,--,--,--,--,186984
2026-05-04 16:52:36.602,--,--,--,--,--,--,--,--,--,--,--,--,--,--,--,--,--,--,--,--,--,--,--,--,--,--,--,--,--,--,--,--,--,--,--,--,--,--,--,--,--,--,--,--,--,--,186989
2026-05-04 16:52:36.634,--,--,--,--,--,--,--,--,--,--,--,--,--,--,--,--,--,--,--,--,--,--,--,--,--,--,--,--,--,--,--,--,--,--,--,--,--,--,--,--,--,--,--,--,--,--,186994
2026-05-04 16:52:36.671,--,--,--,--,--,--,--,--,--,--,--,--,--,--,--,--,--,--,--,--,--,--,--,--,--,--,--,--,--,--,--,--,--,--,--,--,--,--,--,--,--,--,--,--,--,--,186999
2026-05-04 16:52:36.724,--,--,--,--,--,--,--,--,--,--,--,--,--,--,--,--,--,--,--,--,--,--,--,--,--,--,--,--,--,--,--,--,--,--,--,--,--,--,--,--,--,--,--,--,--,--,187004
2026-05-04 16:52:36.744,--,--,--,--,--,--,--,--,--,--,--,--,--,--,--,--,--,--,--,--,--,--,--,--,--,--,--,--,--,--,--,--,--,--,--,--,--,--,--,--,--,--,--,--,--,--,187009
2026-05-04 16:52:36.746,--,--,--,--,--,--,--,--,--,--,--,--,--,--,--,--,--,--,--,--,--,--,--,--,--,--,--,--,--,--,--,--,--,--,--,--,--,--,--,--,--,--,--,--,--,--,187014
2026-05-04 16:52:36.748,--,--,--,--,--,--,--,--,--,--,--,--,--,--,--,--,--,--,--,--,--,--,--,--,--,--,--,--,--,--,--,--,--,--,--,--,--,--,--,--,--,--,--,--,--,--,187019
2026-05-04 16:52:36.750,--,--,--,--,--,--,--,--,--,--,--,--,--,--,--,--,--,--,--,--,--,--,--,--,--,--,--,--,--,--,--,--,--,--,--,--,--,--,--,--,--,--,--,--,--,--,187024
2026-05-04 16:52:36.751,--,--,--,--,--,--,--,--,--,--,--,--,--,--,--,--,--,--,--,--,--,--,--,--,--,--,--,--,--,--,--,--,--,--,--,--,--,--,--,--,--,--,--,--,--,--,187029
2026-05-04 16:52:36.752,--,--,--,--,--,--,--,--,--,--,--,--,--,--,--,--,--,--,--,--,--,--,--,--,--,--,--,--,--,--,--,--,--,--,--,--,--,--,--,--,--,--,--,--,--,--,187034
2026-05-04 16:52:36.753,--,--,--,--,--,--,--,--,--,--,--,--,--,--,--,--,--,--,--,--,--,--,--,--,--,--,--,--,--,--,--,--,--,--,--,--,--,--,--,--,--,--,--,--,--,--,187039
2026-05-04 16:52:36.755,--,--,--,--,--,--,--,--,--,--,--,--,--,--,--,--,--,--,--,--,--,--,--,--,--,--,--,--,--,--,--,--,--,--,--,--,--,--,--,--,--,--,--,--,--,--,187044
2026-05-04 16:52:36.756,--,--,--,--,--,--,--,--,--,--,--,--,--,--,--,--,--,--,--,--,--,--,--,--,--,--,--,--,--,--,--,--,--,--,--,--,--,--,--,--,--,--,--,--,--,--,187049
2026-05-04 16:52:36.758,--,--,--,--,--,--,--,--,--,--,--,--,--,--,--,--,--,--,--,--,--,--,--,--,--,--,--,--,--,--,--,--,--,--,--,--,--,--,--,--,--,--,--,--,--,--,187054
2026-05-04 16:52:36.787,--,--,--,--,--,--,--,--,--,--,--,--,--,--,--,--,--,--,--,--,--,--,--,--,--,--,--,--,--,--,--,--,--,--,--,--,--,--,--,--,--,--,--,--,--,--,190295
2026-05-04 16:52:36.789,--,--,--,--,--,--,--,--,--,--,--,--,--,--,--,--,--,--,--,--,--,--,--,--,--,--,--,--,--,--,--,--,--,--,--,--,--,--,--,--,--,--,--,--,--,--,190300
2026-05-04 16:52:36.790,--,--,--,--,--,--,--,--,--,--,--,--,--,--,--,--,--,--,--,--,--,--,--,--,--,--,--,--,--,--,--,--,--,--,--,--,--,--,--,--,--,--,--,--,--,--,190305
2026-05-04 16:52:36.791,--,--,--,--,--,--,--,--,--,--,--,--,--,--,--,--,--,--,--,--,--,--,--,--,--,--,--,--,--,--,--,--,--,--,--,--,--,--,--,--,--,--,--,--,--,--,190310
2026-05-04 16:52:36.792,--,--,--,--,--,--,--,--,--,--,--,--,--,--,--,--,--,--,--,--,--,--,--,--,--,--,--,--,--,--,--,--,--,--,--,--,--,--,--,--,--,--,--,--,--,--,190315
2026-05-04 16:52:36.795,--,--,--,--,--,--,--,--,--,--,--,--,--,--,--,--,--,--,--,--,--,--,--,--,--,--,--,--,--,--,--,--,--,--,--,--,--,--,--,--,--,--,--,--,--,--,190320
2026-05-04 16:52:36.796,--,--,--,--,--,--,--,--,--,--,--,--,--,--,--,--,--,--,--,--,--,--,--,--,--,--,--,--,--,--,--,--,--,--,--,--,--,--,--,--,--,--,--,--,--,--,190325
2026-05-04 16:52:36.798,--,--,--,--,--,--,--,--,--,--,--,--,--,--,--,--,--,--,--,--,--,--,--,--,--,--,--,--,--,--,--,--,--,--,--,--,--,--,--,--,--,--,--,--,--,--,190330
2026-05-04 16:52:36.799,--,--,--,--,--,--,--,--,--,--,--,--,--,--,--,--,--,--,--,--,--,--,--,--,--,--,--,--,--,--,--,--,--,--,--,--,--,--,--,--,--,--,--,--,--,--,190335
2026-05-04 16:52:36.800,--,--,--,--,--,--,--,--,--,--,--,--,--,--,--,--,--,--,--,--,--,--,--,--,--,--,--,--,--,--,--,--,--,--,--,--,--,--,--,--,--,--,--,--,--,--,190336
2026-05-04 16:52:37.062,--,--,--,--,--,--,--,--,--,--,--,--,--,--,--,--,--,--,--,--,--,--,--,--,--,--,--,--,--,--,--,--,--,--,--,--,--,--,--,--,--,--,--,--,--,--,190337
2026-05-04 16:52:37.142,--,--,--,--,--,--,--,--,--,--,--,--,--,--,--,--,--,--,--,--,--,--,--,--,--,--,--,--,--,--,--,--,--,--,--,--,--,--,--,--,--,--,--,--,--,--,190342
2026-05-04 16:52:37.195,--,--,--,--,--,--,--,--,--,--,--,--,--,--,--,--,--,--,--,--,--,--,--,--,--,--,--,--,--,--,--,--,--,--,--,--,--,--,--,--,--,--,--,--,--,--,190347
2026-05-04 16:52:37.248,--,--,--,--,--,--,--,--,--,--,--,--,--,--,--,--,--,--,--,--,--,--,--,--,--,--,--,--,--,--,--,--,--,--,--,--,--,--,--,--,--,--,--,--,--,--,190352
2026-05-04 16:52:37.303,--,--,--,--,--,--,--,--,--,--,--,--,--,--,--,--,--,--,--,--,--,--,--,--,--,--,--,--,--,--,--,--,--,--,--,--,--,--,--,--,--,--,--,--,--,--,190357
2026-05-04 16:52:37.353,--,--,--,--,--,--,--,--,--,--,--,--,--,--,--,--,--,--,--,--,--,--,--,--,--,--,--,--,--,--,--,--,--,--,--,--,--,--,--,--,--,--,--,--,--,--,190362
2026-05-04 16:52:37.438,--,--,--,--,--,--,--,--,--,--,--,--,--,--,--,--,--,--,--,--,--,--,--,--,--,--,--,--,--,--,--,--,--,--,--,--,--,--,--,--,--,--,--,--,--,--,190367
2026-05-04 16:52:37.439,--,--,--,--,--,--,--,--,--,--,--,--,--,--,--,--,--,--,--,--,--,--,--,--,--,--,--,--,--,--,--,--,--,--,--,--,--,--,--,--,--,--,--,--,--,--,190372
2026-05-04 16:52:37.440,--,--,--,--,--,--,--,--,--,--,--,--,--,--,--,--,--,--,--,--,--,--,--,--,--,--,--,--,--,--,--,--,--,--,--,--,--,--,--,--,--,--,--,--,--,--,190377
2026-05-04 16:52:37.441,--,--,--,--,--,--,--,--,--,--,--,--,--,--,--,--,--,--,--,--,--,--,--,--,--,--,--,--,--,--,--,--,--,--,--,--,--,--,--,--,--,--,--,--,--,--,190382
2026-05-04 16:52:37.442,--,--,--,--,--,--,--,--,--,--,--,--,--,--,--,--,--,--,--,--,--,--,--,--,--,--,--,--,--,--,--,--,--,--,--,--,--,--,--,--,--,--,--,--,--,--,190387
2026-05-04 16:52:37.443,--,--,--,--,--,--,--,--,--,--,--,--,--,--,--,--,--,--,--,--,--,--,--,--,--,--,--,--,--,--,--,--,--,--,--,--,--,--,--,--,--,--,--,--,--,--,190392
2026-05-04 16:52:37.444,--,--,--,--,--,--,--,--,--,--,--,--,--,--,--,--,--,--,--,--,--,--,--,--,--,--,--,--,--,--,--,--,--,--,--,--,--,--,--,--,--,--,--,--,--,--,190397
2026-05-04 16:52:37.446,--,--,--,--,--,--,--,--,--,--,--,--,--,--,--,--,--,--,--,--,--,--,--,--,--,--,--,--,--,--,--,--,--,--,--,--,--,--,--,--,--,--,--,--,--,--,190402
2026-05-04 16:52:37.447,--,--,--,--,--,--,--,--,--,--,--,--,--,--,--,--,--,--,--,--,--,--,--,--,--,--,--,--,--,--,--,--,--,--,--,--,--,--,--,--,--,--,--,--,--,--,190407
2026-05-04 16:52:37.448,--,--,--,--,--,--,--,--,--,--,--,--,--,--,--,--,--,--,--,--,--,--,--,--,--,--,--,--,--,--,--,--,--,--,--,--,--,--,--,--,--,--,--,--,--,--,190412
2026-05-04 16:52:37.450,--,--,--,--,--,--,--,--,--,--,--,--,--,--,--,--,--,--,--,--,--,--,--,--,--,--,--,--,--,--,--,--,--,--,--,--,--,--,--,--,--,--,--,--,--,--,190417
2026-05-04 16:52:37.451,--,--,--,--,--,--,--,--,--,--,--,--,--,--,--,--,--,--,--,--,--,--,--,--,--,--,--,--,--,--,--,--,--,--,--,--,--,--,--,--,--,--,--,--,--,--,190422
2026-05-04 16:52:37.452,--,--,--,--,--,--,--,--,--,--,--,--,--,--,--,--,--,--,--,--,--,--,--,--,--,--,--,--,--,--,--,--,--,--,--,--,--,--,--,--,--,--,--,--,--,--,190427
2026-05-04 16:52:37.454,--,--,--,--,--,--,--,--,--,--,--,--,--,--,--,--,--,--,--,--,--,--,--,--,--,--,--,--,--,--,--,--,--,--,--,--,--,--,--,--,--,--,--,--,--,--,190432
2026-05-04 16:52:37.539,--,--,--,--,--,--,--,--,--,--,--,--,--,--,--,--,--,--,--,--,--,--,--,--,--,--,--,--,--,--,--,--,--,--,--,--,--,--,--,--,--,--,--,--,--,--,192997
2026-05-04 16:52:37.602,--,--,--,--,--,--,--,--,--,--,--,--,--,--,--,--,--,--,--,--,--,--,--,--,--,--,--,--,--,--,--,--,--,--,--,--,--,--,--,--,--,--,--,--,--,--,193002
2026-05-04 16:52:37.641,--,--,--,--,--,--,--,--,--,--,--,--,--,--,--,--,--,--,--,--,--,--,--,--,--,--,--,--,--,--,--,--,--,--,--,--,--,--,--,--,--,--,--,--,--,--,193007
2026-05-04 16:52:37.695,--,--,--,--,--,--,--,--,--,--,--,--,--,--,--,--,--,--,--,--,--,--,--,--,--,--,--,--,--,--,--,--,--,--,--,--,--,--,--,--,--,--,--,--,--,--,193012
2026-05-04 16:52:37.750,--,--,--,--,--,--,--,--,--,--,--,--,--,--,--,--,--,--,--,--,--,--,--,--,--,--,--,--,--,--,--,--,--,--,--,--,--,--,--,--,--,--,--,--,--,--,193017
2026-05-04 16:52:37.834,--,--,--,--,--,--,--,--,--,--,--,--,--,--,--,--,--,--,--,--,--,--,--,--,--,--,--,--,--,--,--,--,--,--,--,--,--,--,--,--,--,--,--,--,--,--,193022
2026-05-04 16:52:37.838,--,--,--,--,--,--,--,--,--,--,--,--,--,--,--,--,--,--,--,--,--,--,--,--,--,--,--,--,--,--,--,--,--,--,--,--,--,--,--,--,--,--,--,--,--,--,193027
2026-05-04 16:52:37.841,--,--,--,--,--,--,--,--,--,--,--,--,--,--,--,--,--,--,--,--,--,--,--,--,--,--,--,--,--,--,--,--,--,--,--,--,--,--,--,--,--,--,--,--,--,--,193032
2026-05-04 16:52:37.842,--,--,--,--,--,--,--,--,--,--,--,--,--,--,--,--,--,--,--,--,--,--,--,--,--,--,--,--,--,--,--,--,--,--,--,--,--,--,--,--,--,--,--,--,--,--,193037
2026-05-04 16:52:37.843,--,--,--,--,--,--,--,--,--,--,--,--,--,--,--,--,--,--,--,--,--,--,--,--,--,--,--,--,--,--,--,--,--,--,--,--,--,--,--,--,--,--,--,--,--,--,193042
2026-05-04 16:52:37.844,--,--,--,--,--,--,--,--,--,--,--,--,--,--,--,--,--,--,--,--,--,--,--,--,--,--,--,--,--,--,--,--,--,--,--,--,--,--,--,--,--,--,--,--,--,--,193047
2026-05-04 16:52:37.845,--,--,--,--,--,--,--,--,--,--,--,--,--,--,--,--,--,--,--,--,--,--,--,--,--,--,--,--,--,--,--,--,--,--,--,--,--,--,--,--,--,--,--,--,--,--,193052
2026-05-04 16:52:37.848,--,--,--,--,--,--,--,--,--,--,--,--,--,--,--,--,--,--,--,--,--,--,--,--,--,--,--,--,--,--,--,--,--,--,--,--,--,--,--,--,--,--,--,--,--,--,193057
2026-05-04 16:52:37.849,--,--,--,--,--,--,--,--,--,--,--,--,--,--,--,--,--,--,--,--,--,--,--,--,--,--,--,--,--,--,--,--,--,--,--,--,--,--,--,--,--,--,--,--,--,--,193062
2026-05-04 16:52:37.850,--,--,--,--,--,--,--,--,--,--,--,--,--,--,--,--,--,--,--,--,--,--,--,--,--,--,--,--,--,--,--,--,--,--,--,--,--,--,--,--,--,--,--,--,--,--,193067
2026-05-04 16:52:37.851,--,--,--,--,--,--,--,--,--,--,--,--,--,--,--,--,--,--,--,--,--,--,--,--,--,--,--,--,--,--,--,--,--,--,--,--,--,--,--,--,--,--,--,--,--,--,193072
2026-05-04 16:52:37.853,--,--,--,--,--,--,--,--,--,--,--,--,--,--,--,--,--,--,--,--,--,--,--,--,--,--,--,--,--,--,--,--,--,--,--,--,--,--,--,--,--,--,--,--,--,--,193077
2026-05-04 16:52:37.933,--,--,--,--,--,--,--,--,--,--,--,--,--,--,--,--,--,--,--,--,--,--,--,--,--,--,--,--,--,--,--,--,--,--,--,--,--,--,--,--,--,--,--,--,--,--,193082
2026-05-04 16:52:38.009,--,--,--,--,--,--,--,--,--,--,--,--,--,--,--,--,--,--,--,--,--,--,--,--,--,--,--,--,--,--,--,--,--,--,--,--,--,--,--,--,--,--,--,--,--,--,193087
2026-05-04 16:52:38.063,--,--,--,--,--,--,--,--,--,--,--,--,--,--,--,--,--,--,--,--,--,--,--,--,--,--,--,--,--,--,--,--,--,--,--,--,--,--,--,--,--,--,--,--,--,--,193092
2026-05-04 16:52:38.104,--,--,--,--,--,--,--,--,--,--,--,--,--,--,--,--,--,--,--,--,--,--,--,--,--,--,--,--,--,--,--,--,--,--,--,--,--,--,--,--,--,--,--,--,--,--,193097
2026-05-04 16:52:38.138,--,--,--,--,--,--,--,--,--,--,--,--,--,--,--,--,--,--,--,--,--,--,--,--,--,--,--,--,--,--,--,--,--,--,--,--,--,--,--,--,--,--,--,--,--,--,193102
2026-05-04 16:52:38.195,--,--,--,--,--,--,--,--,--,--,--,--,--,--,--,--,--,--,--,--,--,--,--,--,--,--,--,--,--,--,--,--,--,--,--,--,--,--,--,--,--,--,--,--,--,--,193107
2026-05-04 16:52:38.248,--,--,--,--,--,--,--,--,--,--,--,--,--,--,--,--,--,--,--,--,--,--,--,--,--,--,--,--,--,--,--,--,--,--,--,--,--,--,--,--,--,--,--,--,--,--,193112
2026-05-04 16:52:38.302,--,--,--,--,--,--,--,--,--,--,--,--,--,--,--,--,--,--,--,--,--,--,--,--,--,--,--,--,--,--,--,--,--,--,--,--,--,--,--,--,--,--,--,--,--,--,193117
2026-05-04 16:52:38.305,--,--,--,--,--,--,--,--,--,--,--,--,--,--,--,--,--,--,--,--,--,--,--,--,--,--,--,--,--,--,--,--,--,--,--,--,--,--,--,--,--,--,--,--,--,--,193122
2026-05-04 16:52:38.307,--,--,--,--,--,--,--,--,--,--,--,--,--,--,--,--,--,--,--,--,--,--,--,--,--,--,--,--,--,--,--,--,--,--,--,--,--,--,--,--,--,--,--,--,--,--,193127
2026-05-04 16:52:38.308,--,--,--,--,--,--,--,--,--,--,--,--,--,--,--,--,--,--,--,--,--,--,--,--,--,--,--,--,--,--,--,--,--,--,--,--,--,--,--,--,--,--,--,--,--,--,193132
2026-05-04 16:52:38.309,--,--,--,--,--,--,--,--,--,--,--,--,--,--,--,--,--,--,--,--,--,--,--,--,--,--,--,--,--,--,--,--,--,--,--,--,--,--,--,--,--,--,--,--,--,--,193137
2026-05-04 16:52:38.310,--,--,--,--,--,--,--,--,--,--,--,--,--,--,--,--,--,--,--,--,--,--,--,--,--,--,--,--,--,--,--,--,--,--,--,--,--,--,--,--,--,--,--,--,--,--,193142
2026-05-04 16:52:38.312,--,--,--,--,--,--,--,--,--,--,--,--,--,--,--,--,--,--,--,--,--,--,--,--,--,--,--,--,--,--,--,--,--,--,--,--,--,--,--,--,--,--,--,--,--,--,193147
2026-05-04 16:52:38.313,--,--,--,--,--,--,--,--,--,--,--,--,--,--,--,--,--,--,--,--,--,--,--,--,--,--,--,--,--,--,--,--,--,--,--,--,--,--,--,--,--,--,--,--,--,--,193152
2026-05-04 16:52:38.314,--,--,--,--,--,--,--,--,--,--,--,--,--,--,--,--,--,--,--,--,--,--,--,--,--,--,--,--,--,--,--,--,--,--,--,--,--,--,--,--,--,--,--,--,--,--,193157
2026-05-04 16:52:38.316,--,--,--,--,--,--,--,--,--,--,--,--,--,--,--,--,--,--,--,--,--,--,--,--,--,--,--,--,--,--,--,--,--,--,--,--,--,--,--,--,--,--,--,--,--,--,193162
2026-05-04 16:52:38.317,--,--,--,--,--,--,--,--,--,--,--,--,--,--,--,--,--,--,--,--,--,--,--,--,--,--,--,--,--,--,--,--,--,--,--,--,--,--,--,--,--,--,--,--,--,--,193167
2026-05-04 16:52:38.319,--,--,--,--,--,--,--,--,--,--,--,--,--,--,--,--,--,--,--,--,--,--,--,--,--,--,--,--,--,--,--,--,--,--,--,--,--,--,--,--,--,--,--,--,--,--,193172
2026-05-04 16:52:38.321,--,--,--,--,--,--,--,--,--,--,--,--,--,--,--,--,--,--,--,--,--,--,--,--,--,--,--,--,--,--,--,--,--,--,--,--,--,--,--,--,--,--,--,--,--,--,193177
2026-05-04 16:52:38.372,--,--,--,--,--,--,--,--,--,--,--,--,--,--,--,--,--,--,--,--,--,--,--,--,--,--,--,--,--,--,--,--,--,--,--,--,--,--,--,--,--,--,--,--,--,--,196502
2026-05-04 16:52:38.443,--,--,--,--,--,--,--,--,--,--,--,--,--,--,--,--,--,--,--,--,--,--,--,--,--,--,--,--,--,--,--,--,--,--,--,--,--,--,--,--,--,--,--,--,--,--,196507
2026-05-04 16:52:38.529,--,--,--,--,--,--,--,--,--,--,--,--,--,--,--,--,--,--,--,--,--,--,--,--,--,--,--,--,--,--,--,--,--,--,--,--,--,--,--,--,--,--,--,--,--,--,196512
2026-05-04 16:52:38.530,--,--,--,--,--,--,--,--,--,--,--,--,--,--,--,--,--,--,--,--,--,--,--,--,--,--,--,--,--,--,--,--,--,--,--,--,--,--,--,--,--,--,--,--,--,--,196517
2026-05-04 16:52:38.532,--,--,--,--,--,--,--,--,--,--,--,--,--,--,--,--,--,--,--,--,--,--,--,--,--,--,--,--,--,--,--,--,--,--,--,--,--,--,--,--,--,--,--,--,--,--,196522
2026-05-04 16:52:38.533,--,--,--,--,--,--,--,--,--,--,--,--,--,--,--,--,--,--,--,--,--,--,--,--,--,--,--,--,--,--,--,--,--,--,--,--,--,--,--,--,--,--,--,--,--,--,196527
2026-05-04 16:52:38.534,--,--,--,--,--,--,--,--,--,--,--,--,--,--,--,--,--,--,--,--,--,--,--,--,--,--,--,--,--,--,--,--,--,--,--,--,--,--,--,--,--,--,--,--,--,--,196532
2026-05-04 16:52:38.535,--,--,--,--,--,--,--,--,--,--,--,--,--,--,--,--,--,--,--,--,--,--,--,--,--,--,--,--,--,--,--,--,--,--,--,--,--,--,--,--,--,--,--,--,--,--,196537
2026-05-04 16:52:38.537,--,--,--,--,--,--,--,--,--,--,--,--,--,--,--,--,--,--,--,--,--,--,--,--,--,--,--,--,--,--,--,--,--,--,--,--,--,--,--,--,--,--,--,--,--,--,196542
2026-05-04 16:52:38.538,--,--,--,--,--,--,--,--,--,--,--,--,--,--,--,--,--,--,--,--,--,--,--,--,--,--,--,--,--,--,--,--,--,--,--,--,--,--,--,--,--,--,--,--,--,--,196543
2026-05-04 16:52:38.665,--,--,--,--,--,--,--,--,--,--,--,--,--,--,--,--,--,--,--,--,--,--,--,--,--,--,--,--,--,--,--,--,--,--,--,--,--,--,--,--,--,--,--,--,--,--,196544
2026-05-04 16:52:38.717,--,--,--,--,--,--,--,--,--,--,--,--,--,--,--,--,--,--,--,--,--,--,--,--,--,--,--,--,--,--,--,--,--,--,--,--,--,--,--,--,--,--,--,--,--,--,196549
2026-05-04 16:52:38.775,--,--,--,--,--,--,--,--,--,--,--,--,--,--,--,--,--,--,--,--,--,--,--,--,--,--,--,--,--,--,--,--,--,--,--,--,--,--,--,--,--,--,--,--,--,--,196554
2026-05-04 16:52:38.810,--,--,--,--,--,--,--,--,--,--,--,--,--,--,--,--,--,--,--,--,--,--,--,--,--,--,--,--,--,--,--,--,--,--,--,--,--,--,--,--,--,--,--,--,--,--,196559
2026-05-04 16:52:38.865,--,--,--,--,--,--,--,--,--,--,--,--,--,--,--,--,--,--,--,--,--,--,--,--,--,--,--,--,--,--,--,--,--,--,--,--,--,--,--,--,--,--,--,--,--,--,196564
2026-05-04 16:52:38.920,--,--,--,--,--,--,--,--,--,--,--,--,--,--,--,--,--,--,--,--,--,--,--,--,--,--,--,--,--,--,--,--,--,--,--,--,--,--,--,--,--,--,--,--,--,--,196569
2026-05-04 16:52:38.974,--,--,--,--,--,--,--,--,--,--,--,--,--,--,--,--,--,--,--,--,--,--,--,--,--,--,--,--,--,--,--,--,--,--,--,--,--,--,--,--,--,--,--,--,--,--,196574
2026-05-04 16:52:39.027,--,--,--,--,--,--,--,--,--,--,--,--,--,--,--,--,--,--,--,--,--,--,--,--,--,--,--,--,--,--,--,--,--,--,--,--,--,--,--,--,--,--,--,--,--,--,196579
2026-05-04 16:52:39.029,--,--,--,--,--,--,--,--,--,--,--,--,--,--,--,--,--,--,--,--,--,--,--,--,--,--,--,--,--,--,--,--,--,--,--,--,--,--,--,--,--,--,--,--,--,--,196584
2026-05-04 16:52:39.030,--,--,--,--,--,--,--,--,--,--,--,--,--,--,--,--,--,--,--,--,--,--,--,--,--,--,--,--,--,--,--,--,--,--,--,--,--,--,--,--,--,--,--,--,--,--,196589
2026-05-04 16:52:39.031,--,--,--,--,--,--,--,--,--,--,--,--,--,--,--,--,--,--,--,--,--,--,--,--,--,--,--,--,--,--,--,--,--,--,--,--,--,--,--,--,--,--,--,--,--,--,196594
2026-05-04 16:52:39.034,--,--,--,--,--,--,--,--,--,--,--,--,--,--,--,--,--,--,--,--,--,--,--,--,--,--,--,--,--,--,--,--,--,--,--,--,--,--,--,--,--,--,--,--,--,--,196599
2026-05-04 16:52:39.035,--,--,--,--,--,--,--,--,--,--,--,--,--,--,--,--,--,--,--,--,--,--,--,--,--,--,--,--,--,--,--,--,--,--,--,--,--,--,--,--,--,--,--,--,--,--,196604
2026-05-04 16:52:39.037,--,--,--,--,--,--,--,--,--,--,--,--,--,--,--,--,--,--,--,--,--,--,--,--,--,--,--,--,--,--,--,--,--,--,--,--,--,--,--,--,--,--,--,--,--,--,196609
2026-05-04 16:52:39.040,--,--,--,--,--,--,--,--,--,--,--,--,--,--,--,--,--,--,--,--,--,--,--,--,--,--,--,--,--,--,--,--,--,--,--,--,--,--,--,--,--,--,--,--,--,--,196614
2026-05-04 16:52:39.042,--,--,--,--,--,--,--,--,--,--,--,--,--,--,--,--,--,--,--,--,--,--,--,--,--,--,--,--,--,--,--,--,--,--,--,--,--,--,--,--,--,--,--,--,--,--,196619
2026-05-04 16:52:39.043,--,--,--,--,--,--,--,--,--,--,--,--,--,--,--,--,--,--,--,--,--,--,--,--,--,--,--,--,--,--,--,--,--,--,--,--,--,--,--,--,--,--,--,--,--,--,196624
2026-05-04 16:52:39.044,--,--,--,--,--,--,--,--,--,--,--,--,--,--,--,--,--,--,--,--,--,--,--,--,--,--,--,--,--,--,--,--,--,--,--,--,--,--,--,--,--,--,--,--,--,--,196629
2026-05-04 16:52:39.045,--,--,--,--,--,--,--,--,--,--,--,--,--,--,--,--,--,--,--,--,--,--,--,--,--,--,--,--,--,--,--,--,--,--,--,--,--,--,--,--,--,--,--,--,--,--,196634
2026-05-04 16:52:39.047,--,--,--,--,--,--,--,--,--,--,--,--,--,--,--,--,--,--,--,--,--,--,--,--,--,--,--,--,--,--,--,--,--,--,--,--,--,--,--,--,--,--,--,--,--,--,196639
2026-05-04 16:52:39.078,--,--,--,--,--,--,--,--,--,--,--,--,--,--,--,--,--,--,--,--,--,--,--,--,--,--,--,--,--,--,--,--,--,--,--,--,--,--,--,--,--,--,--,--,--,--,199373
2026-05-04 16:52:39.149,--,--,--,--,--,--,--,--,--,--,--,--,--,--,--,--,--,--,--,--,--,--,--,--,--,--,--,--,--,--,--,--,--,--,--,--,--,--,--,--,--,--,--,--,--,--,199378
2026-05-04 16:52:39.205,--,--,--,--,--,--,--,--,--,--,--,--,--,--,--,--,--,--,--,--,--,--,--,--,--,--,--,--,--,--,--,--,--,--,--,--,--,--,--,--,--,--,--,--,--,--,199383
2026-05-04 16:52:39.255,--,--,--,--,--,--,--,--,--,--,--,--,--,--,--,--,--,--,--,--,--,--,--,--,--,--,--,--,--,--,--,--,--,--,--,--,--,--,--,--,--,--,--,--,--,--,199388
2026-05-04 16:52:39.257,--,--,--,--,--,--,--,--,--,--,--,--,--,--,--,--,--,--,--,--,--,--,--,--,--,--,--,--,--,--,--,--,--,--,--,--,--,--,--,--,--,--,--,--,--,--,199393
2026-05-04 16:52:39.258,--,--,--,--,--,--,--,--,--,--,--,--,--,--,--,--,--,--,--,--,--,--,--,--,--,--,--,--,--,--,--,--,--,--,--,--,--,--,--,--,--,--,--,--,--,--,199398
2026-05-04 16:52:39.259,--,--,--,--,--,--,--,--,--,--,--,--,--,--,--,--,--,--,--,--,--,--,--,--,--,--,--,--,--,--,--,--,--,--,--,--,--,--,--,--,--,--,--,--,--,--,199403
2026-05-04 16:52:39.261,--,--,--,--,--,--,--,--,--,--,--,--,--,--,--,--,--,--,--,--,--,--,--,--,--,--,--,--,--,--,--,--,--,--,--,--,--,--,--,--,--,--,--,--,--,--,199408
2026-05-04 16:52:39.262,--,--,--,--,--,--,--,--,--,--,--,--,--,--,--,--,--,--,--,--,--,--,--,--,--,--,--,--,--,--,--,--,--,--,--,--,--,--,--,--,--,--,--,--,--,--,199413
2026-05-04 16:52:39.263,--,--,--,--,--,--,--,--,--,--,--,--,--,--,--,--,--,--,--,--,--,--,--,--,--,--,--,--,--,--,--,--,--,--,--,--,--,--,--,--,--,--,--,--,--,--,199415
2026-05-04 16:52:39.363,--,--,--,--,--,--,--,--,--,--,--,--,--,--,--,--,--,--,--,--,--,--,--,--,--,--,--,--,--,--,--,--,--,--,--,--,--,--,--,--,--,--,--,--,--,--,199416
2026-05-04 16:52:39.418,--,--,--,--,--,--,--,--,--,--,--,--,--,--,--,--,--,--,--,--,--,--,--,--,--,--,--,--,--,--,--,--,--,--,--,--,--,--,--,--,--,--,--,--,--,--,199421
2026-05-04 16:52:39.453,--,--,--,--,--,--,--,--,--,--,--,--,--,--,--,--,--,--,--,--,--,--,--,--,--,--,--,--,--,--,--,--,--,--,--,--,--,--,--,--,--,--,--,--,--,--,199426
2026-05-04 16:52:39.508,--,--,--,--,--,--,--,--,--,--,--,--,--,--,--,--,--,--,--,--,--,--,--,--,--,--,--,--,--,--,--,--,--,--,--,--,--,--,--,--,--,--,--,--,--,--,199431
2026-05-04 16:52:39.560,--,--,--,--,--,--,--,--,--,--,--,--,--,--,--,--,--,--,--,--,--,--,--,--,--,--,--,--,--,--,--,--,--,--,--,--,--,--,--,--,--,--,--,--,--,--,199436
2026-05-04 16:52:39.610,--,--,--,--,--,--,--,--,--,--,--,--,--,--,--,--,--,--,--,--,--,--,--,--,--,--,--,--,--,--,--,--,--,--,--,--,--,--,--,--,--,--,--,--,--,--,199441
2026-05-04 16:52:39.645,--,--,--,--,--,--,--,--,--,--,--,--,--,--,--,--,--,--,--,--,--,--,--,--,--,--,--,--,--,--,--,--,--,--,--,--,--,--,--,--,--,--,--,--,--,--,199446
2026-05-04 16:52:39.704,--,--,--,--,--,--,--,--,--,--,--,--,--,--,--,--,--,--,--,--,--,--,--,--,--,--,--,--,--,--,--,--,--,--,--,--,--,--,--,--,--,--,--,--,--,--,199451
2026-05-04 16:52:39.722,--,--,--,--,--,--,--,--,--,--,--,--,--,--,--,--,--,--,--,--,--,--,--,--,--,--,--,--,--,--,--,--,--,--,--,--,--,--,--,--,--,--,--,--,--,--,199456
2026-05-04 16:52:39.724,--,--,--,--,--,--,--,--,--,--,--,--,--,--,--,--,--,--,--,--,--,--,--,--,--,--,--,--,--,--,--,--,--,--,--,--,--,--,--,--,--,--,--,--,--,--,199461
2026-05-04 16:52:39.726,--,--,--,--,--,--,--,--,--,--,--,--,--,--,--,--,--,--,--,--,--,--,--,--,--,--,--,--,--,--,--,--,--,--,--,--,--,--,--,--,--,--,--,--,--,--,199466
2026-05-04 16:52:39.728,--,--,--,--,--,--,--,--,--,--,--,--,--,--,--,--,--,--,--,--,--,--,--,--,--,--,--,--,--,--,--,--,--,--,--,--,--,--,--,--,--,--,--,--,--,--,199471
2026-05-04 16:52:39.730,--,--,--,--,--,--,--,--,--,--,--,--,--,--,--,--,--,--,--,--,--,--,--,--,--,--,--,--,--,--,--,--,--,--,--,--,--,--,--,--,--,--,--,--,--,--,199476
2026-05-04 16:52:39.731,--,--,--,--,--,--,--,--,--,--,--,--,--,--,--,--,--,--,--,--,--,--,--,--,--,--,--,--,--,--,--,--,--,--,--,--,--,--,--,--,--,--,--,--,--,--,199481
2026-05-04 16:52:39.733,--,--,--,--,--,--,--,--,--,--,--,--,--,--,--,--,--,--,--,--,--,--,--,--,--,--,--,--,--,--,--,--,--,--,--,--,--,--,--,--,--,--,--,--,--,--,199486
2026-05-04 16:52:39.734,--,--,--,--,--,--,--,--,--,--,--,--,--,--,--,--,--,--,--,--,--,--,--,--,--,--,--,--,--,--,--,--,--,--,--,--,--,--,--,--,--,--,--,--,--,--,199491
2026-05-04 16:52:39.736,--,--,--,--,--,--,--,--,--,--,--,--,--,--,--,--,--,--,--,--,--,--,--,--,--,--,--,--,--,--,--,--,--,--,--,--,--,--,--,--,--,--,--,--,--,--,199496
2026-05-04 16:52:39.737,--,--,--,--,--,--,--,--,--,--,--,--,--,--,--,--,--,--,--,--,--,--,--,--,--,--,--,--,--,--,--,--,--,--,--,--,--,--,--,--,--,--,--,--,--,--,199501
2026-05-04 16:52:39.739,--,--,--,--,--,--,--,--,--,--,--,--,--,--,--,--,--,--,--,--,--,--,--,--,--,--,--,--,--,--,--,--,--,--,--,--,--,--,--,--,--,--,--,--,--,--,199506
2026-05-04 16:52:39.757,--,--,--,--,--,--,--,--,--,--,--,--,--,--,--,--,--,--,--,--,--,--,--,--,--,--,--,--,--,--,--,--,--,--,--,--,--,--,--,--,--,--,--,--,--,--,199511
2026-05-04 16:52:39.768,--,--,--,--,--,--,--,--,--,--,--,--,--,--,--,--,--,--,--,--,--,--,--,--,--,--,--,--,--,--,--,--,--,--,--,--,--,--,--,--,--,--,--,--,--,--,202203
2026-05-04 16:52:39.823,--,--,--,--,--,--,--,--,--,--,--,--,--,--,--,--,--,--,--,--,--,--,--,--,--,--,--,--,--,--,--,--,--,--,--,--,--,--,--,--,--,--,--,--,--,--,202208
2026-05-04 16:52:39.894,--,--,--,--,--,--,--,--,--,--,--,--,--,--,--,--,--,--,--,--,--,--,--,--,--,--,--,--,--,--,--,--,--,--,--,--,--,--,--,--,--,--,--,--,--,--,202213
2026-05-04 16:52:39.945,--,--,--,--,--,--,--,--,--,--,--,--,--,--,--,--,--,--,--,--,--,--,--,--,--,--,--,--,--,--,--,--,--,--,--,--,--,--,--,--,--,--,--,--,--,--,202218
2026-05-04 16:52:39.947,--,--,--,--,--,--,--,--,--,--,--,--,--,--,--,--,--,--,--,--,--,--,--,--,--,--,--,--,--,--,--,--,--,--,--,--,--,--,--,--,--,--,--,--,--,--,202223
2026-05-04 16:52:39.948,--,--,--,--,--,--,--,--,--,--,--,--,--,--,--,--,--,--,--,--,--,--,--,--,--,--,--,--,--,--,--,--,--,--,--,--,--,--,--,--,--,--,--,--,--,--,202228
2026-05-04 16:52:39.951,--,--,--,--,--,--,--,--,--,--,--,--,--,--,--,--,--,--,--,--,--,--,--,--,--,--,--,--,--,--,--,--,--,--,--,--,--,--,--,--,--,--,--,--,--,--,202233
2026-05-04 16:52:39.952,--,--,--,--,--,--,--,--,--,--,--,--,--,--,--,--,--,--,--,--,--,--,--,--,--,--,--,--,--,--,--,--,--,--,--,--,--,--,--,--,--,--,--,--,--,--,202238
2026-05-04 16:52:39.953,--,--,--,--,--,--,--,--,--,--,--,--,--,--,--,--,--,--,--,--,--,--,--,--,--,--,--,--,--,--,--,--,--,--,--,--,--,--,--,--,--,--,--,--,--,--,202243
2026-05-04 16:52:39.955,--,--,--,--,--,--,--,--,--,--,--,--,--,--,--,--,--,--,--,--,--,--,--,--,--,--,--,--,--,--,--,--,--,--,--,--,--,--,--,--,--,--,--,--,--,--,202244
2026-05-04 16:52:40.073,--,--,--,--,--,--,--,--,--,--,--,--,--,--,--,--,--,--,--,--,--,--,--,--,--,--,--,--,--,--,--,--,--,--,--,--,--,--,--,--,--,--,--,--,--,--,202245
2026-05-04 16:52:40.128,--,--,--,--,--,--,--,--,--,--,--,--,--,--,--,--,--,--,--,--,--,--,--,--,--,--,--,--,--,--,--,--,--,--,--,--,--,--,--,--,--,--,--,--,--,--,202250
2026-05-04 16:52:40.184,--,--,--,--,--,--,--,--,--,--,--,--,--,--,--,--,--,--,--,--,--,--,--,--,--,--,--,--,--,--,--,--,--,--,--,--,--,--,--,--,--,--,--,--,--,--,202255
2026-05-04 16:52:40.236,--,--,--,--,--,--,--,--,--,--,--,--,--,--,--,--,--,--,--,--,--,--,--,--,--,--,--,--,--,--,--,--,--,--,--,--,--,--,--,--,--,--,--,--,--,--,202260
2026-05-04 16:52:40.303,--,--,--,--,--,--,--,--,--,--,--,--,--,--,--,--,--,--,--,--,--,--,--,--,--,--,--,--,--,--,--,--,--,--,--,--,--,--,--,--,--,--,--,--,--,--,202265
2026-05-04 16:52:40.370,--,--,--,--,--,--,--,--,--,--,--,--,--,--,--,--,--,--,--,--,--,--,--,--,--,--,--,--,--,--,--,--,--,--,--,--,--,--,--,--,--,--,--,--,--,--,202270
2026-05-04 16:52:40.436,--,--,--,--,--,--,--,--,--,--,--,--,--,--,--,--,--,--,--,--,--,--,--,--,--,--,--,--,--,--,--,--,--,--,--,--,--,--,--,--,--,--,--,--,--,--,202275
2026-05-04 16:52:40.439,--,--,--,--,--,--,--,--,--,--,--,--,--,--,--,--,--,--,--,--,--,--,--,--,--,--,--,--,--,--,--,--,--,--,--,--,--,--,--,--,--,--,--,--,--,--,202280
2026-05-04 16:52:40.441,--,--,--,--,--,--,--,--,--,--,--,--,--,--,--,--,--,--,--,--,--,--,--,--,--,--,--,--,--,--,--,--,--,--,--,--,--,--,--,--,--,--,--,--,--,--,202285
2026-05-04 16:52:40.442,--,--,--,--,--,--,--,--,--,--,--,--,--,--,--,--,--,--,--,--,--,--,--,--,--,--,--,--,--,--,--,--,--,--,--,--,--,--,--,--,--,--,--,--,--,--,202290
2026-05-04 16:52:40.443,--,--,--,--,--,--,--,--,--,--,--,--,--,--,--,--,--,--,--,--,--,--,--,--,--,--,--,--,--,--,--,--,--,--,--,--,--,--,--,--,--,--,--,--,--,--,202295
2026-05-04 16:52:40.445,--,--,--,--,--,--,--,--,--,--,--,--,--,--,--,--,--,--,--,--,--,--,--,--,--,--,--,--,--,--,--,--,--,--,--,--,--,--,--,--,--,--,--,--,--,--,202300
2026-05-04 16:52:40.446,--,--,--,--,--,--,--,--,--,--,--,--,--,--,--,--,--,--,--,--,--,--,--,--,--,--,--,--,--,--,--,--,--,--,--,--,--,--,--,--,--,--,--,--,--,--,202305
2026-05-04 16:52:40.447,--,--,--,--,--,--,--,--,--,--,--,--,--,--,--,--,--,--,--,--,--,--,--,--,--,--,--,--,--,--,--,--,--,--,--,--,--,--,--,--,--,--,--,--,--,--,202310
2026-05-04 16:52:40.448,--,--,--,--,--,--,--,--,--,--,--,--,--,--,--,--,--,--,--,--,--,--,--,--,--,--,--,--,--,--,--,--,--,--,--,--,--,--,--,--,--,--,--,--,--,--,202315
2026-05-04 16:52:40.449,--,--,--,--,--,--,--,--,--,--,--,--,--,--,--,--,--,--,--,--,--,--,--,--,--,--,--,--,--,--,--,--,--,--,--,--,--,--,--,--,--,--,--,--,--,--,202320
2026-05-04 16:52:40.451,--,--,--,--,--,--,--,--,--,--,--,--,--,--,--,--,--,--,--,--,--,--,--,--,--,--,--,--,--,--,--,--,--,--,--,--,--,--,--,--,--,--,--,--,--,--,202325
2026-05-04 16:52:40.452,--,--,--,--,--,--,--,--,--,--,--,--,--,--,--,--,--,--,--,--,--,--,--,--,--,--,--,--,--,--,--,--,--,--,--,--,--,--,--,--,--,--,--,--,--,--,202330
2026-05-04 16:52:40.454,--,--,--,--,--,--,--,--,--,--,--,--,--,--,--,--,--,--,--,--,--,--,--,--,--,--,--,--,--,--,--,--,--,--,--,--,--,--,--,--,--,--,--,--,--,--,202335
2026-05-04 16:52:40.455,--,--,--,--,--,--,--,--,--,--,--,--,--,--,--,--,--,--,--,--,--,--,--,--,--,--,--,--,--,--,--,--,--,--,--,--,--,--,--,--,--,--,--,--,--,--,202340
2026-05-04 16:52:40.507,--,--,--,--,--,--,--,--,--,--,--,--,--,--,--,--,--,--,--,--,--,--,--,--,--,--,--,--,--,--,--,--,--,--,--,--,--,--,--,--,--,--,--,--,--,--,204989
2026-05-04 16:52:40.593,--,--,--,--,--,--,--,--,--,--,--,--,--,--,--,--,--,--,--,--,--,--,--,--,--,--,--,--,--,--,--,--,--,--,--,--,--,--,--,--,--,--,--,--,--,--,204994
2026-05-04 16:52:40.660,--,--,--,--,--,--,--,--,--,--,--,--,--,--,--,--,--,--,--,--,--,--,--,--,--,--,--,--,--,--,--,--,--,--,--,--,--,--,--,--,--,--,--,--,--,--,204999
2026-05-04 16:52:40.731,--,--,--,--,--,--,--,--,--,--,--,--,--,--,--,--,--,--,--,--,--,--,--,--,--,--,--,--,--,--,--,--,--,--,--,--,--,--,--,--,--,--,--,--,--,--,205004
2026-05-04 16:52:40.784,--,--,--,--,--,--,--,--,--,--,--,--,--,--,--,--,--,--,--,--,--,--,--,--,--,--,--,--,--,--,--,--,--,--,--,--,--,--,--,--,--,--,--,--,--,--,205009
2026-05-04 16:52:40.786,--,--,--,--,--,--,--,--,--,--,--,--,--,--,--,--,--,--,--,--,--,--,--,--,--,--,--,--,--,--,--,--,--,--,--,--,--,--,--,--,--,--,--,--,--,--,205014
2026-05-04 16:52:40.788,--,--,--,--,--,--,--,--,--,--,--,--,--,--,--,--,--,--,--,--,--,--,--,--,--,--,--,--,--,--,--,--,--,--,--,--,--,--,--,--,--,--,--,--,--,--,205019
2026-05-04 16:52:40.789,--,--,--,--,--,--,--,--,--,--,--,--,--,--,--,--,--,--,--,--,--,--,--,--,--,--,--,--,--,--,--,--,--,--,--,--,--,--,--,--,--,--,--,--,--,--,205024
2026-05-04 16:52:40.790,--,--,--,--,--,--,--,--,--,--,--,--,--,--,--,--,--,--,--,--,--,--,--,--,--,--,--,--,--,--,--,--,--,--,--,--,--,--,--,--,--,--,--,--,--,--,205029
2026-05-04 16:52:40.791,--,--,--,--,--,--,--,--,--,--,--,--,--,--,--,--,--,--,--,--,--,--,--,--,--,--,--,--,--,--,--,--,--,--,--,--,--,--,--,--,--,--,--,--,--,--,205034
2026-05-04 16:52:40.793,--,--,--,--,--,--,--,--,--,--,--,--,--,--,--,--,--,--,--,--,--,--,--,--,--,--,--,--,--,--,--,--,--,--,--,--,--,--,--,--,--,--,--,--,--,--,205039
2026-05-04 16:52:40.794,--,--,--,--,--,--,--,--,--,--,--,--,--,--,--,--,--,--,--,--,--,--,--,--,--,--,--,--,--,--,--,--,--,--,--,--,--,--,--,--,--,--,--,--,--,--,205044
2026-05-04 16:52:40.795,--,--,--,--,--,--,--,--,--,--,--,--,--,--,--,--,--,--,--,--,--,--,--,--,--,--,--,--,--,--,--,--,--,--,--,--,--,--,--,--,--,--,--,--,--,--,205049
2026-05-04 16:52:40.797,--,--,--,--,--,--,--,--,--,--,--,--,--,--,--,--,--,--,--,--,--,--,--,--,--,--,--,--,--,--,--,--,--,--,--,--,--,--,--,--,--,--,--,--,--,--,205054
2026-05-04 16:52:40.799,--,--,--,--,--,--,--,--,--,--,--,--,--,--,--,--,--,--,--,--,--,--,--,--,--,--,--,--,--,--,--,--,--,--,--,--,--,--,--,--,--,--,--,--,--,--,205059
2026-05-04 16:52:40.801,--,--,--,--,--,--,--,--,--,--,--,--,--,--,--,--,--,--,--,--,--,--,--,--,--,--,--,--,--,--,--,--,--,--,--,--,--,--,--,--,--,--,--,--,--,--,205064
2026-05-04 16:52:40.802,--,--,--,--,--,--,--,--,--,--,--,--,--,--,--,--,--,--,--,--,--,--,--,--,--,--,--,--,--,--,--,--,--,--,--,--,--,--,--,--,--,--,--,--,--,--,205069
2026-05-04 16:52:40.949,--,--,--,--,--,--,--,--,--,--,--,--,--,--,--,--,--,--,--,--,--,--,--,--,--,--,--,--,--,--,--,--,--,--,--,--,--,--,--,--,--,--,--,--,--,--,205074
2026-05-04 16:52:41.004,--,--,--,--,--,--,--,--,--,--,--,--,--,--,--,--,--,--,--,--,--,--,--,--,--,--,--,--,--,--,--,--,--,--,--,--,--,--,--,--,--,--,--,--,--,--,205079
2026-05-04 16:52:41.057,--,--,--,--,--,--,--,--,--,--,--,--,--,--,--,--,--,--,--,--,--,--,--,--,--,--,--,--,--,--,--,--,--,--,--,--,--,--,--,--,--,--,--,--,--,--,205084
2026-05-04 16:52:41.115,--,--,--,--,--,--,--,--,--,--,--,--,--,--,--,--,--,--,--,--,--,--,--,--,--,--,--,--,--,--,--,--,--,--,--,--,--,--,--,--,--,--,--,--,--,--,205089
2026-05-04 16:52:41.166,--,--,--,--,--,--,--,--,--,--,--,--,--,--,--,--,--,--,--,--,--,--,--,--,--,--,--,--,--,--,--,--,--,--,--,--,--,--,--,--,--,--,--,--,--,--,205094
2026-05-04 16:52:41.205,--,--,--,--,--,--,--,--,--,--,--,--,--,--,--,--,--,--,--,--,--,--,--,--,--,--,--,--,--,--,--,--,--,--,--,--,--,--,--,--,--,--,--,--,--,--,205099
2026-05-04 16:52:41.258,--,--,--,--,--,--,--,--,--,--,--,--,--,--,--,--,--,--,--,--,--,--,--,--,--,--,--,--,--,--,--,--,--,--,--,--,--,--,--,--,--,--,--,--,--,--,205104
2026-05-04 16:52:41.295,--,--,--,--,--,--,--,--,--,--,--,--,--,--,--,--,--,--,--,--,--,--,--,--,--,--,--,--,--,--,--,--,--,--,--,--,--,--,--,--,--,--,--,--,--,--,205109
2026-05-04 16:52:41.297,--,--,--,--,--,--,--,--,--,--,--,--,--,--,--,--,--,--,--,--,--,--,--,--,--,--,--,--,--,--,--,--,--,--,--,--,--,--,--,--,--,--,--,--,--,--,205114
2026-05-04 16:52:41.298,--,--,--,--,--,--,--,--,--,--,--,--,--,--,--,--,--,--,--,--,--,--,--,--,--,--,--,--,--,--,--,--,--,--,--,--,--,--,--,--,--,--,--,--,--,--,205119
2026-05-04 16:52:41.300,--,--,--,--,--,--,--,--,--,--,--,--,--,--,--,--,--,--,--,--,--,--,--,--,--,--,--,--,--,--,--,--,--,--,--,--,--,--,--,--,--,--,--,--,--,--,205124
2026-05-04 16:52:41.301,--,--,--,--,--,--,--,--,--,--,--,--,--,--,--,--,--,--,--,--,--,--,--,--,--,--,--,--,--,--,--,--,--,--,--,--,--,--,--,--,--,--,--,--,--,--,205129
2026-05-04 16:52:41.302,--,--,--,--,--,--,--,--,--,--,--,--,--,--,--,--,--,--,--,--,--,--,--,--,--,--,--,--,--,--,--,--,--,--,--,--,--,--,--,--,--,--,--,--,--,--,205134
2026-05-04 16:52:41.304,--,--,--,--,--,--,--,--,--,--,--,--,--,--,--,--,--,--,--,--,--,--,--,--,--,--,--,--,--,--,--,--,--,--,--,--,--,--,--,--,--,--,--,--,--,--,205139
2026-05-04 16:52:41.306,--,--,--,--,--,--,--,--,--,--,--,--,--,--,--,--,--,--,--,--,--,--,--,--,--,--,--,--,--,--,--,--,--,--,--,--,--,--,--,--,--,--,--,--,--,--,205144
2026-05-04 16:52:41.307,--,--,--,--,--,--,--,--,--,--,--,--,--,--,--,--,--,--,--,--,--,--,--,--,--,--,--,--,--,--,--,--,--,--,--,--,--,--,--,--,--,--,--,--,--,--,205149
2026-05-04 16:52:41.308,--,--,--,--,--,--,--,--,--,--,--,--,--,--,--,--,--,--,--,--,--,--,--,--,--,--,--,--,--,--,--,--,--,--,--,--,--,--,--,--,--,--,--,--,--,--,205154
2026-05-04 16:52:41.309,--,--,--,--,--,--,--,--,--,--,--,--,--,--,--,--,--,--,--,--,--,--,--,--,--,--,--,--,--,--,--,--,--,--,--,--,--,--,--,--,--,--,--,--,--,--,205159
2026-05-04 16:52:41.310,--,--,--,--,--,--,--,--,--,--,--,--,--,--,--,--,--,--,--,--,--,--,--,--,--,--,--,--,--,--,--,--,--,--,--,--,--,--,--,--,--,--,--,--,--,--,205164
2026-05-04 16:52:41.311,--,--,--,--,--,--,--,--,--,--,--,--,--,--,--,--,--,--,--,--,--,--,--,--,--,--,--,--,--,--,--,--,--,--,--,--,--,--,--,--,--,--,--,--,--,--,205169
2026-05-04 16:52:41.366,--,--,--,--,--,--,--,--,--,--,--,--,--,--,--,--,--,--,--,--,--,--,--,--,--,--,--,--,--,--,--,--,--,--,--,--,--,--,--,--,--,--,--,--,--,--,208410
2026-05-04 16:52:41.404,--,--,--,--,--,--,--,--,--,--,--,--,--,--,--,--,--,--,--,--,--,--,--,--,--,--,--,--,--,--,--,--,--,--,--,--,--,--,--,--,--,--,--,--,--,--,208415
2026-05-04 16:52:41.457,--,--,--,--,--,--,--,--,--,--,--,--,--,--,--,--,--,--,--,--,--,--,--,--,--,--,--,--,--,--,--,--,--,--,--,--,--,--,--,--,--,--,--,--,--,--,208420
2026-05-04 16:52:41.516,--,--,--,--,--,--,--,--,--,--,--,--,--,--,--,--,--,--,--,--,--,--,--,--,--,--,--,--,--,--,--,--,--,--,--,--,--,--,--,--,--,--,--,--,--,--,208425
2026-05-04 16:52:41.572,--,--,--,--,--,--,--,--,--,--,--,--,--,--,--,--,--,--,--,--,--,--,--,--,--,--,--,--,--,--,--,--,--,--,--,--,--,--,--,--,--,--,--,--,--,--,208430
2026-05-04 16:52:41.658,--,--,--,--,--,--,--,--,--,--,--,--,--,--,--,--,--,--,--,--,--,--,--,--,--,--,--,--,--,--,--,--,--,--,--,--,--,--,--,--,--,--,--,--,--,--,208435
2026-05-04 16:52:41.679,--,--,--,--,--,--,--,--,--,--,--,--,--,--,--,--,--,--,--,--,--,--,--,--,--,--,--,--,--,--,--,--,--,--,--,--,--,--,--,--,--,--,--,--,--,--,208440
2026-05-04 16:52:41.683,--,--,--,--,--,--,--,--,--,--,--,--,--,--,--,--,--,--,--,--,--,--,--,--,--,--,--,--,--,--,--,--,--,--,--,--,--,--,--,--,--,--,--,--,--,--,208445
2026-05-04 16:52:41.687,--,--,--,--,--,--,--,--,--,--,--,--,--,--,--,--,--,--,--,--,--,--,--,--,--,--,--,--,--,--,--,--,--,--,--,--,--,--,--,--,--,--,--,--,--,--,208450
2026-05-04 16:52:41.690,--,--,--,--,--,--,--,--,--,--,--,--,--,--,--,--,--,--,--,--,--,--,--,--,--,--,--,--,--,--,--,--,--,--,--,--,--,--,--,--,--,--,--,--,--,--,208455
2026-05-04 16:52:41.694,--,--,--,--,--,--,--,--,--,--,--,--,--,--,--,--,--,--,--,--,--,--,--,--,--,--,--,--,--,--,--,--,--,--,--,--,--,--,--,--,--,--,--,--,--,--,208460
2026-05-04 16:52:41.697,--,--,--,--,--,--,--,--,--,--,--,--,--,--,--,--,--,--,--,--,--,--,--,--,--,--,--,--,--,--,--,--,--,--,--,--,--,--,--,--,--,--,--,--,--,--,208465
2026-05-04 16:52:41.705,--,--,--,--,--,--,--,--,--,--,--,--,--,--,--,--,--,--,--,--,--,--,--,--,--,--,--,--,--,--,--,--,--,--,--,--,--,--,--,--,--,--,--,--,--,--,208470
2026-05-04 16:52:41.707,--,--,--,--,--,--,--,--,--,--,--,--,--,--,--,--,--,--,--,--,--,--,--,--,--,--,--,--,--,--,--,--,--,--,--,--,--,--,--,--,--,--,--,--,--,--,208475
2026-05-04 16:52:41.710,--,--,--,--,--,--,--,--,--,--,--,--,--,--,--,--,--,--,--,--,--,--,--,--,--,--,--,--,--,--,--,--,--,--,--,--,--,--,--,--,--,--,--,--,--,--,208480
2026-05-04 16:52:41.712,--,--,--,--,--,--,--,--,--,--,--,--,--,--,--,--,--,--,--,--,--,--,--,--,--,--,--,--,--,--,--,--,--,--,--,--,--,--,--,--,--,--,--,--,--,--,208485
2026-05-04 16:52:41.714,--,--,--,--,--,--,--,--,--,--,--,--,--,--,--,--,--,--,--,--,--,--,--,--,--,--,--,--,--,--,--,--,--,--,--,--,--,--,--,--,--,--,--,--,--,--,208490
2026-05-04 16:52:41.715,--,--,--,--,--,--,--,--,--,--,--,--,--,--,--,--,--,--,--,--,--,--,--,--,--,--,--,--,--,--,--,--,--,--,--,--,--,--,--,--,--,--,--,--,--,--,208493
2026-05-04 16:52:41.777,--,--,--,--,--,--,--,--,--,--,--,--,--,--,--,--,--,--,--,--,--,--,--,--,--,--,--,--,--,--,--,--,--,--,--,--,--,--,--,--,--,--,--,--,--,--,208494
2026-05-04 16:52:41.829,--,--,--,--,--,--,--,--,--,--,--,--,--,--,--,--,--,--,--,--,--,--,--,--,--,--,--,--,--,--,--,--,--,--,--,--,--,--,--,--,--,--,--,--,--,--,208499
2026-05-04 16:52:41.887,--,--,--,--,--,--,--,--,--,--,--,--,--,--,--,--,--,--,--,--,--,--,--,--,--,--,--,--,--,--,--,--,--,--,--,--,--,--,--,--,--,--,--,--,--,--,208504
2026-05-04 16:52:41.922,--,--,--,--,--,--,--,--,--,--,--,--,--,--,--,--,--,--,--,--,--,--,--,--,--,--,--,--,--,--,--,--,--,--,--,--,--,--,--,--,--,--,--,--,--,--,208509
2026-05-04 16:52:42.010,--,--,--,--,--,--,--,--,--,--,--,--,--,--,--,--,--,--,--,--,--,--,--,--,--,--,--,--,--,--,--,--,--,--,--,--,--,--,--,--,--,--,--,--,--,--,208514
2026-05-04 16:52:42.061,--,--,--,--,--,--,--,--,--,--,--,--,--,--,--,--,--,--,--,--,--,--,--,--,--,--,--,--,--,--,--,--,--,--,--,--,--,--,--,--,--,--,--,--,--,--,208519
2026-05-04 16:52:42.130,--,--,--,--,--,--,--,--,--,--,--,--,--,--,--,--,--,--,--,--,--,--,--,--,--,--,--,--,--,--,--,--,--,--,--,--,--,--,--,--,--,--,--,--,--,--,208524
2026-05-04 16:52:42.149,--,--,--,--,--,--,--,--,--,--,--,--,--,--,--,--,--,--,--,--,--,--,--,--,--,--,--,--,--,--,--,--,--,--,--,--,--,--,--,--,--,--,--,--,--,--,208529
2026-05-04 16:52:42.150,--,--,--,--,--,--,--,--,--,--,--,--,--,--,--,--,--,--,--,--,--,--,--,--,--,--,--,--,--,--,--,--,--,--,--,--,--,--,--,--,--,--,--,--,--,--,208534
2026-05-04 16:52:42.152,--,--,--,--,--,--,--,--,--,--,--,--,--,--,--,--,--,--,--,--,--,--,--,--,--,--,--,--,--,--,--,--,--,--,--,--,--,--,--,--,--,--,--,--,--,--,208539
2026-05-04 16:52:42.153,--,--,--,--,--,--,--,--,--,--,--,--,--,--,--,--,--,--,--,--,--,--,--,--,--,--,--,--,--,--,--,--,--,--,--,--,--,--,--,--,--,--,--,--,--,--,208544
2026-05-04 16:52:42.154,--,--,--,--,--,--,--,--,--,--,--,--,--,--,--,--,--,--,--,--,--,--,--,--,--,--,--,--,--,--,--,--,--,--,--,--,--,--,--,--,--,--,--,--,--,--,208549
2026-05-04 16:52:42.155,--,--,--,--,--,--,--,--,--,--,--,--,--,--,--,--,--,--,--,--,--,--,--,--,--,--,--,--,--,--,--,--,--,--,--,--,--,--,--,--,--,--,--,--,--,--,208554
2026-05-04 16:52:42.156,--,--,--,--,--,--,--,--,--,--,--,--,--,--,--,--,--,--,--,--,--,--,--,--,--,--,--,--,--,--,--,--,--,--,--,--,--,--,--,--,--,--,--,--,--,--,208559
2026-05-04 16:52:42.158,--,--,--,--,--,--,--,--,--,--,--,--,--,--,--,--,--,--,--,--,--,--,--,--,--,--,--,--,--,--,--,--,--,--,--,--,--,--,--,--,--,--,--,--,--,--,208564
2026-05-04 16:52:42.158,--,--,--,--,--,--,--,--,--,--,--,--,--,--,--,--,--,--,--,--,--,--,--,--,--,--,--,--,--,--,--,--,--,--,--,--,--,--,--,--,--,--,--,--,--,--,208569
2026-05-04 16:52:42.160,--,--,--,--,--,--,--,--,--,--,--,--,--,--,--,--,--,--,--,--,--,--,--,--,--,--,--,--,--,--,--,--,--,--,--,--,--,--,--,--,--,--,--,--,--,--,208574
2026-05-04 16:52:42.161,--,--,--,--,--,--,--,--,--,--,--,--,--,--,--,--,--,--,--,--,--,--,--,--,--,--,--,--,--,--,--,--,--,--,--,--,--,--,--,--,--,--,--,--,--,--,208579
2026-05-04 16:52:42.162,--,--,--,--,--,--,--,--,--,--,--,--,--,--,--,--,--,--,--,--,--,--,--,--,--,--,--,--,--,--,--,--,--,--,--,--,--,--,--,--,--,--,--,--,--,--,208584
2026-05-04 16:52:42.164,--,--,--,--,--,--,--,--,--,--,--,--,--,--,--,--,--,--,--,--,--,--,--,--,--,--,--,--,--,--,--,--,--,--,--,--,--,--,--,--,--,--,--,--,--,--,208589
2026-05-04 16:52:42.272,--,--,--,--,--,--,--,--,--,--,--,--,--,--,--,--,--,--,--,--,--,--,--,--,--,--,--,--,--,--,--,--,--,--,--,--,--,--,--,--,--,--,--,--,--,--,210141
2026-05-04 16:52:42.314,--,--,--,--,--,--,--,--,--,--,--,--,--,--,--,--,--,--,--,--,--,--,--,--,--,--,--,--,--,--,--,--,--,--,--,--,--,--,--,--,--,--,--,--,--,--,210146
2026-05-04 16:52:42.370,--,--,--,--,--,--,--,--,--,--,--,--,--,--,--,--,--,--,--,--,--,--,--,--,--,--,--,--,--,--,--,--,--,--,--,--,--,--,--,--,--,--,--,--,--,--,210151
2026-05-04 16:52:42.390,--,--,--,--,--,--,--,--,--,--,--,--,--,--,--,--,--,--,--,--,--,--,--,--,--,--,--,--,--,--,--,--,--,--,--,--,--,--,--,--,--,--,--,--,--,--,210156
2026-05-04 16:52:42.444,--,--,--,--,--,--,--,--,--,--,--,--,--,--,--,--,--,--,--,--,--,--,--,--,--,--,--,--,--,--,--,--,--,--,--,--,--,--,--,--,--,--,--,--,--,--,210161
2026-05-04 16:52:42.499,--,--,--,--,--,--,--,--,--,--,--,--,--,--,--,--,--,--,--,--,--,--,--,--,--,--,--,--,--,--,--,--,--,--,--,--,--,--,--,--,--,--,--,--,--,--,210166
2026-05-04 16:52:42.534,--,--,--,--,--,--,--,--,--,--,--,--,--,--,--,--,--,--,--,--,--,--,--,--,--,--,--,--,--,--,--,--,--,--,--,--,--,--,--,--,--,--,--,--,--,--,210171
2026-05-04 16:52:42.592,--,--,--,--,--,--,--,--,--,--,--,--,--,--,--,--,--,--,--,--,--,--,--,--,--,--,--,--,--,--,--,--,--,--,--,--,--,--,--,--,--,--,--,--,--,--,210176
2026-05-04 16:52:42.644,--,--,--,--,--,--,--,--,--,--,--,--,--,--,--,--,--,--,--,--,--,--,--,--,--,--,--,--,--,--,--,--,--,--,--,--,--,--,--,--,--,--,--,--,--,--,210181
2026-05-04 16:52:42.645,--,--,--,--,--,--,--,--,--,--,--,--,--,--,--,--,--,--,--,--,--,--,--,--,--,--,--,--,--,--,--,--,--,--,--,--,--,--,--,--,--,--,--,--,--,--,210186
2026-05-04 16:52:42.646,--,--,--,--,--,--,--,--,--,--,--,--,--,--,--,--,--,--,--,--,--,--,--,--,--,--,--,--,--,--,--,--,--,--,--,--,--,--,--,--,--,--,--,--,--,--,210191
2026-05-04 16:52:42.647,--,--,--,--,--,--,--,--,--,--,--,--,--,--,--,--,--,--,--,--,--,--,--,--,--,--,--,--,--,--,--,--,--,--,--,--,--,--,--,--,--,--,--,--,--,--,210196
2026-05-04 16:52:42.649,--,--,--,--,--,--,--,--,--,--,--,--,--,--,--,--,--,--,--,--,--,--,--,--,--,--,--,--,--,--,--,--,--,--,--,--,--,--,--,--,--,--,--,--,--,--,210201
2026-05-04 16:52:42.650,--,--,--,--,--,--,--,--,--,--,--,--,--,--,--,--,--,--,--,--,--,--,--,--,--,--,--,--,--,--,--,--,--,--,--,--,--,--,--,--,--,--,--,--,--,--,210206
2026-05-04 16:52:42.652,--,--,--,--,--,--,--,--,--,--,--,--,--,--,--,--,--,--,--,--,--,--,--,--,--,--,--,--,--,--,--,--,--,--,--,--,--,--,--,--,--,--,--,--,--,--,210211
2026-05-04 16:52:42.654,--,--,--,--,--,--,--,--,--,--,--,--,--,--,--,--,--,--,--,--,--,--,--,--,--,--,--,--,--,--,--,--,--,--,--,--,--,--,--,--,--,--,--,--,--,--,210216
2026-05-04 16:52:42.655,--,--,--,--,--,--,--,--,--,--,--,--,--,--,--,--,--,--,--,--,--,--,--,--,--,--,--,--,--,--,--,--,--,--,--,--,--,--,--,--,--,--,--,--,--,--,210221
2026-05-04 16:52:42.656,--,--,--,--,--,--,--,--,--,--,--,--,--,--,--,--,--,--,--,--,--,--,--,--,--,--,--,--,--,--,--,--,--,--,--,--,--,--,--,--,--,--,--,--,--,--,210226
2026-05-04 16:52:42.658,--,--,--,--,--,--,--,--,--,--,--,--,--,--,--,--,--,--,--,--,--,--,--,--,--,--,--,--,--,--,--,--,--,--,--,--,--,--,--,--,--,--,--,--,--,--,210231
2026-05-04 16:52:42.660,--,--,--,--,--,--,--,--,--,--,--,--,--,--,--,--,--,--,--,--,--,--,--,--,--,--,--,--,--,--,--,--,--,--,--,--,--,--,--,--,--,--,--,--,--,--,210236
2026-05-04 16:52:42.688,--,--,--,--,--,--,--,--,--,--,--,--,--,--,--,--,--,--,--,--,--,--,--,--,--,--,--,--,--,--,--,--,--,--,--,--,--,--,--,--,--,--,--,--,--,--,213899
2026-05-04 16:52:42.728,--,--,--,--,--,--,--,--,--,--,--,--,--,--,--,--,--,--,--,--,--,--,--,--,--,--,--,--,--,--,--,--,--,--,--,--,--,--,--,--,--,--,--,--,--,--,213904
2026-05-04 16:52:42.778,--,--,--,--,--,--,--,--,--,--,--,--,--,--,--,--,--,--,--,--,--,--,--,--,--,--,--,--,--,--,--,--,--,--,--,--,--,--,--,--,--,--,--,--,--,--,213909
2026-05-04 16:52:42.816,--,--,--,--,--,--,--,--,--,--,--,--,--,--,--,--,--,--,--,--,--,--,--,--,--,--,--,--,--,--,--,--,--,--,--,--,--,--,--,--,--,--,--,--,--,--,213914
2026-05-04 16:52:42.870,--,--,--,--,--,--,--,--,--,--,--,--,--,--,--,--,--,--,--,--,--,--,--,--,--,--,--,--,--,--,--,--,--,--,--,--,--,--,--,--,--,--,--,--,--,--,213919
2026-05-04 16:52:42.939,--,--,--,--,--,--,--,--,--,--,--,--,--,--,--,--,--,--,--,--,--,--,--,--,--,--,--,--,--,--,--,--,--,--,--,--,--,--,--,--,--,--,--,--,--,--,213924
2026-05-04 16:52:42.988,--,--,--,--,--,--,--,--,--,--,--,--,--,--,--,--,--,--,--,--,--,--,--,--,--,--,--,--,--,--,--,--,--,--,--,--,--,--,--,--,--,--,--,--,--,--,213929
2026-05-04 16:52:42.989,--,--,--,--,--,--,--,--,--,--,--,--,--,--,--,--,--,--,--,--,--,--,--,--,--,--,--,--,--,--,--,--,--,--,--,--,--,--,--,--,--,--,--,--,--,--,213934
2026-05-04 16:52:42.990,--,--,--,--,--,--,--,--,--,--,--,--,--,--,--,--,--,--,--,--,--,--,--,--,--,--,--,--,--,--,--,--,--,--,--,--,--,--,--,--,--,--,--,--,--,--,213939
2026-05-04 16:52:42.992,--,--,--,--,--,--,--,--,--,--,--,--,--,--,--,--,--,--,--,--,--,--,--,--,--,--,--,--,--,--,--,--,--,--,--,--,--,--,--,--,--,--,--,--,--,--,213944
2026-05-04 16:52:42.993,--,--,--,--,--,--,--,--,--,--,--,--,--,--,--,--,--,--,--,--,--,--,--,--,--,--,--,--,--,--,--,--,--,--,--,--,--,--,--,--,--,--,--,--,--,--,213949
2026-05-04 16:52:42.995,--,--,--,--,--,--,--,--,--,--,--,--,--,--,--,--,--,--,--,--,--,--,--,--,--,--,--,--,--,--,--,--,--,--,--,--,--,--,--,--,--,--,--,--,--,--,213954
2026-05-04 16:52:42.995,--,--,--,--,--,--,--,--,--,--,--,--,--,--,--,--,--,--,--,--,--,--,--,--,--,--,--,--,--,--,--,--,--,--,--,--,--,--,--,--,--,--,--,--,--,--,213959
2026-05-04 16:52:42.998,--,--,--,--,--,--,--,--,--,--,--,--,--,--,--,--,--,--,--,--,--,--,--,--,--,--,--,--,--,--,--,--,--,--,--,--,--,--,--,--,--,--,--,--,--,--,213964
2026-05-04 16:52:43.000,--,--,--,--,--,--,--,--,--,--,--,--,--,--,--,--,--,--,--,--,--,--,--,--,--,--,--,--,--,--,--,--,--,--,--,--,--,--,--,--,--,--,--,--,--,--,213969
2026-05-04 16:52:43.002,--,--,--,--,--,--,--,--,--,--,--,--,--,--,--,--,--,--,--,--,--,--,--,--,--,--,--,--,--,--,--,--,--,--,--,--,--,--,--,--,--,--,--,--,--,--,213974
2026-05-04 16:52:43.003,--,--,--,--,--,--,--,--,--,--,--,--,--,--,--,--,--,--,--,--,--,--,--,--,--,--,--,--,--,--,--,--,--,--,--,--,--,--,--,--,--,--,--,--,--,--,213979
2026-05-04 16:52:43.131,--,--,--,--,--,--,--,--,--,--,--,--,--,--,--,--,--,--,--,--,--,--,--,--,--,--,--,--,--,--,--,--,--,--,--,--,--,--,--,--,--,--,--,--,--,--,213984
2026-05-04 16:52:43.189,--,--,--,--,--,--,--,--,--,--,--,--,--,--,--,--,--,--,--,--,--,--,--,--,--,--,--,--,--,--,--,--,--,--,--,--,--,--,--,--,--,--,--,--,--,--,213989
2026-05-04 16:52:43.209,--,--,--,--,--,--,--,--,--,--,--,--,--,--,--,--,--,--,--,--,--,--,--,--,--,--,--,--,--,--,--,--,--,--,--,--,--,--,--,--,--,--,--,--,--,--,213994
2026-05-04 16:52:43.278,--,--,--,--,--,--,--,--,--,--,--,--,--,--,--,--,--,--,--,--,--,--,--,--,--,--,--,--,--,--,--,--,--,--,--,--,--,--,--,--,--,--,--,--,--,--,213999
2026-05-04 16:52:43.333,--,--,--,--,--,--,--,--,--,--,--,--,--,--,--,--,--,--,--,--,--,--,--,--,--,--,--,--,--,--,--,--,--,--,--,--,--,--,--,--,--,--,--,--,--,--,214004
2026-05-04 16:52:43.384,--,--,--,--,--,--,--,--,--,--,--,--,--,--,--,--,--,--,--,--,--,--,--,--,--,--,--,--,--,--,--,--,--,--,--,--,--,--,--,--,--,--,--,--,--,--,214009
2026-05-04 16:52:43.438,--,--,--,--,--,--,--,--,--,--,--,--,--,--,--,--,--,--,--,--,--,--,--,--,--,--,--,--,--,--,--,--,--,--,--,--,--,--,--,--,--,--,--,--,--,--,214014
2026-05-04 16:52:43.474,--,--,--,--,--,--,--,--,--,--,--,--,--,--,--,--,--,--,--,--,--,--,--,--,--,--,--,--,--,--,--,--,--,--,--,--,--,--,--,--,--,--,--,--,--,--,214019
2026-05-04 16:52:43.510,--,--,--,--,--,--,--,--,--,--,--,--,--,--,--,--,--,--,--,--,--,--,--,--,--,--,--,--,--,--,--,--,--,--,--,--,--,--,--,--,--,--,--,--,--,--,214024
2026-05-04 16:52:43.511,--,--,--,--,--,--,--,--,--,--,--,--,--,--,--,--,--,--,--,--,--,--,--,--,--,--,--,--,--,--,--,--,--,--,--,--,--,--,--,--,--,--,--,--,--,--,214029
2026-05-04 16:52:43.512,--,--,--,--,--,--,--,--,--,--,--,--,--,--,--,--,--,--,--,--,--,--,--,--,--,--,--,--,--,--,--,--,--,--,--,--,--,--,--,--,--,--,--,--,--,--,214034
2026-05-04 16:52:43.513,--,--,--,--,--,--,--,--,--,--,--,--,--,--,--,--,--,--,--,--,--,--,--,--,--,--,--,--,--,--,--,--,--,--,--,--,--,--,--,--,--,--,--,--,--,--,214039
2026-05-04 16:52:43.515,--,--,--,--,--,--,--,--,--,--,--,--,--,--,--,--,--,--,--,--,--,--,--,--,--,--,--,--,--,--,--,--,--,--,--,--,--,--,--,--,--,--,--,--,--,--,214044
2026-05-04 16:52:43.517,--,--,--,--,--,--,--,--,--,--,--,--,--,--,--,--,--,--,--,--,--,--,--,--,--,--,--,--,--,--,--,--,--,--,--,--,--,--,--,--,--,--,--,--,--,--,214049
2026-05-04 16:52:43.520,--,--,--,--,--,--,--,--,--,--,--,--,--,--,--,--,--,--,--,--,--,--,--,--,--,--,--,--,--,--,--,--,--,--,--,--,--,--,--,--,--,--,--,--,--,--,214054
2026-05-04 16:52:43.521,--,--,--,--,--,--,--,--,--,--,--,--,--,--,--,--,--,--,--,--,--,--,--,--,--,--,--,--,--,--,--,--,--,--,--,--,--,--,--,--,--,--,--,--,--,--,214059
2026-05-04 16:52:43.521,--,--,--,--,--,--,--,--,--,--,--,--,--,--,--,--,--,--,--,--,--,--,--,--,--,--,--,--,--,--,--,--,--,--,--,--,--,--,--,--,--,--,--,--,--,--,214064
2026-05-04 16:52:43.523,--,--,--,--,--,--,--,--,--,--,--,--,--,--,--,--,--,--,--,--,--,--,--,--,--,--,--,--,--,--,--,--,--,--,--,--,--,--,--,--,--,--,--,--,--,--,214069
2026-05-04 16:52:43.524,--,--,--,--,--,--,--,--,--,--,--,--,--,--,--,--,--,--,--,--,--,--,--,--,--,--,--,--,--,--,--,--,--,--,--,--,--,--,--,--,--,--,--,--,--,--,214074
2026-05-04 16:52:43.526,--,--,--,--,--,--,--,--,--,--,--,--,--,--,--,--,--,--,--,--,--,--,--,--,--,--,--,--,--,--,--,--,--,--,--,--,--,--,--,--,--,--,--,--,--,--,214079
2026-05-04 16:52:43.559,--,--,--,--,--,--,--,--,--,--,--,--,--,--,--,--,--,--,--,--,--,--,--,--,--,--,--,--,--,--,--,--,--,--,--,--,--,--,--,--,--,--,--,--,--,--,217404
2026-05-04 16:52:43.619,--,--,--,--,--,--,--,--,--,--,--,--,--,--,--,--,--,--,--,--,--,--,--,--,--,--,--,--,--,--,--,--,--,--,--,--,--,--,--,--,--,--,--,--,--,--,217409
2026-05-04 16:52:43.689,--,--,--,--,--,--,--,--,--,--,--,--,--,--,--,--,--,--,--,--,--,--,--,--,--,--,--,--,--,--,--,--,--,--,--,--,--,--,--,--,--,--,--,--,--,--,217414
2026-05-04 16:52:43.741,--,--,--,--,--,--,--,--,--,--,--,--,--,--,--,--,--,--,--,--,--,--,--,--,--,--,--,--,--,--,--,--,--,--,--,--,--,--,--,--,--,--,--,--,--,--,217419
2026-05-04 16:52:43.743,--,--,--,--,--,--,--,--,--,--,--,--,--,--,--,--,--,--,--,--,--,--,--,--,--,--,--,--,--,--,--,--,--,--,--,--,--,--,--,--,--,--,--,--,--,--,217424
2026-05-04 16:52:43.744,--,--,--,--,--,--,--,--,--,--,--,--,--,--,--,--,--,--,--,--,--,--,--,--,--,--,--,--,--,--,--,--,--,--,--,--,--,--,--,--,--,--,--,--,--,--,217429
2026-05-04 16:52:43.745,--,--,--,--,--,--,--,--,--,--,--,--,--,--,--,--,--,--,--,--,--,--,--,--,--,--,--,--,--,--,--,--,--,--,--,--,--,--,--,--,--,--,--,--,--,--,217434
2026-05-04 16:52:43.747,--,--,--,--,--,--,--,--,--,--,--,--,--,--,--,--,--,--,--,--,--,--,--,--,--,--,--,--,--,--,--,--,--,--,--,--,--,--,--,--,--,--,--,--,--,--,217439
2026-05-04 16:52:43.748,--,--,--,--,--,--,--,--,--,--,--,--,--,--,--,--,--,--,--,--,--,--,--,--,--,--,--,--,--,--,--,--,--,--,--,--,--,--,--,--,--,--,--,--,--,--,217444
2026-05-04 16:52:43.750,--,--,--,--,--,--,--,--,--,--,--,--,--,--,--,--,--,--,--,--,--,--,--,--,--,--,--,--,--,--,--,--,--,--,--,--,--,--,--,--,--,--,--,--,--,--,217445
2026-05-04 16:52:43.838,--,--,--,--,--,--,--,--,--,--,--,--,--,--,--,--,--,--,--,--,--,--,--,--,--,--,--,--,--,--,--,--,--,--,--,--,--,--,--,--,--,--,--,--,--,--,217446
2026-05-04 16:52:43.890,--,--,--,--,--,--,--,--,--,--,--,--,--,--,--,--,--,--,--,--,--,--,--,--,--,--,--,--,--,--,--,--,--,--,--,--,--,--,--,--,--,--,--,--,--,--,217451
2026-05-04 16:52:43.928,--,--,--,--,--,--,--,--,--,--,--,--,--,--,--,--,--,--,--,--,--,--,--,--,--,--,--,--,--,--,--,--,--,--,--,--,--,--,--,--,--,--,--,--,--,--,217456
2026-05-04 16:52:43.964,--,--,--,--,--,--,--,--,--,--,--,--,--,--,--,--,--,--,--,--,--,--,--,--,--,--,--,--,--,--,--,--,--,--,--,--,--,--,--,--,--,--,--,--,--,--,217461
2026-05-04 16:52:44.015,--,--,--,--,--,--,--,--,--,--,--,--,--,--,--,--,--,--,--,--,--,--,--,--,--,--,--,--,--,--,--,--,--,--,--,--,--,--,--,--,--,--,--,--,--,--,217466
2026-05-04 16:52:44.066,--,--,--,--,--,--,--,--,--,--,--,--,--,--,--,--,--,--,--,--,--,--,--,--,--,--,--,--,--,--,--,--,--,--,--,--,--,--,--,--,--,--,--,--,--,--,217471
2026-05-04 16:52:44.139,--,--,--,--,--,--,--,--,--,--,--,--,--,--,--,--,--,--,--,--,--,--,--,--,--,--,--,--,--,--,--,--,--,--,--,--,--,--,--,--,--,--,--,--,--,--,217476
2026-05-04 16:52:44.188,--,--,--,--,--,--,--,--,--,--,--,--,--,--,--,--,--,--,--,--,--,--,--,--,--,--,--,--,--,--,--,--,--,--,--,--,--,--,--,--,--,--,--,--,--,--,217481
2026-05-04 16:52:44.190,--,--,--,--,--,--,--,--,--,--,--,--,--,--,--,--,--,--,--,--,--,--,--,--,--,--,--,--,--,--,--,--,--,--,--,--,--,--,--,--,--,--,--,--,--,--,217486
2026-05-04 16:52:44.191,--,--,--,--,--,--,--,--,--,--,--,--,--,--,--,--,--,--,--,--,--,--,--,--,--,--,--,--,--,--,--,--,--,--,--,--,--,--,--,--,--,--,--,--,--,--,217491
2026-05-04 16:52:44.193,--,--,--,--,--,--,--,--,--,--,--,--,--,--,--,--,--,--,--,--,--,--,--,--,--,--,--,--,--,--,--,--,--,--,--,--,--,--,--,--,--,--,--,--,--,--,217496
2026-05-04 16:52:44.195,--,--,--,--,--,--,--,--,--,--,--,--,--,--,--,--,--,--,--,--,--,--,--,--,--,--,--,--,--,--,--,--,--,--,--,--,--,--,--,--,--,--,--,--,--,--,217501
2026-05-04 16:52:44.197,--,--,--,--,--,--,--,--,--,--,--,--,--,--,--,--,--,--,--,--,--,--,--,--,--,--,--,--,--,--,--,--,--,--,--,--,--,--,--,--,--,--,--,--,--,--,217506
2026-05-04 16:52:44.198,--,--,--,--,--,--,--,--,--,--,--,--,--,--,--,--,--,--,--,--,--,--,--,--,--,--,--,--,--,--,--,--,--,--,--,--,--,--,--,--,--,--,--,--,--,--,217511
2026-05-04 16:52:44.200,--,--,--,--,--,--,--,--,--,--,--,--,--,--,--,--,--,--,--,--,--,--,--,--,--,--,--,--,--,--,--,--,--,--,--,--,--,--,--,--,--,--,--,--,--,--,217516
2026-05-04 16:52:44.202,--,--,--,--,--,--,--,--,--,--,--,--,--,--,--,--,--,--,--,--,--,--,--,--,--,--,--,--,--,--,--,--,--,--,--,--,--,--,--,--,--,--,--,--,--,--,217521
2026-05-04 16:52:44.204,--,--,--,--,--,--,--,--,--,--,--,--,--,--,--,--,--,--,--,--,--,--,--,--,--,--,--,--,--,--,--,--,--,--,--,--,--,--,--,--,--,--,--,--,--,--,217526
2026-05-04 16:52:44.222,--,--,--,--,--,--,--,--,--,--,--,--,--,--,--,--,--,--,--,--,--,--,--,--,--,--,--,--,--,--,--,--,--,--,--,--,--,--,--,--,--,--,--,--,--,--,217531
2026-05-04 16:52:44.224,--,--,--,--,--,--,--,--,--,--,--,--,--,--,--,--,--,--,--,--,--,--,--,--,--,--,--,--,--,--,--,--,--,--,--,--,--,--,--,--,--,--,--,--,--,--,217536
2026-05-04 16:52:44.225,--,--,--,--,--,--,--,--,--,--,--,--,--,--,--,--,--,--,--,--,--,--,--,--,--,--,--,--,--,--,--,--,--,--,--,--,--,--,--,--,--,--,--,--,--,--,217541
2026-05-04 16:52:44.237,--,--,--,--,--,--,--,--,--,--,--,--,--,--,--,--,--,--,--,--,--,--,--,--,--,--,--,--,--,--,--,--,--,--,--,--,--,--,--,--,--,--,--,--,--,--,220149
2026-05-04 16:52:44.311,--,--,--,--,--,--,--,--,--,--,--,--,--,--,--,--,--,--,--,--,--,--,--,--,--,--,--,--,--,--,--,--,--,--,--,--,--,--,--,--,--,--,--,--,--,--,220154
2026-05-04 16:52:44.346,--,--,--,--,--,--,--,--,--,--,--,--,--,--,--,--,--,--,--,--,--,--,--,--,--,--,--,--,--,--,--,--,--,--,--,--,--,--,--,--,--,--,--,--,--,--,220159
2026-05-04 16:52:44.411,--,--,--,--,--,--,--,--,--,--,--,--,--,--,--,--,--,--,--,--,--,--,--,--,--,--,--,--,--,--,--,--,--,--,--,--,--,--,--,--,--,--,--,--,--,--,220164
2026-05-04 16:52:44.413,--,--,--,--,--,--,--,--,--,--,--,--,--,--,--,--,--,--,--,--,--,--,--,--,--,--,--,--,--,--,--,--,--,--,--,--,--,--,--,--,--,--,--,--,--,--,220169
2026-05-04 16:52:44.414,--,--,--,--,--,--,--,--,--,--,--,--,--,--,--,--,--,--,--,--,--,--,--,--,--,--,--,--,--,--,--,--,--,--,--,--,--,--,--,--,--,--,--,--,--,--,220174
2026-05-04 16:52:44.415,--,--,--,--,--,--,--,--,--,--,--,--,--,--,--,--,--,--,--,--,--,--,--,--,--,--,--,--,--,--,--,--,--,--,--,--,--,--,--,--,--,--,--,--,--,--,220179
2026-05-04 16:52:44.416,--,--,--,--,--,--,--,--,--,--,--,--,--,--,--,--,--,--,--,--,--,--,--,--,--,--,--,--,--,--,--,--,--,--,--,--,--,--,--,--,--,--,--,--,--,--,220184
2026-05-04 16:52:44.417,--,--,--,--,--,--,--,--,--,--,--,--,--,--,--,--,--,--,--,--,--,--,--,--,--,--,--,--,--,--,--,--,--,--,--,--,--,--,--,--,--,--,--,--,--,--,220189
2026-05-04 16:52:44.419,--,--,--,--,--,--,--,--,--,--,--,--,--,--,--,--,--,--,--,--,--,--,--,--,--,--,--,--,--,--,--,--,--,--,--,--,--,--,--,--,--,--,--,--,--,--,220190
2026-05-04 16:52:44.546,--,--,--,--,--,--,--,--,--,--,--,--,--,--,--,--,--,--,--,--,--,--,--,--,--,--,--,--,--,--,--,--,--,--,--,--,--,--,--,--,--,--,--,--,--,--,220191
2026-05-04 16:52:44.598,--,--,--,--,--,--,--,--,--,--,--,--,--,--,--,--,--,--,--,--,--,--,--,--,--,--,--,--,--,--,--,--,--,--,--,--,--,--,--,--,--,--,--,--,--,--,220196
2026-05-04 16:52:44.633,--,--,--,--,--,--,--,--,--,--,--,--,--,--,--,--,--,--,--,--,--,--,--,--,--,--,--,--,--,--,--,--,--,--,--,--,--,--,--,--,--,--,--,--,--,--,220201
2026-05-04 16:52:44.668,--,--,--,--,--,--,--,--,--,--,--,--,--,--,--,--,--,--,--,--,--,--,--,--,--,--,--,--,--,--,--,--,--,--,--,--,--,--,--,--,--,--,--,--,--,--,220206
2026-05-04 16:52:44.734,--,--,--,--,--,--,--,--,--,--,--,--,--,--,--,--,--,--,--,--,--,--,--,--,--,--,--,--,--,--,--,--,--,--,--,--,--,--,--,--,--,--,--,--,--,--,220211
2026-05-04 16:52:44.783,--,--,--,--,--,--,--,--,--,--,--,--,--,--,--,--,--,--,--,--,--,--,--,--,--,--,--,--,--,--,--,--,--,--,--,--,--,--,--,--,--,--,--,--,--,--,220216
2026-05-04 16:52:44.852,--,--,--,--,--,--,--,--,--,--,--,--,--,--,--,--,--,--,--,--,--,--,--,--,--,--,--,--,--,--,--,--,--,--,--,--,--,--,--,--,--,--,--,--,--,--,220221
2026-05-04 16:52:44.872,--,--,--,--,--,--,--,--,--,--,--,--,--,--,--,--,--,--,--,--,--,--,--,--,--,--,--,--,--,--,--,--,--,--,--,--,--,--,--,--,--,--,--,--,--,--,220226
2026-05-04 16:52:44.874,--,--,--,--,--,--,--,--,--,--,--,--,--,--,--,--,--,--,--,--,--,--,--,--,--,--,--,--,--,--,--,--,--,--,--,--,--,--,--,--,--,--,--,--,--,--,220231
2026-05-04 16:52:44.875,--,--,--,--,--,--,--,--,--,--,--,--,--,--,--,--,--,--,--,--,--,--,--,--,--,--,--,--,--,--,--,--,--,--,--,--,--,--,--,--,--,--,--,--,--,--,220236
2026-05-04 16:52:44.876,--,--,--,--,--,--,--,--,--,--,--,--,--,--,--,--,--,--,--,--,--,--,--,--,--,--,--,--,--,--,--,--,--,--,--,--,--,--,--,--,--,--,--,--,--,--,220241
2026-05-04 16:52:44.877,--,--,--,--,--,--,--,--,--,--,--,--,--,--,--,--,--,--,--,--,--,--,--,--,--,--,--,--,--,--,--,--,--,--,--,--,--,--,--,--,--,--,--,--,--,--,220246
2026-05-04 16:52:44.878,--,--,--,--,--,--,--,--,--,--,--,--,--,--,--,--,--,--,--,--,--,--,--,--,--,--,--,--,--,--,--,--,--,--,--,--,--,--,--,--,--,--,--,--,--,--,220251
2026-05-04 16:52:44.880,--,--,--,--,--,--,--,--,--,--,--,--,--,--,--,--,--,--,--,--,--,--,--,--,--,--,--,--,--,--,--,--,--,--,--,--,--,--,--,--,--,--,--,--,--,--,220256
2026-05-04 16:52:44.881,--,--,--,--,--,--,--,--,--,--,--,--,--,--,--,--,--,--,--,--,--,--,--,--,--,--,--,--,--,--,--,--,--,--,--,--,--,--,--,--,--,--,--,--,--,--,220261
2026-05-04 16:52:44.883,--,--,--,--,--,--,--,--,--,--,--,--,--,--,--,--,--,--,--,--,--,--,--,--,--,--,--,--,--,--,--,--,--,--,--,--,--,--,--,--,--,--,--,--,--,--,220266
2026-05-04 16:52:44.884,--,--,--,--,--,--,--,--,--,--,--,--,--,--,--,--,--,--,--,--,--,--,--,--,--,--,--,--,--,--,--,--,--,--,--,--,--,--,--,--,--,--,--,--,--,--,220271
2026-05-04 16:52:44.886,--,--,--,--,--,--,--,--,--,--,--,--,--,--,--,--,--,--,--,--,--,--,--,--,--,--,--,--,--,--,--,--,--,--,--,--,--,--,--,--,--,--,--,--,--,--,220276
2026-05-04 16:52:44.905,--,--,--,--,--,--,--,--,--,--,--,--,--,--,--,--,--,--,--,--,--,--,--,--,--,--,--,--,--,--,--,--,--,--,--,--,--,--,--,--,--,--,--,--,--,--,220281
2026-05-04 16:52:44.906,--,--,--,--,--,--,--,--,--,--,--,--,--,--,--,--,--,--,--,--,--,--,--,--,--,--,--,--,--,--,--,--,--,--,--,--,--,--,--,--,--,--,--,--,--,--,220286
2026-05-04 16:52:44.941,--,--,--,--,--,--,--,--,--,--,--,--,--,--,--,--,--,--,--,--,--,--,--,--,--,--,--,--,--,--,--,--,--,--,--,--,--,--,--,--,--,--,--,--,--,--,222936
2026-05-04 16:52:45.000,--,--,--,--,--,--,--,--,--,--,--,--,--,--,--,--,--,--,--,--,--,--,--,--,--,--,--,--,--,--,--,--,--,--,--,--,--,--,--,--,--,--,--,--,--,--,222941
2026-05-04 16:52:45.070,--,--,--,--,--,--,--,--,--,--,--,--,--,--,--,--,--,--,--,--,--,--,--,--,--,--,--,--,--,--,--,--,--,--,--,--,--,--,--,--,--,--,--,--,--,--,222946
2026-05-04 16:52:45.158,--,--,--,--,--,--,--,--,--,--,--,--,--,--,--,--,--,--,--,--,--,--,--,--,--,--,--,--,--,--,--,--,--,--,--,--,--,--,--,--,--,--,--,--,--,--,222951
2026-05-04 16:52:45.245,--,--,--,--,--,--,--,--,--,--,--,--,--,--,--,--,--,--,--,--,--,--,--,--,--,--,--,--,--,--,--,--,--,--,--,--,--,--,--,--,--,--,--,--,--,--,222956
2026-05-04 16:52:45.246,--,--,--,--,--,--,--,--,--,--,--,--,--,--,--,--,--,--,--,--,--,--,--,--,--,--,--,--,--,--,--,--,--,--,--,--,--,--,--,--,--,--,--,--,--,--,222961
2026-05-04 16:52:45.250,--,--,--,--,--,--,--,--,--,--,--,--,--,--,--,--,--,--,--,--,--,--,--,--,--,--,--,--,--,--,--,--,--,--,--,--,--,--,--,--,--,--,--,--,--,--,222966
2026-05-04 16:52:45.253,--,--,--,--,--,--,--,--,--,--,--,--,--,--,--,--,--,--,--,--,--,--,--,--,--,--,--,--,--,--,--,--,--,--,--,--,--,--,--,--,--,--,--,--,--,--,222971
2026-05-04 16:52:45.255,--,--,--,--,--,--,--,--,--,--,--,--,--,--,--,--,--,--,--,--,--,--,--,--,--,--,--,--,--,--,--,--,--,--,--,--,--,--,--,--,--,--,--,--,--,--,222976
2026-05-04 16:52:45.258,--,--,--,--,--,--,--,--,--,--,--,--,--,--,--,--,--,--,--,--,--,--,--,--,--,--,--,--,--,--,--,--,--,--,--,--,--,--,--,--,--,--,--,--,--,--,222981
2026-05-04 16:52:45.260,--,--,--,--,--,--,--,--,--,--,--,--,--,--,--,--,--,--,--,--,--,--,--,--,--,--,--,--,--,--,--,--,--,--,--,--,--,--,--,--,--,--,--,--,--,--,222986
2026-05-04 16:52:45.264,--,--,--,--,--,--,--,--,--,--,--,--,--,--,--,--,--,--,--,--,--,--,--,--,--,--,--,--,--,--,--,--,--,--,--,--,--,--,--,--,--,--,--,--,--,--,222991
2026-05-04 16:52:45.268,--,--,--,--,--,--,--,--,--,--,--,--,--,--,--,--,--,--,--,--,--,--,--,--,--,--,--,--,--,--,--,--,--,--,--,--,--,--,--,--,--,--,--,--,--,--,222996
2026-05-04 16:52:45.271,--,--,--,--,--,--,--,--,--,--,--,--,--,--,--,--,--,--,--,--,--,--,--,--,--,--,--,--,--,--,--,--,--,--,--,--,--,--,--,--,--,--,--,--,--,--,223001
2026-05-04 16:52:45.291,--,--,--,--,--,--,--,--,--,--,--,--,--,--,--,--,--,--,--,--,--,--,--,--,--,--,--,--,--,--,--,--,--,--,--,--,--,--,--,--,--,--,--,--,--,--,223006
2026-05-04 16:52:45.292,--,--,--,--,--,--,--,--,--,--,--,--,--,--,--,--,--,--,--,--,--,--,--,--,--,--,--,--,--,--,--,--,--,--,--,--,--,--,--,--,--,--,--,--,--,--,223011
2026-05-04 16:52:45.294,--,--,--,--,--,--,--,--,--,--,--,--,--,--,--,--,--,--,--,--,--,--,--,--,--,--,--,--,--,--,--,--,--,--,--,--,--,--,--,--,--,--,--,--,--,--,223016
2026-05-04 16:52:45.295,--,--,--,--,--,--,--,--,--,--,--,--,--,--,--,--,--,--,--,--,--,--,--,--,--,--,--,--,--,--,--,--,--,--,--,--,--,--,--,--,--,--,--,--,--,--,223019
2026-05-04 16:52:45.376,--,--,--,--,--,--,--,--,--,--,--,--,--,--,--,--,--,--,--,--,--,--,--,--,--,--,--,--,--,--,--,--,--,--,--,--,--,--,--,--,--,--,--,--,--,--,223020
2026-05-04 16:52:45.399,--,--,--,--,--,--,--,--,--,--,--,--,--,--,--,--,--,--,--,--,--,--,--,--,--,--,--,--,--,--,--,--,--,--,--,--,--,--,--,--,--,--,--,--,--,--,223025
2026-05-04 16:52:45.454,--,--,--,--,--,--,--,--,--,--,--,--,--,--,--,--,--,--,--,--,--,--,--,--,--,--,--,--,--,--,--,--,--,--,--,--,--,--,--,--,--,--,--,--,--,--,223030
2026-05-04 16:52:45.486,--,--,--,--,--,--,--,--,--,--,--,--,--,--,--,--,--,--,--,--,--,--,--,--,--,--,--,--,--,--,--,--,--,--,--,--,--,--,--,--,--,--,--,--,--,--,223035
2026-05-04 16:52:45.556,--,--,--,--,--,--,--,--,--,--,--,--,--,--,--,--,--,--,--,--,--,--,--,--,--,--,--,--,--,--,--,--,--,--,--,--,--,--,--,--,--,--,--,--,--,--,223040
2026-05-04 16:52:45.607,--,--,--,--,--,--,--,--,--,--,--,--,--,--,--,--,--,--,--,--,--,--,--,--,--,--,--,--,--,--,--,--,--,--,--,--,--,--,--,--,--,--,--,--,--,--,223045
2026-05-04 16:52:45.657,--,--,--,--,--,--,--,--,--,--,--,--,--,--,--,--,--,--,--,--,--,--,--,--,--,--,--,--,--,--,--,--,--,--,--,--,--,--,--,--,--,--,--,--,--,--,223050
2026-05-04 16:52:45.709,--,--,--,--,--,--,--,--,--,--,--,--,--,--,--,--,--,--,--,--,--,--,--,--,--,--,--,--,--,--,--,--,--,--,--,--,--,--,--,--,--,--,--,--,--,--,223055
2026-05-04 16:52:45.744,--,--,--,--,--,--,--,--,--,--,--,--,--,--,--,--,--,--,--,--,--,--,--,--,--,--,--,--,--,--,--,--,--,--,--,--,--,--,--,--,--,--,--,--,--,--,223060
2026-05-04 16:52:45.745,--,--,--,--,--,--,--,--,--,--,--,--,--,--,--,--,--,--,--,--,--,--,--,--,--,--,--,--,--,--,--,--,--,--,--,--,--,--,--,--,--,--,--,--,--,--,223065
2026-05-04 16:52:45.748,--,--,--,--,--,--,--,--,--,--,--,--,--,--,--,--,--,--,--,--,--,--,--,--,--,--,--,--,--,--,--,--,--,--,--,--,--,--,--,--,--,--,--,--,--,--,223070
2026-05-04 16:52:45.749,--,--,--,--,--,--,--,--,--,--,--,--,--,--,--,--,--,--,--,--,--,--,--,--,--,--,--,--,--,--,--,--,--,--,--,--,--,--,--,--,--,--,--,--,--,--,223075
2026-05-04 16:52:45.751,--,--,--,--,--,--,--,--,--,--,--,--,--,--,--,--,--,--,--,--,--,--,--,--,--,--,--,--,--,--,--,--,--,--,--,--,--,--,--,--,--,--,--,--,--,--,223080
2026-05-04 16:52:45.752,--,--,--,--,--,--,--,--,--,--,--,--,--,--,--,--,--,--,--,--,--,--,--,--,--,--,--,--,--,--,--,--,--,--,--,--,--,--,--,--,--,--,--,--,--,--,223085
2026-05-04 16:52:45.753,--,--,--,--,--,--,--,--,--,--,--,--,--,--,--,--,--,--,--,--,--,--,--,--,--,--,--,--,--,--,--,--,--,--,--,--,--,--,--,--,--,--,--,--,--,--,223090
2026-05-04 16:52:45.756,--,--,--,--,--,--,--,--,--,--,--,--,--,--,--,--,--,--,--,--,--,--,--,--,--,--,--,--,--,--,--,--,--,--,--,--,--,--,--,--,--,--,--,--,--,--,223095
2026-05-04 16:52:45.757,--,--,--,--,--,--,--,--,--,--,--,--,--,--,--,--,--,--,--,--,--,--,--,--,--,--,--,--,--,--,--,--,--,--,--,--,--,--,--,--,--,--,--,--,--,--,223100
2026-05-04 16:52:45.758,--,--,--,--,--,--,--,--,--,--,--,--,--,--,--,--,--,--,--,--,--,--,--,--,--,--,--,--,--,--,--,--,--,--,--,--,--,--,--,--,--,--,--,--,--,--,223105
2026-05-04 16:52:45.760,--,--,--,--,--,--,--,--,--,--,--,--,--,--,--,--,--,--,--,--,--,--,--,--,--,--,--,--,--,--,--,--,--,--,--,--,--,--,--,--,--,--,--,--,--,--,223110
2026-05-04 16:52:45.761,--,--,--,--,--,--,--,--,--,--,--,--,--,--,--,--,--,--,--,--,--,--,--,--,--,--,--,--,--,--,--,--,--,--,--,--,--,--,--,--,--,--,--,--,--,--,223115
2026-05-04 16:52:45.809,--,--,--,--,--,--,--,--,--,--,--,--,--,--,--,--,--,--,--,--,--,--,--,--,--,--,--,--,--,--,--,--,--,--,--,--,--,--,--,--,--,--,--,--,--,--,226398
2026-05-04 16:52:45.860,--,--,--,--,--,--,--,--,--,--,--,--,--,--,--,--,--,--,--,--,--,--,--,--,--,--,--,--,--,--,--,--,--,--,--,--,--,--,--,--,--,--,--,--,--,--,226403
2026-05-04 16:52:45.937,--,--,--,--,--,--,--,--,--,--,--,--,--,--,--,--,--,--,--,--,--,--,--,--,--,--,--,--,--,--,--,--,--,--,--,--,--,--,--,--,--,--,--,--,--,--,226408
2026-05-04 16:52:45.977,--,--,--,--,--,--,--,--,--,--,--,--,--,--,--,--,--,--,--,--,--,--,--,--,--,--,--,--,--,--,--,--,--,--,--,--,--,--,--,--,--,--,--,--,--,--,226413
2026-05-04 16:52:45.978,--,--,--,--,--,--,--,--,--,--,--,--,--,--,--,--,--,--,--,--,--,--,--,--,--,--,--,--,--,--,--,--,--,--,--,--,--,--,--,--,--,--,--,--,--,--,226418
2026-05-04 16:52:45.979,--,--,--,--,--,--,--,--,--,--,--,--,--,--,--,--,--,--,--,--,--,--,--,--,--,--,--,--,--,--,--,--,--,--,--,--,--,--,--,--,--,--,--,--,--,--,226423
2026-05-04 16:52:45.980,--,--,--,--,--,--,--,--,--,--,--,--,--,--,--,--,--,--,--,--,--,--,--,--,--,--,--,--,--,--,--,--,--,--,--,--,--,--,--,--,--,--,--,--,--,--,226428
2026-05-04 16:52:45.982,--,--,--,--,--,--,--,--,--,--,--,--,--,--,--,--,--,--,--,--,--,--,--,--,--,--,--,--,--,--,--,--,--,--,--,--,--,--,--,--,--,--,--,--,--,--,226433
2026-05-04 16:52:45.983,--,--,--,--,--,--,--,--,--,--,--,--,--,--,--,--,--,--,--,--,--,--,--,--,--,--,--,--,--,--,--,--,--,--,--,--,--,--,--,--,--,--,--,--,--,--,226438
2026-05-04 16:52:45.984,--,--,--,--,--,--,--,--,--,--,--,--,--,--,--,--,--,--,--,--,--,--,--,--,--,--,--,--,--,--,--,--,--,--,--,--,--,--,--,--,--,--,--,--,--,--,226440
2026-05-04 16:52:46.104,--,--,--,--,--,--,--,--,--,--,--,--,--,--,--,--,--,--,--,--,--,--,--,--,--,--,--,--,--,--,--,--,--,--,--,--,--,--,--,--,--,--,--,--,--,--,226441
2026-05-04 16:52:46.155,--,--,--,--,--,--,--,--,--,--,--,--,--,--,--,--,--,--,--,--,--,--,--,--,--,--,--,--,--,--,--,--,--,--,--,--,--,--,--,--,--,--,--,--,--,--,226446
2026-05-04 16:52:46.190,--,--,--,--,--,--,--,--,--,--,--,--,--,--,--,--,--,--,--,--,--,--,--,--,--,--,--,--,--,--,--,--,--,--,--,--,--,--,--,--,--,--,--,--,--,--,226451
2026-05-04 16:52:46.229,--,--,--,--,--,--,--,--,--,--,--,--,--,--,--,--,--,--,--,--,--,--,--,--,--,--,--,--,--,--,--,--,--,--,--,--,--,--,--,--,--,--,--,--,--,--,226456
2026-05-04 16:52:46.299,--,--,--,--,--,--,--,--,--,--,--,--,--,--,--,--,--,--,--,--,--,--,--,--,--,--,--,--,--,--,--,--,--,--,--,--,--,--,--,--,--,--,--,--,--,--,226461
2026-05-04 16:52:46.383,--,--,--,--,--,--,--,--,--,--,--,--,--,--,--,--,--,--,--,--,--,--,--,--,--,--,--,--,--,--,--,--,--,--,--,--,--,--,--,--,--,--,--,--,--,--,226466
2026-05-04 16:52:46.436,--,--,--,--,--,--,--,--,--,--,--,--,--,--,--,--,--,--,--,--,--,--,--,--,--,--,--,--,--,--,--,--,--,--,--,--,--,--,--,--,--,--,--,--,--,--,226471
2026-05-04 16:52:46.437,--,--,--,--,--,--,--,--,--,--,--,--,--,--,--,--,--,--,--,--,--,--,--,--,--,--,--,--,--,--,--,--,--,--,--,--,--,--,--,--,--,--,--,--,--,--,226476
2026-05-04 16:52:46.438,--,--,--,--,--,--,--,--,--,--,--,--,--,--,--,--,--,--,--,--,--,--,--,--,--,--,--,--,--,--,--,--,--,--,--,--,--,--,--,--,--,--,--,--,--,--,226481
2026-05-04 16:52:46.440,--,--,--,--,--,--,--,--,--,--,--,--,--,--,--,--,--,--,--,--,--,--,--,--,--,--,--,--,--,--,--,--,--,--,--,--,--,--,--,--,--,--,--,--,--,--,226486
2026-05-04 16:52:46.443,--,--,--,--,--,--,--,--,--,--,--,--,--,--,--,--,--,--,--,--,--,--,--,--,--,--,--,--,--,--,--,--,--,--,--,--,--,--,--,--,--,--,--,--,--,--,226491
2026-05-04 16:52:46.444,--,--,--,--,--,--,--,--,--,--,--,--,--,--,--,--,--,--,--,--,--,--,--,--,--,--,--,--,--,--,--,--,--,--,--,--,--,--,--,--,--,--,--,--,--,--,226496
2026-05-04 16:52:46.445,--,--,--,--,--,--,--,--,--,--,--,--,--,--,--,--,--,--,--,--,--,--,--,--,--,--,--,--,--,--,--,--,--,--,--,--,--,--,--,--,--,--,--,--,--,--,226501
2026-05-04 16:52:46.447,--,--,--,--,--,--,--,--,--,--,--,--,--,--,--,--,--,--,--,--,--,--,--,--,--,--,--,--,--,--,--,--,--,--,--,--,--,--,--,--,--,--,--,--,--,--,226506
2026-05-04 16:52:46.448,--,--,--,--,--,--,--,--,--,--,--,--,--,--,--,--,--,--,--,--,--,--,--,--,--,--,--,--,--,--,--,--,--,--,--,--,--,--,--,--,--,--,--,--,--,--,226511
2026-05-04 16:52:46.449,--,--,--,--,--,--,--,--,--,--,--,--,--,--,--,--,--,--,--,--,--,--,--,--,--,--,--,--,--,--,--,--,--,--,--,--,--,--,--,--,--,--,--,--,--,--,226516
2026-05-04 16:52:46.450,--,--,--,--,--,--,--,--,--,--,--,--,--,--,--,--,--,--,--,--,--,--,--,--,--,--,--,--,--,--,--,--,--,--,--,--,--,--,--,--,--,--,--,--,--,--,226521
2026-05-04 16:52:46.452,--,--,--,--,--,--,--,--,--,--,--,--,--,--,--,--,--,--,--,--,--,--,--,--,--,--,--,--,--,--,--,--,--,--,--,--,--,--,--,--,--,--,--,--,--,--,226526
2026-05-04 16:52:46.453,--,--,--,--,--,--,--,--,--,--,--,--,--,--,--,--,--,--,--,--,--,--,--,--,--,--,--,--,--,--,--,--,--,--,--,--,--,--,--,--,--,--,--,--,--,--,226531
2026-05-04 16:52:46.454,--,--,--,--,--,--,--,--,--,--,--,--,--,--,--,--,--,--,--,--,--,--,--,--,--,--,--,--,--,--,--,--,--,--,--,--,--,--,--,--,--,--,--,--,--,--,226536
2026-05-04 16:52:46.479,--,--,--,--,--,--,--,--,--,--,--,--,--,--,--,--,--,--,--,--,--,--,--,--,--,--,--,--,--,--,--,--,--,--,--,--,--,--,--,--,--,--,--,--,--,--,229185
2026-05-04 16:52:46.550,--,--,--,--,--,--,--,--,--,--,--,--,--,--,--,--,--,--,--,--,--,--,--,--,--,--,--,--,--,--,--,--,--,--,--,--,--,--,--,--,--,--,--,--,--,--,229190
2026-05-04 16:52:46.658,--,--,--,--,--,--,--,--,--,--,--,--,--,--,--,--,--,--,--,--,--,--,--,--,--,--,--,--,--,--,--,--,--,--,--,--,--,--,--,--,--,--,--,--,--,--,229195
2026-05-04 16:52:46.660,--,--,--,--,--,--,--,--,--,--,--,--,--,--,--,--,--,--,--,--,--,--,--,--,--,--,--,--,--,--,--,--,--,--,--,--,--,--,--,--,--,--,--,--,--,--,229200
2026-05-04 16:52:46.662,--,--,--,--,--,--,--,--,--,--,--,--,--,--,--,--,--,--,--,--,--,--,--,--,--,--,--,--,--,--,--,--,--,--,--,--,--,--,--,--,--,--,--,--,--,--,229205
2026-05-04 16:52:46.663,--,--,--,--,--,--,--,--,--,--,--,--,--,--,--,--,--,--,--,--,--,--,--,--,--,--,--,--,--,--,--,--,--,--,--,--,--,--,--,--,--,--,--,--,--,--,229210
2026-05-04 16:52:46.664,--,--,--,--,--,--,--,--,--,--,--,--,--,--,--,--,--,--,--,--,--,--,--,--,--,--,--,--,--,--,--,--,--,--,--,--,--,--,--,--,--,--,--,--,--,--,229215
2026-05-04 16:52:46.666,--,--,--,--,--,--,--,--,--,--,--,--,--,--,--,--,--,--,--,--,--,--,--,--,--,--,--,--,--,--,--,--,--,--,--,--,--,--,--,--,--,--,--,--,--,--,229220
2026-05-04 16:52:46.667,--,--,--,--,--,--,--,--,--,--,--,--,--,--,--,--,--,--,--,--,--,--,--,--,--,--,--,--,--,--,--,--,--,--,--,--,--,--,--,--,--,--,--,--,--,--,229225
2026-05-04 16:52:46.668,--,--,--,--,--,--,--,--,--,--,--,--,--,--,--,--,--,--,--,--,--,--,--,--,--,--,--,--,--,--,--,--,--,--,--,--,--,--,--,--,--,--,--,--,--,--,229227
2026-05-04 16:52:47.053,--,--,--,--,--,--,--,--,--,--,--,--,--,--,--,--,--,--,--,--,--,--,--,--,--,--,--,--,--,--,--,--,--,--,--,--,--,--,--,--,--,--,--,--,--,--,229228
2026-05-04 16:52:47.056,--,--,--,--,--,--,--,--,--,--,--,--,--,--,--,--,--,--,--,--,--,--,--,--,--,--,--,--,--,--,--,--,--,--,--,--,--,--,--,--,--,--,--,--,--,--,229233
2026-05-04 16:52:47.059,--,--,--,--,--,--,--,--,--,--,--,--,--,--,--,--,--,--,--,--,--,--,--,--,--,--,--,--,--,--,--,--,--,--,--,--,--,--,--,--,--,--,--,--,--,--,229238
2026-05-04 16:52:47.061,--,--,--,--,--,--,--,--,--,--,--,--,--,--,--,--,--,--,--,--,--,--,--,--,--,--,--,--,--,--,--,--,--,--,--,--,--,--,--,--,--,--,--,--,--,--,229243
2026-05-04 16:52:47.063,--,--,--,--,--,--,--,--,--,--,--,--,--,--,--,--,--,--,--,--,--,--,--,--,--,--,--,--,--,--,--,--,--,--,--,--,--,--,--,--,--,--,--,--,--,--,229248
2026-05-04 16:52:47.065,--,--,--,--,--,--,--,--,--,--,--,--,--,--,--,--,--,--,--,--,--,--,--,--,--,--,--,--,--,--,--,--,--,--,--,--,--,--,--,--,--,--,--,--,--,--,229253
2026-05-04 16:52:47.068,--,--,--,--,--,--,--,--,--,--,--,--,--,--,--,--,--,--,--,--,--,--,--,--,--,--,--,--,--,--,--,--,--,--,--,--,--,--,--,--,--,--,--,--,--,--,229258
2026-05-04 16:52:47.070,--,--,--,--,--,--,--,--,--,--,--,--,--,--,--,--,--,--,--,--,--,--,--,--,--,--,--,--,--,--,--,--,--,--,--,--,--,--,--,--,--,--,--,--,--,--,229263
2026-05-04 16:52:47.071,--,--,--,--,--,--,--,--,--,--,--,--,--,--,--,--,--,--,--,--,--,--,--,--,--,--,--,--,--,--,--,--,--,--,--,--,--,--,--,--,--,--,--,--,--,--,229268
2026-05-04 16:52:47.092,--,--,--,--,--,--,--,--,--,--,--,--,--,--,--,--,--,--,--,--,--,--,--,--,--,--,--,--,--,--,--,--,--,--,--,--,--,--,--,--,--,--,--,--,--,--,229273
2026-05-04 16:52:47.093,--,--,--,--,--,--,--,--,--,--,--,--,--,--,--,--,--,--,--,--,--,--,--,--,--,--,--,--,--,--,--,--,--,--,--,--,--,--,--,--,--,--,--,--,--,--,229278
2026-05-04 16:52:47.094,--,--,--,--,--,--,--,--,--,--,--,--,--,--,--,--,--,--,--,--,--,--,--,--,--,--,--,--,--,--,--,--,--,--,--,--,--,--,--,--,--,--,--,--,--,--,229283
2026-05-04 16:52:47.096,--,--,--,--,--,--,--,--,--,--,--,--,--,--,--,--,--,--,--,--,--,--,--,--,--,--,--,--,--,--,--,--,--,--,--,--,--,--,--,--,--,--,--,--,--,--,229288
2026-05-04 16:52:47.097,--,--,--,--,--,--,--,--,--,--,--,--,--,--,--,--,--,--,--,--,--,--,--,--,--,--,--,--,--,--,--,--,--,--,--,--,--,--,--,--,--,--,--,--,--,--,229293
2026-05-04 16:52:47.099,--,--,--,--,--,--,--,--,--,--,--,--,--,--,--,--,--,--,--,--,--,--,--,--,--,--,--,--,--,--,--,--,--,--,--,--,--,--,--,--,--,--,--,--,--,--,229298
2026-05-04 16:52:47.100,--,--,--,--,--,--,--,--,--,--,--,--,--,--,--,--,--,--,--,--,--,--,--,--,--,--,--,--,--,--,--,--,--,--,--,--,--,--,--,--,--,--,--,--,--,--,229303
2026-05-04 16:52:47.101,--,--,--,--,--,--,--,--,--,--,--,--,--,--,--,--,--,--,--,--,--,--,--,--,--,--,--,--,--,--,--,--,--,--,--,--,--,--,--,--,--,--,--,--,--,--,229308
2026-05-04 16:52:47.103,--,--,--,--,--,--,--,--,--,--,--,--,--,--,--,--,--,--,--,--,--,--,--,--,--,--,--,--,--,--,--,--,--,--,--,--,--,--,--,--,--,--,--,--,--,--,229313
2026-05-04 16:52:47.139,--,--,--,--,--,--,--,--,--,--,--,--,--,--,--,--,--,--,--,--,--,--,--,--,--,--,--,--,--,--,--,--,--,--,--,--,--,--,--,--,--,--,--,--,--,--,229318
2026-05-04 16:52:47.140,--,--,--,--,--,--,--,--,--,--,--,--,--,--,--,--,--,--,--,--,--,--,--,--,--,--,--,--,--,--,--,--,--,--,--,--,--,--,--,--,--,--,--,--,--,--,229323
2026-05-04 16:52:47.299,--,--,--,--,--,--,--,--,-137.72,55.36,-71.51,-228.05,--,--,--,--,--,--,--,--,25.59,25.54,24.75,25.26,2017,2017,2017,2017,2017,2017,2017,2017,0,0,0,0,0,0,0,0,27.24,31.78,52.20,4.981,5.04,4.98,2799
2026-05-04 16:52:47.383,--,--,--,--,--,--,--,--,-137.71,55.35,-71.52,-228.05,--,--,--,--,--,--,--,--,25.59,25.54,24.75,25.26,2017,2017,2017,2017,2017,2017,2017,2017,0,0,0,0,0,0,0,0,27.24,31.78,51.45,4.981,5.04,5.01,2804
2026-05-04 16:52:47.483,--,--,--,--,--,--,--,--,-137.70,55.36,-71.51,-228.07,--,--,--,--,--,--,--,--,25.59,25.54,24.75,25.26,2017,2017,2017,2017,2017,2017,2017,2017,0,0,0,0,0,0,0,0,27.24,31.78,51.45,4.981,5.01,4.98,2809
2026-05-04 16:52:47.592,--,--,--,--,--,--,--,--,-137.70,55.36,-71.51,-228.05,--,--,--,--,--,--,--,--,25.59,25.54,24.75,25.26,2017,2017,2017,2017,2017,2017,2017,2017,0,0,0,0,0,0,0,0,27.24,31.78,51.45,4.981,5.01,5.01,2814
2026-05-04 16:52:47.703,--,--,--,--,--,--,--,--,-137.71,55.35,-71.52,-228.05,--,--,--,--,--,--,--,--,25.59,25.54,24.75,25.26,2017,2017,2017,2017,2017,2017,2017,2017,0,0,0,0,0,0,0,0,27.24,31.78,51.45,4.981,4.98,4.98,2819
2026-05-04 16:52:47.786,--,--,--,--,--,--,--,--,-137.71,55.35,-71.52,-228.07,--,--,--,--,--,--,--,--,25.59,25.54,24.75,25.26,2017,2017,2017,2017,2017,2017,2017,2017,0,0,0,0,0,0,0,0,27.24,31.78,51.45,4.981,5.04,4.98,2824
2026-05-04 16:52:47.872,--,--,--,--,--,--,--,--,-137.71,55.36,-71.52,-228.05,--,--,--,--,--,--,--,--,25.59,25.54,24.68,25.26,2017,2017,2017,2017,2017,2017,2017,2017,0,0,0,0,0,0,0,0,27.24,31.78,51.45,4.981,4.98,4.98,2829
2026-05-04 16:52:47.980,--,--,--,--,--,--,--,--,-137.71,55.36,-71.52,-228.05,--,--,--,--,--,--,--,--,25.59,25.54,24.75,25.26,2017,2017,2017,2017,2017,2017,2017,2017,0,0,0,0,0,0,0,0,27.24,31.78,52.20,4.981,5.04,5.01,2834
2026-05-04 16:52:48.088,--,--,--,--,--,--,--,--,-137.72,55.36,-71.53,-228.05,--,--,--,--,--,--,--,--,25.59,25.54,24.75,25.26,2017,2017,2017,2017,2017,2017,2017,2017,0,0,0,0,0,0,0,0,27.24,31.78,51.45,4.981,5.04,4.98,2839
2026-05-04 16:52:48.171,--,--,--,--,--,--,--,--,-137.70,55.37,-71.52,-228.07,--,--,--,--,--,--,--,--,25.59,25.54,24.75,25.26,2017,2017,2017,2017,2017,2017,2017,2017,0,0,0,0,0,0,0,0,27.24,31.78,51.45,4.981,5.01,4.98,2844
2026-05-04 16:52:48.262,--,--,--,--,--,--,--,--,-137.71,55.36,-71.52,-228.05,--,--,--,--,--,--,--,--,25.59,25.54,24.75,25.26,2017,2017,2017,2017,2017,2017,2017,2017,0,0,0,0,0,0,0,0,27.24,31.78,51.45,4.981,5.04,5.01,2849
2026-05-04 16:52:48.366,--,--,--,--,--,--,--,--,-137.72,55.36,-71.52,-228.07,--,--,--,--,--,--,--,--,25.59,25.54,24.75,25.26,2017,2017,2017,2017,2017,2017,2017,2017,0,0,0,0,0,0,0,0,27.24,31.78,51.45,4.981,5.04,4.98,2854
2026-05-04 16:52:48.449,--,--,--,--,--,--,--,--,-137.72,55.36,-71.52,-228.05,--,--,--,--,--,--,--,--,25.59,25.54,24.68,25.26,2017,2017,2017,2017,2017,2017,2017,2017,0,0,0,0,0,0,0,0,27.24,31.78,51.45,4.981,5.01,4.98,2859
2026-05-04 16:52:48.567,--,--,--,--,--,--,--,--,-137.72,55.35,-71.52,-228.05,--,--,--,--,--,--,--,--,25.59,25.54,24.68,25.26,2017,2017,2017,2017,2017,2017,2017,2017,0,0,0,0,0,0,0,0,27.24,31.78,51.45,4.981,4.98,4.98,2864
2026-05-04 16:52:48.667,--,--,--,--,--,--,--,--,-137.70,55.35,-71.52,-228.05,--,--,--,--,--,--,--,--,25.59,25.54,24.75,25.26,2017,2017,2017,2017,2017,2017,2017,2017,0,0,0,0,0,0,0,0,27.24,31.78,51.45,4.981,5.04,4.98,2869
2026-05-04 16:52:48.753,--,--,--,--,--,--,--,--,-137.71,55.35,-71.51,-228.05,--,--,--,--,--,--,--,--,25.59,25.54,24.75,25.26,2017,2017,2017,2017,2017,2017,2017,2017,0,0,0,0,0,0,0,0,27.24,31.78,51.45,4.981,4.98,4.98,2874
2026-05-04 16:52:48.838,--,--,--,--,--,--,--,--,-137.72,55.36,-71.52,-228.04,--,--,--,--,--,--,--,--,25.59,25.54,24.68,25.26,2017,2017,2017,2017,2017,2017,2017,2017,0,0,0,0,0,0,0,0,27.24,31.78,51.45,4.981,5.07,4.98,2879
2026-05-04 16:52:48.920,--,--,--,--,--,--,--,--,-137.72,55.37,-71.51,-228.05,--,--,--,--,--,--,--,--,25.59,25.54,24.75,25.26,2017,2017,2017,2017,2017,2017,2017,2017,0,0,0,0,0,0,0,0,27.24,31.78,51.45,4.981,4.98,4.98,2884
2026-05-04 16:52:49.027,--,--,--,--,--,--,--,--,-137.72,55.35,-71.52,-228.05,--,--,--,--,--,--,--,--,25.59,25.54,24.75,25.26,2017,2017,2017,2017,2017,2017,2017,2017,0,0,0,0,0,0,0,0,27.24,31.78,52.20,4.981,5.01,5.01,2889
2026-05-04 16:52:49.157,--,--,--,--,--,--,--,--,-137.71,55.36,-71.52,-228.05,--,--,--,--,--,--,--,--,25.59,25.54,24.68,25.26,2017,2017,2017,2017,2017,2017,2017,2017,0,0,0,0,0,0,0,0,27.24,31.78,51.45,4.981,5.04,4.98,2894
2026-05-04 16:52:49.250,--,--,--,--,--,--,--,--,-137.71,55.35,-71.52,-228.07,--,--,--,--,--,--,--,--,25.59,25.54,24.75,25.26,2017,2017,2017,2017,2017,2017,2017,2017,0,0,0,0,0,0,0,0,27.24,31.78,51.45,4.981,5.04,5.01,3259
2026-05-04 16:52:49.338,--,--,--,--,--,--,--,--,-137.71,55.35,-71.52,-228.05,--,--,--,--,--,--,--,--,25.59,25.54,24.75,25.26,2017,2017,2017,2017,2017,2017,2017,2017,0,0,0,0,0,0,0,0,27.24,31.78,51.45,4.981,5.01,4.98,3264
2026-05-04 16:52:49.443,--,--,--,--,--,--,--,--,-137.71,55.36,-71.52,-228.07,--,--,--,--,--,--,--,--,25.59,25.54,24.75,25.26,2017,2017,2017,2017,2017,2017,2017,2017,0,0,0,0,0,0,0,0,27.24,31.78,51.45,4.981,5.01,4.98,3269
2026-05-04 16:52:49.541,--,--,--,--,--,--,--,--,-137.71,55.36,-71.51,-228.05,--,--,--,--,--,--,--,--,25.59,25.54,24.68,25.26,2017,2017,2017,2017,2017,2017,2017,2017,0,0,0,0,0,0,0,0,27.24,31.78,51.45,4.981,5.04,4.98,3274
2026-05-04 16:52:49.585,--,--,--,--,--,--,--,--,-137.72,55.35,-71.52,-228.05,--,--,--,--,--,--,--,--,25.59,25.54,24.75,25.26,2017,2017,2017,2017,2017,2017,2017,2017,0,0,0,0,0,0,0,0,27.24,31.78,51.45,4.981,5.01,4.98,3277
2026-05-04 16:52:49.641,--,--,--,--,--,--,--,--,-137.70,55.35,-71.52,-228.07,--,--,--,--,--,--,--,--,25.59,25.54,24.75,25.26,2017,2017,2017,2017,2017,2017,2017,2017,0,0,0,0,0,0,0,0,27.24,31.78,51.45,4.981,4.98,4.98,3278
2026-05-04 16:52:49.744,--,--,--,--,--,--,--,--,-137.71,55.36,-71.52,-228.05,--,--,--,--,--,--,--,--,25.59,25.54,24.68,25.26,2017,2017,2017,2017,2017,2017,2017,2017,0,0,0,0,0,0,0,0,27.24,31.78,51.45,4.981,4.95,4.98,3283
2026-05-04 16:52:49.826,--,--,--,--,--,--,--,--,-137.71,55.36,-71.51,-228.05,--,--,--,--,--,--,--,--,25.59,25.54,24.75,25.26,2017,2017,2017,2017,2017,2017,2017,2017,0,0,0,0,0,0,0,0,27.24,31.78,51.45,4.981,5.04,5.01,3288
2026-05-04 16:52:49.909,--,--,--,--,--,--,--,--,-137.72,55.36,-71.52,-228.05,--,--,--,--,--,--,--,--,25.59,25.54,24.75,25.26,2017,2017,2017,2017,2017,2017,2017,2017,0,0,0,0,0,0,0,0,27.24,31.78,51.45,4.981,5.01,4.98,3293
2026-05-04 16:52:49.989,--,--,--,--,--,--,--,--,-137.71,55.36,-71.51,-228.05,--,--,--,--,--,--,--,--,25.59,25.54,24.75,25.26,2017,2017,2017,2017,2017,2017,2017,2017,0,0,0,0,0,0,0,0,27.24,31.78,51.45,4.981,5.01,4.98,3298
2026-05-04 16:52:50.093,--,--,--,--,--,--,--,--,-137.71,55.36,-71.52,-228.05,--,--,--,--,--,--,--,--,25.59,25.54,24.68,25.26,2017,2017,2017,2017,2017,2017,2017,2017,0,0,0,0,0,0,0,0,27.24,31.78,51.45,4.981,4.98,4.98,3303
2026-05-04 16:52:50.189,--,--,--,--,--,--,--,--,-137.71,55.36,-71.52,-228.05,--,--,--,--,--,--,--,--,25.59,25.54,24.75,25.26,2017,2017,2017,2017,2017,2017,2017,2017,0,0,0,0,0,0,0,0,27.24,31.78,52.20,4.981,4.98,4.98,3308
2026-05-04 16:52:50.306,--,--,--,--,--,--,--,--,-137.70,55.35,-71.52,-228.05,--,--,--,--,--,--,--,--,25.59,25.54,24.75,25.26,2017,2017,2017,2017,2017,2017,2017,2017,0,0,0,0,0,0,0,0,27.24,31.78,51.45,4.981,4.98,4.98,3313
2026-05-04 16:52:50.396,--,--,--,--,--,--,--,--,-137.70,55.35,-71.52,-228.05,--,--,--,--,--,--,--,--,25.59,25.54,24.68,25.26,2017,2017,2017,2017,2017,2017,2017,2017,0,0,0,0,0,0,0,0,27.24,31.78,51.45,4.981,5.04,4.98,3318
2026-05-04 16:52:50.478,--,--,--,--,--,--,--,--,-137.72,55.36,-71.52,-228.07,--,--,--,--,--,--,--,--,25.59,25.54,24.75,25.26,2017,2017,2017,2017,2017,2017,2017,2017,0,0,0,0,0,0,0,0,27.24,31.78,51.45,4.981,5.04,4.98,3323
2026-05-04 16:52:50.582,--,--,--,--,--,--,--,--,-137.72,55.35,-71.52,-228.05,--,--,--,--,--,--,--,--,25.59,25.54,24.75,25.26,2017,2017,2017,2017,2017,2017,2017,2017,0,0,0,0,0,0,0,0,27.24,31.78,51.45,4.981,5.01,4.98,3328
2026-05-04 16:52:50.699,--,--,--,--,--,--,--,--,-137.71,55.36,-71.51,-228.05,--,--,--,--,--,--,--,--,25.59,25.54,24.75,25.26,2017,2017,2017,2017,2017,2017,2017,2017,0,0,0,0,0,0,0,0,27.24,31.78,51.45,4.981,5.01,4.98,3333
2026-05-04 16:52:50.849,--,--,--,--,--,--,--,--,-137.72,55.35,-71.53,-228.05,--,--,--,--,--,--,--,--,25.59,25.54,24.75,25.26,2017,2017,2017,2017,2017,2017,2017,2017,0,0,0,0,0,0,0,0,27.24,31.78,51.45,4.981,5.04,5.01,3338
2026-05-04 16:52:50.939,--,--,--,--,--,--,--,--,-137.71,55.35,-71.52,-228.05,--,--,--,--,--,--,--,--,25.59,25.54,24.75,25.26,2017,2017,2017,2017,2017,2017,2017,2017,0,0,0,0,0,0,0,0,27.24,31.78,51.45,4.981,4.98,4.98,3343
2026-05-04 16:52:51.033,--,--,--,--,--,--,--,--,-137.71,55.36,-71.52,-228.05,--,--,--,--,--,--,--,--,25.59,25.54,24.68,25.26,2017,2017,2017,2017,2017,2017,2017,2017,0,0,0,0,0,0,0,0,27.24,31.78,52.20,4.981,5.04,4.98,3348
2026-05-04 16:52:51.102,--,--,--,--,--,--,--,--,-137.71,55.35,-71.52,-228.04,--,--,--,--,--,--,--,--,25.59,25.54,24.75,25.26,2017,2017,2017,2017,2017,2017,2017,2017,0,0,0,0,0,0,0,0,27.24,31.78,52.20,4.981,5.04,4.98,3353
2026-05-04 16:52:51.118,--,--,--,--,--,--,--,--,-137.71,55.35,-71.52,-228.04,--,--,--,--,--,--,--,--,25.59,25.54,24.75,25.26,2017,2017,2017,2017,2017,2017,2017,2017,0,0,0,0,0,0,0,0,27.24,31.78,52.20,4.981,5.04,4.98,3353
2026-05-04 16:52:51.154,--,--,--,--,--,--,--,--,-137.71,55.35,-71.53,-228.07,--,--,--,--,--,--,--,--,25.59,25.54,24.75,25.26,2017,2017,2017,2017,2017,2017,2017,2017,0,0,0,0,0,0,0,0,27.24,31.78,51.45,4.981,4.98,5.01,3354
2026-05-04 16:52:51.265,--,--,--,--,--,--,--,--,-137.71,55.35,-71.52,-228.05,--,--,--,--,--,--,--,--,25.59,25.54,24.68,25.26,2017,2017,2017,2017,2017,2017,2017,2017,0,0,0,0,0,0,0,0,27.24,31.78,51.45,4.981,5.01,5.01,3359
2026-05-04 16:52:51.326,--,--,--,--,--,--,--,--,-137.71,55.35,-71.52,-228.05,--,--,--,--,--,--,--,--,25.59,25.54,24.68,25.26,2017,2017,2017,2017,2017,2017,2017,2017,0,0,0,0,0,0,0,0,27.24,31.78,51.45,4.981,5.01,4.98,3364
2026-05-04 16:52:51.414,--,--,--,--,--,--,--,--,-137.72,55.35,-71.52,-228.05,--,--,--,--,--,--,--,--,25.59,25.54,24.68,25.26,2017,2017,2017,2017,2017,2017,2017,2017,0,0,0,0,0,0,0,0,27.24,31.78,51.45,4.981,5.01,5.01,3369
2026-05-04 16:52:51.479,--,--,--,--,--,--,--,--,-137.72,55.35,-71.53,-228.07,--,--,--,--,--,--,--,--,25.59,25.54,24.68,25.26,2017,2017,2017,2017,2017,2017,2017,2017,0,0,0,0,0,0,0,0,27.24,31.78,51.45,4.981,5.01,4.98,3374
2026-05-04 16:52:51.562,--,--,--,--,--,--,--,--,-137.72,55.36,-71.52,-228.07,--,--,--,--,--,--,--,--,25.59,25.54,24.75,25.26,2017,2017,2017,2017,2017,2017,2017,2017,0,0,0,0,0,0,0,0,27.24,31.78,51.45,4.981,5.04,4.98,3379
2026-05-04 16:52:51.658,--,--,--,--,--,--,--,--,-137.72,55.35,-71.53,-228.04,--,--,--,--,--,--,--,--,25.59,25.54,24.75,25.26,2017,2017,2017,2017,2017,2017,2017,2017,0,0,0,0,0,0,0,0,27.24,31.78,52.20,4.981,4.98,5.01,3384
2026-05-04 16:52:51.699,--,--,--,--,--,--,--,--,-137.72,55.36,-71.53,-228.05,--,--,--,--,--,--,--,--,25.59,25.54,24.75,25.26,2017,2017,2017,2017,2017,2017,2017,2017,0,0,0,0,0,0,0,0,27.24,31.78,51.45,4.981,4.98,4.98,3389
2026-05-04 16:52:51.758,--,--,--,--,--,--,--,--,-137.72,55.36,-71.53,-228.05,--,--,--,--,--,--,--,--,25.59,25.54,24.75,25.26,2017,2017,2017,2017,2017,2017,2017,2017,0,0,0,0,0,0,0,0,27.24,31.78,51.45,4.981,5.01,4.98,3394
2026-05-04 16:52:51.819,--,--,--,--,--,--,--,--,-137.70,55.36,-71.52,-228.05,--,--,--,--,--,--,--,--,25.59,25.54,24.75,25.26,2017,2017,2017,2017,2017,2017,2017,2017,0,0,0,0,0,0,0,0,27.24,31.78,51.45,4.981,4.98,4.98,3399
2026-05-04 16:52:51.880,--,--,--,--,--,--,--,--,-137.72,55.35,-71.52,-228.05,--,--,--,--,--,--,--,--,25.59,25.54,24.75,25.26,2017,2017,2017,2017,2017,2017,2017,2017,0,0,0,0,0,0,0,0,27.24,31.78,51.45,4.981,5.04,4.98,3404
2026-05-04 16:52:51.997,--,--,--,--,--,--,--,--,-137.71,55.35,-71.53,-228.05,--,--,--,--,--,--,--,--,25.59,25.54,24.75,25.26,2017,2017,2017,2017,2017,2017,2017,2017,0,0,0,0,0,0,0,0,27.24,31.78,51.45,4.981,5.01,4.98,3409
2026-05-04 16:52:52.054,--,--,--,--,--,--,--,--,-137.72,55.36,-71.52,-228.05,--,--,--,--,--,--,--,--,25.59,25.54,24.68,25.26,2017,2017,2017,2017,2017,2017,2017,2017,0,0,0,0,0,0,0,0,27.24,31.78,51.45,4.981,5.04,4.98,3411
2026-05-04 16:52:52.251,--,--,--,--,--,--,--,--,-137.72,55.36,-71.53,-228.05,--,--,--,--,--,--,--,--,25.59,25.54,24.68,25.26,2017,2017,2017,2017,2017,2017,2017,2017,0,0,0,0,0,0,0,0,27.24,31.78,51.45,4.981,5.04,4.98,3412
2026-05-04 16:52:52.345,--,--,--,--,--,--,--,--,-137.72,55.36,-71.52,-228.05,--,--,--,--,--,--,--,--,25.59,25.54,24.68,25.26,2017,2017,2017,2017,2017,2017,2017,2017,0,0,0,0,0,0,0,0,27.24,31.78,51.45,4.981,4.98,4.98,3417
2026-05-04 16:52:52.459,--,--,--,--,--,--,--,--,-137.72,55.35,-71.51,-228.05,--,--,--,--,--,--,--,--,25.59,25.54,24.75,25.26,2017,2017,2017,2017,2017,2017,2017,2017,0,0,0,0,0,0,0,0,27.24,31.78,51.45,4.981,5.04,4.98,3422
2026-05-04 16:52:52.582,--,--,--,--,--,--,--,--,-137.72,55.35,-71.52,-228.05,--,--,--,--,--,--,--,--,25.59,25.54,24.75,25.26,2017,2017,2017,2017,2017,2017,2017,2017,0,0,0,0,0,0,0,0,27.24,31.78,51.45,4.981,5.01,4.98,3427
2026-05-04 16:52:52.678,--,--,--,--,--,--,--,--,-137.71,55.36,-71.52,-228.05,--,--,--,--,--,--,--,--,25.59,25.54,24.68,25.26,2017,2017,2017,2017,2017,2017,2017,2017,0,0,0,0,0,0,0,0,27.24,31.78,51.45,4.981,5.01,5.01,3432
2026-05-04 16:52:52.773,--,--,--,--,--,--,--,--,-137.72,55.35,-71.52,-228.05,--,--,--,--,--,--,--,--,25.59,25.61,24.75,25.33,2017,2017,2017,2017,2017,2017,2017,2017,0,0,0,0,0,0,0,0,27.24,31.78,51.45,4.981,5.01,4.98,3437
2026-05-04 16:52:52.925,--,--,--,--,--,--,--,--,-137.71,55.35,-71.52,-228.05,--,--,--,--,--,--,--,--,25.59,25.54,24.68,25.26,2017,2017,2017,2017,2017,2017,2017,2017,0,0,0,0,0,0,0,0,27.24,31.78,51.45,4.981,4.98,4.98,3442
2026-05-04 16:52:53.027,--,--,--,--,--,--,--,--,-137.71,55.35,-71.51,-228.05,--,--,--,--,--,--,--,--,25.59,25.54,24.75,25.26,2017,2017,2017,2017,2017,2017,2017,2017,0,0,0,0,0,0,0,0,27.24,31.78,51.45,4.981,5.04,5.01,3447
2026-05-04 16:52:53.116,--,--,--,--,--,--,--,--,-137.71,55.35,-71.52,-228.05,--,--,--,--,--,--,--,--,25.59,25.54,24.75,25.26,2017,2017,2017,2017,2017,2017,2017,2017,0,0,0,0,0,0,0,0,27.24,31.78,52.20,4.981,4.98,5.01,3452
2026-05-04 16:52:53.183,--,--,--,--,--,--,--,--,-137.72,55.35,-71.52,-228.05,--,--,--,--,--,--,--,--,25.59,25.54,24.75,25.26,2017,2017,2017,2017,2017,2017,2017,2017,0,0,0,0,0,0,0,0,27.24,31.78,52.20,4.981,5.01,4.98,3457
2026-05-04 16:52:53.269,--,--,--,--,--,--,--,--,-137.71,55.35,-71.52,-228.05,--,--,--,--,--,--,--,--,25.59,25.61,24.75,25.26,2017,2017,2017,2017,2017,2017,2017,2017,0,0,0,0,0,0,0,0,27.24,31.78,51.45,4.981,5.01,5.01,3462
2026-05-04 16:52:53.354,--,--,--,--,--,--,--,--,-137.70,55.35,-71.52,-228.05,--,--,--,--,--,--,--,--,25.59,25.61,24.75,25.26,2017,2017,2017,2017,2017,2017,2017,2017,0,0,0,0,0,0,0,0,27.24,31.78,51.45,4.981,5.01,5.01,3467
2026-05-04 16:52:53.493,--,--,--,--,--,--,--,--,-137.70,55.35,-71.52,-228.04,--,--,--,--,--,--,--,--,25.59,25.54,24.68,25.26,2017,2017,2017,2017,2017,2017,2017,2017,0,0,0,0,0,0,0,0,27.24,31.78,51.45,4.981,5.01,4.98,3472
2026-05-04 16:52:53.580,--,--,--,--,--,--,--,--,-137.72,55.35,-71.53,-228.05,--,--,--,--,--,--,--,--,25.59,25.54,24.75,25.26,2017,2017,2017,2017,2017,2017,2017,2017,0,0,0,0,0,0,0,0,26.48,31.78,51.45,4.981,5.04,4.98,3477
2026-05-04 16:52:53.670,--,--,--,--,--,--,--,--,-137.71,55.36,-71.53,-228.05,--,--,--,--,--,--,--,--,25.59,25.54,24.75,25.26,2017,2017,2017,2017,2017,2017,2017,2017,0,0,0,0,0,0,0,0,27.24,31.78,51.45,4.981,5.01,5.01,3482
2026-05-04 16:52:53.754,--,--,--,--,--,--,--,--,-137.72,55.35,-71.52,-228.04,--,--,--,--,--,--,--,--,25.59,25.54,24.75,25.26,2017,2017,2017,2017,2017,2017,2017,2017,0,0,0,0,0,0,0,0,27.24,31.78,51.45,4.981,5.04,5.01,3487
2026-05-04 16:52:53.857,--,--,--,--,--,--,--,--,-137.73,55.35,-71.52,-228.04,--,--,--,--,--,--,--,--,25.59,25.54,24.75,25.26,2017,2017,2017,2017,2017,2017,2017,2017,0,0,0,0,0,0,0,0,27.24,31.78,51.45,4.981,5.04,4.98,3492
2026-05-04 16:52:53.963,--,--,--,--,--,--,--,--,-137.72,55.35,-71.51,-228.07,--,--,--,--,--,--,--,--,25.59,25.54,24.75,25.26,2017,2017,2017,2017,2017,2017,2017,2017,0,0,0,0,0,0,0,0,27.24,31.78,51.45,4.981,5.01,4.98,3497
2026-05-04 16:52:54.026,--,--,--,--,--,--,--,--,-137.72,55.35,-71.52,-228.05,--,--,--,--,--,--,--,--,25.59,25.54,24.75,25.26,2017,2017,2017,2017,2017,2017,2017,2017,0,0,0,0,0,0,0,0,27.24,31.78,51.45,4.981,4.98,4.98,3502
2026-05-04 16:52:54.112,--,--,--,--,--,--,--,--,-137.71,55.35,-71.52,-228.05,--,--,--,--,--,--,--,--,25.59,25.61,24.75,25.26,2017,2017,2017,2017,2017,2017,2017,2017,0,0,0,0,0,0,0,0,27.24,31.78,51.45,4.981,4.98,4.98,3507
2026-05-04 16:52:54.263,--,--,--,--,--,--,--,--,-137.71,55.35,-71.52,-228.05,--,--,--,--,--,--,--,--,25.67,25.61,24.75,25.33,2017,2017,2017,2017,2017,2017,2017,2017,0,0,0,0,0,0,0,0,27.24,31.78,51.45,4.981,5.01,4.98,7718
2026-05-04 16:52:54.350,--,--,--,--,--,--,--,--,-137.71,55.36,-71.52,-228.05,--,--,--,--,--,--,--,--,25.67,25.61,24.75,25.33,2017,2017,2017,2017,2017,2017,2017,2017,0,0,0,0,0,0,0,0,27.24,31.78,51.45,4.981,5.01,4.98,7723
2026-05-04 16:52:54.437,--,--,--,--,--,--,--,--,-137.71,55.34,-71.52,-228.05,--,--,--,--,--,--,--,--,25.67,25.61,24.75,25.33,2017,2017,2017,2017,2017,2017,2017,2017,0,0,0,0,0,0,0,0,27.24,31.78,51.45,4.981,5.01,4.98,7728
2026-05-04 16:52:54.546,--,--,--,--,--,--,--,--,-137.72,55.35,-71.52,-228.05,--,--,--,--,--,--,--,--,25.67,25.61,24.75,25.33,2017,2017,2017,2017,2017,2017,2017,2017,0,0,0,0,0,0,0,0,27.24,31.78,51.45,4.981,5.04,4.98,7733
2026-05-04 16:52:54.632,--,--,--,--,--,--,--,--,-137.71,55.36,-71.53,-228.07,--,--,--,--,--,--,--,--,25.67,25.61,24.75,25.33,2017,2017,2017,2017,2017,2017,2017,2017,0,0,0,0,0,0,0,0,27.24,31.78,51.45,4.981,4.98,5.01,7738
2026-05-04 16:52:54.719,--,--,--,--,--,--,--,--,-137.71,55.35,-71.52,-228.05,--,--,--,--,--,--,--,--,25.67,25.61,24.75,25.33,2017,2017,2017,2017,2017,2017,2017,2017,0,0,0,0,0,0,0,0,27.24,31.78,52.20,4.981,5.01,5.01,7743
2026-05-04 16:52:54.805,--,--,--,--,--,--,--,--,-137.70,55.36,-71.53,-228.04,--,--,--,--,--,--,--,--,25.67,25.61,24.75,25.33,2017,2017,2017,2017,2017,2017,2017,2017,0,0,0,0,0,0,0,0,27.24,31.78,51.45,4.981,5.01,4.98,7748
2026-05-04 16:52:54.930,--,--,--,--,--,--,--,--,-137.71,55.35,-71.53,-228.05,--,--,--,--,--,--,--,--,25.67,25.61,24.75,25.33,2017,2017,2017,2017,2017,2017,2017,2017,0,0,0,0,0,0,0,0,27.24,31.78,51.45,4.981,5.04,4.98,7753
2026-05-04 16:52:55.034,--,--,--,--,--,--,--,--,-137.71,55.36,-71.53,-228.05,--,--,--,--,--,--,--,--,25.67,25.61,24.75,25.33,2017,2017,2017,2017,2017,2017,2017,2017,0,0,0,0,0,0,0,0,27.24,31.78,51.45,4.981,4.98,4.98,7758
2026-05-04 16:52:55.122,--,--,--,--,--,--,--,--,-137.72,55.35,-71.52,-228.05,--,--,--,--,--,--,--,--,25.67,25.61,24.75,25.33,2017,2017,2017,2017,2017,2017,2017,2017,0,0,0,0,0,0,0,0,27.24,31.78,51.45,4.981,5.01,4.98,7763
2026-05-04 16:52:55.210,--,--,--,--,--,--,--,--,-137.72,55.36,-71.52,-228.05,--,--,--,--,--,--,--,--,25.67,25.61,24.75,25.33,2017,2017,2017,2017,2017,2017,2017,2017,0,0,0,0,0,0,0,0,27.24,32.53,51.45,4.981,5.01,5.01,7768
2026-05-04 16:52:55.318,--,--,--,--,--,--,--,--,-137.71,55.36,-71.52,-228.05,--,--,--,--,--,--,--,--,25.67,25.61,24.75,25.33,2017,2017,2017,2017,2017,2017,2017,2017,0,0,0,0,0,0,0,0,27.24,31.78,51.45,4.981,4.98,4.98,7773
2026-05-04 16:52:55.401,--,--,--,--,--,--,--,--,-137.71,55.35,-71.52,-228.05,--,--,--,--,--,--,--,--,25.67,25.61,24.75,25.33,2017,2017,2017,2017,2017,2017,2017,2017,0,0,0,0,0,0,0,0,27.24,31.78,51.45,4.981,5.07,4.98,7778
2026-05-04 16:52:55.520,--,--,--,--,--,--,--,--,-137.71,55.35,-71.52,-228.05,--,--,--,--,--,--,--,--,25.67,25.61,24.75,25.33,2017,2017,2017,2017,2017,2017,2017,2017,0,0,0,0,0,0,0,0,27.24,31.78,51.45,4.981,5.01,4.98,7783
2026-05-04 16:52:55.627,--,--,--,--,--,--,--,--,-137.71,55.35,-71.53,-228.05,--,--,--,--,--,--,--,--,25.67,25.61,24.75,25.33,2017,2017,2017,2017,2017,2017,2017,2017,0,0,0,0,0,0,0,0,27.24,31.78,51.45,4.981,5.01,5.01,7788
2026-05-04 16:52:55.725,--,--,--,--,--,--,--,--,-137.71,55.35,-71.52,-228.07,--,--,--,--,--,--,--,--,25.67,25.61,24.75,25.33,2017,2017,2017,2017,2017,2017,2017,2017,0,0,0,0,0,0,0,0,27.24,31.78,51.45,4.981,5.04,5.01,7793
2026-05-04 16:52:55.817,--,--,--,--,--,--,--,--,-137.71,55.35,-71.51,-228.05,--,--,--,--,--,--,--,--,25.67,25.61,24.75,25.33,2017,2017,2017,2017,2017,2017,2017,2017,0,0,0,0,0,0,0,0,27.24,31.78,51.45,4.981,4.98,4.98,7798
2026-05-04 16:52:55.901,--,--,--,--,--,--,--,--,-137.71,55.36,-71.53,-228.05,--,--,--,--,--,--,--,--,25.67,25.61,24.75,25.33,2017,2017,2017,2017,2017,2017,2017,2017,0,0,0,0,0,0,0,0,27.24,31.78,51.45,4.981,5.01,4.98,7803
2026-05-04 16:52:56.041,--,--,--,--,--,--,--,--,-137.72,55.35,-71.52,-228.05,--,--,--,--,--,--,--,--,25.67,25.61,24.75,25.33,2017,2017,2017,2017,2017,2017,2017,2017,0,0,0,0,0,0,0,0,27.24,31.78,51.45,4.981,5.01,5.01,7808
2026-05-04 16:52:56.115,--,--,--,--,--,--,--,--,-137.71,55.35,-71.52,-228.05,--,--,--,--,--,--,--,--,25.67,25.61,24.75,25.33,2017,2017,2017,2017,2017,2017,2017,2017,0,0,0,0,0,0,0,0,27.24,31.78,51.45,4.981,4.98,4.98,7813
2026-05-04 16:52:56.179,--,--,--,--,--,--,--,--,-137.71,55.36,-71.52,-228.04,--,--,--,--,--,--,--,--,25.67,25.61,24.75,25.33,2017,2017,2017,2017,2017,2017,2017,2017,0,0,0,0,0,0,0,0,27.24,31.78,51.45,4.981,4.98,4.98,9517
2026-05-04 16:52:56.264,--,--,--,--,--,--,--,--,-137.72,55.35,-71.52,-228.05,--,--,--,--,--,--,--,--,25.67,25.61,24.75,25.33,2017,2017,2017,2017,2017,2017,2017,2017,0,0,0,0,0,0,0,0,27.24,31.78,51.45,4.981,5.01,4.98,9522
2026-05-04 16:52:56.367,--,--,--,--,--,--,--,--,-137.72,55.36,-71.51,-228.05,--,--,--,--,--,--,--,--,25.67,25.61,24.75,25.33,2017,2017,2017,2017,2017,2017,2017,2017,0,0,0,0,0,0,0,0,27.24,31.78,51.45,4.981,5.01,4.98,9527
2026-05-04 16:52:56.476,--,--,--,--,--,--,--,--,-137.71,55.36,-71.52,-228.05,--,--,--,--,--,--,--,--,25.67,25.61,24.75,25.33,2017,2017,2017,2017,2017,2017,2017,2017,0,0,0,0,0,0,0,0,27.24,31.78,51.45,4.981,5.01,4.98,9532
2026-05-04 16:52:56.561,--,--,--,--,--,--,--,--,-137.71,55.36,-71.51,-228.07,--,--,--,--,--,--,--,--,25.67,25.61,24.75,25.33,2017,2017,2017,2017,2017,2017,2017,2017,0,0,0,0,0,0,0,0,27.24,31.78,51.45,4.981,4.98,5.01,9537
2026-05-04 16:52:56.650,--,--,--,--,--,--,--,--,-137.71,55.36,-71.52,-228.05,--,--,--,--,--,--,--,--,25.67,25.61,24.75,25.33,2017,2017,2017,2017,2017,2017,2017,2017,0,0,0,0,0,0,0,0,27.24,31.78,51.45,4.981,4.95,5.01,9542
2026-05-04 16:52:56.741,--,--,--,--,--,--,--,--,-137.71,55.35,-71.52,-228.05,--,--,--,--,--,--,--,--,25.67,25.61,24.75,25.33,2017,2017,2017,2017,2017,2017,2017,2017,0,0,0,0,0,0,0,0,27.24,31.78,51.45,4.981,5.04,4.98,9547
2026-05-04 16:52:56.835,--,--,--,--,--,--,--,--,-137.71,55.36,-71.52,-228.05,--,--,--,--,--,--,--,--,25.67,25.61,24.75,25.33,2017,2017,2017,2017,2017,2017,2017,2017,0,0,0,0,0,0,0,0,27.24,31.78,51.45,4.981,5.01,4.98,9552
2026-05-04 16:52:56.929,--,--,--,--,--,--,--,--,-137.72,55.35,-71.52,-228.05,--,--,--,--,--,--,--,--,25.67,25.61,24.75,25.33,2017,2017,2017,2017,2017,2017,2017,2017,0,0,0,0,0,0,0,0,27.24,31.78,51.45,4.981,5.01,4.98,9557
2026-05-04 16:52:57.013,--,--,--,--,--,--,--,--,-137.71,55.35,-71.52,-228.05,--,--,--,--,--,--,--,--,25.67,25.61,24.75,25.33,2017,2017,2017,2017,2017,2017,2017,2017,0,0,0,0,0,0,0,0,27.24,31.02,51.45,4.981,4.98,4.98,9562
2026-05-04 16:52:57.107,--,--,--,--,--,--,--,--,-137.71,55.36,-71.52,-228.05,--,--,--,--,--,--,--,--,25.67,25.61,24.75,25.33,2017,2017,2017,2017,2017,2017,2017,2017,0,0,0,0,0,0,0,0,27.24,31.78,51.45,4.981,5.01,4.98,9567
2026-05-04 16:52:57.207,--,--,--,--,--,--,--,--,-137.71,55.35,-71.52,-228.05,--,--,--,--,--,--,--,--,25.67,25.61,24.75,25.33,2017,2017,2017,2017,2017,2017,2017,2017,0,0,0,0,0,0,0,0,27.24,31.78,51.45,4.981,4.98,4.98,9572
2026-05-04 16:52:57.296,--,--,--,--,--,--,--,--,-137.71,55.36,-71.52,-228.05,--,--,--,--,--,--,--,--,25.67,25.61,24.75,25.33,2017,2017,2017,2017,2017,2017,2017,2017,0,0,0,0,0,0,0,0,27.24,31.78,51.45,4.981,5.01,4.98,9577
2026-05-04 16:52:57.386,--,--,--,--,--,--,--,--,-137.72,55.36,-71.52,-228.07,--,--,--,--,--,--,--,--,25.67,25.61,24.75,25.33,2017,2017,2017,2017,2017,2017,2017,2017,0,0,0,0,0,0,0,0,27.24,31.78,51.45,4.981,4.98,4.98,9582
2026-05-04 16:52:57.478,--,--,--,--,--,--,--,--,-137.72,55.36,-71.52,-228.05,--,--,--,--,--,--,--,--,25.67,25.61,24.75,25.33,2017,2017,2017,2017,2017,2017,2017,2017,0,0,0,0,0,0,0,0,27.24,31.78,51.45,4.981,5.04,4.98,9587
2026-05-04 16:52:57.543,--,--,--,--,--,--,--,--,-137.72,55.36,-71.51,-228.05,--,--,--,--,--,--,--,--,25.67,25.61,24.75,25.33,2017,2017,2017,2017,2017,2017,2017,2017,0,0,0,0,0,0,0,0,27.24,31.78,51.45,4.981,4.98,4.98,9592
2026-05-04 16:52:57.624,--,--,--,--,--,--,--,--,-137.70,55.36,-71.53,-228.05,--,--,--,--,--,--,--,--,25.67,25.61,24.75,25.40,2017,2017,2017,2017,2017,2017,2017,2017,0,0,0,0,0,0,0,0,27.24,31.78,51.45,4.981,5.01,4.98,9597
2026-05-04 16:52:57.708,--,--,--,--,--,--,--,--,-137.71,55.35,-71.52,-228.05,--,--,--,--,--,--,--,--,25.67,25.61,24.75,25.33,2017,2017,2017,2017,2017,2017,2017,2017,0,0,0,0,0,0,0,0,27.24,31.78,51.45,4.981,4.98,4.98,9602
2026-05-04 16:52:57.792,--,--,--,--,--,--,--,--,-137.71,55.35,-71.52,-228.05,--,--,--,--,--,--,--,--,25.67,25.61,24.75,25.33,2017,2017,2017,2017,2017,2017,2017,2017,0,0,0,0,0,0,0,0,27.24,31.78,51.45,4.981,5.04,4.98,9607
2026-05-04 16:52:57.874,--,--,--,--,--,--,--,--,-137.71,55.35,-71.53,-228.07,--,--,--,--,--,--,--,--,25.67,25.61,24.75,25.33,2017,2017,2017,2017,2017,2017,2017,2017,0,0,0,0,0,0,0,0,27.24,31.78,51.45,4.981,4.98,5.01,9612
2026-05-04 16:52:57.958,--,--,--,--,--,--,--,--,-137.70,55.35,-71.52,-228.04,--,--,--,--,--,--,--,--,25.67,25.61,24.75,25.33,2017,2017,2017,2017,2017,2017,2017,2017,0,0,0,0,0,0,0,0,27.24,31.78,52.20,4.981,5.01,4.98,9617
2026-05-04 16:52:58.044,--,--,--,--,--,--,--,--,-137.71,55.35,-71.52,-228.05,--,--,--,--,--,--,--,--,25.67,25.61,24.75,25.33,2017,2017,2017,2017,2017,2017,2017,2017,0,0,0,0,0,0,0,0,27.24,31.02,51.45,4.981,4.98,4.98,9622
2026-05-04 16:52:58.131,--,--,--,--,--,--,--,--,-137.71,55.36,-71.52,-228.07,--,--,--,--,--,--,--,--,25.67,25.61,24.75,25.33,2017,2017,2017,2017,2017,2017,2017,2017,0,0,0,0,0,0,0,0,27.24,31.78,51.45,4.981,5.01,4.98,11412
2026-05-04 16:52:58.217,--,--,--,--,--,--,--,--,-137.72,55.35,-71.51,-228.05,--,--,--,--,--,--,--,--,25.67,25.61,24.75,25.40,2017,2017,2017,2017,2017,2017,2017,2017,0,0,0,0,0,0,0,0,27.24,31.78,51.45,4.981,4.98,4.98,11417
2026-05-04 16:52:58.323,--,--,--,--,--,--,--,--,-137.70,55.35,-71.53,-228.05,--,--,--,--,--,--,--,--,25.67,25.61,24.75,25.40,2017,2017,2017,2017,2017,2017,2017,2017,0,0,0,0,0,0,0,0,27.24,31.78,51.45,4.981,4.98,4.98,11422
2026-05-04 16:52:58.371,--,--,--,--,--,--,--,--,-137.70,55.35,-71.51,-228.05,--,--,--,--,--,--,--,--,25.67,25.61,24.75,25.33,2017,2017,2017,2017,2017,2017,2017,2017,0,0,0,0,0,0,0,0,27.24,31.78,51.45,4.981,4.98,4.98,11427
2026-05-04 16:52:58.511,--,--,--,--,--,--,--,--,-137.72,55.35,-71.52,-228.05,--,--,--,--,--,--,--,--,25.67,25.61,24.75,25.40,2017,2017,2017,2017,2017,2017,2017,2017,0,0,0,0,0,0,0,0,27.24,31.78,51.45,4.981,4.98,4.98,11432
2026-05-04 16:52:58.601,--,--,--,--,--,--,--,--,-137.71,55.35,-71.53,-228.04,--,--,--,--,--,--,--,--,25.67,25.61,24.75,25.40,2017,2017,2017,2017,2017,2017,2017,2017,0,0,0,0,0,0,0,0,27.24,31.78,51.45,4.981,4.98,4.98,11437
2026-05-04 16:52:58.688,--,--,--,--,--,--,--,--,-137.71,55.36,-71.52,-228.05,--,--,--,--,--,--,--,--,25.67,25.61,24.75,25.40,2017,2017,2017,2017,2017,2017,2017,2017,0,0,0,0,0,0,0,0,27.24,31.78,51.45,4.981,4.98,4.98,11442
2026-05-04 16:52:58.800,--,--,--,--,--,--,--,--,-137.71,55.35,-71.52,-228.05,--,--,--,--,--,--,--,--,25.67,25.61,24.75,25.40,2017,2017,2017,2017,2017,2017,2017,2017,0,0,0,0,0,0,0,0,27.24,31.78,51.45,4.981,4.95,4.98,11447
2026-05-04 16:52:58.886,--,--,--,--,--,--,--,--,-137.71,55.36,-71.52,-228.05,--,--,--,--,--,--,--,--,25.67,25.61,24.75,25.40,2017,2017,2017,2017,2017,2017,2017,2017,0,0,0,0,0,0,0,0,27.24,31.78,51.45,4.981,4.98,4.98,11452
2026-05-04 16:52:58.975,--,--,--,--,--,--,--,--,-137.71,55.36,-71.52,-228.05,--,--,--,--,--,--,--,--,25.67,25.61,24.75,25.33,2017,2017,2017,2017,2017,2017,2017,2017,0,0,0,0,0,0,0,0,27.24,31.78,51.45,4.981,4.98,5.01,11457
2026-05-04 16:52:59.095,--,--,--,--,--,--,--,--,-137.71,55.35,-71.52,-228.05,--,--,--,--,--,--,--,--,25.67,25.61,24.75,25.40,2017,2017,2017,2017,2017,2017,2017,2017,0,0,0,0,0,0,0,0,27.24,31.78,51.45,4.981,5.04,4.98,11462
2026-05-04 16:52:59.233,--,--,--,--,--,--,--,--,-137.71,55.35,-71.52,-228.05,--,--,--,--,--,--,--,--,25.67,25.61,24.75,25.40,2017,2017,2017,2017,2017,2017,2017,2017,0,0,0,0,0,0,0,0,27.24,31.78,51.45,4.981,5.04,4.98,11467
2026-05-04 16:52:59.317,--,--,--,--,--,--,--,--,-137.71,55.35,-71.53,-228.05,--,--,--,--,--,--,--,--,25.67,25.61,24.75,25.40,2017,2017,2017,2017,2017,2017,2017,2017,0,0,0,0,0,0,0,0,27.24,31.02,51.45,4.981,5.01,4.98,11472
2026-05-04 16:52:59.409,--,--,--,--,--,--,--,--,-137.71,55.35,-71.53,-228.05,--,--,--,--,--,--,--,--,25.67,25.61,24.75,25.40,2017,2017,2017,2017,2017,2017,2017,2017,0,0,0,0,0,0,0,0,27.24,31.78,51.45,4.981,5.01,4.98,11477
2026-05-04 16:52:59.497,--,--,--,--,--,--,--,--,-137.72,55.35,-71.52,-228.05,--,--,--,--,--,--,--,--,25.67,25.61,24.75,25.40,2017,2017,2017,2017,2017,2017,2017,2017,0,0,0,0,0,0,0,0,27.24,31.78,51.45,4.981,5.04,4.98,11482
2026-05-04 16:52:59.610,--,--,--,--,--,--,--,--,-137.71,55.36,-71.52,-228.04,--,--,--,--,--,--,--,--,25.67,25.61,24.75,25.33,2017,2017,2017,2017,2017,2017,2017,2017,0,0,0,0,0,0,0,0,27.24,31.78,51.45,4.981,5.01,4.98,11487
2026-05-04 16:52:59.740,--,--,--,--,--,--,--,--,-137.71,55.35,-71.51,-228.05,--,--,--,--,--,--,--,--,25.67,25.61,24.75,25.40,2017,2017,2017,2017,2017,2017,2017,2017,0,0,0,0,0,0,0,0,27.24,31.78,51.45,4.981,4.98,4.98,11492
2026-05-04 16:52:59.835,--,--,--,--,--,--,--,--,-137.72,55.36,-71.52,-228.07,--,--,--,--,--,--,--,--,25.67,25.61,24.75,25.40,2017,2017,2017,2017,2017,2017,2017,2017,0,0,0,0,0,0,0,0,27.24,31.78,51.45,4.981,4.95,4.98,11497
2026-05-04 16:52:59.920,--,--,--,--,--,--,--,--,-137.71,55.36,-71.52,-228.07,--,--,--,--,--,--,--,--,25.67,25.61,24.75,25.33,2017,2017,2017,2017,2017,2017,2017,2017,0,0,0,0,0,0,0,0,27.24,31.78,51.45,4.981,4.98,5.01,11502
2026-05-04 16:53:00.008,--,--,--,--,--,--,--,--,-137.72,55.36,-71.52,-228.05,--,--,--,--,--,--,--,--,25.67,25.61,24.75,25.40,2017,2017,2017,2017,2017,2017,2017,2017,0,0,0,0,0,0,0,0,27.24,31.78,51.45,4.981,5.01,4.98,11507
2026-05-04 16:53:00.147,--,--,--,--,--,--,--,--,-137.72,55.35,-71.52,-228.05,--,--,--,--,--,--,--,--,25.67,25.61,24.75,25.40,2017,2017,2017,2017,2017,2017,2017,2017,0,0,0,0,0,0,0,0,27.24,31.78,51.45,4.981,5.01,5.01,11512
2026-05-04 16:53:00.242,--,--,--,--,--,--,--,--,-137.71,55.35,-71.53,-228.05,--,--,--,--,--,--,--,--,25.67,25.61,24.75,25.33,2017,2017,2017,2017,2017,2017,2017,2017,0,0,0,0,0,0,0,0,27.24,31.78,51.45,4.981,5.01,4.98,11517
2026-05-04 16:53:00.335,--,--,--,--,--,--,--,--,-137.72,55.35,-71.51,-228.05,--,--,--,--,--,--,--,--,25.67,25.61,24.75,25.40,2017,2017,2017,2017,2017,2017,2017,2017,0,0,0,0,0,0,0,0,27.24,31.78,51.45,4.981,4.98,4.98,11522
2026-05-04 16:53:00.426,--,--,--,--,--,--,--,--,-137.72,55.36,-71.52,-228.05,--,--,--,--,--,--,--,--,25.67,25.61,24.75,25.40,2017,2017,2017,2017,2017,2017,2017,2017,0,0,0,0,0,0,0,0,27.24,31.02,51.45,4.981,5.04,4.98,11527
2026-05-04 16:53:00.529,--,--,--,--,--,--,--,--,-137.71,55.35,-71.52,-228.05,--,--,--,--,--,--,--,--,25.67,25.68,24.75,25.40,2017,2017,2017,2017,2017,2017,2017,2017,0,0,0,0,0,0,0,0,27.24,31.78,51.45,4.981,4.98,4.98,13259
2026-05-04 16:53:00.650,--,--,--,--,--,--,--,--,-137.72,55.35,-71.52,-228.07,--,--,--,--,--,--,--,--,25.67,25.61,24.75,25.40,2017,2017,2017,2017,2017,2017,2017,2017,0,0,0,0,0,0,0,0,27.24,31.78,51.45,4.981,4.98,4.98,13264
2026-05-04 16:53:00.783,--,--,--,--,--,--,--,--,-137.71,55.35,-71.52,-228.05,--,--,--,--,--,--,--,--,25.67,25.61,24.75,25.40,2017,2017,2017,2017,2017,2017,2017,2017,0,0,0,0,0,0,0,0,27.24,31.78,51.45,4.981,5.04,4.98,13269
2026-05-04 16:53:00.865,--,--,--,--,--,--,--,--,-137.70,55.35,-71.54,-228.04,--,--,--,--,--,--,--,--,25.67,25.68,24.75,25.40,2017,2017,2017,2017,2017,2017,2017,2017,0,0,0,0,0,0,0,0,27.24,31.78,51.45,4.981,5.01,4.98,13274
2026-05-04 16:53:00.885,--,--,--,--,--,--,--,--,-137.71,55.36,-71.51,-228.05,--,--,--,--,--,--,--,--,25.67,25.61,24.75,25.40,2017,2017,2017,2017,2017,2017,2017,2017,0,0,0,0,0,0,0,0,27.24,31.78,51.45,4.981,4.98,4.98,13279
2026-05-04 16:53:00.924,--,--,--,--,--,--,--,--,-137.72,55.35,-71.52,-228.05,--,--,--,--,--,--,--,--,25.67,25.61,24.75,25.40,2017,2017,2017,2017,2017,2017,2017,2017,0,0,0,0,0,0,0,0,27.24,31.78,51.45,4.981,5.04,4.98,13284
2026-05-04 16:53:00.979,--,--,--,--,--,--,--,--,-137.71,55.36,-71.52,-228.05,--,--,--,--,--,--,--,--,25.67,25.61,24.75,25.40,2017,2017,2017,2017,2017,2017,2017,2017,0,0,0,0,0,0,0,0,27.24,31.78,51.45,4.981,5.01,4.98,13287
2026-05-04 16:53:01.073,--,--,--,--,--,--,--,--,-137.71,55.37,-71.52,-228.05,--,--,--,--,--,--,--,--,25.67,25.68,24.75,25.40,2017,2017,2017,2017,2017,2017,2017,2017,0,0,0,0,0,0,0,0,27.24,31.78,51.45,4.981,5.01,5.01,13288
2026-05-04 16:53:01.162,--,--,--,--,--,--,--,--,-137.71,55.35,-71.51,-228.07,--,--,--,--,--,--,--,--,25.67,25.61,24.75,25.40,2017,2017,2017,2017,2017,2017,2017,2017,0,0,0,0,0,0,0,0,27.24,31.78,51.45,4.981,5.04,4.98,13293
2026-05-04 16:53:01.255,--,--,--,--,--,--,--,--,-137.71,55.35,-71.53,-228.05,--,--,--,--,--,--,--,--,25.67,25.61,24.75,25.40,2017,2017,2017,2017,2017,2017,2017,2017,0,0,0,0,0,0,0,0,27.24,31.78,51.45,4.981,5.01,5.01,13298
2026-05-04 16:53:01.339,--,--,--,--,--,--,--,--,-137.71,55.35,-71.52,-228.05,--,--,--,--,--,--,--,--,25.67,25.68,24.75,25.40,2017,2017,2017,2017,2017,2017,2017,2017,0,0,0,0,0,0,0,0,27.24,31.78,51.45,4.981,4.98,4.98,13303
2026-05-04 16:53:01.435,--,--,--,--,--,--,--,--,-137.71,55.35,-71.52,-228.05,--,--,--,--,--,--,--,--,25.67,25.61,24.75,25.40,2017,2017,2017,2017,2017,2017,2017,2017,0,0,0,0,0,0,0,0,27.24,31.78,51.45,4.981,4.98,4.98,13308
2026-05-04 16:53:01.524,--,--,--,--,--,--,--,--,-137.71,55.34,-71.52,-228.05,--,--,--,--,--,--,--,--,25.67,25.61,24.75,25.40,2017,2017,2017,2017,2017,2017,2017,2017,0,0,0,0,0,0,0,0,27.24,31.78,51.45,4.981,4.98,4.98,13313
2026-05-04 16:53:01.673,--,--,--,--,--,--,--,--,-137.70,55.36,-71.52,-228.07,--,--,--,--,--,--,--,--,25.67,25.68,24.75,25.40,2017,2017,2017,2017,2017,2017,2017,2017,0,0,0,0,0,0,0,0,27.24,31.78,51.45,4.981,5.01,4.98,13318
2026-05-04 16:53:01.760,--,--,--,--,--,--,--,--,-137.71,55.35,-71.52,-228.05,--,--,--,--,--,--,--,--,25.67,25.61,24.75,25.40,2017,2017,2017,2017,2017,2017,2017,2017,0,0,0,0,0,0,0,0,27.24,31.78,51.45,4.981,5.04,4.98,13323
2026-05-04 16:53:01.850,--,--,--,--,--,--,--,--,-137.71,55.35,-71.49,-228.05,--,--,--,--,--,--,--,--,25.67,25.61,24.75,25.40,2017,2017,2017,2017,2017,2017,2017,2017,0,0,0,0,0,0,0,0,27.24,31.78,51.45,4.981,5.01,4.98,13328
2026-05-04 16:53:01.936,--,--,--,--,--,--,--,--,-137.71,55.35,-71.53,-228.05,--,--,--,--,--,--,--,--,25.67,25.68,24.75,25.40,2017,2017,2017,2017,2017,2017,2017,2017,0,0,0,0,0,0,0,0,27.24,31.78,51.45,4.981,5.01,4.98,13333
2026-05-04 16:53:02.046,--,--,--,--,--,--,--,--,-137.71,55.35,-71.53,-228.04,--,--,--,--,--,--,--,--,25.67,25.61,24.75,25.40,2017,2017,2017,2017,2017,2017,2017,2017,0,0,0,0,0,0,0,0,27.24,31.78,51.45,4.981,4.98,4.98,13338
2026-05-04 16:53:02.185,--,--,--,--,--,--,--,--,-137.72,55.35,-71.53,-228.05,--,--,--,--,--,--,--,--,25.67,25.61,24.75,25.40,2017,2017,2017,2017,2017,2017,2017,2017,0,0,0,0,0,0,0,0,27.24,31.78,51.45,4.981,5.01,4.98,13343
2026-05-04 16:53:02.285,--,--,--,--,--,--,--,--,-137.71,55.36,-71.52,-228.07,--,--,--,--,--,--,--,--,25.74,25.68,24.75,25.40,2017,2017,2017,2017,2017,2017,2017,2017,0,0,0,0,0,0,0,0,27.24,31.02,51.45,4.981,4.95,4.98,13348
2026-05-04 16:53:02.368,--,--,--,--,--,--,--,--,-137.73,55.35,-71.52,-228.07,--,--,--,--,--,--,--,--,25.67,25.61,24.75,25.40,2017,2017,2017,2017,2017,2017,2017,2017,0,0,0,0,0,0,0,0,27.24,31.78,51.45,4.981,5.01,4.98,13353
2026-05-04 16:53:02.455,--,--,--,--,--,--,--,--,-137.72,55.36,-71.52,-228.07,--,--,--,--,--,--,--,--,25.67,25.61,24.75,25.40,2017,2017,2017,2017,2017,2017,2017,2017,0,0,0,0,0,0,0,0,27.24,31.78,51.45,4.981,5.01,4.98,13358
2026-05-04 16:53:02.586,--,--,--,--,--,--,--,--,-137.71,55.35,-71.52,-228.05,--,--,--,--,--,--,--,--,25.67,25.68,24.75,25.40,2017,2017,2017,2017,2017,2017,2017,2017,0,0,0,0,0,0,0,0,27.24,31.78,51.45,4.981,5.01,4.98,13363
2026-05-04 16:53:02.673,--,--,--,--,--,--,--,--,-137.72,55.36,-71.51,-228.05,--,--,--,--,--,--,--,--,25.67,25.61,24.75,25.40,2017,2017,2017,2017,2017,2017,2017,2017,0,0,0,0,0,0,0,0,27.24,31.78,51.45,4.981,5.04,4.98,13368
2026-05-04 16:53:02.771,--,--,--,--,--,--,--,--,-137.72,55.36,-71.52,-228.05,--,--,--,--,--,--,--,--,25.67,25.68,24.75,25.40,2017,2017,2017,2017,2017,2017,2017,2017,0,0,0,0,0,0,0,0,27.24,31.78,51.45,4.981,5.01,4.98,13373
2026-05-04 16:53:02.857,--,--,--,--,--,--,--,--,-137.70,55.36,-71.52,-228.05,--,--,--,--,--,--,--,--,25.67,25.61,24.75,25.40,2017,2017,2017,2017,2017,2017,2017,2017,0,0,0,0,0,0,0,0,27.24,31.02,51.45,4.981,4.98,4.98,13378
2026-05-04 16:53:02.942,--,--,--,--,--,--,--,--,-137.70,55.36,-71.51,-228.05,--,--,--,--,--,--,--,--,25.67,25.61,24.75,25.40,2017,2017,2017,2017,2017,2017,2017,2017,0,0,0,0,0,0,0,0,27.24,31.02,51.45,4.981,5.01,4.98,13383
2026-05-04 16:53:03.106,--,--,--,--,--,--,--,--,-137.71,55.34,-71.52,-228.05,--,--,--,--,--,--,--,--,25.67,25.68,24.75,25.40,2017,2017,2017,2017,2017,2017,2017,2017,0,0,0,0,0,0,0,0,27.24,31.78,51.45,4.981,5.01,5.01,13388
2026-05-04 16:53:03.175,--,--,--,--,--,--,--,--,-137.71,55.35,-71.52,-228.05,--,--,--,--,--,--,--,--,25.67,25.68,24.75,25.40,2017,2017,2017,2017,2017,2017,2017,2017,0,0,0,0,0,0,0,0,27.24,31.78,51.45,4.981,5.01,4.98,13393
2026-05-04 16:53:03.275,--,--,--,--,--,--,--,--,-137.71,55.35,-71.53,-228.05,--,--,--,--,--,--,--,--,25.74,25.68,24.75,25.40,1880,1880,1880,1880,1880,1880,1880,1880,0,0,0,0,0,0,0,0,27.24,31.78,52.20,4.981,4.98,5.01,15499
2026-05-04 16:53:03.360,--,--,--,--,--,--,--,--,-137.70,55.36,-71.53,-228.05,--,--,--,--,--,--,--,--,25.74,25.68,24.75,25.40,1880,1880,1880,1880,1880,1880,1880,1880,0,0,0,0,0,0,0,0,27.24,31.78,52.20,4.981,5.01,5.01,15504
2026-05-04 16:53:03.446,--,--,--,--,--,--,--,--,-137.71,55.35,-71.52,-228.05,--,--,--,--,--,--,--,--,25.74,25.68,24.75,25.40,1880,1880,1880,1880,1880,1880,1880,1880,0,0,0,0,0,0,0,0,27.24,31.78,51.45,4.981,5.01,4.98,15509
2026-05-04 16:53:03.567,--,--,--,--,--,--,--,--,-137.72,55.35,-71.52,-228.05,--,--,--,--,--,--,--,--,25.74,25.68,24.75,25.40,1880,1880,1880,1880,1880,1880,1880,1880,0,0,0,0,0,0,0,0,27.24,31.78,51.45,4.981,5.01,5.01,15514
2026-05-04 16:53:03.607,--,--,--,--,--,--,--,--,-137.72,55.35,-71.52,-228.05,--,--,--,--,--,--,--,--,25.74,25.68,24.75,25.40,1880,1880,1880,1880,1880,1880,1880,1880,0,0,0,0,0,0,0,0,27.24,31.78,51.45,4.981,5.04,4.98,15519
2026-05-04 16:53:03.657,--,--,--,--,--,--,--,--,-137.72,55.35,-71.51,-228.05,--,--,--,--,--,--,--,--,25.74,25.68,24.75,25.40,1880,1880,1880,1880,1880,1880,1880,1880,0,0,0,0,0,0,0,0,27.24,31.78,51.45,4.981,4.95,5.01,15524
2026-05-04 16:53:03.777,--,--,--,--,--,--,--,--,-137.71,55.35,-71.52,-228.05,--,--,--,--,--,--,--,--,25.74,25.68,24.75,25.40,1880,1880,1880,1880,1880,1880,1880,1880,0,0,0,0,0,0,0,0,27.24,31.78,51.45,4.981,5.01,4.98,15529
2026-05-04 16:53:03.877,--,--,--,--,--,--,--,--,-137.71,55.36,-71.52,-228.07,--,--,--,--,--,--,--,--,25.74,25.68,24.75,25.40,1880,1880,1880,1880,1880,1880,1880,1880,0,0,0,0,0,0,0,0,27.24,31.02,51.45,4.981,5.01,4.98,15534
2026-05-04 16:53:03.973,--,--,--,--,--,--,--,--,-137.70,55.35,-71.51,-228.05,--,--,--,--,--,--,--,--,25.74,25.61,24.75,25.40,1880,1880,1880,1880,1880,1880,1880,1880,0,0,0,0,0,0,0,0,27.24,31.78,51.45,4.981,5.04,4.98,15539
2026-05-04 16:53:04.062,--,--,--,--,--,--,--,--,-137.72,55.35,-71.51,-228.05,--,--,--,--,--,--,--,--,25.74,25.68,24.75,25.40,1880,1880,1880,1880,1880,1880,1880,1880,0,0,0,0,0,0,0,0,27.24,31.78,51.45,4.981,4.98,5.01,15544
2026-05-04 16:53:04.159,--,--,--,--,--,--,--,--,-137.71,55.35,-71.52,-228.07,--,--,--,--,--,--,--,--,25.74,25.68,24.75,25.40,1880,1880,1880,1880,1880,1880,1880,1880,0,0,0,0,0,0,0,0,27.24,31.78,51.45,4.981,4.98,4.98,15546
2026-05-04 16:53:04.179,--,--,--,--,--,--,--,--,-137.71,55.36,-71.52,-228.05,--,--,--,--,--,--,--,--,25.74,25.68,24.75,25.40,1880,1880,1880,1880,1880,1880,1880,1880,0,0,0,0,0,0,0,0,27.24,31.02,51.45,4.981,5.01,4.98,15547
2026-05-04 16:53:04.276,--,--,--,--,--,--,--,--,-137.71,55.35,-71.52,-228.07,--,--,--,--,--,--,--,--,25.74,25.68,24.75,25.40,1880,1880,1880,1880,1880,1880,1880,1880,0,0,0,0,0,0,0,0,27.24,31.02,51.45,4.981,5.04,5.01,15552
2026-05-04 16:53:04.369,--,--,--,--,--,--,--,--,-137.72,55.35,-71.53,-228.05,--,--,--,--,--,--,--,--,25.74,25.61,24.75,25.40,1880,1880,1880,1880,1880,1880,1880,1880,0,0,0,0,0,0,0,0,27.24,31.78,51.45,4.981,4.95,4.98,15557
2026-05-04 16:53:04.466,--,--,--,--,--,--,--,--,-137.72,55.35,-71.53,-228.05,--,--,--,--,--,--,--,--,25.74,25.68,24.75,25.40,1880,1880,1880,1880,1880,1880,1880,1880,0,0,0,0,0,0,0,0,27.24,31.78,51.45,4.981,4.98,4.98,15562
2026-05-04 16:53:04.563,--,--,--,--,--,--,--,--,-137.72,55.36,-71.52,-228.05,--,--,--,--,--,--,--,--,25.74,25.68,24.75,25.40,1880,1880,1880,1880,1880,1880,1880,1880,0,0,0,0,0,0,0,0,27.24,31.78,51.45,4.981,5.01,4.98,15567
2026-05-04 16:53:04.660,--,--,--,--,--,--,--,--,-137.71,55.36,-71.52,-228.05,--,--,--,--,--,--,--,--,25.74,25.61,24.75,25.40,1880,1880,1880,1880,1880,1880,1880,1880,0,0,0,0,0,0,0,0,27.24,31.78,52.20,4.981,5.04,5.01,15572
2026-05-04 16:53:04.790,--,--,--,--,--,--,--,--,-137.72,55.35,-71.53,-228.05,--,--,--,--,--,--,--,--,25.74,25.68,24.75,25.40,1880,1880,1880,1880,1880,1880,1880,1880,0,0,0,0,0,0,0,0,27.24,31.78,51.45,4.981,5.01,4.98,15577
2026-05-04 16:53:04.912,--,--,--,--,--,--,--,--,-137.72,55.36,-71.52,-228.05,--,--,--,--,--,--,--,--,25.67,25.68,24.75,25.40,1880,1880,1880,1880,1880,1880,1880,1880,0,0,0,0,0,0,0,0,27.24,31.78,51.45,4.981,5.01,5.01,15582
2026-05-04 16:53:05.005,--,--,--,--,--,--,--,--,-137.70,55.36,-71.52,-228.05,--,--,--,--,--,--,--,--,25.74,25.68,24.75,25.40,1880,1880,1880,1880,1880,1880,1880,1880,0,0,0,0,0,0,0,0,27.24,31.78,52.20,4.981,4.98,4.98,15587
2026-05-04 16:53:05.111,--,--,--,--,--,--,--,--,-137.71,55.35,-71.52,-228.05,--,--,--,--,--,--,--,--,25.74,25.68,24.75,25.40,1880,1880,1880,1880,1880,1880,1880,1880,0,0,0,0,0,0,0,0,27.24,31.78,51.45,4.981,5.04,4.98,15592
2026-05-04 16:53:05.205,--,--,--,--,--,--,--,--,-137.71,55.35,-71.52,-228.05,--,--,--,--,--,--,--,--,25.74,25.68,24.75,25.40,1880,1880,1880,1880,1880,1880,1880,1880,0,0,0,0,0,0,0,0,27.24,31.02,51.45,4.981,5.04,4.98,15597
2026-05-04 16:53:05.301,--,--,--,--,--,--,--,--,-137.71,55.36,-71.51,-228.05,--,--,--,--,--,--,--,--,25.74,25.68,24.75,25.40,1880,1880,1880,1880,1880,1880,1880,1880,0,0,0,0,0,0,0,0,27.24,31.78,51.45,4.981,5.01,4.98,15602
2026-05-04 16:53:05.402,--,--,--,--,--,--,--,--,-137.71,55.36,-71.52,-228.05,--,--,--,--,--,--,--,--,25.74,25.68,24.75,25.40,1880,1880,1880,1880,1880,1880,1880,1880,0,0,0,0,0,0,0,0,27.24,31.02,51.45,4.981,4.98,4.98,15607
2026-05-04 16:53:05.497,--,--,--,--,--,--,--,--,-137.71,55.35,-71.52,-228.05,--,--,--,--,--,--,--,--,25.74,25.68,24.75,25.40,1880,1880,1880,1880,1880,1880,1880,1880,0,0,0,0,0,0,0,0,27.24,31.78,52.20,4.981,4.98,4.98,15612
2026-05-04 16:53:05.574,--,--,--,--,--,--,--,--,-137.71,55.36,-71.52,-228.05,--,--,--,--,--,--,--,--,25.74,25.61,24.75,25.40,1880,1880,1880,1880,1880,1880,1880,1880,0,0,0,0,0,0,0,0,27.24,31.78,51.45,4.981,5.01,4.98,15617
2026-05-04 16:53:05.616,--,--,--,--,--,--,--,--,-137.71,55.35,-71.52,-228.05,--,--,--,--,--,--,--,--,25.74,25.68,24.75,25.40,1880,1880,1880,1880,1880,1880,1880,1880,0,0,0,0,0,0,0,0,27.24,31.78,51.45,4.981,5.01,4.98,15622
2026-05-04 16:53:05.650,--,--,--,--,--,--,--,--,-137.70,55.35,-71.52,-228.04,--,--,--,--,--,--,--,--,25.74,25.68,24.75,25.40,1880,1880,1880,1880,1880,1880,1880,1880,0,0,0,0,0,0,0,0,27.24,31.78,51.45,4.981,5.01,5.01,15627
2026-05-04 16:53:05.784,--,--,--,--,--,--,--,--,-137.71,55.36,-71.52,-228.05,--,--,--,--,--,--,--,--,25.74,25.61,24.75,25.40,1880,1880,1880,1880,1880,1880,1880,1880,0,0,0,0,0,0,0,0,27.24,31.78,51.45,4.981,5.04,4.98,15632
2026-05-04 16:53:05.885,--,--,--,--,--,--,--,--,-137.71,55.35,-71.52,-228.07,--,--,--,--,--,--,--,--,25.74,25.68,24.75,25.40,1880,1880,1880,1880,1880,1880,1880,1880,0,0,0,0,0,0,0,0,27.24,31.78,51.45,4.981,5.04,4.98,15637
2026-05-04 16:53:05.985,--,--,--,--,--,--,--,--,-137.71,55.34,-71.53,-228.05,--,--,--,--,--,--,--,--,25.74,25.68,24.75,25.40,1880,1880,1880,1880,1880,1880,1880,1880,0,0,0,0,0,0,0,0,27.24,31.78,51.45,4.981,5.01,4.98,15642
2026-05-04 16:53:06.077,--,--,--,--,--,--,--,--,-137.72,55.35,-71.52,-228.07,--,--,--,--,--,--,--,--,25.74,25.68,24.75,25.47,1629,1629,1629,1629,1629,1629,1629,1629,0,0,0,0,0,0,0,0,27.24,31.78,51.45,4.981,5.04,5.01,17930
2026-05-04 16:53:06.188,--,--,--,--,--,--,--,--,-137.71,55.36,-71.52,-228.05,--,--,--,--,--,--,--,--,25.74,25.68,24.75,25.47,1629,1629,1629,1629,1629,1629,1629,1629,0,0,0,0,0,0,0,0,27.24,31.78,51.45,4.981,5.01,4.98,17935
2026-05-04 16:53:06.288,--,--,--,--,--,--,--,--,-137.71,55.36,-71.52,-228.05,--,--,--,--,--,--,--,--,25.74,25.68,24.75,25.47,1629,1629,1629,1629,1629,1629,1629,1629,0,0,0,0,0,0,0,0,27.24,31.78,51.45,4.981,5.01,4.98,17940
2026-05-04 16:53:06.379,--,--,--,--,--,--,--,--,-137.71,55.35,-71.52,-228.07,--,--,--,--,--,--,--,--,25.74,25.68,24.75,25.47,1629,1629,1629,1629,1629,1629,1629,1629,0,0,0,0,0,0,0,0,27.24,31.78,52.20,4.981,5.04,4.98,17945
2026-05-04 16:53:06.475,--,--,--,--,--,--,--,--,-137.70,55.35,-71.52,-228.07,--,--,--,--,--,--,--,--,25.74,25.68,24.75,25.40,1629,1629,1629,1629,1629,1629,1629,1629,0,0,0,0,0,0,0,0,27.24,31.78,51.45,4.981,5.01,4.98,17950
2026-05-04 16:53:06.603,--,--,--,--,--,--,--,--,-137.71,55.34,-71.52,-228.05,--,--,--,--,--,--,--,--,25.74,25.68,24.82,25.47,1629,1629,1629,1629,1629,1629,1629,1629,0,0,0,0,0,0,0,0,27.24,31.78,51.45,4.981,4.98,4.98,17955
2026-05-04 16:53:06.716,--,--,--,--,--,--,--,--,-137.71,55.36,-71.52,-228.07,--,--,--,--,--,--,--,--,25.74,25.68,24.75,25.47,1629,1629,1629,1629,1629,1629,1629,1629,0,0,0,0,0,0,0,0,27.24,31.78,51.45,4.981,5.01,4.98,17960
2026-05-04 16:53:06.811,--,--,--,--,--,--,--,--,-137.72,55.36,-71.52,-228.05,--,--,--,--,--,--,--,--,25.74,25.68,24.75,25.47,1629,1629,1629,1629,1629,1629,1629,1629,0,0,0,0,0,0,0,0,27.24,31.78,51.45,4.981,4.95,4.98,17965
2026-05-04 16:53:06.928,--,--,--,--,--,--,--,--,-137.71,55.35,-71.52,-228.05,--,--,--,--,--,--,--,--,25.74,25.68,24.75,25.47,1629,1629,1629,1629,1629,1629,1629,1629,0,0,0,0,0,0,0,0,27.24,31.78,51.45,4.981,5.01,4.98,17970
2026-05-04 16:53:07.024,--,--,--,--,--,--,--,--,-137.72,55.36,-71.52,-228.05,--,--,--,--,--,--,--,--,25.74,25.68,24.75,25.47,1629,1629,1629,1629,1629,1629,1629,1629,0,0,0,0,0,0,0,0,27.24,31.78,51.45,4.981,5.01,4.98,17975
2026-05-04 16:53:07.125,--,--,--,--,--,--,--,--,-137.71,55.35,-71.53,-228.05,--,--,--,--,--,--,--,--,25.74,25.68,24.75,25.40,1629,1629,1629,1629,1629,1629,1629,1629,0,0,0,0,0,0,0,0,27.24,31.78,51.45,4.981,5.01,4.98,17980
2026-05-04 16:53:07.272,--,--,--,--,--,--,--,--,-137.71,55.36,-71.52,-228.05,--,--,--,--,--,--,--,--,25.74,25.68,24.75,25.47,1629,1629,1629,1629,1629,1629,1629,1629,0,0,0,0,0,0,0,0,27.24,31.78,51.45,4.981,5.01,4.98,17985
2026-05-04 16:53:07.366,--,--,--,--,--,--,--,--,-137.70,55.35,-71.52,-228.05,--,--,--,--,--,--,--,--,25.74,25.68,24.75,25.47,1629,1629,1629,1629,1629,1629,1629,1629,0,0,0,0,0,0,0,0,27.24,31.78,51.45,4.981,5.01,4.98,17990
2026-05-04 16:53:07.486,--,--,--,--,--,--,--,--,-137.71,55.36,-71.52,-228.05,--,--,--,--,--,--,--,--,25.74,25.68,24.75,25.47,1629,1629,1629,1629,1629,1629,1629,1629,0,0,0,0,0,0,0,0,27.24,31.78,51.45,4.981,4.98,4.98,17995
2026-05-04 16:53:07.581,--,--,--,--,--,--,--,--,-137.71,55.36,-71.52,-228.05,--,--,--,--,--,--,--,--,25.74,25.68,24.75,25.47,1629,1629,1629,1629,1629,1629,1629,1629,0,0,0,0,0,0,0,0,27.24,31.78,51.45,4.981,5.01,4.98,18000
2026-05-04 16:53:07.676,--,--,--,--,--,--,--,--,-137.72,55.36,-71.52,-228.05,--,--,--,--,--,--,--,--,25.74,25.68,24.75,25.47,1629,1629,1629,1629,1629,1629,1629,1629,0,0,0,0,0,0,0,0,27.24,31.78,52.20,4.981,5.01,4.98,18005
2026-05-04 16:53:07.789,--,--,--,--,--,--,--,--,-137.72,55.35,-71.52,-228.04,--,--,--,--,--,--,--,--,25.74,25.68,24.75,25.40,1629,1629,1629,1629,1629,1629,1629,1629,0,0,0,0,0,0,0,0,27.24,31.78,51.45,4.981,4.98,4.98,18010
2026-05-04 16:53:07.923,--,--,--,--,--,--,--,--,-137.72,55.35,-71.52,-228.05,--,--,--,--,--,--,--,--,25.74,25.68,24.75,25.47,1629,1629,1629,1629,1629,1629,1629,1629,0,0,0,0,0,0,0,0,27.24,31.78,51.45,4.981,4.98,4.98,18015
2026-05-04 16:53:08.021,--,--,--,--,--,--,--,--,-137.71,55.36,-71.53,-228.05,--,--,--,--,--,--,--,--,25.74,25.68,24.75,25.47,1629,1629,1629,1629,1629,1629,1629,1629,0,0,0,0,0,0,0,0,27.24,31.78,51.45,4.981,5.01,5.01,18020
2026-05-04 16:53:08.122,--,--,--,--,--,--,--,--,-137.70,55.35,-71.53,-228.07,--,--,--,--,--,--,--,--,25.74,25.68,24.75,25.47,1629,1629,1629,1629,1629,1629,1629,1629,0,0,0,0,0,0,0,0,27.24,31.78,51.45,4.981,5.04,4.98,18025
2026-05-04 16:53:08.237,--,--,--,--,--,--,--,--,-137.71,55.35,-71.53,-228.05,--,--,--,--,--,--,--,--,25.74,25.68,24.75,25.47,1629,1629,1629,1629,1629,1629,1629,1629,0,0,0,0,0,0,0,0,27.24,31.78,51.45,4.981,5.04,4.98,19719
2026-05-04 16:53:08.272,--,--,--,--,--,--,--,--,-137.72,55.35,-71.52,-228.05,--,--,--,--,--,--,--,--,25.74,25.68,24.75,25.47,1629,1629,1629,1629,1629,1629,1629,1629,0,0,0,0,0,0,0,0,27.24,31.78,51.45,4.981,5.01,5.01,19724
2026-05-04 16:53:08.424,--,--,--,--,--,--,--,--,-137.70,55.36,-71.53,-228.05,--,--,--,--,--,--,--,--,25.74,25.68,24.75,25.47,1629,1629,1629,1629,1629,1629,1629,1629,0,0,0,0,0,0,0,0,27.24,31.78,51.45,4.981,4.98,4.98,19729
2026-05-04 16:53:08.545,--,--,--,--,--,--,--,--,-137.72,55.35,-71.52,-228.05,--,--,--,--,--,--,--,--,25.74,25.68,24.75,25.47,1629,1629,1629,1629,1629,1629,1629,1629,0,0,0,0,0,0,0,0,27.24,31.78,51.45,4.981,4.98,4.98,19734
2026-05-04 16:53:08.639,--,--,--,--,--,--,--,--,-137.70,55.36,-71.52,-228.05,--,--,--,--,--,--,--,--,25.74,25.68,24.75,25.47,1629,1629,1629,1629,1629,1629,1629,1629,0,0,0,0,0,0,0,0,27.24,31.78,51.45,4.981,5.01,4.98,19739
2026-05-04 16:53:08.728,--,--,--,--,--,--,--,--,-137.71,55.36,-71.52,-228.05,--,--,--,--,--,--,--,--,25.74,25.68,24.75,25.47,1629,1629,1629,1629,1629,1629,1629,1629,0,0,0,0,0,0,0,0,27.24,31.78,51.45,4.981,5.01,4.98,19744
2026-05-04 16:53:08.815,--,--,--,--,--,--,--,--,-137.72,55.35,-71.51,-228.05,--,--,--,--,--,--,--,--,25.74,25.68,24.75,25.47,1629,1629,1629,1629,1629,1629,1629,1629,0,0,0,0,0,0,0,0,27.24,31.78,51.45,4.981,4.98,5.01,19747
2026-05-04 16:53:08.833,--,--,--,--,--,--,--,--,-137.72,55.36,-71.52,-228.05,--,--,--,--,--,--,--,--,25.74,25.68,24.75,25.47,1629,1629,1629,1629,1629,1629,1629,1629,0,0,0,0,0,0,0,0,27.24,31.78,51.45,4.981,4.98,4.98,19748
2026-05-04 16:53:08.923,--,--,--,--,--,--,--,--,-137.72,55.35,-71.53,-228.05,--,--,--,--,--,--,--,--,25.74,25.68,24.75,25.47,1629,1629,1629,1629,1629,1629,1629,1629,0,0,0,0,0,0,0,0,27.24,31.78,51.45,4.981,4.98,4.98,19753
2026-05-04 16:53:09.009,--,--,--,--,--,--,--,--,-137.72,55.36,-71.52,-228.05,--,--,--,--,--,--,--,--,25.74,25.68,24.75,25.47,1629,1629,1629,1629,1629,1629,1629,1629,0,0,0,0,0,0,0,0,27.24,31.78,52.20,4.981,5.01,5.01,19758
2026-05-04 16:53:09.104,--,--,--,--,--,--,--,--,-137.71,55.36,-71.52,-228.05,--,--,--,--,--,--,--,--,25.74,25.68,24.75,25.47,1629,1629,1629,1629,1629,1629,1629,1629,0,0,0,0,0,0,0,0,27.24,31.78,52.20,4.981,5.04,4.98,19763
2026-05-04 16:53:09.242,--,--,--,--,--,--,--,--,-137.71,55.34,-71.52,-228.05,--,--,--,--,--,--,--,--,25.74,25.68,24.75,25.47,1629,1629,1629,1629,1629,1629,1629,1629,0,0,0,0,0,0,0,0,27.24,31.78,51.45,4.981,5.04,4.98,19768
2026-05-04 16:53:09.332,--,--,--,--,--,--,--,--,-137.71,55.36,-71.52,-228.05,--,--,--,--,--,--,--,--,25.74,25.68,24.75,25.47,1629,1629,1629,1629,1629,1629,1629,1629,0,0,0,0,0,0,0,0,27.24,31.78,51.45,4.981,5.01,4.98,19773
2026-05-04 16:53:09.422,--,--,--,--,--,--,--,--,-137.72,55.35,-71.53,-228.04,--,--,--,--,--,--,--,--,25.74,25.68,24.75,25.47,1629,1629,1629,1629,1629,1629,1629,1629,0,0,0,0,0,0,0,0,27.24,31.78,51.45,4.981,5.01,4.98,19778
2026-05-04 16:53:09.506,--,--,--,--,--,--,--,--,-137.71,55.35,-71.53,-228.05,--,--,--,--,--,--,--,--,25.74,25.68,24.75,25.47,1629,1629,1629,1629,1629,1629,1629,1629,0,0,0,0,0,0,0,0,27.24,31.78,51.45,4.981,4.98,4.98,19783
2026-05-04 16:53:09.616,--,--,--,--,--,--,--,--,-137.71,55.35,-71.52,-228.07,--,--,--,--,--,--,--,--,25.74,25.68,24.75,25.47,1629,1629,1629,1629,1629,1629,1629,1629,0,0,0,0,0,0,0,0,27.24,31.78,51.45,4.981,5.01,4.98,19788
2026-05-04 16:53:09.710,--,--,--,--,--,--,--,--,-137.72,55.36,-71.52,-228.05,--,--,--,--,--,--,--,--,25.74,25.68,24.75,25.47,1629,1629,1629,1629,1629,1629,1629,1629,0,0,0,0,0,0,0,0,27.24,31.78,51.45,4.981,4.98,4.98,19793
2026-05-04 16:53:09.843,--,--,--,--,--,--,--,--,-137.71,55.36,-71.52,-228.05,--,--,--,--,--,--,--,--,25.74,25.68,24.75,25.47,1629,1629,1629,1629,1629,1629,1629,1629,0,0,0,0,0,0,0,0,27.24,31.78,51.45,4.981,5.01,4.98,19798
2026-05-04 16:53:09.933,--,--,--,--,--,--,--,--,-137.71,55.35,-71.52,-228.05,--,--,--,--,--,--,--,--,25.74,25.68,24.75,25.47,1629,1629,1629,1629,1629,1629,1629,1629,0,0,0,0,0,0,0,0,27.24,31.02,51.45,4.981,5.04,4.98,19803
2026-05-04 16:53:10.018,--,--,--,--,--,--,--,--,-137.71,55.36,-71.52,-228.07,--,--,--,--,--,--,--,--,25.74,25.68,24.75,25.47,1629,1629,1629,1629,1629,1629,1629,1629,0,0,0,0,0,0,0,0,27.24,31.78,51.45,4.981,4.98,4.98,19808
2026-05-04 16:53:10.106,--,--,--,--,--,--,--,--,-137.71,55.35,-71.53,-228.07,--,--,--,--,--,--,--,--,25.74,25.68,24.75,25.47,1629,1629,1629,1629,1629,1629,1629,1629,0,0,0,0,0,0,0,0,27.24,31.78,51.45,4.981,4.98,4.98,19813
2026-05-04 16:53:10.192,--,--,--,--,--,--,--,--,-137.71,55.36,-71.53,-228.05,--,--,--,--,--,--,--,--,25.74,25.68,24.75,25.47,1629,1629,1629,1629,1629,1629,1629,1629,0,0,0,0,0,0,0,0,27.24,31.78,51.45,4.981,4.98,4.98,19818
2026-05-04 16:53:10.351,--,--,--,--,--,--,--,--,-137.71,55.35,-71.53,-228.05,--,--,--,--,--,--,--,--,25.74,25.68,24.75,25.47,1629,1629,1629,1629,1629,1629,1629,1629,0,0,0,0,0,0,0,0,27.24,31.78,51.45,4.981,5.04,5.01,19823
2026-05-04 16:53:10.440,--,--,--,--,--,--,--,--,-137.71,55.35,-71.53,-228.05,--,--,--,--,--,--,--,--,25.74,25.68,24.75,25.47,1629,1629,1629,1629,1629,1629,1629,1629,0,0,0,0,0,0,0,0,27.24,31.78,51.45,4.981,5.01,4.98,19828
2026-05-04 16:53:10.531,--,--,--,--,--,--,--,--,-137.72,55.35,-71.52,-228.05,--,--,--,--,--,--,--,--,25.74,25.68,24.75,25.47,1629,1629,1629,1629,1629,1629,1629,1629,0,0,0,0,0,0,0,0,27.24,31.78,52.20,4.981,4.98,4.98,19833
2026-05-04 16:53:10.643,--,--,--,--,--,--,--,--,-137.71,55.35,-71.51,-228.05,--,--,--,--,--,--,--,--,25.74,25.68,24.75,25.47,1629,1629,1629,1629,1629,1629,1629,1629,0,0,0,0,0,0,0,0,27.24,31.02,51.45,4.981,5.01,4.98,19838
2026-05-04 16:53:10.683,--,--,--,--,--,--,--,--,-137.70,55.35,-71.52,-228.05,--,--,--,--,--,--,--,--,25.74,25.68,24.75,25.47,1629,1629,1629,1629,1629,1629,1629,1629,0,0,0,0,0,0,0,0,27.24,31.78,52.20,4.981,5.01,4.98,19843
2026-05-04 16:53:10.726,--,--,--,--,--,--,--,--,-137.71,55.35,-71.53,-228.07,--,--,--,--,--,--,--,--,25.81,25.68,24.82,25.47,1629,1629,1629,1629,1629,1629,1629,1629,0,0,0,0,0,0,0,0,27.24,31.78,51.45,4.981,5.01,4.98,22083
2026-05-04 16:53:10.842,--,--,--,--,--,--,--,--,-137.71,55.35,-71.52,-228.04,--,--,--,--,--,--,--,--,25.74,25.68,24.82,25.47,1629,1629,1629,1629,1629,1629,1629,1629,0,0,0,0,0,0,0,0,27.24,31.78,51.45,4.981,4.98,5.01,22088
2026-05-04 16:53:10.930,--,--,--,--,--,--,--,--,-137.71,55.36,-71.52,-228.05,--,--,--,--,--,--,--,--,25.74,25.68,24.82,25.47,1629,1629,1629,1629,1629,1629,1629,1629,0,0,0,0,0,0,0,0,27.24,31.78,51.45,4.981,4.98,4.98,22093
2026-05-04 16:53:11.023,--,--,--,--,--,--,--,--,-137.71,55.35,-71.52,-228.05,--,--,--,--,--,--,--,--,25.81,25.68,24.82,25.47,1629,1629,1629,1629,1629,1629,1629,1629,0,0,0,0,0,0,0,0,27.24,31.78,51.45,4.981,5.04,4.98,22098
2026-05-04 16:53:11.141,--,--,--,--,--,--,--,--,-137.71,55.36,-71.52,-228.05,--,--,--,--,--,--,--,--,25.74,25.68,24.82,25.47,1629,1629,1629,1629,1629,1629,1629,1629,0,0,0,0,0,0,0,0,27.24,31.78,51.45,4.981,5.01,4.98,22103
2026-05-04 16:53:11.247,--,--,--,--,--,--,--,--,-137.72,55.36,-71.52,-228.05,--,--,--,--,--,--,--,--,25.74,25.68,24.82,25.47,1629,1629,1629,1629,1629,1629,1629,1629,0,0,0,0,0,0,0,0,27.24,31.78,51.45,4.981,5.01,4.98,22108
2026-05-04 16:53:11.284,--,--,--,--,--,--,--,--,-137.72,55.35,-71.52,-228.05,--,--,--,--,--,--,--,--,25.74,25.68,24.82,25.47,1629,1629,1629,1629,1629,1629,1629,1629,0,0,0,0,0,0,0,0,27.24,31.78,51.45,4.981,4.98,4.98,22111
2026-05-04 16:53:11.351,--,--,--,--,--,--,--,--,-137.71,55.35,-71.53,-228.05,--,--,--,--,--,--,--,--,25.74,25.68,24.82,25.47,1629,1629,1629,1629,1629,1629,1629,1629,0,0,0,0,0,0,0,0,27.24,31.78,51.45,4.981,4.98,4.98,22112
2026-05-04 16:53:11.436,--,--,--,--,--,--,--,--,-137.71,55.36,-71.52,-228.05,--,--,--,--,--,--,--,--,25.81,25.68,24.82,25.47,1629,1629,1629,1629,1629,1629,1629,1629,0,0,0,0,0,0,0,0,27.24,31.78,51.45,4.981,5.01,4.98,22117
2026-05-04 16:53:11.520,--,--,--,--,--,--,--,--,-137.70,55.35,-71.53,-228.05,--,--,--,--,--,--,--,--,25.74,25.68,24.82,25.47,1629,1629,1629,1629,1629,1629,1629,1629,0,0,0,0,0,0,0,0,27.24,31.78,52.20,4.981,5.01,4.98,22122
2026-05-04 16:53:11.611,--,--,--,--,--,--,--,--,-137.72,55.35,-71.52,-228.05,--,--,--,--,--,--,--,--,25.81,25.68,24.82,25.47,1629,1629,1629,1629,1629,1629,1629,1629,0,0,0,0,0,0,0,0,27.24,31.78,51.45,4.981,5.04,4.98,22127
2026-05-04 16:53:11.700,--,--,--,--,--,--,--,--,-137.71,55.35,-71.53,-228.05,--,--,--,--,--,--,--,--,25.74,25.68,24.82,25.47,1629,1629,1629,1629,1629,1629,1629,1629,0,0,0,0,0,0,0,0,27.24,31.78,51.45,4.981,5.01,4.98,22132
2026-05-04 16:53:11.825,--,--,--,--,--,--,--,--,-137.72,55.34,-71.53,-228.05,--,--,--,--,--,--,--,--,25.74,25.68,24.82,25.47,1629,1629,1629,1629,1629,1629,1629,1629,0,0,0,0,0,0,0,0,27.24,31.78,51.45,4.981,4.98,4.98,22137
2026-05-04 16:53:11.929,--,--,--,--,--,--,--,--,-137.70,55.35,-71.52,-228.05,--,--,--,--,--,--,--,--,25.74,25.68,24.82,25.47,1629,1629,1629,1629,1629,1629,1629,1629,0,0,0,0,0,0,0,0,27.24,31.78,51.45,4.981,5.01,4.98,22142
2026-05-04 16:53:12.020,--,--,--,--,--,--,--,--,-137.71,55.35,-71.52,-228.05,--,--,--,--,--,--,--,--,25.74,25.68,24.82,25.47,1629,1629,1629,1629,1629,1629,1629,1629,0,0,0,0,0,0,0,0,27.24,31.78,51.45,4.981,5.01,4.98,22147
2026-05-04 16:53:12.117,--,--,--,--,--,--,--,--,-137.72,55.36,-71.53,-228.05,--,--,--,--,--,--,--,--,25.74,25.68,24.82,25.47,1629,1629,1629,1629,1629,1629,1629,1629,0,0,0,0,0,0,0,0,27.24,31.78,52.20,4.981,4.98,4.98,22152
2026-05-04 16:53:12.212,--,--,--,--,--,--,--,--,-137.72,55.35,-71.52,-228.05,--,--,--,--,--,--,--,--,25.74,25.68,24.82,25.47,1629,1629,1629,1629,1629,1629,1629,1629,0,0,0,0,0,0,0,0,27.24,31.78,51.45,4.981,5.01,4.98,22157
2026-05-04 16:53:12.305,--,--,--,--,--,--,--,--,-137.71,55.35,-71.52,-228.07,--,--,--,--,--,--,--,--,25.74,25.68,24.82,25.47,1629,1629,1629,1629,1629,1629,1629,1629,0,0,0,0,0,0,0,0,27.24,31.78,51.45,4.981,5.01,4.98,22162
2026-05-04 16:53:12.440,--,--,--,--,--,--,--,--,-137.71,55.36,-71.51,-228.07,--,--,--,--,--,--,--,--,25.74,25.68,24.82,25.47,1629,1629,1629,1629,1629,1629,1629,1629,0,0,0,0,0,0,0,0,27.24,31.78,51.45,4.981,4.98,4.98,22167
2026-05-04 16:53:12.526,--,--,--,--,--,--,--,--,-137.72,55.35,-71.52,-228.05,--,--,--,--,--,--,--,--,25.74,25.68,24.82,25.47,1629,1629,1629,1629,1629,1629,1629,1629,0,0,0,0,0,0,0,0,27.24,31.78,51.45,4.981,4.98,4.98,22172
2026-05-04 16:53:12.628,--,--,--,--,--,--,--,--,-137.72,55.36,-71.52,-228.07,--,--,--,--,--,--,--,--,25.74,25.68,24.82,25.47,1629,1629,1629,1629,1629,1629,1629,1629,0,0,0,0,0,0,0,0,27.24,31.78,51.45,4.981,4.98,5.01,22177
2026-05-04 16:53:12.678,--,--,--,--,--,--,--,--,-137.72,55.36,-71.52,-228.07,--,--,--,--,--,--,--,--,25.74,25.68,24.82,25.47,1629,1629,1629,1629,1629,1629,1629,1629,0,0,0,0,0,0,0,0,27.24,31.78,51.45,4.981,5.04,4.98,22182
2026-05-04 16:53:12.718,--,--,--,--,--,--,--,--,-137.72,55.35,-71.52,-228.05,--,--,--,--,--,--,--,--,25.74,25.68,24.82,25.47,1629,1629,1629,1629,1629,1629,1629,1629,0,0,0,0,0,0,0,0,27.24,31.78,51.45,4.981,4.98,4.98,22187
2026-05-04 16:53:12.824,--,--,--,--,--,--,--,--,-137.71,55.35,-71.52,-228.05,--,--,--,--,--,--,--,--,25.74,25.68,24.82,25.47,1629,1629,1629,1629,1629,1629,1629,1629,0,0,0,0,0,0,0,0,27.24,31.78,52.20,4.981,5.04,4.98,22192
2026-05-04 16:53:12.934,--,--,--,--,--,--,--,--,-137.71,55.35,-71.52,-228.05,--,--,--,--,--,--,--,--,25.74,25.68,24.82,25.47,1629,1629,1629,1629,1629,1629,1629,1629,0,0,0,0,0,0,0,0,27.24,31.78,51.45,4.981,4.98,4.98,22197
2026-05-04 16:53:13.020,--,--,--,--,--,--,--,--,-137.71,55.35,-71.52,-228.05,--,--,--,--,--,--,--,--,25.74,25.68,24.82,25.47,1629,1629,1629,1629,1629,1629,1629,1629,0,0,0,0,0,0,0,0,27.24,31.78,51.45,4.981,4.95,5.01,22202
2026-05-04 16:53:13.108,--,--,--,--,--,--,--,--,-137.71,55.35,-71.53,-228.05,--,--,--,--,--,--,--,--,25.74,25.68,24.82,25.47,1629,1629,1629,1629,1629,1629,1629,1629,0,0,0,0,0,0,0,0,27.24,31.78,51.45,4.981,5.04,5.01,22207
2026-05-04 16:53:13.250,--,--,--,--,--,--,--,--,-137.72,55.35,-71.52,-228.05,--,--,--,--,--,--,--,--,25.81,25.68,24.82,25.47,1629,1629,1629,1629,1629,1629,1629,1629,0,0,0,0,0,0,0,0,27.24,31.02,51.45,4.981,5.04,4.98,24227
2026-05-04 16:53:13.354,--,--,--,--,--,--,--,--,-137.71,55.35,-71.52,-228.05,--,--,--,--,--,--,--,--,25.81,25.68,24.82,25.54,1629,1629,1629,1629,1629,1629,1629,1629,0,0,0,0,0,0,0,0,27.24,31.78,51.45,4.981,4.95,4.98,24232
2026-05-04 16:53:13.392,--,--,--,--,--,--,--,--,-137.73,55.35,-71.52,-228.05,--,--,--,--,--,--,--,--,25.81,25.68,24.82,25.54,1629,1629,1629,1629,1629,1629,1629,1629,0,0,0,0,0,0,0,0,27.24,31.78,51.45,4.981,5.04,4.98,24235
2026-05-04 16:53:13.461,--,--,--,--,--,--,--,--,-137.71,55.35,-71.52,-228.05,--,--,--,--,--,--,--,--,25.81,25.68,24.82,25.54,1629,1629,1629,1629,1629,1629,1629,1629,0,0,0,0,0,0,0,0,27.24,31.78,51.45,4.981,5.01,4.98,24236
2026-05-04 16:53:13.549,--,--,--,--,--,--,--,--,-137.72,55.35,-71.52,-228.05,--,--,--,--,--,--,--,--,25.81,25.68,24.82,25.47,1629,1629,1629,1629,1629,1629,1629,1629,0,0,0,0,0,0,0,0,27.24,31.02,51.45,4.981,4.98,4.98,24241
2026-05-04 16:53:13.645,--,--,--,--,--,--,--,--,-137.70,55.35,-71.52,-228.05,--,--,--,--,--,--,--,--,25.74,25.68,24.82,25.54,1629,1629,1629,1629,1629,1629,1629,1629,0,0,0,0,0,0,0,0,27.24,31.78,52.20,4.981,5.01,5.01,24246
2026-05-04 16:53:13.740,--,--,--,--,--,--,--,--,-137.72,55.36,-71.52,-228.05,--,--,--,--,--,--,--,--,25.81,25.68,24.82,25.54,1629,1629,1629,1629,1629,1629,1629,1629,0,0,0,0,0,0,0,0,27.24,31.78,51.45,4.981,5.01,4.98,24251
2026-05-04 16:53:13.825,--,--,--,--,--,--,--,--,-137.71,55.35,-71.52,-228.05,--,--,--,--,--,--,--,--,25.81,25.68,24.82,25.54,1629,1629,1629,1629,1629,1629,1629,1629,0,0,0,0,0,0,0,0,27.24,31.02,52.20,4.981,5.01,4.98,24256
2026-05-04 16:53:13.935,--,--,--,--,--,--,--,--,-137.71,55.35,-71.52,-228.05,--,--,--,--,--,--,--,--,25.81,25.68,24.82,25.47,1629,1629,1629,1629,1629,1629,1629,1629,0,0,0,0,0,0,0,0,27.24,31.78,51.45,4.981,5.01,4.98,24261
2026-05-04 16:53:14.069,--,--,--,--,--,--,--,--,-137.71,55.35,-71.52,-228.05,--,--,--,--,--,--,--,--,25.81,25.68,24.82,25.54,1629,1629,1629,1629,1629,1629,1629,1629,0,0,0,0,0,0,0,0,27.24,31.78,51.45,4.981,4.95,4.98,24266
2026-05-04 16:53:14.160,--,--,--,--,--,--,--,--,-137.72,55.35,-71.52,-228.05,--,--,--,--,--,--,--,--,25.81,25.68,24.82,25.54,1629,1629,1629,1629,1629,1629,1629,1629,0,0,0,0,0,0,0,0,27.24,31.78,51.45,4.981,4.98,4.98,24271
2026-05-04 16:53:14.249,--,--,--,--,--,--,--,--,-137.70,55.36,-71.52,-228.05,--,--,--,--,--,--,--,--,25.81,25.68,24.82,25.54,1629,1629,1629,1629,1629,1629,1629,1629,0,0,0,0,0,0,0,0,27.24,31.78,51.45,4.981,5.01,4.98,24276
2026-05-04 16:53:14.333,--,--,--,--,--,--,--,--,-137.71,55.35,-71.52,-228.05,--,--,--,--,--,--,--,--,25.81,25.68,24.82,25.54,1629,1629,1629,1629,1629,1629,1629,1629,0,0,0,0,0,0,0,0,27.24,31.78,51.45,4.981,5.04,4.98,24281
2026-05-04 16:53:14.418,--,--,--,--,--,--,--,--,-137.72,55.36,-71.52,-228.05,--,--,--,--,--,--,--,--,25.81,25.68,24.82,25.47,1629,1629,1629,1629,1629,1629,1629,1629,0,0,0,0,0,0,0,0,27.24,31.78,51.45,4.981,5.01,4.98,24286
2026-05-04 16:53:14.575,--,--,--,--,--,--,--,--,-137.72,55.35,-71.52,-228.05,--,--,--,--,--,--,--,--,25.81,25.68,24.82,25.54,1629,1629,1629,1629,1629,1629,1629,1629,0,0,0,0,0,0,0,0,27.24,31.78,51.45,4.981,4.98,4.98,24291
2026-05-04 16:53:14.643,--,--,--,--,--,--,--,--,-137.72,55.36,-71.52,-228.05,--,--,--,--,--,--,--,--,25.81,25.68,24.82,25.54,51,51,51,51,51,51,51,51,0,0,0,0,0,0,0,0,27.24,31.78,51.45,4.981,5.01,4.98,24296
2026-05-04 16:53:14.735,--,--,--,--,--,--,--,--,-137.70,55.36,-71.51,-228.05,--,--,--,--,--,--,--,--,25.81,25.68,24.82,25.54,151,151,151,151,151,151,151,151,0,0,0,0,0,0,0,0,27.24,31.78,51.45,4.981,5.01,4.98,24301
2026-05-04 16:53:14.877,--,--,--,--,--,--,--,--,-137.72,55.35,-71.53,-228.05,--,--,--,--,--,--,--,--,25.81,25.68,24.82,25.54,251,251,251,251,251,251,251,251,0,0,0,0,0,0,0,0,27.24,31.78,51.45,4.981,4.98,4.98,24306
2026-05-04 16:53:14.991,--,--,--,--,--,--,--,--,-137.71,55.35,-71.52,-228.05,--,--,--,--,--,--,--,--,25.81,25.68,24.82,25.54,351,351,351,351,351,351,351,351,0,0,0,0,0,0,0,0,27.24,31.78,51.45,4.981,4.98,4.98,24311
2026-05-04 16:53:15.005,--,--,--,--,--,--,--,--,-137.71,55.35,-71.52,-228.05,--,--,--,--,--,--,--,--,25.81,25.68,24.82,25.54,451,451,451,451,451,451,451,451,0,0,0,0,0,0,0,0,27.24,31.78,51.45,4.981,5.01,4.98,24316
2026-05-04 16:53:15.040,--,--,--,--,--,--,--,--,-137.72,55.35,-71.52,-228.05,--,--,--,--,--,--,--,--,25.81,25.68,24.82,25.47,551,551,551,551,551,551,551,551,0,0,0,0,0,0,0,0,27.24,31.78,51.45,4.981,5.01,4.98,24321
2026-05-04 16:53:15.150,--,--,--,--,--,--,--,--,-137.72,55.35,-71.52,-228.05,--,--,--,--,--,--,--,--,25.81,25.68,24.82,25.54,651,651,651,651,651,651,651,651,0,0,0,0,0,0,0,0,27.24,31.78,51.45,4.981,4.98,4.98,24326
2026-05-04 16:53:15.254,--,--,--,--,--,--,--,--,-137.70,55.36,-71.52,-228.05,--,--,--,--,--,--,--,--,25.81,25.68,24.82,25.54,751,751,751,751,751,751,751,751,0,0,0,0,0,0,0,0,27.24,31.02,51.45,4.981,5.04,4.98,24331
2026-05-04 16:53:15.360,--,--,--,--,--,--,--,--,-137.72,55.35,-71.51,-228.05,--,--,--,--,--,--,--,--,25.81,25.68,24.82,25.54,1822,1822,1822,1822,1822,1822,1822,1822,0,0,0,0,0,0,0,0,27.24,31.02,51.45,4.981,5.04,4.98,25997
2026-05-04 16:53:15.444,--,--,--,--,--,--,--,--,-137.71,55.35,-71.53,-228.05,--,--,--,--,--,--,--,--,25.81,25.68,24.82,25.54,1822,1822,1822,1822,1822,1822,1822,1822,0,0,0,0,0,0,0,0,27.24,31.02,51.45,4.981,4.98,4.98,26002
2026-05-04 16:53:15.530,--,--,--,--,--,--,--,--,-137.71,55.35,-71.52,-228.05,--,--,--,--,--,--,--,--,25.81,25.68,24.82,25.54,1822,1822,1822,1822,1822,1822,1822,1822,0,0,0,0,0,0,0,0,27.24,31.78,51.45,4.981,5.01,4.98,26007
2026-05-04 16:53:15.612,--,--,--,--,--,--,--,--,-137.71,55.35,-71.52,-228.05,--,--,--,--,--,--,--,--,25.81,25.68,24.82,25.54,1822,1822,1822,1822,1822,1822,1822,1822,0,0,0,0,0,0,0,0,27.24,31.78,51.45,4.981,4.98,5.01,26012
2026-05-04 16:53:15.700,--,--,--,--,--,--,--,--,-137.71,55.35,-71.52,-228.07,--,--,--,--,--,--,--,--,25.81,25.68,24.82,25.54,1822,1822,1822,1822,1822,1822,1822,1822,0,0,0,0,0,0,0,0,27.24,31.78,52.20,4.981,5.01,4.98,26015
2026-05-04 16:53:15.718,--,--,--,--,--,--,--,--,-137.71,55.35,-71.53,-228.05,--,--,--,--,--,--,--,--,25.81,25.68,24.82,25.54,1822,1822,1822,1822,1822,1822,1822,1822,0,0,0,0,0,0,0,0,27.24,31.78,51.45,4.981,5.01,4.98,26016
2026-05-04 16:53:15.799,--,--,--,--,--,--,--,--,-137.71,55.36,-71.52,-228.05,--,--,--,--,--,--,--,--,25.81,25.68,24.82,25.54,1822,1822,1822,1822,1822,1822,1822,1822,0,0,0,0,0,0,0,0,27.24,31.78,51.45,4.981,5.01,4.98,26021
2026-05-04 16:53:15.883,--,--,--,--,--,--,--,--,-137.71,55.35,-71.53,-228.05,--,--,--,--,--,--,--,--,25.81,25.68,24.82,25.54,1822,1822,1822,1822,1822,1822,1822,1822,0,0,0,0,0,0,0,0,27.24,31.78,51.45,4.981,4.98,4.98,26026
2026-05-04 16:53:15.968,--,--,--,--,--,--,--,--,-137.72,55.34,-71.52,-228.07,--,--,--,--,--,--,--,--,25.81,25.68,24.82,25.54,1822,1822,1822,1822,1822,1822,1822,1822,0,0,0,0,0,0,0,0,27.24,31.78,51.45,4.981,5.01,4.98,26031
2026-05-04 16:53:16.101,--,--,--,--,--,--,--,--,-137.72,55.35,-71.52,-228.05,--,--,--,--,--,--,--,--,25.81,25.68,24.82,25.54,1822,1822,1822,1822,1822,1822,1822,1822,0,0,0,0,0,0,0,0,27.24,31.78,51.45,4.981,5.04,4.98,26036
2026-05-04 16:53:16.188,--,--,--,--,--,--,--,--,-137.70,55.36,-71.53,-228.05,--,--,--,--,--,--,--,--,25.81,25.68,24.82,25.54,1822,1822,1822,1822,1822,1822,1822,1822,0,0,0,0,0,0,0,0,27.24,31.78,51.45,4.981,5.01,4.98,26041
2026-05-04 16:53:16.277,--,--,--,--,--,--,--,--,-137.71,55.36,-71.53,-228.05,--,--,--,--,--,--,--,--,25.81,25.68,24.82,25.54,1822,1822,1822,1822,1822,1822,1822,1822,0,0,0,0,0,0,0,0,27.24,31.78,51.45,4.981,4.98,4.98,26046
2026-05-04 16:53:16.361,--,--,--,--,--,--,--,--,-137.72,55.35,-71.52,-228.05,--,--,--,--,--,--,--,--,25.81,25.68,24.82,25.54,1822,1822,1822,1822,1822,1822,1822,1822,0,0,0,0,0,0,0,0,27.24,31.78,51.45,4.981,5.01,4.98,26051
2026-05-04 16:53:16.467,--,--,--,--,--,--,--,--,-137.71,55.35,-71.52,-228.05,--,--,--,--,--,--,--,--,25.81,25.68,24.82,25.54,1822,1822,1822,1822,1822,1822,1822,1822,0,0,0,0,0,0,0,0,27.24,31.78,51.45,4.981,5.01,4.98,26056
2026-05-04 16:53:16.569,--,--,--,--,--,--,--,--,-137.71,55.36,-71.53,-228.05,--,--,--,--,--,--,--,--,25.81,25.68,24.82,25.54,1822,1822,1822,1822,1822,1822,1822,1822,0,0,0,0,0,0,0,0,27.24,31.78,51.45,4.981,5.04,5.01,26061
2026-05-04 16:53:16.695,--,--,--,--,--,--,--,--,-137.71,55.35,-71.52,-228.05,--,--,--,--,--,--,--,--,25.81,25.68,24.82,25.54,1822,1822,1822,1822,1822,1822,1822,1822,0,0,0,0,0,0,0,0,27.24,31.78,51.45,4.981,4.95,4.98,26066
2026-05-04 16:53:16.786,--,--,--,--,--,--,--,--,-137.71,55.35,-71.52,-228.07,--,--,--,--,--,--,--,--,25.81,25.68,24.82,25.54,1822,1822,1822,1822,1822,1822,1822,1822,0,0,0,0,0,0,0,0,27.24,31.78,51.45,4.981,4.98,4.98,26071
2026-05-04 16:53:16.877,--,--,--,--,--,--,--,--,-137.72,55.35,-71.52,-228.05,--,--,--,--,--,--,--,--,25.81,25.68,24.82,25.54,1822,1822,1822,1822,1822,1822,1822,1822,0,0,0,0,0,0,0,0,27.24,31.78,52.20,4.981,4.95,4.98,26076
2026-05-04 16:53:16.966,--,--,--,--,--,--,--,--,-137.71,55.36,-71.52,-228.05,--,--,--,--,--,--,--,--,25.81,25.68,24.82,25.54,1822,1822,1822,1822,1822,1822,1822,1822,0,0,0,0,0,0,0,0,27.24,31.78,52.20,4.981,4.98,4.98,26081
2026-05-04 16:53:17.065,--,--,--,--,--,--,--,--,-137.71,55.35,-71.52,-228.05,--,--,--,--,--,--,--,--,25.81,25.75,24.82,25.54,1822,1822,1822,1822,1822,1822,1822,1822,0,0,0,0,0,0,0,0,27.24,31.78,52.20,4.981,5.04,4.98,26086
2026-05-04 16:53:17.124,--,--,--,--,--,--,--,--,-137.70,55.36,-71.53,-228.05,--,--,--,--,--,--,--,--,25.81,25.68,24.82,25.54,1822,1822,1822,1822,1822,1822,1822,1822,0,0,0,0,0,0,0,0,27.24,31.78,51.45,4.981,4.98,4.98,26091
2026-05-04 16:53:17.167,--,--,--,--,--,--,--,--,-137.71,55.35,-71.52,-228.05,--,--,--,--,--,--,--,--,25.81,25.68,24.82,25.54,1822,1822,1822,1822,1822,1822,1822,1822,0,0,0,0,0,0,0,0,27.24,31.78,51.45,4.981,5.01,4.98,26096
2026-05-04 16:53:17.260,--,--,--,--,--,--,--,--,-137.71,55.35,-71.52,-228.07,--,--,--,--,--,--,--,--,25.81,25.68,24.82,25.54,1822,1822,1822,1822,1822,1822,1822,1822,0,0,0,0,0,0,0,0,27.24,31.78,51.45,4.981,5.04,4.98,26101
2026-05-04 16:53:17.368,--,--,--,--,--,--,--,--,-137.72,55.36,-71.52,-228.05,--,--,--,--,--,--,--,--,25.81,25.68,24.82,25.54,1822,1822,1822,1822,1822,1822,1822,1822,0,0,0,0,0,0,0,0,27.24,31.78,51.45,4.981,5.01,4.98,26106
2026-05-04 16:53:17.453,--,--,--,--,--,--,--,--,-137.70,55.36,-71.52,-228.05,--,--,--,--,--,--,--,--,25.81,25.68,24.82,25.54,1822,1822,1822,1822,1822,1822,1822,1822,0,0,0,0,0,0,0,0,27.24,31.78,51.45,4.981,5.04,4.98,26111
2026-05-04 16:53:17.537,--,--,--,--,--,--,--,--,-137.71,55.35,-71.52,-228.07,--,--,--,--,--,--,--,--,25.81,25.68,24.82,25.54,1822,1822,1822,1822,1822,1822,1822,1822,0,0,0,0,0,0,0,0,27.24,31.78,51.45,4.981,5.01,4.98,26116
2026-05-04 16:53:17.621,--,--,--,--,--,--,--,--,-137.71,55.35,-71.51,-228.05,--,--,--,--,--,--,--,--,25.81,25.68,24.82,25.54,1822,1822,1822,1822,1822,1822,1822,1822,0,0,0,0,0,0,0,0,27.24,31.78,51.45,4.981,5.01,4.98,26121
2026-05-04 16:53:17.708,--,--,--,--,--,--,--,--,-137.71,55.36,-71.51,-228.05,--,--,--,--,--,--,--,--,25.81,25.75,24.82,25.54,1792,1792,1792,1792,1792,1792,1792,1792,0,0,0,0,0,0,0,0,27.24,31.02,51.45,4.981,5.01,4.98,28083
2026-05-04 16:53:17.823,--,--,--,--,--,--,--,--,-137.70,55.34,-71.52,-228.05,--,--,--,--,--,--,--,--,25.81,25.68,24.82,25.54,1892,1892,1892,1892,1892,1892,1892,1892,0,0,0,0,0,0,0,0,27.24,31.78,51.45,4.981,4.98,4.98,28088
2026-05-04 16:53:17.929,--,--,--,--,--,--,--,--,-137.72,55.36,-71.52,-228.05,--,--,--,--,--,--,--,--,25.81,25.68,24.82,25.54,1992,1992,1992,1992,1992,1992,1992,1992,0,0,0,0,0,0,0,0,27.24,31.78,51.45,4.981,5.04,4.98,28093
2026-05-04 16:53:18.010,--,--,--,--,--,--,--,--,-137.70,55.36,-71.51,-228.07,--,--,--,--,--,--,--,--,25.81,25.68,24.82,25.54,2092,2092,2092,2092,2092,2092,2092,2092,0,0,0,0,0,0,0,0,27.24,31.02,51.45,4.981,5.04,4.98,28098
2026-05-04 16:53:18.099,--,--,--,--,--,--,--,--,-137.72,55.35,-71.52,-228.05,--,--,--,--,--,--,--,--,25.81,25.68,24.82,25.54,2179,2179,2179,2179,2179,2179,2179,2179,0,0,0,0,0,0,0,0,27.24,31.78,51.45,4.981,5.01,4.98,28103
2026-05-04 16:53:18.183,--,--,--,--,--,--,--,--,-137.71,55.35,-71.52,-228.05,--,--,--,--,--,--,--,--,25.81,25.75,24.82,25.54,2179,2179,2179,2179,2179,2179,2179,2179,0,0,0,0,0,0,0,0,27.24,31.78,51.45,4.981,5.04,4.98,28108
2026-05-04 16:53:18.273,--,--,--,--,--,--,--,--,-137.71,55.35,-71.51,-228.05,--,--,--,--,--,--,--,--,25.81,25.68,24.82,25.54,2179,2179,2179,2179,2179,2179,2179,2179,0,0,0,0,0,0,0,0,27.24,31.78,51.45,4.981,5.01,4.98,28113
2026-05-04 16:53:18.356,--,--,--,--,--,--,--,--,-137.71,55.35,-71.52,-228.07,--,--,--,--,--,--,--,--,25.81,25.68,24.82,25.54,2179,2179,2179,2179,2179,2179,2179,2179,0,0,0,0,0,0,0,0,27.24,31.78,51.45,4.981,4.98,4.98,28118
2026-05-04 16:53:18.465,--,--,--,--,--,--,--,--,-137.71,55.36,-71.51,-228.05,--,--,--,--,--,--,--,--,25.81,25.68,24.82,25.54,2179,2179,2179,2179,2179,2179,2179,2179,0,0,0,0,0,0,0,0,27.24,31.78,52.20,4.981,4.98,4.98,28123
2026-05-04 16:53:18.578,--,--,--,--,--,--,--,--,-137.70,55.37,-71.52,-228.05,--,--,--,--,--,--,--,--,25.81,25.68,24.82,25.54,2179,2179,2179,2179,2179,2179,2179,2179,0,0,0,0,0,0,0,0,27.24,31.78,51.45,4.981,5.01,4.98,28128
2026-05-04 16:53:18.664,--,--,--,--,--,--,--,--,-137.71,55.35,-71.52,-228.05,--,--,--,--,--,--,--,--,25.81,25.68,24.82,25.54,2179,2179,2179,2179,2179,2179,2179,2179,0,0,0,0,0,0,0,0,27.24,31.78,51.45,4.981,5.01,4.98,28133
2026-05-04 16:53:18.750,--,--,--,--,--,--,--,--,-137.71,55.35,-71.52,-228.05,--,--,--,--,--,--,--,--,25.81,25.75,24.82,25.54,2179,2179,2179,2179,2179,2179,2179,2179,0,0,0,0,0,0,0,0,27.24,31.78,51.45,4.981,4.98,4.98,28138
2026-05-04 16:53:18.839,--,--,--,--,--,--,--,--,-137.71,55.35,-71.52,-228.05,--,--,--,--,--,--,--,--,25.81,25.75,24.82,25.54,2179,2179,2179,2179,2179,2179,2179,2179,0,0,0,0,0,0,0,0,27.24,31.78,51.45,4.981,5.01,4.98,28143
2026-05-04 16:53:18.922,--,--,--,--,--,--,--,--,-137.71,55.34,-71.52,-228.05,--,--,--,--,--,--,--,--,25.81,25.68,24.82,25.54,2179,2179,2179,2179,2179,2179,2179,2179,0,0,0,0,0,0,0,0,27.24,31.78,51.45,4.981,5.01,4.98,28148
2026-05-04 16:53:19.010,--,--,--,--,--,--,--,--,-137.71,55.36,-71.52,-228.04,--,--,--,--,--,--,--,--,25.81,25.68,24.82,25.54,2179,2179,2179,2179,2179,2179,2179,2179,0,0,0,0,0,0,0,0,27.24,31.78,51.45,4.981,5.01,4.98,28153
2026-05-04 16:53:19.097,--,--,--,--,--,--,--,--,-137.71,55.36,-71.52,-228.07,--,--,--,--,--,--,--,--,25.81,25.68,24.82,25.54,2179,2179,2179,2179,2179,2179,2179,2179,0,0,0,0,0,0,0,0,27.24,31.78,52.20,4.981,5.01,4.98,28158
2026-05-04 16:53:19.162,--,--,--,--,--,--,--,--,-137.71,55.35,-71.53,-228.05,--,--,--,--,--,--,--,--,25.81,25.75,24.82,25.54,2179,2179,2179,2179,2179,2179,2179,2179,0,0,0,0,0,0,0,0,27.24,31.02,51.45,4.981,5.04,4.98,28163
2026-05-04 16:53:19.260,--,--,--,--,--,--,--,--,-137.72,55.36,-71.52,-228.07,--,--,--,--,--,--,--,--,25.81,25.68,24.82,25.54,2179,2179,2179,2179,2179,2179,2179,2179,0,0,0,0,0,0,0,0,27.24,31.78,51.45,4.981,5.04,4.98,28168
2026-05-04 16:53:19.342,--,--,--,--,--,--,--,--,-137.71,55.36,-71.52,-228.05,--,--,--,--,--,--,--,--,25.81,25.68,24.82,25.54,2179,2179,2179,2179,2179,2179,2179,2179,0,0,0,0,0,0,0,0,27.24,31.78,51.45,4.981,4.98,4.98,28173
2026-05-04 16:53:19.463,--,--,--,--,--,--,--,--,-137.71,55.35,-71.52,-228.05,--,--,--,--,--,--,--,--,25.81,25.68,24.82,25.54,2179,2179,2179,2179,2179,2179,2179,2179,0,0,0,0,0,0,0,0,27.24,31.78,51.45,4.981,5.04,4.98,28178
2026-05-04 16:53:19.495,--,--,--,--,--,--,--,--,-137.71,55.36,-71.52,-228.05,--,--,--,--,--,--,--,--,25.81,25.75,24.82,25.54,2179,2179,2179,2179,2179,2179,2179,2179,0,0,0,0,0,0,0,0,27.24,31.78,51.45,4.981,4.98,4.98,28183
2026-05-04 16:53:19.512,--,--,--,--,--,--,--,--,-137.71,55.35,-71.53,-228.05,--,--,--,--,--,--,--,--,25.81,25.68,24.82,25.54,2179,2179,2179,2179,2179,2179,2179,2179,0,0,0,0,0,0,0,0,27.24,31.02,51.45,4.981,5.01,4.98,28188
2026-05-04 16:53:19.576,--,--,--,--,--,--,--,--,-137.72,55.35,-71.52,-228.05,--,--,--,--,--,--,--,--,25.81,25.68,24.82,25.54,2179,2179,2179,2179,2179,2179,2179,2179,0,0,0,0,0,0,0,0,27.24,31.78,51.45,4.981,4.98,4.98,28193
2026-05-04 16:53:19.673,--,--,--,--,--,--,--,--,-137.71,55.36,-71.52,-228.05,--,--,--,--,--,--,--,--,25.81,25.68,24.82,25.54,2179,2179,2179,2179,2179,2179,2179,2179,0,0,0,0,0,0,0,0,27.24,31.02,51.45,4.981,4.98,4.98,28198
2026-05-04 16:53:19.789,--,--,--,--,--,--,--,--,-137.71,55.36,-71.51,-228.05,--,--,--,--,--,--,--,--,25.81,25.75,24.82,25.61,2179,2179,2179,2179,2179,2179,2179,2179,0,0,0,0,0,0,0,0,27.24,31.78,51.45,4.981,4.98,4.98,29940
2026-05-04 16:53:19.907,--,--,--,--,--,--,--,--,-137.71,55.35,-71.52,-228.07,--,--,--,--,--,--,--,--,25.81,25.75,24.82,25.54,2179,2179,2179,2179,2179,2179,2179,2179,0,0,0,0,0,0,0,0,27.24,31.78,52.20,4.981,5.04,4.98,29945
2026-05-04 16:53:19.993,--,--,--,--,--,--,--,--,-137.72,55.35,-71.52,-228.07,--,--,--,--,--,--,--,--,25.81,25.75,24.82,25.54,2179,2179,2179,2179,2179,2179,2179,2179,0,0,0,0,0,0,0,0,27.24,31.02,51.45,4.981,5.04,5.01,29950
2026-05-04 16:53:20.078,--,--,--,--,--,--,--,--,-137.71,55.36,-71.52,-228.05,--,--,--,--,--,--,--,--,25.81,25.75,24.82,25.54,2179,2179,2179,2179,2179,2179,2179,2179,0,0,0,0,0,0,0,0,27.24,31.78,51.45,4.981,5.01,4.98,29955
2026-05-04 16:53:20.163,--,--,--,--,--,--,--,--,-137.72,55.35,-71.52,-228.04,--,--,--,--,--,--,--,--,25.81,25.68,24.82,25.54,2179,2179,2179,2179,2179,2179,2179,2179,0,0,0,0,0,0,0,0,27.24,31.78,51.45,4.981,4.98,4.98,29960
2026-05-04 16:53:20.253,--,--,--,--,--,--,--,--,-137.71,55.35,-71.53,-228.07,--,--,--,--,--,--,--,--,25.81,25.75,24.82,25.54,2179,2179,2179,2179,2179,2179,2179,2179,0,0,0,0,0,0,0,0,27.24,31.78,51.45,4.981,5.04,4.98,29965
2026-05-04 16:53:20.289,--,--,--,--,--,--,--,--,-137.71,55.36,-71.52,-228.05,--,--,--,--,--,--,--,--,25.81,25.75,24.82,25.54,2179,2179,2179,2179,2179,2179,2179,2179,0,0,0,0,0,0,0,0,27.24,31.78,51.45,4.981,4.98,4.98,29968
2026-05-04 16:53:20.304,--,--,--,--,--,--,--,--,-137.71,55.35,-71.52,-228.05,--,--,--,--,--,--,--,--,25.81,25.75,24.82,25.54,2179,2179,2179,2179,2179,2179,2179,2179,0,0,0,0,0,0,0,0,27.24,31.02,51.45,4.981,5.01,4.98,29969
2026-05-04 16:53:20.390,--,--,--,--,--,--,--,--,-137.72,55.35,-71.53,-228.05,--,--,--,--,--,--,--,--,25.81,25.75,24.82,25.54,2179,2179,2179,2179,2179,2179,2179,2179,0,0,0,0,0,0,0,0,27.24,31.78,51.45,4.981,4.98,4.98,29974
2026-05-04 16:53:20.480,--,--,--,--,--,--,--,--,-137.72,55.36,-71.52,-228.05,--,--,--,--,--,--,--,--,25.81,25.68,24.82,25.54,2179,2179,2179,2179,2179,2179,2179,2179,0,0,0,0,0,0,0,0,27.24,31.78,51.45,4.981,4.98,4.98,29979
2026-05-04 16:53:20.570,--,--,--,--,--,--,--,--,-137.71,55.35,-71.51,-228.05,--,--,--,--,--,--,--,--,25.81,25.75,24.82,25.54,2179,2179,2179,2179,2179,2179,2179,2179,0,0,0,0,0,0,0,0,27.24,31.02,51.45,4.981,4.98,4.98,29984
2026-05-04 16:53:20.700,--,--,--,--,--,--,--,--,-137.70,55.35,-71.52,-228.05,--,--,--,--,--,--,--,--,25.81,25.68,24.82,25.54,2179,2179,2179,2179,2179,2179,2179,2179,0,0,0,0,0,0,0,0,27.24,31.78,51.45,4.981,5.01,5.01,29989
2026-05-04 16:53:20.790,--,--,--,--,--,--,--,--,-137.71,55.35,-71.54,-228.05,--,--,--,--,--,--,--,--,25.81,25.75,24.82,25.54,2179,2179,2179,2179,2179,2179,2179,2179,0,0,0,0,0,0,0,0,27.24,31.78,51.45,4.981,5.01,4.98,29994
2026-05-04 16:53:20.878,--,--,--,--,--,--,--,--,-137.71,55.36,-71.52,-228.05,--,--,--,--,--,--,--,--,25.81,25.75,24.82,25.54,2179,2179,2179,2179,2179,2179,2179,2179,0,0,0,0,0,0,0,0,27.24,31.78,51.45,4.981,4.98,4.98,29999
2026-05-04 16:53:20.964,--,--,--,--,--,--,--,--,-137.71,55.35,-71.52,-228.07,--,--,--,--,--,--,--,--,25.81,25.75,24.82,25.54,2179,2179,2179,2179,2179,2179,2179,2179,0,0,0,0,0,0,0,0,27.24,31.78,51.45,4.981,5.04,4.98,30004
2026-05-04 16:53:21.054,--,--,--,--,--,--,--,--,-137.72,55.35,-71.53,-228.07,--,--,--,--,--,--,--,--,25.81,25.75,24.82,25.54,2179,2179,2179,2179,2179,2179,2179,2179,0,0,0,0,0,0,0,0,27.24,31.78,51.45,4.981,5.01,4.98,30009
2026-05-04 16:53:21.147,--,--,--,--,--,--,--,--,-137.72,55.35,-71.52,-228.05,--,--,--,--,--,--,--,--,25.81,25.75,24.82,25.54,2179,2179,2179,2179,2179,2179,2179,2179,0,0,0,0,0,0,0,0,27.24,31.78,51.45,4.981,4.98,4.98,30014
2026-05-04 16:53:21.234,--,--,--,--,--,--,--,--,-137.71,55.36,-71.52,-228.05,--,--,--,--,--,--,--,--,25.81,25.75,24.82,25.54,2179,2179,2179,2179,2179,2179,2179,2179,0,0,0,0,0,0,0,0,27.24,31.78,51.45,4.981,4.98,4.98,30019
2026-05-04 16:53:21.320,--,--,--,--,--,--,--,--,-137.72,55.35,-71.52,-228.05,--,--,--,--,--,--,--,--,25.81,25.75,24.82,25.54,2179,2179,2179,2179,2179,2179,2179,2179,0,0,0,0,0,0,0,0,27.24,31.78,51.45,4.981,5.01,4.98,30024
2026-05-04 16:53:21.391,--,--,--,--,--,--,--,--,-137.72,55.36,-71.53,-228.05,--,--,--,--,--,--,--,--,25.81,25.75,24.82,25.54,2179,2179,2179,2179,2179,2179,2179,2179,0,0,0,0,0,0,0,0,27.24,31.78,51.45,4.981,5.04,4.98,30029
2026-05-04 16:53:21.479,--,--,--,--,--,--,--,--,-137.71,55.35,-71.53,-228.05,--,--,--,--,--,--,--,--,25.88,25.75,24.82,25.54,2179,2179,2179,2179,2179,2179,2179,2179,0,0,0,0,0,0,0,0,27.24,31.78,51.45,4.981,5.01,4.98,30034
2026-05-04 16:53:21.564,--,--,--,--,--,--,--,--,-137.71,55.36,-71.52,-228.05,--,--,--,--,--,--,--,--,25.81,25.75,24.82,25.54,2179,2179,2179,2179,2179,2179,2179,2179,0,0,0,0,0,0,0,0,27.24,31.78,51.45,4.981,4.98,4.98,30039
2026-05-04 16:53:21.653,--,--,--,--,--,--,--,--,-137.72,55.35,-71.53,-228.05,--,--,--,--,--,--,--,--,25.81,25.75,24.82,25.54,2179,2179,2179,2179,2179,2179,2179,2179,0,0,0,0,0,0,0,0,27.24,31.78,51.45,4.981,5.01,4.98,30044
2026-05-04 16:53:21.731,--,--,--,--,--,--,--,--,-137.72,55.35,-71.52,-228.05,--,--,--,--,--,--,--,--,25.81,25.68,24.82,25.54,2179,2179,2179,2179,2179,2179,2179,2179,0,0,0,0,0,0,0,0,27.24,31.78,51.45,4.981,5.01,5.01,30049
2026-05-04 16:53:21.850,--,--,--,--,--,--,--,--,-137.71,55.35,-71.52,-228.05,--,--,--,--,--,--,--,--,25.81,25.75,24.82,25.54,2179,2179,2179,2179,2179,2179,2179,2179,0,0,0,0,0,0,0,0,27.24,31.78,51.45,4.981,5.01,4.98,30054
2026-05-04 16:53:21.865,--,--,--,--,--,--,--,--,-137.72,55.35,-71.53,-228.05,--,--,--,--,--,--,--,--,25.81,25.75,24.82,25.54,2179,2179,2179,2179,2179,2179,2179,2179,0,0,0,0,0,0,0,0,27.24,31.78,52.20,4.981,5.04,5.01,30059
2026-05-04 16:53:21.897,--,--,--,--,--,--,--,--,-137.72,55.36,-71.52,-228.04,--,--,--,--,--,--,--,--,25.88,25.75,24.82,25.54,2179,2179,2179,2179,2179,2179,2179,2179,0,0,0,0,0,0,0,0,27.24,31.78,51.45,4.981,5.01,4.98,30064
2026-05-04 16:53:22.028,--,--,--,--,--,--,--,--,-137.71,55.34,-71.52,-228.04,--,--,--,--,--,--,--,--,25.81,25.75,24.82,25.61,1472,1472,1472,1472,1472,1472,1472,1472,0,0,0,0,0,0,0,0,27.24,31.78,51.45,4.981,5.01,4.98,32084
2026-05-04 16:53:22.114,--,--,--,--,--,--,--,--,-137.71,55.35,-71.53,-228.07,--,--,--,--,--,--,--,--,25.88,25.75,24.82,25.61,1472,1472,1472,1472,1472,1472,1472,1472,0,0,0,0,0,0,0,0,27.24,31.78,51.45,4.981,4.98,4.98,32089
2026-05-04 16:53:22.222,--,--,--,--,--,--,--,--,-137.72,55.35,-71.51,-228.05,--,--,--,--,--,--,--,--,25.88,25.75,24.82,25.61,1472,1472,1472,1472,1472,1472,1472,1472,0,0,0,0,0,0,0,0,27.24,31.78,51.45,4.981,5.04,4.98,32094
2026-05-04 16:53:22.307,--,--,--,--,--,--,--,--,-137.72,55.36,-71.51,-228.07,--,--,--,--,--,--,--,--,25.88,25.75,24.82,25.61,1472,1472,1472,1472,1472,1472,1472,1472,0,0,0,0,0,0,0,0,27.24,31.78,52.20,4.981,5.01,4.98,32099
2026-05-04 16:53:22.400,--,--,--,--,--,--,--,--,-137.71,55.35,-71.52,-228.05,--,--,--,--,--,--,--,--,25.88,25.75,24.82,25.61,1472,1472,1472,1472,1472,1472,1472,1472,0,0,0,0,0,0,0,0,27.24,31.78,51.45,4.981,5.01,4.98,32104
2026-05-04 16:53:22.485,--,--,--,--,--,--,--,--,-137.71,55.36,-71.52,-228.05,--,--,--,--,--,--,--,--,25.88,25.75,24.82,25.61,1472,1472,1472,1472,1472,1472,1472,1472,0,0,0,0,0,0,0,0,27.24,31.78,51.45,4.981,4.98,4.98,32109
2026-05-04 16:53:22.557,--,--,--,--,--,--,--,--,-137.72,55.36,-71.52,-228.05,--,--,--,--,--,--,--,--,25.88,25.75,24.82,25.61,1472,1472,1472,1472,1472,1472,1472,1472,0,0,0,0,0,0,0,0,27.24,31.78,52.20,4.981,5.04,4.98,32111
2026-05-04 16:53:22.576,--,--,--,--,--,--,--,--,-137.71,55.35,-71.52,-228.05,--,--,--,--,--,--,--,--,25.88,25.75,24.82,25.61,1472,1472,1472,1472,1472,1472,1472,1472,0,0,0,0,0,0,0,0,27.24,31.78,51.45,4.981,4.98,4.98,32112
2026-05-04 16:53:22.660,--,--,--,--,--,--,--,--,-137.71,55.35,-71.52,-228.05,--,--,--,--,--,--,--,--,25.88,25.75,24.82,25.61,1472,1472,1472,1472,1472,1472,1472,1472,0,0,0,0,0,0,0,0,27.24,31.78,52.20,4.981,5.01,4.98,32117
2026-05-04 16:53:22.745,--,--,--,--,--,--,--,--,-137.71,55.36,-71.52,-228.05,--,--,--,--,--,--,--,--,25.88,25.75,24.82,25.61,1472,1472,1472,1472,1472,1472,1472,1472,0,0,0,0,0,0,0,0,27.24,31.78,51.45,4.981,5.01,4.98,32122
2026-05-04 16:53:22.811,--,--,--,--,--,--,--,--,-137.72,55.36,-71.53,-228.07,--,--,--,--,--,--,--,--,25.88,25.75,24.82,25.61,1472,1472,1472,1472,1472,1472,1472,1472,0,0,0,0,0,0,0,0,27.24,31.78,51.45,4.981,5.04,4.98,32127
2026-05-04 16:53:22.900,--,--,--,--,--,--,--,--,-137.71,55.35,-71.52,-228.05,--,--,--,--,--,--,--,--,25.88,25.75,24.82,25.61,1472,1472,1472,1472,1472,1472,1472,1472,0,0,0,0,0,0,0,0,27.24,31.78,51.45,4.981,5.01,4.98,32132
2026-05-04 16:53:22.987,--,--,--,--,--,--,--,--,-137.72,55.36,-71.52,-228.07,--,--,--,--,--,--,--,--,25.88,25.75,24.82,25.61,1472,1472,1472,1472,1472,1472,1472,1472,0,0,0,0,0,0,0,0,27.24,31.78,52.20,4.981,5.01,4.98,32137
2026-05-04 16:53:23.055,--,--,--,--,--,--,--,--,-137.70,55.35,-71.52,-228.05,--,--,--,--,--,--,--,--,25.88,25.75,24.82,25.61,1472,1472,1472,1472,1472,1472,1472,1472,0,0,0,0,0,0,0,0,27.24,31.78,52.20,4.981,5.04,4.98,32142
2026-05-04 16:53:23.145,--,--,--,--,--,--,--,--,-137.71,55.36,-71.52,-228.05,--,--,--,--,--,--,--,--,25.88,25.75,24.82,25.61,1472,1472,1472,1472,1472,1472,1472,1472,0,0,0,0,0,0,0,0,27.24,31.78,51.45,4.981,5.01,4.98,32147
2026-05-04 16:53:23.231,--,--,--,--,--,--,--,--,-137.70,55.36,-71.52,-228.05,--,--,--,--,--,--,--,--,25.88,25.75,24.82,25.61,1472,1472,1472,1472,1472,1472,1472,1472,0,0,0,0,0,0,0,0,27.24,31.78,51.45,4.981,5.04,4.98,32152
2026-05-04 16:53:23.334,--,--,--,--,--,--,--,--,-137.71,55.35,-71.52,-228.05,--,--,--,--,--,--,--,--,25.88,25.75,24.82,25.61,1472,1472,1472,1472,1472,1472,1472,1472,0,0,0,0,0,0,0,0,27.24,31.78,51.45,4.981,5.01,4.98,32157
2026-05-04 16:53:23.421,--,--,--,--,--,--,--,--,-137.70,55.35,-71.52,-228.05,--,--,--,--,--,--,--,--,25.88,25.75,24.82,25.61,1472,1472,1472,1472,1472,1472,1472,1472,0,0,0,0,0,0,0,0,27.24,31.78,51.45,4.981,5.01,4.98,32162
2026-05-04 16:53:23.556,--,--,--,--,--,--,--,--,-137.72,55.35,-71.53,-228.05,--,--,--,--,--,--,--,--,25.88,25.75,24.82,25.61,1472,1472,1472,1472,1472,1472,1472,1472,0,0,0,0,0,0,0,0,27.24,31.78,51.45,4.981,4.98,5.01,32167
2026-05-04 16:53:23.644,--,--,--,--,--,--,--,--,-137.72,55.35,-71.52,-228.07,--,--,--,--,--,--,--,--,25.88,25.75,24.82,25.61,1472,1472,1472,1472,1472,1472,1472,1472,0,0,0,0,0,0,0,0,27.24,31.78,51.45,4.981,5.04,4.98,32172
2026-05-04 16:53:23.730,--,--,--,--,--,--,--,--,-137.72,55.36,-71.52,-228.05,--,--,--,--,--,--,--,--,25.88,25.75,24.82,25.61,1472,1472,1472,1472,1472,1472,1472,1472,0,0,0,0,0,0,0,0,27.24,31.78,51.45,4.981,5.01,4.98,32177
2026-05-04 16:53:23.816,--,--,--,--,--,--,--,--,-137.71,55.36,-71.52,-228.05,--,--,--,--,--,--,--,--,25.88,25.75,24.82,25.61,1472,1472,1472,1472,1472,1472,1472,1472,0,0,0,0,0,0,0,0,27.24,31.78,51.45,4.981,5.01,5.01,32182
2026-05-04 16:53:23.920,--,--,--,--,--,--,--,--,-137.71,55.35,-71.52,-228.05,--,--,--,--,--,--,--,--,25.88,25.75,24.82,25.61,1472,1472,1472,1472,1472,1472,1472,1472,0,0,0,0,0,0,0,0,27.24,31.78,51.45,4.981,5.01,4.98,32187
2026-05-04 16:53:24.076,--,--,--,--,--,--,--,--,-137.71,55.35,-71.52,-228.05,--,--,--,--,--,--,--,--,25.88,25.75,24.82,25.61,1472,1472,1472,1472,1472,1472,1472,1472,0,0,0,0,0,0,0,0,27.24,31.78,51.45,4.981,5.01,4.98,32192
2026-05-04 16:53:24.167,--,--,--,--,--,--,--,--,-137.70,55.36,-71.52,-228.05,--,--,--,--,--,--,--,--,25.88,25.75,24.82,25.61,1472,1472,1472,1472,1472,1472,1472,1472,0,0,0,0,0,0,0,0,27.24,31.78,51.45,4.981,4.98,5.01,32197
2026-05-04 16:53:24.212,--,--,--,--,--,--,--,--,-137.72,55.35,-71.53,-228.07,--,--,--,--,--,--,--,--,25.88,25.75,24.82,25.61,1472,1472,1472,1472,1472,1472,1472,1472,0,0,0,0,0,0,0,0,27.24,31.02,51.45,4.981,5.04,4.98,32202
2026-05-04 16:53:24.248,--,--,--,--,--,--,--,--,-137.70,55.35,-71.53,-228.07,--,--,--,--,--,--,--,--,25.88,25.75,24.82,25.61,1472,1472,1472,1472,1472,1472,1472,1472,0,0,0,0,0,0,0,0,27.24,31.78,52.20,4.981,5.01,4.98,32207
2026-05-04 16:53:24.303,--,--,--,--,--,--,--,--,-137.71,55.36,-71.52,-228.07,--,--,--,--,--,--,--,--,25.88,25.75,24.82,25.61,1415,1415,1415,1415,1415,1415,1415,1415,0,0,0,0,0,0,0,0,27.24,31.78,51.45,4.981,5.01,4.98,34199
2026-05-04 16:53:24.399,--,--,--,--,--,--,--,--,-137.72,55.35,-71.52,-228.05,--,--,--,--,--,--,--,--,25.88,25.75,24.82,25.61,1415,1415,1415,1415,1415,1415,1415,1415,0,0,0,0,0,0,0,0,27.24,31.78,51.45,4.981,5.01,4.98,34204
2026-05-04 16:53:24.510,--,--,--,--,--,--,--,--,-137.70,55.35,-71.52,-228.05,--,--,--,--,--,--,--,--,25.88,25.75,24.82,25.61,1415,1415,1415,1415,1415,1415,1415,1415,0,0,0,0,0,0,0,0,27.24,31.78,51.45,4.981,4.98,4.98,34209
2026-05-04 16:53:24.594,--,--,--,--,--,--,--,--,-137.71,55.35,-71.53,-228.05,--,--,--,--,--,--,--,--,25.88,25.75,24.82,25.61,1415,1415,1415,1415,1415,1415,1415,1415,0,0,0,0,0,0,0,0,27.24,31.78,51.45,4.981,5.04,5.01,34214
2026-05-04 16:53:24.682,--,--,--,--,--,--,--,--,-137.72,55.36,-71.53,-228.05,--,--,--,--,--,--,--,--,25.88,25.75,24.82,25.61,1415,1415,1415,1415,1415,1415,1415,1415,0,0,0,0,0,0,0,0,27.24,31.78,51.45,4.981,5.01,4.98,34217
2026-05-04 16:53:24.699,--,--,--,--,--,--,--,--,-137.72,55.35,-71.52,-228.05,--,--,--,--,--,--,--,--,25.88,25.75,24.82,25.61,1415,1415,1415,1415,1415,1415,1415,1415,0,0,0,0,0,0,0,0,27.24,31.78,51.45,4.981,5.01,4.98,34218
2026-05-04 16:53:24.784,--,--,--,--,--,--,--,--,-137.71,55.36,-71.52,-228.05,--,--,--,--,--,--,--,--,25.88,25.75,24.82,25.61,1415,1415,1415,1415,1415,1415,1415,1415,0,0,0,0,0,0,0,0,27.24,31.78,51.45,4.981,4.95,4.98,34223
2026-05-04 16:53:24.850,--,--,--,--,--,--,--,--,-137.72,55.36,-71.53,-228.05,--,--,--,--,--,--,--,--,25.88,25.75,24.82,25.61,1415,1415,1415,1415,1415,1415,1415,1415,0,0,0,0,0,0,0,0,27.24,31.78,51.45,4.981,4.98,4.98,34226
2026-05-04 16:53:24.887,--,--,--,--,--,--,--,--,-137.72,55.36,-71.52,-228.05,--,--,--,--,--,--,--,--,25.88,25.75,24.82,25.61,1415,1415,1415,1415,1415,1415,1415,1415,0,0,0,0,0,0,0,0,27.24,31.78,51.45,4.981,4.98,5.01,34227
2026-05-04 16:53:25.003,--,--,--,--,--,--,--,--,-137.71,55.35,-71.52,-228.05,--,--,--,--,--,--,--,--,25.88,25.75,24.82,25.61,1415,1415,1415,1415,1415,1415,1415,1415,0,0,0,0,0,0,0,0,27.24,31.78,52.20,4.981,5.01,5.01,34232
2026-05-04 16:53:25.085,--,--,--,--,--,--,--,--,-137.72,55.35,-71.52,-228.05,--,--,--,--,--,--,--,--,25.88,25.75,24.82,25.61,1415,1415,1415,1415,1415,1415,1415,1415,0,0,0,0,0,0,0,0,27.24,31.78,51.45,4.981,5.01,4.98,34237
2026-05-04 16:53:25.171,--,--,--,--,--,--,--,--,-137.72,55.35,-71.52,-228.05,--,--,--,--,--,--,--,--,25.88,25.75,24.82,25.61,1415,1415,1415,1415,1415,1415,1415,1415,0,0,0,0,0,0,0,0,27.24,31.78,51.45,4.981,5.01,4.98,34242
2026-05-04 16:53:25.264,--,--,--,--,--,--,--,--,-137.71,55.35,-71.52,-228.05,--,--,--,--,--,--,--,--,25.88,25.75,24.82,25.61,1415,1415,1415,1415,1415,1415,1415,1415,0,0,0,0,0,0,0,0,27.24,31.78,51.45,4.981,5.01,4.98,34247
2026-05-04 16:53:25.379,--,--,--,--,--,--,--,--,-137.71,55.36,-71.52,-228.05,--,--,--,--,--,--,--,--,25.88,25.75,24.82,25.61,1415,1415,1415,1415,1415,1415,1415,1415,0,0,0,0,0,0,0,0,27.24,31.78,52.20,4.981,4.98,4.98,34252
2026-05-04 16:53:25.467,--,--,--,--,--,--,--,--,-137.70,55.35,-71.52,-228.05,--,--,--,--,--,--,--,--,25.88,25.75,24.82,25.61,1415,1415,1415,1415,1415,1415,1415,1415,0,0,0,0,0,0,0,0,27.24,31.78,51.45,4.981,4.98,5.01,34257
2026-05-04 16:53:25.567,--,--,--,--,--,--,--,--,-137.72,55.36,-71.52,-228.05,--,--,--,--,--,--,--,--,25.88,25.75,24.82,25.61,1415,1415,1415,1415,1415,1415,1415,1415,0,0,0,0,0,0,0,0,27.24,31.78,51.45,4.981,5.01,5.01,34262
2026-05-04 16:53:25.651,--,--,--,--,--,--,--,--,-137.72,55.36,-71.52,-228.05,--,--,--,--,--,--,--,--,25.88,25.75,24.82,25.61,1415,1415,1415,1415,1415,1415,1415,1415,0,0,0,0,0,0,0,0,27.24,31.78,52.20,4.981,4.98,5.01,34267
2026-05-04 16:53:25.735,--,--,--,--,--,--,--,--,-137.71,55.36,-71.52,-228.05,--,--,--,--,--,--,--,--,25.88,25.75,24.82,25.61,1415,1415,1415,1415,1415,1415,1415,1415,0,0,0,0,0,0,0,0,27.24,31.78,51.45,4.981,5.01,4.98,34272
2026-05-04 16:53:25.839,--,--,--,--,--,--,--,--,-137.70,55.36,-71.52,-228.05,--,--,--,--,--,--,--,--,25.88,25.75,24.82,25.61,1415,1415,1415,1415,1415,1415,1415,1415,0,0,0,0,0,0,0,0,27.24,31.78,51.45,4.981,5.01,4.98,34277
2026-05-04 16:53:25.952,--,--,--,--,--,--,--,--,-137.70,55.35,-71.52,-228.05,--,--,--,--,--,--,--,--,25.88,25.75,24.82,25.61,1415,1415,1415,1415,1415,1415,1415,1415,0,0,0,0,0,0,0,0,27.24,31.78,51.45,4.981,5.01,4.98,34282
2026-05-04 16:53:26.002,--,--,--,--,--,--,--,--,-137.71,55.36,-71.52,-228.05,--,--,--,--,--,--,--,--,25.88,25.75,24.82,25.61,1415,1415,1415,1415,1415,1415,1415,1415,0,0,0,0,0,0,0,0,27.24,31.78,51.45,4.981,5.01,4.98,34287
2026-05-04 16:53:26.064,--,--,--,--,--,--,--,--,-137.71,55.36,-71.51,-228.05,--,--,--,--,--,--,--,--,25.88,25.75,24.82,25.61,1415,1415,1415,1415,1415,1415,1415,1415,0,0,0,0,0,0,0,0,27.24,31.78,51.45,4.981,5.04,4.98,34292
2026-05-04 16:53:26.165,--,--,--,--,--,--,--,--,-137.71,55.35,-71.52,-228.05,--,--,--,--,--,--,--,--,25.88,25.75,24.82,25.61,1415,1415,1415,1415,1415,1415,1415,1415,0,0,0,0,0,0,0,0,27.24,31.78,51.45,4.981,5.01,4.98,34297
2026-05-04 16:53:26.285,--,--,--,--,--,--,--,--,-137.70,55.35,-71.52,-228.05,--,--,--,--,--,--,--,--,25.88,25.75,24.82,25.61,1415,1415,1415,1415,1415,1415,1415,1415,0,0,0,0,0,0,0,0,27.24,31.78,51.45,4.981,5.01,5.01,34302
2026-05-04 16:53:26.386,--,--,--,--,--,--,--,--,-137.70,55.36,-71.52,-228.05,--,--,--,--,--,--,--,--,25.88,25.75,24.82,25.61,1415,1415,1415,1415,1415,1415,1415,1415,0,0,0,0,0,0,0,0,27.24,31.78,51.45,4.981,5.01,4.98,34307
2026-05-04 16:53:26.484,--,--,--,--,--,--,--,--,-137.72,55.34,-71.52,-228.05,--,--,--,--,--,--,--,--,25.88,25.75,24.82,25.61,1415,1415,1415,1415,1415,1415,1415,1415,0,0,0,0,0,0,0,0,27.24,31.78,51.45,4.981,4.98,4.98,34312
2026-05-04 16:53:26.578,--,--,--,--,--,--,--,--,-137.71,55.36,-71.52,-228.07,--,--,--,--,--,--,--,--,25.88,25.75,24.82,25.61,1415,1415,1415,1415,1415,1415,1415,1415,0,0,0,0,0,0,0,0,27.24,31.78,51.45,4.981,5.01,4.98,34317
2026-05-04 16:53:26.678,--,--,--,--,--,--,--,--,-137.71,55.35,-71.53,-228.05,--,--,--,--,--,--,--,--,25.88,25.75,24.82,25.61,1415,1415,1415,1415,1415,1415,1415,1415,0,0,0,0,0,0,0,0,27.24,31.78,52.20,4.981,4.98,5.01,34322
2026-05-04 16:53:26.809,--,--,--,--,--,--,--,--,-137.72,55.36,-71.52,-228.05,--,--,--,--,--,--,--,--,25.88,25.75,24.82,25.61,1462,1462,1462,1462,1462,1462,1462,1462,0,0,0,0,0,0,0,0,27.24,31.78,51.45,4.981,5.01,5.01,36314
2026-05-04 16:53:26.903,--,--,--,--,--,--,--,--,-137.72,55.35,-71.52,-228.05,--,--,--,--,--,--,--,--,25.88,25.75,24.82,25.61,1462,1462,1462,1462,1462,1462,1462,1462,0,0,0,0,0,0,0,0,27.24,31.78,51.45,4.981,5.01,4.98,36319
2026-05-04 16:53:26.960,--,--,--,--,--,--,--,--,-137.71,55.34,-71.52,-228.05,--,--,--,--,--,--,--,--,25.88,25.75,24.82,25.61,1462,1462,1462,1462,1462,1462,1462,1462,0,0,0,0,0,0,0,0,27.24,31.78,51.45,4.981,5.01,4.98,36324
2026-05-04 16:53:27.050,--,--,--,--,--,--,--,--,-137.70,55.36,-71.52,-228.05,--,--,--,--,--,--,--,--,25.88,25.75,24.82,25.61,1462,1462,1462,1462,1462,1462,1462,1462,0,0,0,0,0,0,0,0,27.24,31.02,51.45,4.981,5.01,4.98,36329
2026-05-04 16:53:27.151,--,--,--,--,--,--,--,--,-137.71,55.36,-71.52,-228.04,--,--,--,--,--,--,--,--,25.88,25.75,24.82,25.61,1462,1462,1462,1462,1462,1462,1462,1462,0,0,0,0,0,0,0,0,27.24,31.78,51.45,4.981,4.95,4.98,36334
2026-05-04 16:53:27.237,--,--,--,--,--,--,--,--,-137.70,55.36,-71.52,-228.05,--,--,--,--,--,--,--,--,25.88,25.75,24.82,25.61,1462,1462,1462,1462,1462,1462,1462,1462,0,0,0,0,0,0,0,0,27.24,31.02,51.45,4.981,4.98,4.98,36339
2026-05-04 16:53:27.332,--,--,--,--,--,--,--,--,-137.72,55.35,-71.52,-228.05,--,--,--,--,--,--,--,--,25.88,25.75,24.82,25.61,1462,1462,1462,1462,1462,1462,1462,1462,0,0,0,0,0,0,0,0,27.24,31.02,51.45,4.981,5.01,4.98,36344
2026-05-04 16:53:27.421,--,--,--,--,--,--,--,--,-137.71,55.36,-71.52,-228.05,--,--,--,--,--,--,--,--,25.88,25.75,24.82,25.61,1462,1462,1462,1462,1462,1462,1462,1462,0,0,0,0,0,0,0,0,27.24,31.78,51.45,4.981,4.98,4.98,36349
2026-05-04 16:53:27.513,--,--,--,--,--,--,--,--,-137.72,55.35,-71.52,-228.05,--,--,--,--,--,--,--,--,25.88,25.75,24.82,25.61,1462,1462,1462,1462,1462,1462,1462,1462,0,0,0,0,0,0,0,0,27.24,31.78,51.45,4.981,5.04,4.98,36354
2026-05-04 16:53:27.601,--,--,--,--,--,--,--,--,-137.70,55.35,-71.52,-228.05,--,--,--,--,--,--,--,--,25.88,25.75,24.82,25.61,1462,1462,1462,1462,1462,1462,1462,1462,0,0,0,0,0,0,0,0,27.24,31.78,51.45,4.981,5.01,4.98,36359
2026-05-04 16:53:27.671,--,--,--,--,--,--,--,--,-137.69,55.34,-71.52,-228.05,--,--,--,--,--,--,--,--,25.88,25.75,24.82,25.61,1462,1462,1462,1462,1462,1462,1462,1462,0,0,0,0,0,0,0,0,27.24,31.78,51.45,4.981,5.01,4.98,36364
2026-05-04 16:53:27.764,--,--,--,--,--,--,--,--,-137.70,55.35,-71.52,-228.05,--,--,--,--,--,--,--,--,25.88,25.75,24.82,25.61,1462,1462,1462,1462,1462,1462,1462,1462,0,0,0,0,0,0,0,0,27.24,31.78,51.45,4.981,4.98,4.98,36369
2026-05-04 16:53:27.842,--,--,--,--,--,--,--,--,-137.71,55.35,-71.52,-228.05,--,--,--,--,--,--,--,--,25.88,25.75,24.82,25.61,1462,1462,1462,1462,1462,1462,1462,1462,0,0,0,0,0,0,0,0,27.24,31.78,51.45,4.981,4.95,4.98,36374
2026-05-04 16:53:27.894,--,--,--,--,--,--,--,--,-137.70,55.35,-71.52,-228.05,--,--,--,--,--,--,--,--,25.88,25.75,24.82,25.61,1462,1462,1462,1462,1462,1462,1462,1462,0,0,0,0,0,0,0,0,27.24,31.02,51.45,4.981,5.04,4.98,36379
2026-05-04 16:53:27.925,--,--,--,--,--,--,--,--,-137.71,55.36,-71.52,-228.05,--,--,--,--,--,--,--,--,25.88,25.75,24.82,25.61,1462,1462,1462,1462,1462,1462,1462,1462,0,0,0,0,0,0,0,0,27.24,31.78,51.45,4.981,5.04,4.98,36384
2026-05-04 16:53:28.042,--,--,--,--,--,--,--,--,-137.72,55.35,-71.52,-228.05,--,--,--,--,--,--,--,--,25.88,25.75,24.82,25.61,1462,1462,1462,1462,1462,1462,1462,1462,0,0,0,0,0,0,0,0,27.24,31.78,51.45,4.981,5.04,4.98,36389
2026-05-04 16:53:28.130,--,--,--,--,--,--,--,--,-137.70,55.34,-71.52,-228.05,--,--,--,--,--,--,--,--,25.88,25.75,24.82,25.61,1462,1462,1462,1462,1462,1462,1462,1462,0,0,0,0,0,0,0,0,27.24,31.78,51.45,4.981,4.98,4.98,36394
2026-05-04 16:53:28.223,--,--,--,--,--,--,--,--,-137.72,55.36,-71.52,-228.05,--,--,--,--,--,--,--,--,25.88,25.75,24.82,25.61,1462,1462,1462,1462,1462,1462,1462,1462,0,0,0,0,0,0,0,0,27.24,31.02,51.45,4.981,5.01,4.98,36399
2026-05-04 16:53:28.311,--,--,--,--,--,--,--,--,-137.72,55.36,-71.52,-228.07,--,--,--,--,--,--,--,--,25.88,25.75,24.82,25.61,1462,1462,1462,1462,1462,1462,1462,1462,0,0,0,0,0,0,0,0,27.24,31.78,52.20,4.981,4.98,4.98,36404
2026-05-04 16:53:28.399,--,--,--,--,--,--,--,--,-137.72,55.36,-71.52,-228.05,--,--,--,--,--,--,--,--,25.88,25.75,24.82,25.68,1462,1462,1462,1462,1462,1462,1462,1462,0,0,0,0,0,0,0,0,27.24,31.78,51.45,4.981,4.98,4.98,36409
2026-05-04 16:53:28.471,--,--,--,--,--,--,--,--,-137.70,55.35,-71.52,-228.05,--,--,--,--,--,--,--,--,25.88,25.75,24.82,25.68,1459,1459,1459,1459,1459,1459,1459,1459,0,0,0,0,0,0,0,0,27.24,31.78,51.45,4.981,5.01,5.01,37883
2026-05-04 16:53:28.603,--,--,--,--,--,--,--,--,-137.72,55.35,-71.52,-228.05,--,--,--,--,--,--,--,--,25.88,25.75,24.82,25.68,1459,1459,1459,1459,1459,1459,1459,1459,0,0,0,0,0,0,0,0,27.24,31.78,51.45,4.981,5.01,4.98,37888
2026-05-04 16:53:28.696,--,--,--,--,--,--,--,--,-137.71,55.35,-71.52,-228.05,--,--,--,--,--,--,--,--,25.88,25.75,24.82,25.68,1459,1459,1459,1459,1459,1459,1459,1459,0,0,0,0,0,0,0,0,27.24,31.78,51.45,4.981,4.98,5.01,37893
2026-05-04 16:53:28.785,--,--,--,--,--,--,--,--,-137.70,55.35,-71.52,-228.05,--,--,--,--,--,--,--,--,25.88,25.75,24.89,25.68,1459,1459,1459,1459,1459,1459,1459,1459,0,0,0,0,0,0,0,0,27.24,31.78,51.45,4.981,5.04,4.98,37898
2026-05-04 16:53:28.872,--,--,--,--,--,--,--,--,-137.71,55.35,-71.52,-228.07,--,--,--,--,--,--,--,--,25.88,25.75,24.82,25.68,1459,1459,1459,1459,1459,1459,1459,1459,0,0,0,0,0,0,0,0,27.24,31.78,51.45,4.981,4.98,4.98,37903
2026-05-04 16:53:28.936,--,--,--,--,--,--,--,--,-137.71,55.36,-71.53,-228.05,--,--,--,--,--,--,--,--,25.88,25.75,24.82,25.68,1459,1459,1459,1459,1459,1459,1459,1459,0,0,0,0,0,0,0,0,27.24,31.78,51.45,4.981,5.04,5.01,37908
2026-05-04 16:53:29.024,--,--,--,--,--,--,--,--,-137.71,55.35,-71.52,-228.07,--,--,--,--,--,--,--,--,25.88,25.75,24.82,25.68,1459,1459,1459,1459,1459,1459,1459,1459,0,0,0,0,0,0,0,0,27.24,31.78,51.45,4.981,4.98,4.98,37913
2026-05-04 16:53:29.114,--,--,--,--,--,--,--,--,-137.70,55.35,-71.52,-228.05,--,--,--,--,--,--,--,--,25.88,25.75,24.82,25.68,1459,1459,1459,1459,1459,1459,1459,1459,0,0,0,0,0,0,0,0,27.24,31.78,52.20,4.981,5.01,4.98,37918
2026-05-04 16:53:29.183,--,--,--,--,--,--,--,--,-137.71,55.36,-71.53,-228.07,--,--,--,--,--,--,--,--,25.88,25.75,24.82,25.68,1459,1459,1459,1459,1459,1459,1459,1459,0,0,0,0,0,0,0,0,27.24,31.78,51.45,4.981,5.04,4.98,37923
2026-05-04 16:53:29.274,--,--,--,--,--,--,--,--,-137.72,55.35,-71.53,-228.05,--,--,--,--,--,--,--,--,25.88,25.75,24.82,25.68,1459,1459,1459,1459,1459,1459,1459,1459,0,0,0,0,0,0,0,0,27.24,31.78,51.45,4.981,5.01,4.98,37928
2026-05-04 16:53:29.360,--,--,--,--,--,--,--,--,-137.71,55.36,-71.52,-228.05,--,--,--,--,--,--,--,--,25.88,25.75,24.89,25.68,1459,1459,1459,1459,1459,1459,1459,1459,0,0,0,0,0,0,0,0,27.24,31.78,51.45,4.981,5.01,4.98,37933
2026-05-04 16:53:29.446,--,--,--,--,--,--,--,--,-137.71,55.35,-71.52,-228.05,--,--,--,--,--,--,--,--,25.88,25.75,24.82,25.68,1459,1459,1459,1459,1459,1459,1459,1459,0,0,0,0,0,0,0,0,27.24,31.78,51.45,4.981,5.04,4.98,37938
2026-05-04 16:53:29.496,--,--,--,--,--,--,--,--,-137.72,55.35,-71.51,-228.05,--,--,--,--,--,--,--,--,25.88,25.75,24.82,25.68,1459,1459,1459,1459,1459,1459,1459,1459,0,0,0,0,0,0,0,0,27.24,31.78,51.45,4.981,4.95,5.01,37943
2026-05-04 16:53:29.584,--,--,--,--,--,--,--,--,-137.72,55.36,-71.52,-228.05,--,--,--,--,--,--,--,--,25.88,25.75,24.82,25.68,1459,1459,1459,1459,1459,1459,1459,1459,0,0,0,0,0,0,0,0,27.24,31.78,51.45,4.981,5.01,4.98,37948
2026-05-04 16:53:29.676,--,--,--,--,--,--,--,--,-137.72,55.36,-71.52,-228.05,--,--,--,--,--,--,--,--,25.88,25.75,24.82,25.68,1459,1459,1459,1459,1459,1459,1459,1459,0,0,0,0,0,0,0,0,27.24,31.02,51.45,4.981,5.01,4.98,37953
2026-05-04 16:53:29.772,--,--,--,--,--,--,--,--,-137.72,55.36,-71.52,-228.05,--,--,--,--,--,--,--,--,25.88,25.75,24.82,25.68,1459,1459,1459,1459,1459,1459,1459,1459,0,0,0,0,0,0,0,0,27.24,31.78,51.45,4.981,4.98,4.98,37958
2026-05-04 16:53:29.839,--,--,--,--,--,--,--,--,-137.72,55.35,-71.52,-228.05,--,--,--,--,--,--,--,--,25.88,25.75,24.82,25.68,1459,1459,1459,1459,1459,1459,1459,1459,0,0,0,0,0,0,0,0,27.24,31.78,51.45,4.981,5.04,4.98,37963
2026-05-04 16:53:29.987,--,--,--,--,--,--,--,--,-137.71,55.35,-71.52,-228.05,--,--,--,--,--,--,--,--,25.88,25.75,24.89,25.68,1459,1459,1459,1459,1459,1459,1459,1459,0,0,0,0,0,0,0,0,27.24,31.78,52.20,4.981,5.04,4.98,37968
2026-05-04 16:53:30.060,--,--,--,--,--,--,--,--,-137.72,55.36,-71.52,-228.05,--,--,--,--,--,--,--,--,25.88,25.75,24.89,25.68,1459,1459,1459,1459,1459,1459,1459,1459,0,0,0,0,0,0,0,0,27.24,31.78,51.45,4.981,4.98,4.98,37973
2026-05-04 16:53:30.078,--,--,--,--,--,--,--,--,-137.72,55.35,-71.52,-228.05,--,--,--,--,--,--,--,--,25.88,25.75,24.82,25.68,1459,1459,1459,1459,1459,1459,1459,1459,0,0,0,0,0,0,0,0,27.24,31.78,51.45,4.981,5.01,5.01,37978
2026-05-04 16:53:30.098,--,--,--,--,--,--,--,--,-137.72,55.36,-71.52,-228.04,--,--,--,--,--,--,--,--,25.88,25.75,24.89,25.68,1500,1500,1500,1500,1500,1500,1500,1500,0,0,0,0,0,0,0,0,27.24,31.78,51.45,4.981,4.98,5.01,39587
2026-05-04 16:53:30.155,--,--,--,--,--,--,--,--,-137.72,55.35,-71.53,-228.05,--,--,--,--,--,--,--,--,25.95,25.75,24.89,25.68,1500,1500,1500,1500,1500,1500,1500,1500,0,0,0,0,0,0,0,0,27.24,31.78,52.20,4.981,5.04,4.98,39592
2026-05-04 16:53:30.203,--,--,--,--,--,--,--,--,-137.70,55.35,-71.52,-228.05,--,--,--,--,--,--,--,--,25.88,25.75,24.89,25.68,1500,1500,1500,1500,1500,1500,1500,1500,0,0,0,0,0,0,0,0,27.24,31.78,51.45,4.981,5.01,4.98,39595
2026-05-04 16:53:30.272,--,--,--,--,--,--,--,--,-137.71,55.35,-71.53,-228.05,--,--,--,--,--,--,--,--,25.95,25.75,24.89,25.68,1500,1500,1500,1500,1500,1500,1500,1500,0,0,0,0,0,0,0,0,27.24,31.78,51.45,4.981,5.04,4.98,39596
2026-05-04 16:53:30.367,--,--,--,--,--,--,--,--,-137.72,55.35,-71.52,-228.05,--,--,--,--,--,--,--,--,25.88,25.75,24.82,25.68,1500,1500,1500,1500,1500,1500,1500,1500,0,0,0,0,0,0,0,0,27.24,31.78,51.45,4.981,5.04,4.98,39601
2026-05-04 16:53:30.448,--,--,--,--,--,--,--,--,-137.71,55.36,-71.51,-228.05,--,--,--,--,--,--,--,--,25.95,25.75,24.89,25.68,1500,1500,1500,1500,1500,1500,1500,1500,0,0,0,0,0,0,0,0,27.24,31.78,51.45,4.981,5.01,4.98,39606
2026-05-04 16:53:30.537,--,--,--,--,--,--,--,--,-137.70,55.35,-71.53,-228.05,--,--,--,--,--,--,--,--,25.88,25.75,24.82,25.68,1500,1500,1500,1500,1500,1500,1500,1500,0,0,0,0,0,0,0,0,27.24,31.78,52.20,4.981,5.04,4.98,39611
2026-05-04 16:53:30.634,--,--,--,--,--,--,--,--,-137.71,55.35,-71.52,-228.05,--,--,--,--,--,--,--,--,25.88,25.75,24.89,25.68,1500,1500,1500,1500,1500,1500,1500,1500,0,0,0,0,0,0,0,0,27.24,31.78,51.45,4.981,5.04,4.98,39616
2026-05-04 16:53:30.725,--,--,--,--,--,--,--,--,-137.71,55.35,-71.53,-228.05,--,--,--,--,--,--,--,--,25.88,25.75,24.89,25.68,1500,1500,1500,1500,1500,1500,1500,1500,0,0,0,0,0,0,0,0,27.24,31.78,51.45,4.981,5.01,4.98,39621
2026-05-04 16:53:30.810,--,--,--,--,--,--,--,--,-137.71,55.35,-71.52,-228.05,--,--,--,--,--,--,--,--,25.88,25.75,24.89,25.68,1500,1500,1500,1500,1500,1500,1500,1500,0,0,0,0,0,0,0,0,27.24,31.78,51.45,4.981,5.01,4.98,39626
2026-05-04 16:53:30.899,--,--,--,--,--,--,--,--,-137.72,55.35,-71.52,-228.05,--,--,--,--,--,--,--,--,25.88,25.75,24.89,25.68,1500,1500,1500,1500,1500,1500,1500,1500,0,0,0,0,0,0,0,0,27.24,31.78,51.45,4.981,5.01,5.01,39631
2026-05-04 16:53:30.984,--,--,--,--,--,--,--,--,-137.70,55.34,-71.53,-228.05,--,--,--,--,--,--,--,--,25.95,25.75,24.89,25.68,1500,1500,1500,1500,1500,1500,1500,1500,0,0,0,0,0,0,0,0,27.24,31.78,51.45,4.981,5.01,4.98,39636
2026-05-04 16:53:31.070,--,--,--,--,--,--,--,--,-137.71,55.34,-71.52,-228.05,--,--,--,--,--,--,--,--,25.88,25.75,24.89,25.68,1500,1500,1500,1500,1500,1500,1500,1500,0,0,0,0,0,0,0,0,27.24,31.78,52.20,4.981,5.01,4.98,39641
2026-05-04 16:53:31.156,--,--,--,--,--,--,--,--,-137.72,55.36,-71.52,-228.07,--,--,--,--,--,--,--,--,25.88,25.75,24.89,25.68,1500,1500,1500,1500,1500,1500,1500,1500,0,0,0,0,0,0,0,0,27.24,31.78,52.20,4.981,5.01,4.98,39646
2026-05-04 16:53:31.243,--,--,--,--,--,--,--,--,-137.70,55.36,-71.53,-228.05,--,--,--,--,--,--,--,--,25.88,25.75,24.89,25.68,1500,1500,1500,1500,1500,1500,1500,1500,0,0,0,0,0,0,0,0,27.24,31.02,51.45,4.981,4.98,4.98,39651
2026-05-04 16:53:31.329,--,--,--,--,--,--,--,--,-137.71,55.36,-71.51,-228.05,--,--,--,--,--,--,--,--,25.88,25.75,24.89,25.68,1500,1500,1500,1500,1500,1500,1500,1500,0,0,0,0,0,0,0,0,27.24,31.78,51.45,4.981,4.98,4.98,39656
2026-05-04 16:53:31.415,--,--,--,--,--,--,--,--,-137.70,55.36,-71.52,-228.05,--,--,--,--,--,--,--,--,25.88,25.75,24.82,25.68,1500,1500,1500,1500,1500,1500,1500,1500,0,0,0,0,0,0,0,0,27.24,31.78,51.45,4.981,5.01,5.01,39661
2026-05-04 16:53:31.501,--,--,--,--,--,--,--,--,-137.71,55.35,-71.52,-228.05,--,--,--,--,--,--,--,--,25.95,25.75,24.89,25.68,1500,1500,1500,1500,1500,1500,1500,1500,0,0,0,0,0,0,0,0,27.24,31.78,51.45,4.981,5.04,4.98,39666
2026-05-04 16:53:31.565,--,--,--,--,--,--,--,--,-137.72,55.34,-71.52,-228.05,--,--,--,--,--,--,--,--,25.88,25.75,24.82,25.68,1500,1500,1500,1500,1500,1500,1500,1500,0,0,0,0,0,0,0,0,27.24,31.78,52.20,4.981,4.95,4.98,39671
2026-05-04 16:53:31.658,--,--,--,--,--,--,--,--,-137.71,55.36,-71.52,-228.05,--,--,--,--,--,--,--,--,25.88,25.75,24.82,25.68,1500,1500,1500,1500,1500,1500,1500,1500,0,0,0,0,0,0,0,0,27.24,31.78,51.45,4.981,5.04,4.98,39676
2026-05-04 16:53:31.744,--,--,--,--,--,--,--,--,-137.72,55.36,-71.52,-228.05,--,--,--,--,--,--,--,--,25.88,25.75,24.89,25.68,1500,1500,1500,1500,1500,1500,1500,1500,0,0,0,0,0,0,0,0,27.24,31.78,52.20,4.981,5.01,4.98,39681
2026-05-04 16:53:31.833,--,--,--,--,--,--,--,--,-137.71,55.35,-71.52,-228.07,--,--,--,--,--,--,--,--,25.95,25.75,24.89,25.68,1500,1500,1500,1500,1500,1500,1500,1500,0,0,0,0,0,0,0,0,27.24,31.78,51.45,4.981,5.04,4.98,39686
2026-05-04 16:53:31.918,--,--,--,--,--,--,--,--,-137.72,55.35,-71.52,-228.05,--,--,--,--,--,--,--,--,25.88,25.75,24.89,25.68,1500,1500,1500,1500,1500,1500,1500,1500,0,0,0,0,0,0,0,0,27.24,31.78,51.45,4.981,4.98,4.98,39691
2026-05-04 16:53:31.987,--,--,--,--,--,--,--,--,-137.72,55.35,-71.52,-228.05,--,--,--,--,--,--,--,--,25.95,25.75,24.89,25.68,1500,1500,1500,1500,1500,1500,1500,1500,0,0,0,0,0,0,0,0,27.24,31.78,51.45,4.981,5.01,4.98,39696
2026-05-04 16:53:32.072,--,--,--,--,--,--,--,--,-137.71,55.35,-71.52,-228.05,--,--,--,--,--,--,--,--,25.88,25.75,24.89,25.68,1500,1500,1500,1500,1500,1500,1500,1500,0,0,0,0,0,0,0,0,27.24,31.78,51.45,4.981,5.01,4.98,39701
2026-05-04 16:53:32.160,--,--,--,--,--,--,--,--,-137.72,55.35,-71.52,-228.05,--,--,--,--,--,--,--,--,25.95,25.75,24.89,25.68,1512,1512,1512,1512,1512,1512,1512,1512,0,0,0,0,0,0,0,0,27.24,31.78,51.45,4.981,5.01,5.01,41539
2026-05-04 16:53:32.248,--,--,--,--,--,--,--,--,-137.70,55.35,-71.52,-228.05,--,--,--,--,--,--,--,--,25.95,25.75,24.89,25.68,1512,1512,1512,1512,1512,1512,1512,1512,0,0,0,0,0,0,0,0,27.24,31.78,51.45,4.981,5.04,4.98,41544
2026-05-04 16:53:32.315,--,--,--,--,--,--,--,--,-137.70,55.35,-71.52,-228.05,--,--,--,--,--,--,--,--,25.95,25.75,24.89,25.68,1512,1512,1512,1512,1512,1512,1512,1512,0,0,0,0,0,0,0,0,27.24,31.78,51.45,4.981,5.04,4.98,41549
2026-05-04 16:53:32.417,--,--,--,--,--,--,--,--,-137.70,55.36,-71.52,-228.05,--,--,--,--,--,--,--,--,25.95,25.75,24.89,25.68,1512,1512,1512,1512,1512,1512,1512,1512,0,0,0,0,0,0,0,0,27.24,31.78,51.45,4.981,4.98,4.98,41554
2026-05-04 16:53:32.467,--,--,--,--,--,--,--,--,-137.71,55.35,-71.52,-228.05,--,--,--,--,--,--,--,--,25.95,25.75,24.89,25.68,1512,1512,1512,1512,1512,1512,1512,1512,0,0,0,0,0,0,0,0,27.24,31.78,51.45,4.981,5.01,4.98,41559
2026-05-04 16:53:32.481,--,--,--,--,--,--,--,--,-137.71,55.36,-71.51,-228.05,--,--,--,--,--,--,--,--,25.95,25.75,24.89,25.68,1512,1512,1512,1512,1512,1512,1512,1512,0,0,0,0,0,0,0,0,27.24,31.78,51.45,4.981,5.01,4.98,41564
2026-05-04 16:53:32.513,--,--,--,--,--,--,--,--,-137.71,55.35,-71.52,-228.05,--,--,--,--,--,--,--,--,25.95,25.75,24.89,25.68,1512,1512,1512,1512,1512,1512,1512,1512,0,0,0,0,0,0,0,0,27.24,31.78,51.45,4.981,4.98,4.98,41567
2026-05-04 16:53:32.633,--,--,--,--,--,--,--,--,-137.71,55.35,-71.52,-228.05,--,--,--,--,--,--,--,--,25.95,25.75,24.89,25.68,1512,1512,1512,1512,1512,1512,1512,1512,0,0,0,0,0,0,0,0,27.24,31.78,52.20,4.981,5.04,4.98,41568
2026-05-04 16:53:32.743,--,--,--,--,--,--,--,--,-137.72,55.36,-71.53,-228.05,--,--,--,--,--,--,--,--,25.95,25.75,24.89,25.68,1512,1512,1512,1512,1512,1512,1512,1512,0,0,0,0,0,0,0,0,27.24,31.78,51.45,4.981,5.04,4.98,41573
2026-05-04 16:53:32.833,--,--,--,--,--,--,--,--,-137.71,55.36,-71.52,-228.05,--,--,--,--,--,--,--,--,25.95,25.75,24.89,25.68,1512,1512,1512,1512,1512,1512,1512,1512,0,0,0,0,0,0,0,0,27.24,31.78,51.45,4.981,5.04,4.98,41578
2026-05-04 16:53:32.925,--,--,--,--,--,--,--,--,-137.72,55.35,-71.53,-228.05,--,--,--,--,--,--,--,--,25.95,25.75,24.89,25.68,1512,1512,1512,1512,1512,1512,1512,1512,0,0,0,0,0,0,0,0,27.24,31.78,51.45,4.981,5.01,5.01,41583
2026-05-04 16:53:33.014,--,--,--,--,--,--,--,--,-137.71,55.35,-71.52,-228.05,--,--,--,--,--,--,--,--,25.95,25.75,24.89,25.68,1512,1512,1512,1512,1512,1512,1512,1512,0,0,0,0,0,0,0,0,27.24,31.78,51.45,4.981,4.98,4.98,41588
2026-05-04 16:53:33.101,--,--,--,--,--,--,--,--,-137.70,55.35,-71.53,-228.05,--,--,--,--,--,--,--,--,25.95,25.75,24.89,25.68,1512,1512,1512,1512,1512,1512,1512,1512,0,0,0,0,0,0,0,0,27.24,31.78,51.45,4.981,4.98,5.01,41593
2026-05-04 16:53:33.194,--,--,--,--,--,--,--,--,-137.70,55.35,-71.52,-228.05,--,--,--,--,--,--,--,--,25.95,25.75,24.89,25.68,1512,1512,1512,1512,1512,1512,1512,1512,0,0,0,0,0,0,0,0,27.24,31.78,52.20,4.981,5.04,4.98,41598
2026-05-04 16:53:33.282,--,--,--,--,--,--,--,--,-137.70,55.35,-71.53,-228.05,--,--,--,--,--,--,--,--,25.95,25.75,24.89,25.68,1512,1512,1512,1512,1512,1512,1512,1512,0,0,0,0,0,0,0,0,27.24,31.78,51.45,4.981,4.98,4.98,41603
2026-05-04 16:53:33.365,--,--,--,--,--,--,--,--,-137.71,55.35,-71.53,-228.07,--,--,--,--,--,--,--,--,25.95,25.75,24.89,25.68,1512,1512,1512,1512,1512,1512,1512,1512,0,0,0,0,0,0,0,0,27.24,31.78,51.45,4.981,5.01,5.01,41608
2026-05-04 16:53:33.452,--,--,--,--,--,--,--,--,-137.71,55.35,-71.52,-228.07,--,--,--,--,--,--,--,--,25.95,25.75,24.89,25.68,1512,1512,1512,1512,1512,1512,1512,1512,0,0,0,0,0,0,0,0,27.24,31.78,51.45,4.981,5.04,5.01,41613
2026-05-04 16:53:33.540,--,--,--,--,--,--,--,--,-137.71,55.35,-71.52,-228.05,--,--,--,--,--,--,--,--,25.95,25.75,24.89,25.68,1512,1512,1512,1512,1512,1512,1512,1512,0,0,0,0,0,0,0,0,27.24,31.78,51.45,4.981,4.98,4.98,41618
2026-05-04 16:53:33.628,--,--,--,--,--,--,--,--,-137.70,55.36,-71.52,-228.05,--,--,--,--,--,--,--,--,25.95,25.75,24.89,25.68,1512,1512,1512,1512,1512,1512,1512,1512,0,0,0,0,0,0,0,0,27.24,31.78,51.45,4.981,5.01,5.01,41623
2026-05-04 16:53:33.716,--,--,--,--,--,--,--,--,-137.70,55.35,-71.52,-228.05,--,--,--,--,--,--,--,--,25.95,25.75,24.89,25.68,1512,1512,1512,1512,1512,1512,1512,1512,0,0,0,0,0,0,0,0,27.24,31.78,51.45,4.981,5.01,5.01,41628
2026-05-04 16:53:33.789,--,--,--,--,--,--,--,--,-137.72,55.36,-71.52,-228.07,--,--,--,--,--,--,--,--,25.95,25.83,24.89,25.68,1512,1512,1512,1512,1512,1512,1512,1512,0,0,0,0,0,0,0,0,27.24,31.78,51.45,4.981,5.04,4.98,41633
2026-05-04 16:53:33.887,--,--,--,--,--,--,--,--,-137.73,55.36,-71.53,-228.05,--,--,--,--,--,--,--,--,25.95,25.75,24.89,25.68,1512,1512,1512,1512,1512,1512,1512,1512,0,0,0,0,0,0,0,0,27.24,31.78,51.45,4.981,5.01,4.98,41638
2026-05-04 16:53:33.981,--,--,--,--,--,--,--,--,-137.71,55.35,-71.52,-228.05,--,--,--,--,--,--,--,--,25.95,25.75,24.89,25.68,1512,1512,1512,1512,1512,1512,1512,1512,0,0,0,0,0,0,0,0,27.24,31.78,51.45,4.981,5.04,4.98,41643
2026-05-04 16:53:34.054,--,--,--,--,--,--,--,--,-137.71,55.35,-71.52,-228.07,--,--,--,--,--,--,--,--,25.95,25.75,24.89,25.68,1512,1512,1512,1512,1512,1512,1512,1512,0,0,0,0,0,0,0,0,27.24,31.78,52.20,4.981,5.01,5.01,41648
2026-05-04 16:53:34.151,--,--,--,--,--,--,--,--,-137.71,55.35,-71.53,-228.05,--,--,--,--,--,--,--,--,25.95,25.75,24.89,25.68,1512,1512,1512,1512,1512,1512,1512,1512,0,0,0,0,0,0,0,0,27.24,31.78,51.45,4.981,5.01,4.98,41653
2026-05-04 16:53:34.252,--,--,--,--,--,--,--,--,-137.71,55.35,-71.52,-228.07,--,--,--,--,--,--,--,--,25.95,25.75,24.89,25.68,1512,1512,1512,1512,1512,1512,1512,1512,0,0,0,0,0,0,0,0,27.24,31.78,52.20,4.981,5.01,4.98,41658
2026-05-04 16:53:34.345,--,--,--,--,--,--,--,--,-137.70,55.35,-71.52,-228.07,--,--,--,--,--,--,--,--,25.95,25.75,24.89,25.68,1512,1512,1512,1512,1512,1512,1512,1512,0,0,0,0,0,0,0,0,27.24,31.78,51.45,4.981,5.01,5.01,41663
2026-05-04 16:53:34.420,--,--,--,--,--,--,--,--,-137.72,55.35,-71.52,-228.05,--,--,--,--,--,--,--,--,25.95,25.75,24.89,25.75,1269,1269,1269,1269,1269,1269,1269,1269,0,0,0,0,0,0,0,0,27.24,31.78,51.45,4.981,5.01,4.98,43654
2026-05-04 16:53:34.516,--,--,--,--,--,--,--,--,-137.71,55.35,-71.53,-228.05,--,--,--,--,--,--,--,--,25.95,25.75,24.89,25.75,1269,1269,1269,1269,1269,1269,1269,1269,0,0,0,0,0,0,0,0,27.24,31.78,51.45,4.981,4.98,5.01,43659
2026-05-04 16:53:34.611,--,--,--,--,--,--,--,--,-137.71,55.35,-71.52,-228.05,--,--,--,--,--,--,--,--,25.95,25.75,24.89,25.68,1269,1269,1269,1269,1269,1269,1269,1269,0,0,0,0,0,0,0,0,27.24,31.78,51.45,4.981,5.04,5.01,43664
2026-05-04 16:53:34.708,--,--,--,--,--,--,--,--,-137.71,55.35,-71.52,-228.07,--,--,--,--,--,--,--,--,25.95,25.75,24.89,25.75,1269,1269,1269,1269,1269,1269,1269,1269,0,0,0,0,0,0,0,0,27.24,31.78,51.45,4.981,4.98,4.98,43669
2026-05-04 16:53:34.802,--,--,--,--,--,--,--,--,-137.72,55.35,-71.52,-228.05,--,--,--,--,--,--,--,--,25.95,25.75,24.89,25.68,1269,1269,1269,1269,1269,1269,1269,1269,0,0,0,0,0,0,0,0,27.24,31.78,52.20,4.981,5.01,4.98,43674
2026-05-04 16:53:34.884,--,--,--,--,--,--,--,--,-137.70,55.36,-71.52,-228.05,--,--,--,--,--,--,--,--,25.95,25.75,24.89,25.68,1269,1269,1269,1269,1269,1269,1269,1269,0,0,0,0,0,0,0,0,27.24,31.78,51.45,4.981,4.98,5.01,43679
2026-05-04 16:53:34.931,--,--,--,--,--,--,--,--,-137.72,55.35,-71.52,-228.05,--,--,--,--,--,--,--,--,25.95,25.75,24.89,25.75,1269,1269,1269,1269,1269,1269,1269,1269,0,0,0,0,0,0,0,0,27.24,31.78,52.20,4.981,4.95,5.01,43682
2026-05-04 16:53:35.033,--,--,--,--,--,--,--,--,-137.72,55.36,-71.52,-228.07,--,--,--,--,--,--,--,--,25.95,25.75,24.89,25.68,1269,1269,1269,1269,1269,1269,1269,1269,0,0,0,0,0,0,0,0,27.24,31.78,51.45,4.981,4.98,5.01,43683
2026-05-04 16:53:35.152,--,--,--,--,--,--,--,--,-137.71,55.36,-71.52,-228.05,--,--,--,--,--,--,--,--,25.95,25.75,24.89,25.75,1269,1269,1269,1269,1269,1269,1269,1269,0,0,0,0,0,0,0,0,27.24,31.78,51.45,4.981,5.04,4.98,43688
2026-05-04 16:53:35.252,--,--,--,--,--,--,--,--,-137.70,55.35,-71.52,-228.05,--,--,--,--,--,--,--,--,25.95,25.75,24.89,25.68,1269,1269,1269,1269,1269,1269,1269,1269,0,0,0,0,0,0,0,0,27.24,31.78,52.20,4.981,5.04,4.98,43693
2026-05-04 16:53:35.351,--,--,--,--,--,--,--,--,-137.71,55.36,-71.52,-228.07,--,--,--,--,--,--,--,--,25.95,25.75,24.89,25.68,1269,1269,1269,1269,1269,1269,1269,1269,0,0,0,0,0,0,0,0,27.24,31.78,51.45,4.981,5.04,4.98,43698
2026-05-04 16:53:35.446,--,--,--,--,--,--,--,--,-137.71,55.35,-71.53,-228.07,--,--,--,--,--,--,--,--,25.95,25.75,24.89,25.75,1269,1269,1269,1269,1269,1269,1269,1269,0,0,0,0,0,0,0,0,27.24,31.78,51.45,4.981,5.01,4.98,43703
2026-05-04 16:53:35.543,--,--,--,--,--,--,--,--,-137.71,55.35,-71.53,-228.05,--,--,--,--,--,--,--,--,25.95,25.75,24.89,25.68,1269,1269,1269,1269,1269,1269,1269,1269,0,0,0,0,0,0,0,0,27.24,31.78,51.45,4.981,5.01,5.01,43708
2026-05-04 16:53:35.638,--,--,--,--,--,--,--,--,-137.71,55.36,-71.52,-228.05,--,--,--,--,--,--,--,--,25.95,25.83,24.89,25.75,1269,1269,1269,1269,1269,1269,1269,1269,0,0,0,0,0,0,0,0,27.24,31.78,51.45,4.981,5.01,4.98,43713
2026-05-04 16:53:35.737,--,--,--,--,--,--,--,--,-137.72,55.35,-71.53,-228.07,--,--,--,--,--,--,--,--,25.95,25.75,24.89,25.75,1269,1269,1269,1269,1269,1269,1269,1269,0,0,0,0,0,0,0,0,27.24,31.78,51.45,4.981,5.01,5.01,43718
2026-05-04 16:53:35.830,--,--,--,--,--,--,--,--,-137.72,55.36,-71.53,-228.07,--,--,--,--,--,--,--,--,25.95,25.75,24.89,25.68,1269,1269,1269,1269,1269,1269,1269,1269,0,0,0,0,0,0,0,0,27.24,31.78,51.45,4.981,4.98,4.98,43723
2026-05-04 16:53:35.929,--,--,--,--,--,--,--,--,-137.72,55.36,-71.52,-228.05,--,--,--,--,--,--,--,--,25.95,25.83,24.89,25.68,1269,1269,1269,1269,1269,1269,1269,1269,0,0,0,0,0,0,0,0,27.24,31.78,51.45,4.981,5.01,4.98,43728
2026-05-04 16:53:36.024,--,--,--,--,--,--,--,--,-137.71,55.35,-71.52,-228.05,--,--,--,--,--,--,--,--,25.95,25.75,24.89,25.75,1269,1269,1269,1269,1269,1269,1269,1269,0,0,0,0,0,0,0,0,27.24,31.78,51.45,4.981,4.98,5.01,43733
2026-05-04 16:53:36.123,--,--,--,--,--,--,--,--,-137.71,55.36,-71.52,-228.05,--,--,--,--,--,--,--,--,25.95,25.75,24.89,25.68,1269,1269,1269,1269,1269,1269,1269,1269,0,0,0,0,0,0,0,0,27.24,31.78,51.45,4.981,4.95,4.98,43738
2026-05-04 16:53:36.221,--,--,--,--,--,--,--,--,-137.70,55.34,-71.52,-228.05,--,--,--,--,--,--,--,--,25.95,25.75,24.89,25.75,1269,1269,1269,1269,1269,1269,1269,1269,0,0,0,0,0,0,0,0,27.24,31.78,51.45,4.981,4.98,4.98,43743
2026-05-04 16:53:36.318,--,--,--,--,--,--,--,--,-137.72,55.36,-71.52,-228.05,--,--,--,--,--,--,--,--,25.95,25.75,24.89,25.75,1269,1269,1269,1269,1269,1269,1269,1269,0,0,0,0,0,0,0,0,27.24,31.78,51.45,4.981,5.01,4.98,43748
2026-05-04 16:53:36.418,--,--,--,--,--,--,--,--,-137.72,55.36,-71.51,-228.05,--,--,--,--,--,--,--,--,25.95,25.75,24.89,25.75,1269,1269,1269,1269,1269,1269,1269,1269,0,0,0,0,0,0,0,0,27.24,31.78,51.45,4.981,5.01,4.98,43753
2026-05-04 16:53:36.515,--,--,--,--,--,--,--,--,-137.71,55.35,-71.52,-228.05,--,--,--,--,--,--,--,--,25.95,25.83,24.89,25.68,1269,1269,1269,1269,1269,1269,1269,1269,0,0,0,0,0,0,0,0,27.24,31.78,51.45,4.981,5.01,5.01,43758
2026-05-04 16:53:36.587,--,--,--,--,--,--,--,--,-137.72,55.36,-71.51,-228.05,--,--,--,--,--,--,--,--,25.95,25.75,24.89,25.75,1269,1269,1269,1269,1269,1269,1269,1269,0,0,0,0,0,0,0,0,27.24,31.78,52.20,4.981,5.01,5.01,43763
2026-05-04 16:53:36.684,--,--,--,--,--,--,--,--,-137.71,55.35,-71.52,-228.05,--,--,--,--,--,--,--,--,25.95,25.75,24.89,25.75,1269,1269,1269,1269,1269,1269,1269,1269,0,0,0,0,0,0,0,0,27.24,31.02,52.20,4.981,5.04,4.98,43768
2026-05-04 16:53:36.781,--,--,--,--,--,--,--,--,-137.71,55.35,-71.52,-228.07,--,--,--,--,--,--,--,--,25.95,25.83,24.89,25.68,1269,1269,1269,1269,1269,1269,1269,1269,0,0,0,0,0,0,0,0,27.24,31.78,52.20,4.981,4.98,4.98,43773
2026-05-04 16:53:36.876,--,--,--,--,--,--,--,--,-137.71,55.35,-71.52,-228.04,--,--,--,--,--,--,--,--,25.95,25.75,24.89,25.75,1269,1269,1269,1269,1269,1269,1269,1269,0,0,0,0,0,0,0,0,27.24,31.02,51.45,4.981,4.98,4.98,43778
2026-05-04 16:53:36.967,--,--,--,--,--,--,--,--,-137.72,55.34,-71.53,-228.05,--,--,--,--,--,--,--,--,25.95,25.83,24.89,25.75,1110,1110,1110,1110,1110,1110,1110,1110,0,0,0,0,0,0,0,0,27.24,31.78,51.45,4.981,5.01,5.01,45798
2026-05-04 16:53:37.084,--,--,--,--,--,--,--,--,-137.71,55.36,-71.52,-228.05,--,--,--,--,--,--,--,--,25.95,25.83,24.89,25.75,1110,1110,1110,1110,1110,1110,1110,1110,0,0,0,0,0,0,0,0,27.24,31.78,51.45,4.981,5.01,5.01,45803
2026-05-04 16:53:37.101,--,--,--,--,--,--,--,--,-137.72,55.35,-71.52,-228.05,--,--,--,--,--,--,--,--,25.95,25.83,24.89,25.75,1110,1110,1110,1110,1110,1110,1110,1110,0,0,0,0,0,0,0,0,27.24,31.78,51.45,4.981,5.01,4.98,45806
2026-05-04 16:53:37.221,--,--,--,--,--,--,--,--,-137.71,55.35,-71.52,-228.05,--,--,--,--,--,--,--,--,25.95,25.83,24.89,25.75,1110,1110,1110,1110,1110,1110,1110,1110,0,0,0,0,0,0,0,0,27.24,31.78,51.45,4.981,5.04,4.98,45807
2026-05-04 16:53:37.358,--,--,--,--,--,--,--,--,-137.72,55.37,-71.52,-228.05,--,--,--,--,--,--,--,--,25.95,25.83,24.89,25.75,1110,1110,1110,1110,1110,1110,1110,1110,0,0,0,0,0,0,0,0,27.24,31.78,51.45,4.981,5.04,4.98,45812
2026-05-04 16:53:37.455,--,--,--,--,--,--,--,--,-137.71,55.35,-71.52,-228.05,--,--,--,--,--,--,--,--,25.95,25.75,24.89,25.75,1110,1110,1110,1110,1110,1110,1110,1110,0,0,0,0,0,0,0,0,27.24,31.78,51.45,4.981,4.98,4.98,45817
2026-05-04 16:53:37.572,--,--,--,--,--,--,--,--,-137.71,55.35,-71.52,-228.05,--,--,--,--,--,--,--,--,25.95,25.83,24.89,25.75,1110,1110,1110,1110,1110,1110,1110,1110,0,0,0,0,0,0,0,0,27.24,31.78,51.45,4.981,5.01,5.01,45822
2026-05-04 16:53:37.666,--,--,--,--,--,--,--,--,-137.71,55.36,-71.52,-228.05,--,--,--,--,--,--,--,--,25.95,25.83,24.89,25.75,1110,1110,1110,1110,1110,1110,1110,1110,0,0,0,0,0,0,0,0,27.24,31.78,52.20,4.981,4.98,4.98,45827
2026-05-04 16:53:37.763,--,--,--,--,--,--,--,--,-137.72,55.35,-71.53,-228.05,--,--,--,--,--,--,--,--,25.95,25.83,24.89,25.75,1110,1110,1110,1110,1110,1110,1110,1110,0,0,0,0,0,0,0,0,27.24,31.78,51.45,4.981,4.95,5.01,45832
2026-05-04 16:53:37.863,--,--,--,--,--,--,--,--,-137.70,55.35,-71.52,-228.05,--,--,--,--,--,--,--,--,25.95,25.83,24.89,25.75,1110,1110,1110,1110,1110,1110,1110,1110,0,0,0,0,0,0,0,0,27.24,31.78,51.45,4.981,5.04,4.98,45837
2026-05-04 16:53:37.969,--,--,--,--,--,--,--,--,-137.72,55.36,-71.52,-228.05,--,--,--,--,--,--,--,--,25.95,25.83,24.89,25.75,1110,1110,1110,1110,1110,1110,1110,1110,0,0,0,0,0,0,0,0,27.24,31.78,51.45,4.981,5.04,4.98,45842
2026-05-04 16:53:38.063,--,--,--,--,--,--,--,--,-137.72,55.35,-71.52,-228.05,--,--,--,--,--,--,--,--,25.95,25.83,24.89,25.75,1110,1110,1110,1110,1110,1110,1110,1110,0,0,0,0,0,0,0,0,27.24,31.78,51.45,4.981,5.01,4.98,45847
2026-05-04 16:53:38.161,--,--,--,--,--,--,--,--,-137.72,55.35,-71.52,-228.05,--,--,--,--,--,--,--,--,25.95,25.83,24.89,25.75,1110,1110,1110,1110,1110,1110,1110,1110,0,0,0,0,0,0,0,0,27.24,31.78,52.20,4.981,4.98,4.98,45852
2026-05-04 16:53:38.259,--,--,--,--,--,--,--,--,-137.71,55.35,-71.52,-228.05,--,--,--,--,--,--,--,--,25.95,25.83,24.89,25.75,1110,1110,1110,1110,1110,1110,1110,1110,0,0,0,0,0,0,0,0,27.24,31.78,51.45,4.981,5.01,4.98,45857
2026-05-04 16:53:38.352,--,--,--,--,--,--,--,--,-137.72,55.35,-71.52,-228.05,--,--,--,--,--,--,--,--,25.95,25.75,24.89,25.75,1110,1110,1110,1110,1110,1110,1110,1110,0,0,0,0,0,0,0,0,27.24,31.78,51.45,4.981,5.01,4.98,45862
2026-05-04 16:53:38.447,--,--,--,--,--,--,--,--,-137.71,55.35,-71.52,-228.05,--,--,--,--,--,--,--,--,25.95,25.83,24.89,25.75,1110,1110,1110,1110,1110,1110,1110,1110,0,0,0,0,0,0,0,0,27.24,31.02,51.45,4.981,5.01,5.01,45867
2026-05-04 16:53:38.536,--,--,--,--,--,--,--,--,-137.72,55.35,-71.52,-228.05,--,--,--,--,--,--,--,--,25.95,25.83,24.89,25.75,1110,1110,1110,1110,1110,1110,1110,1110,0,0,0,0,0,0,0,0,27.24,31.78,51.45,4.981,5.01,4.98,45872
2026-05-04 16:53:38.631,--,--,--,--,--,--,--,--,-137.71,55.35,-71.52,-228.05,--,--,--,--,--,--,--,--,25.95,25.83,24.89,25.75,1110,1110,1110,1110,1110,1110,1110,1110,0,0,0,0,0,0,0,0,27.24,31.78,51.45,4.981,5.04,5.01,45877
2026-05-04 16:53:38.755,--,--,--,--,--,--,--,--,-137.71,55.36,-71.51,-228.05,--,--,--,--,--,--,--,--,25.95,25.83,24.89,25.75,1110,1110,1110,1110,1110,1110,1110,1110,0,0,0,0,0,0,0,0,27.24,31.78,51.45,4.981,4.98,5.01,45882
2026-05-04 16:53:38.864,--,--,--,--,--,--,--,--,-137.71,55.35,-71.52,-228.05,--,--,--,--,--,--,--,--,25.95,25.83,24.89,25.75,1110,1110,1110,1110,1110,1110,1110,1110,0,0,0,0,0,0,0,0,27.24,31.78,52.20,4.981,5.04,4.98,45887
2026-05-04 16:53:38.951,--,--,--,--,--,--,--,--,-137.72,55.36,-71.52,-228.05,--,--,--,--,--,--,--,--,25.95,25.83,24.89,25.75,1110,1110,1110,1110,1110,1110,1110,1110,0,0,0,0,0,0,0,0,27.24,31.78,52.20,4.981,4.98,4.98,45892
2026-05-04 16:53:39.038,--,--,--,--,--,--,--,--,-137.71,55.36,-71.53,-228.05,--,--,--,--,--,--,--,--,25.95,25.83,24.89,25.75,1110,1110,1110,1110,1110,1110,1110,1110,0,0,0,0,0,0,0,0,27.24,31.78,51.45,4.981,5.04,5.01,45897
2026-05-04 16:53:39.128,--,--,--,--,--,--,--,--,-137.71,55.36,-71.52,-228.05,--,--,--,--,--,--,--,--,25.95,25.75,24.89,25.75,1110,1110,1110,1110,1110,1110,1110,1110,0,0,0,0,0,0,0,0,27.24,31.78,51.45,4.981,5.04,5.01,45902
2026-05-04 16:53:39.217,--,--,--,--,--,--,--,--,-137.71,55.35,-71.51,-228.05,--,--,--,--,--,--,--,--,25.95,25.83,24.89,25.75,1411,1411,1411,1411,1411,1411,1411,1411,0,0,0,0,0,0,0,0,27.24,31.78,52.20,4.981,4.95,4.98,47740
2026-05-04 16:53:39.304,--,--,--,--,--,--,--,--,-137.71,55.35,-71.53,-228.05,--,--,--,--,--,--,--,--,25.95,25.83,24.89,25.75,1411,1411,1411,1411,1411,1411,1411,1411,0,0,0,0,0,0,0,0,27.24,31.78,51.45,4.981,4.98,4.98,47745
2026-05-04 16:53:39.379,--,--,--,--,--,--,--,--,-137.72,55.35,-71.53,-228.05,--,--,--,--,--,--,--,--,25.95,25.83,24.89,25.75,1411,1411,1411,1411,1411,1411,1411,1411,0,0,0,0,0,0,0,0,27.24,31.78,51.45,4.981,5.01,5.01,47750
2026-05-04 16:53:39.414,--,--,--,--,--,--,--,--,-137.72,55.34,-71.52,-228.05,--,--,--,--,--,--,--,--,25.95,25.83,24.89,25.75,1411,1411,1411,1411,1411,1411,1411,1411,0,0,0,0,0,0,0,0,27.24,31.78,51.45,4.981,5.04,5.01,47755
