时间,机构1牵制拉力1(kN),机构1牵制拉力2(kN),机构2牵制拉力1(kN),机构2牵制拉力2(kN),机构3牵制拉力1(kN),机构3牵制拉力2(kN),机构4牵制拉力1(kN),机构4牵制拉力2(kN),机构1牵制状态角(°),机构2牵制状态角(°),机构3牵制状态角(°),机构4牵制状态角(°),机构1储气罐压力1(MPa),机构1储气罐压力2(MPa),机构2储气罐压力1(MPa),机构2储气罐压力2(MPa),机构3储气罐压力1(MPa),机构3储气罐压力2(MPa),机构4储气罐压力1(MPa),机构4储气罐压力2(MPa),机构1内部温度(°C),机构2内部温度(°C),机构3内部温度(°C),机构4内部温度(°C),机构1解锁到位时间(s),机构2解锁到位时间(s),机构3解锁到位时间(s),机构4解锁到位时间(s),机构1释放好时间(s),机构2释放好时间(s),机构3释放好时间(s),机构4释放好时间(s),机构1释放到位时间(s),机构2释放到位时间(s),机构3释放到位时间(s),机构4释放到位时间(s),机构1火引爆时间,机构2火引爆时间,机构3火引爆时间,机构4火引爆时间,数字供电,驱动供电1,驱动供电2,5V1,5V2,5V3,帧计数
2026-05-04 16:47:28.211,--,--,--,--,--,--,--,--,-269.90,-122.02,-244.70,-228.04,--,--,--,--,--,--,--,--,-83.70,-83.27,-83.41,24.62,0,0,0,0,0,0,0,0,0,0,0,0,0,0,0,0,27.24,0.00,0.00,4.981,4.95,4.98,0
2026-05-04 16:47:28.363,--,--,--,--,--,--,--,--,-137.72,55.35,-71.52,-228.05,--,--,--,--,--,--,--,--,24.96,25.19,24.39,24.62,0,0,0,0,0,0,0,0,0,0,0,0,0,0,0,0,27.24,0.00,0.00,4.981,5.04,5.01,5
2026-05-04 16:47:28.427,--,--,--,--,--,--,--,--,-137.71,55.35,-71.52,-228.05,--,--,--,--,--,--,--,--,24.96,25.19,24.39,24.62,0,0,0,0,0,0,0,0,0,0,0,0,0,0,0,0,27.24,0.00,0.00,4.981,4.98,4.98,6
2026-05-04 16:47:28.493,--,--,--,--,--,--,--,--,-137.71,55.34,-71.52,-228.05,--,--,--,--,--,--,--,--,24.96,25.26,24.39,24.62,0,0,0,0,0,0,0,0,0,0,0,0,0,0,0,0,27.24,0.00,0.00,4.981,5.01,4.98,7
2026-05-04 16:47:28.606,--,--,--,--,--,--,--,--,-137.72,55.35,-71.52,-228.04,--,--,--,--,--,--,--,--,24.96,25.19,24.39,24.62,0,0,0,0,0,0,0,0,0,0,0,0,0,0,0,0,27.24,0.00,0.00,4.981,4.98,4.98,12
2026-05-04 16:47:28.671,--,--,--,--,--,--,--,--,-137.73,55.35,-71.52,-228.05,--,--,--,--,--,--,--,--,24.96,25.19,24.39,24.62,0,0,0,0,0,0,0,0,0,0,0,0,0,0,0,0,27.24,0.00,0.00,4.981,4.98,5.01,17
2026-05-04 16:47:28.731,--,--,--,--,--,--,--,--,-137.71,55.35,-71.53,-228.05,--,--,--,--,--,--,--,--,24.96,25.19,24.39,24.62,0,0,0,0,0,0,0,0,0,0,0,0,0,0,0,0,27.24,0.00,0.00,4.981,5.01,4.98,20
2026-05-04 16:47:28.792,--,--,--,--,--,--,--,--,-137.72,55.36,-71.52,-228.04,--,--,--,--,--,--,--,--,24.96,25.19,24.39,24.62,0,0,0,0,0,0,0,0,0,0,0,0,0,0,0,0,27.24,0.00,0.00,4.981,5.01,5.01,21
2026-05-04 16:47:28.878,--,--,--,--,--,--,--,--,-137.71,55.36,-71.52,-228.05,--,--,--,--,--,--,--,--,24.96,25.19,24.39,24.62,0,0,0,0,0,0,0,0,0,0,0,0,0,0,0,0,27.24,0.00,0.00,4.981,5.01,4.98,26
2026-05-04 16:47:28.937,--,--,--,--,--,--,--,--,-137.70,55.35,-71.52,-228.05,--,--,--,--,--,--,--,--,24.96,25.19,24.39,24.62,0,0,0,0,0,0,0,0,0,0,0,0,0,0,0,0,27.24,0.00,0.00,4.981,4.98,4.98,31
2026-05-04 16:47:28.992,--,--,--,--,--,--,--,--,-137.72,55.35,-71.52,-228.07,--,--,--,--,--,--,--,--,24.96,25.19,24.39,24.62,0,0,0,0,0,0,0,0,0,0,0,0,0,0,0,0,27.24,0.00,0.00,4.981,5.01,4.98,36
2026-05-04 16:47:29.051,--,--,--,--,--,--,--,--,-137.72,55.35,-71.52,-228.04,--,--,--,--,--,--,--,--,24.96,25.26,24.39,24.62,0,0,0,0,0,0,0,0,0,0,0,0,0,0,0,0,27.24,0.00,0.00,4.981,5.01,4.98,39
2026-05-04 16:47:29.256,--,--,--,--,--,--,--,--,-137.71,55.35,-71.52,-228.05,--,--,--,--,--,--,--,--,24.96,25.26,24.39,24.62,0,0,0,0,0,0,0,0,0,0,0,0,0,0,0,0,27.24,0.00,0.00,4.981,4.95,4.98,40
2026-05-04 16:47:29.357,--,--,--,--,--,--,--,--,-137.72,55.36,-71.52,-228.05,--,--,--,--,--,--,--,--,24.96,25.19,24.39,24.62,0,0,0,0,0,0,0,0,0,0,0,0,0,0,0,0,27.24,0.00,0.00,4.981,5.04,5.01,45
2026-05-04 16:47:29.460,--,--,--,--,--,--,--,--,-137.71,55.35,-71.52,-228.07,--,--,--,--,--,--,--,--,24.96,25.19,24.39,24.62,0,0,0,0,0,0,0,0,0,0,0,0,0,0,0,0,27.24,0.00,0.00,4.981,5.01,4.98,50
2026-05-04 16:47:29.553,--,--,--,--,--,--,--,--,-137.71,55.34,-71.52,-228.04,--,--,--,--,--,--,--,--,24.96,25.26,24.39,24.62,0,0,0,0,0,0,0,0,0,0,0,0,0,0,0,0,27.24,0.00,0.00,4.981,4.95,4.98,55
2026-05-04 16:47:29.651,--,--,--,--,--,--,--,--,-137.72,55.35,-71.52,-228.05,--,--,--,--,--,--,--,--,24.96,25.19,24.39,24.62,0,0,0,0,0,0,0,0,0,0,0,0,0,0,0,0,27.24,0.00,0.00,4.981,5.01,4.98,60
2026-05-04 16:47:29.795,--,--,--,--,--,--,--,--,-137.71,55.35,-71.52,-228.03,--,--,--,--,--,--,--,--,24.96,25.19,24.39,24.62,0,0,0,0,0,0,0,0,0,0,0,0,0,0,0,0,27.24,0.00,0.00,4.981,4.98,4.98,65
2026-05-04 16:47:29.898,--,--,--,--,--,--,--,--,-137.72,55.34,-71.52,-228.05,--,--,--,--,--,--,--,--,24.96,25.26,24.39,24.62,0,0,0,0,0,0,0,0,0,0,0,0,0,0,0,0,27.24,0.00,0.00,4.981,5.04,4.98,70
2026-05-04 16:47:29.992,--,--,--,--,--,--,--,--,-137.71,55.36,-71.51,-228.05,--,--,--,--,--,--,--,--,24.96,25.19,24.39,24.62,0,0,0,0,0,0,0,0,0,0,0,0,0,0,0,0,27.24,0.00,0.00,4.981,5.04,5.01,75
2026-05-04 16:47:30.060,--,--,--,--,--,--,--,--,-137.71,55.36,-71.52,-228.05,--,--,--,--,--,--,--,--,24.96,25.19,24.39,24.62,0,0,0,0,0,0,0,0,0,0,0,0,0,0,0,0,27.24,0.00,0.00,4.981,5.01,5.01,80
2026-05-04 16:47:30.159,--,--,--,--,--,--,--,--,-137.72,55.36,-71.52,-228.04,--,--,--,--,--,--,--,--,24.96,25.26,24.39,24.62,0,0,0,0,0,0,0,0,0,0,0,0,0,0,0,0,27.24,0.00,0.00,4.981,5.01,4.98,85
2026-05-04 16:47:30.245,--,--,--,--,--,--,--,--,-137.71,55.34,-71.51,-228.05,--,--,--,--,--,--,--,--,24.96,25.19,24.39,24.62,0,0,0,0,0,0,0,0,0,0,0,0,0,0,0,0,27.24,0.00,0.00,4.981,5.01,5.01,90
2026-05-04 16:47:30.381,--,--,--,--,--,--,--,--,-137.72,55.34,-71.52,-228.04,--,--,--,--,--,--,--,--,24.96,25.19,24.39,24.62,0,0,0,0,0,0,0,0,0,0,0,0,0,0,0,0,27.24,0.00,0.00,4.981,5.04,5.01,95
2026-05-04 16:47:30.479,--,--,--,--,--,--,--,--,-137.72,55.35,-71.51,-228.04,--,--,--,--,--,--,--,--,24.96,25.26,24.39,24.62,0,0,0,0,0,0,0,0,0,0,0,0,0,0,0,0,27.24,0.00,0.00,4.981,5.04,4.98,100
2026-05-04 16:47:30.545,--,--,--,--,--,--,--,--,-137.71,55.35,-71.52,-228.05,--,--,--,--,--,--,--,--,24.96,25.19,24.39,24.62,0,0,0,0,0,0,0,0,0,0,0,0,0,0,0,0,27.24,0.00,0.00,4.981,5.01,4.98,105
2026-05-04 16:47:30.642,--,--,--,--,--,--,--,--,-137.72,55.35,-71.52,-228.05,--,--,--,--,--,--,--,--,24.96,25.19,24.39,24.62,0,0,0,0,0,0,0,0,0,0,0,0,0,0,0,0,27.24,0.00,0.00,4.981,4.98,4.98,110
2026-05-04 16:47:30.711,--,--,--,--,--,--,--,--,-137.70,55.34,-71.52,-228.05,--,--,--,--,--,--,--,--,24.96,25.26,24.39,24.62,0,0,0,0,0,0,0,0,0,0,0,0,0,0,0,0,27.24,0.00,0.00,4.981,5.01,4.98,115
2026-05-04 16:47:30.808,--,--,--,--,--,--,--,--,-137.71,55.34,-71.52,-228.04,--,--,--,--,--,--,--,--,24.96,25.19,24.39,24.62,0,0,0,0,0,0,0,0,0,0,0,0,0,0,0,0,27.24,0.00,0.00,4.981,5.01,4.98,120
2026-05-04 16:47:30.881,--,--,--,--,--,--,--,--,-137.72,55.35,-71.52,-228.05,--,--,--,--,--,--,--,--,24.96,25.19,24.39,24.62,0,0,0,0,0,0,0,0,0,0,0,0,0,0,0,0,27.24,0.00,0.00,4.981,4.98,4.98,125
2026-05-04 16:47:30.982,--,--,--,--,--,--,--,--,-137.71,55.36,-71.52,-228.05,--,--,--,--,--,--,--,--,24.96,25.26,24.39,24.62,0,0,0,0,0,0,0,0,0,0,0,0,0,0,0,0,27.24,0.00,0.00,4.981,4.98,4.98,130
2026-05-04 16:47:31.048,--,--,--,--,--,--,--,--,-137.72,55.35,-71.52,-228.05,--,--,--,--,--,--,--,--,24.96,25.19,24.39,24.62,0,0,0,0,0,0,0,0,0,0,0,0,0,0,0,0,27.24,0.00,0.00,4.981,4.95,5.01,135
2026-05-04 16:47:31.135,--,--,--,--,--,--,--,--,-137.71,55.36,-71.52,-228.04,--,--,--,--,--,--,--,--,24.96,25.19,24.39,24.62,0,0,0,0,0,0,0,0,0,0,0,0,0,0,0,0,27.24,31.78,51.45,4.981,5.04,5.01,892
2026-05-04 16:47:31.244,--,--,--,--,--,--,--,--,-137.71,55.35,-71.53,-228.04,--,--,--,--,--,--,--,--,24.96,25.19,24.39,24.62,0,0,0,0,0,0,0,0,0,0,0,0,0,0,0,0,27.24,31.78,51.45,4.981,4.95,5.01,897
2026-05-04 16:47:31.291,--,--,--,--,--,--,--,--,-137.72,55.34,-71.52,-228.04,--,--,--,--,--,--,--,--,24.96,25.26,24.39,24.62,0,0,0,0,0,0,0,0,0,0,0,0,0,0,0,0,27.24,31.78,51.45,4.981,5.01,5.01,902
2026-05-04 16:47:31.337,--,--,--,--,--,--,--,--,-137.70,55.36,-71.52,-228.05,--,--,--,--,--,--,--,--,24.96,25.19,24.39,24.62,0,0,0,0,0,0,0,0,0,0,0,0,0,0,0,0,27.24,31.78,51.45,4.981,4.98,4.98,907
2026-05-04 16:47:31.356,--,--,--,--,--,--,--,--,-137.72,55.34,-71.53,-228.05,--,--,--,--,--,--,--,--,24.96,25.19,24.39,24.62,0,0,0,0,0,0,0,0,0,0,0,0,0,0,0,0,27.24,31.78,51.45,4.981,5.01,4.98,910
2026-05-04 16:47:32.385,--,--,--,--,--,--,--,--,-137.71,55.36,-71.52,-228.05,--,--,--,--,--,--,--,--,24.96,25.19,24.39,24.62,0,0,0,0,0,0,0,0,0,0,0,0,0,0,0,0,27.24,31.78,51.45,4.981,4.98,4.98,911
2026-05-04 16:47:32.478,--,--,--,--,--,--,--,--,-137.72,55.36,-71.53,-228.05,--,--,--,--,--,--,--,--,25.03,25.19,24.39,24.62,0,0,0,0,0,0,0,0,0,0,0,0,0,0,0,0,27.24,31.78,51.45,4.981,5.04,5.01,916
2026-05-04 16:47:32.582,--,--,--,--,--,--,--,--,-137.71,55.35,-71.53,-228.05,--,--,--,--,--,--,--,--,24.96,25.19,24.39,24.62,0,0,0,0,0,0,0,0,0,0,0,0,0,0,0,0,27.24,31.78,51.45,4.981,4.98,5.01,921
2026-05-04 16:47:32.655,--,--,--,--,--,--,--,--,-137.71,55.35,-71.51,-228.05,--,--,--,--,--,--,--,--,24.96,25.19,24.39,24.62,0,0,0,0,0,0,0,0,0,0,0,0,0,0,0,0,27.24,31.78,51.45,4.981,5.04,4.98,926
2026-05-04 16:47:32.727,--,--,--,--,--,--,--,--,-137.71,55.36,-71.51,-228.04,--,--,--,--,--,--,--,--,25.03,25.26,24.39,24.62,0,0,0,0,0,0,0,0,0,0,0,0,0,0,0,0,27.24,31.78,51.45,4.981,4.98,4.98,931
2026-05-04 16:47:32.794,--,--,--,--,--,--,--,--,-137.71,55.34,-71.52,-228.05,--,--,--,--,--,--,--,--,24.96,25.19,24.39,24.62,0,0,0,0,0,0,0,0,0,0,0,0,0,0,0,0,27.24,31.78,51.45,4.981,4.95,5.01,936
2026-05-04 16:47:33.248,--,--,--,--,--,--,--,--,-137.71,55.35,-71.53,-228.05,--,--,--,--,--,--,--,--,24.96,25.19,24.39,24.62,0,0,0,0,0,0,0,0,0,0,0,0,0,0,0,0,27.24,31.78,51.45,4.981,5.01,4.98,941
2026-05-04 16:47:33.323,--,--,--,--,--,--,--,--,-137.71,55.35,-71.52,-228.05,--,--,--,--,--,--,--,--,24.96,25.19,24.39,24.62,0,0,0,0,0,0,0,0,0,0,0,0,0,0,0,0,27.24,31.78,51.45,4.981,4.98,4.98,946
2026-05-04 16:47:33.402,--,--,--,--,--,--,--,--,-137.72,55.35,-71.52,-228.07,--,--,--,--,--,--,--,--,24.96,25.19,24.39,24.62,0,0,0,0,0,0,0,0,0,0,0,0,0,0,0,0,27.24,31.78,52.20,4.981,5.04,4.98,951
2026-05-04 16:47:33.492,--,--,--,--,--,--,--,--,-137.71,55.36,-71.53,-228.07,--,--,--,--,--,--,--,--,24.96,25.19,24.39,24.62,0,0,0,0,0,0,0,0,0,0,0,0,0,0,0,0,27.24,31.78,52.20,4.981,4.98,5.01,956
2026-05-04 16:47:33.532,--,--,--,--,--,--,--,--,-137.71,55.35,-71.52,-228.05,--,--,--,--,--,--,--,--,24.96,25.26,24.39,24.62,0,0,0,0,0,0,0,0,0,0,0,0,0,0,0,0,27.24,31.78,51.45,4.981,5.04,4.98,961
2026-05-04 16:47:33.617,--,--,--,--,--,--,--,--,-137.71,55.36,-71.52,-228.05,--,--,--,--,--,--,--,--,24.96,25.19,24.39,24.62,0,0,0,0,0,0,0,0,0,0,0,0,0,0,0,0,27.24,31.78,51.45,4.981,5.04,4.98,966
2026-05-04 16:47:33.647,--,--,--,--,--,--,--,--,-137.71,55.33,-71.52,-228.05,--,--,--,--,--,--,--,--,24.96,25.19,24.39,24.62,0,0,0,0,0,0,0,0,0,0,0,0,0,0,0,0,27.24,31.78,51.45,4.981,5.01,4.98,971
2026-05-04 16:47:33.682,--,--,--,--,--,--,--,--,-137.71,55.35,-71.52,-228.05,--,--,--,--,--,--,--,--,25.03,25.26,24.39,24.62,0,0,0,0,0,0,0,0,0,0,0,0,0,0,0,0,27.24,31.78,51.45,4.981,5.01,5.01,976
2026-05-04 16:47:33.713,--,--,--,--,--,--,--,--,-137.71,55.34,-71.52,-228.04,--,--,--,--,--,--,--,--,24.96,25.19,24.39,24.62,0,0,0,0,0,0,0,0,0,0,0,0,0,0,0,0,27.24,31.78,51.45,4.981,5.01,4.98,981
2026-05-04 16:47:33.743,--,--,--,--,--,--,--,--,-137.71,55.35,-71.52,-228.04,--,--,--,--,--,--,--,--,24.96,25.19,24.39,24.62,0,0,0,0,0,0,0,0,0,0,0,0,0,0,0,0,27.24,31.78,51.45,4.981,5.01,5.01,986
2026-05-04 16:47:33.786,--,--,--,--,--,--,--,--,-137.71,55.35,-71.52,-228.05,--,--,--,--,--,--,--,--,25.03,25.26,24.39,24.62,0,0,0,0,0,0,0,0,0,0,0,0,0,0,0,0,27.24,31.78,51.45,4.981,5.01,4.98,991
2026-05-04 16:47:33.836,--,--,--,--,--,--,--,--,-137.73,55.35,-71.52,-228.05,--,--,--,--,--,--,--,--,24.96,25.19,24.39,24.62,0,0,0,0,0,0,0,0,0,0,0,0,0,0,0,0,27.24,31.78,51.45,4.981,5.01,4.98,996
2026-05-04 16:47:33.884,--,--,--,--,--,--,--,--,-137.70,55.33,-71.52,-228.05,--,--,--,--,--,--,--,--,24.96,25.19,24.39,24.62,0,0,0,0,0,0,0,0,0,0,0,0,0,0,0,0,27.24,31.78,52.20,4.981,5.04,4.98,1001
2026-05-04 16:47:33.937,--,--,--,--,--,--,--,--,-137.70,55.35,-71.52,-228.05,--,--,--,--,--,--,--,--,24.96,25.19,24.39,24.62,0,0,0,0,0,0,0,0,0,0,0,0,0,0,0,0,27.24,31.78,51.45,4.981,4.98,4.98,1006
2026-05-04 16:47:33.967,--,--,--,--,--,--,--,--,--,--,--,--,--,--,--,--,--,--,--,--,--,--,--,--,--,--,--,--,--,--,--,--,--,--,--,--,--,--,--,--,--,--,--,--,--,--,4328
2026-05-04 16:47:33.968,--,--,--,--,--,--,--,--,--,--,--,--,--,--,--,--,--,--,--,--,--,--,--,--,--,--,--,--,--,--,--,--,--,--,--,--,--,--,--,--,--,--,--,--,--,--,4333
2026-05-04 16:47:33.970,--,--,--,--,--,--,--,--,--,--,--,--,--,--,--,--,--,--,--,--,--,--,--,--,--,--,--,--,--,--,--,--,--,--,--,--,--,--,--,--,--,--,--,--,--,--,4338
2026-05-04 16:47:33.971,--,--,--,--,--,--,--,--,--,--,--,--,--,--,--,--,--,--,--,--,--,--,--,--,--,--,--,--,--,--,--,--,--,--,--,--,--,--,--,--,--,--,--,--,--,--,4343
2026-05-04 16:47:33.973,--,--,--,--,--,--,--,--,--,--,--,--,--,--,--,--,--,--,--,--,--,--,--,--,--,--,--,--,--,--,--,--,--,--,--,--,--,--,--,--,--,--,--,--,--,--,4348
2026-05-04 16:47:33.974,--,--,--,--,--,--,--,--,--,--,--,--,--,--,--,--,--,--,--,--,--,--,--,--,--,--,--,--,--,--,--,--,--,--,--,--,--,--,--,--,--,--,--,--,--,--,4353
2026-05-04 16:47:33.976,--,--,--,--,--,--,--,--,--,--,--,--,--,--,--,--,--,--,--,--,--,--,--,--,--,--,--,--,--,--,--,--,--,--,--,--,--,--,--,--,--,--,--,--,--,--,4358
2026-05-04 16:47:33.978,--,--,--,--,--,--,--,--,--,--,--,--,--,--,--,--,--,--,--,--,--,--,--,--,--,--,--,--,--,--,--,--,--,--,--,--,--,--,--,--,--,--,--,--,--,--,4363
2026-05-04 16:47:33.979,--,--,--,--,--,--,--,--,--,--,--,--,--,--,--,--,--,--,--,--,--,--,--,--,--,--,--,--,--,--,--,--,--,--,--,--,--,--,--,--,--,--,--,--,--,--,4368
2026-05-04 16:47:33.980,--,--,--,--,--,--,--,--,--,--,--,--,--,--,--,--,--,--,--,--,--,--,--,--,--,--,--,--,--,--,--,--,--,--,--,--,--,--,--,--,--,--,--,--,--,--,4373
2026-05-04 16:47:33.983,--,--,--,--,--,--,--,--,--,--,--,--,--,--,--,--,--,--,--,--,--,--,--,--,--,--,--,--,--,--,--,--,--,--,--,--,--,--,--,--,--,--,--,--,--,--,4378
2026-05-04 16:47:33.984,--,--,--,--,--,--,--,--,--,--,--,--,--,--,--,--,--,--,--,--,--,--,--,--,--,--,--,--,--,--,--,--,--,--,--,--,--,--,--,--,--,--,--,--,--,--,4383
2026-05-04 16:47:33.985,--,--,--,--,--,--,--,--,--,--,--,--,--,--,--,--,--,--,--,--,--,--,--,--,--,--,--,--,--,--,--,--,--,--,--,--,--,--,--,--,--,--,--,--,--,--,4388
2026-05-04 16:47:33.990,--,--,--,--,--,--,--,--,--,--,--,--,--,--,--,--,--,--,--,--,--,--,--,--,--,--,--,--,--,--,--,--,--,--,--,--,--,--,--,--,--,--,--,--,--,--,4393
2026-05-04 16:47:33.991,--,--,--,--,--,--,--,--,--,--,--,--,--,--,--,--,--,--,--,--,--,--,--,--,--,--,--,--,--,--,--,--,--,--,--,--,--,--,--,--,--,--,--,--,--,--,4398
2026-05-04 16:47:33.993,--,--,--,--,--,--,--,--,--,--,--,--,--,--,--,--,--,--,--,--,--,--,--,--,--,--,--,--,--,--,--,--,--,--,--,--,--,--,--,--,--,--,--,--,--,--,4403
2026-05-04 16:47:33.994,--,--,--,--,--,--,--,--,--,--,--,--,--,--,--,--,--,--,--,--,--,--,--,--,--,--,--,--,--,--,--,--,--,--,--,--,--,--,--,--,--,--,--,--,--,--,4408
2026-05-04 16:47:33.995,--,--,--,--,--,--,--,--,--,--,--,--,--,--,--,--,--,--,--,--,--,--,--,--,--,--,--,--,--,--,--,--,--,--,--,--,--,--,--,--,--,--,--,--,--,--,4413
2026-05-04 16:47:33.997,--,--,--,--,--,--,--,--,--,--,--,--,--,--,--,--,--,--,--,--,--,--,--,--,--,--,--,--,--,--,--,--,--,--,--,--,--,--,--,--,--,--,--,--,--,--,4418
2026-05-04 16:47:33.998,--,--,--,--,--,--,--,--,--,--,--,--,--,--,--,--,--,--,--,--,--,--,--,--,--,--,--,--,--,--,--,--,--,--,--,--,--,--,--,--,--,--,--,--,--,--,4423
2026-05-04 16:47:34.230,--,--,--,--,--,--,--,--,--,--,--,--,--,--,--,--,--,--,--,--,--,--,--,--,--,--,--,--,--,--,--,--,--,--,--,--,--,--,--,--,--,--,--,--,--,--,4539
2026-05-04 16:47:34.294,--,--,--,--,--,--,--,--,--,--,--,--,--,--,--,--,--,--,--,--,--,--,--,--,--,--,--,--,--,--,--,--,--,--,--,--,--,--,--,--,--,--,--,--,--,--,4544
2026-05-04 16:47:34.331,--,--,--,--,--,--,--,--,--,--,--,--,--,--,--,--,--,--,--,--,--,--,--,--,--,--,--,--,--,--,--,--,--,--,--,--,--,--,--,--,--,--,--,--,--,--,4549
2026-05-04 16:47:34.368,--,--,--,--,--,--,--,--,--,--,--,--,--,--,--,--,--,--,--,--,--,--,--,--,--,--,--,--,--,--,--,--,--,--,--,--,--,--,--,--,--,--,--,--,--,--,4554
2026-05-04 16:47:34.405,--,--,--,--,--,--,--,--,--,--,--,--,--,--,--,--,--,--,--,--,--,--,--,--,--,--,--,--,--,--,--,--,--,--,--,--,--,--,--,--,--,--,--,--,--,--,4559
2026-05-04 16:47:34.444,--,--,--,--,--,--,--,--,--,--,--,--,--,--,--,--,--,--,--,--,--,--,--,--,--,--,--,--,--,--,--,--,--,--,--,--,--,--,--,--,--,--,--,--,--,--,4564
2026-05-04 16:47:34.477,--,--,--,--,--,--,--,--,--,--,--,--,--,--,--,--,--,--,--,--,--,--,--,--,--,--,--,--,--,--,--,--,--,--,--,--,--,--,--,--,--,--,--,--,--,--,4569
2026-05-04 16:47:34.530,--,--,--,--,--,--,--,--,--,--,--,--,--,--,--,--,--,--,--,--,--,--,--,--,--,--,--,--,--,--,--,--,--,--,--,--,--,--,--,--,--,--,--,--,--,--,4574
2026-05-04 16:47:34.547,--,--,--,--,--,--,--,--,--,--,--,--,--,--,--,--,--,--,--,--,--,--,--,--,--,--,--,--,--,--,--,--,--,--,--,--,--,--,--,--,--,--,--,--,--,--,4579
2026-05-04 16:47:34.593,--,--,--,--,--,--,--,--,--,--,--,--,--,--,--,--,--,--,--,--,--,--,--,--,--,--,--,--,--,--,--,--,--,--,--,--,--,--,--,--,--,--,--,--,--,--,4584
2026-05-04 16:47:34.612,--,--,--,--,--,--,--,--,--,--,--,--,--,--,--,--,--,--,--,--,--,--,--,--,--,--,--,--,--,--,--,--,--,--,--,--,--,--,--,--,--,--,--,--,--,--,4589
2026-05-04 16:47:34.613,--,--,--,--,--,--,--,--,--,--,--,--,--,--,--,--,--,--,--,--,--,--,--,--,--,--,--,--,--,--,--,--,--,--,--,--,--,--,--,--,--,--,--,--,--,--,4594
2026-05-04 16:47:34.614,--,--,--,--,--,--,--,--,--,--,--,--,--,--,--,--,--,--,--,--,--,--,--,--,--,--,--,--,--,--,--,--,--,--,--,--,--,--,--,--,--,--,--,--,--,--,4599
2026-05-04 16:47:34.615,--,--,--,--,--,--,--,--,--,--,--,--,--,--,--,--,--,--,--,--,--,--,--,--,--,--,--,--,--,--,--,--,--,--,--,--,--,--,--,--,--,--,--,--,--,--,4604
2026-05-04 16:47:34.616,--,--,--,--,--,--,--,--,--,--,--,--,--,--,--,--,--,--,--,--,--,--,--,--,--,--,--,--,--,--,--,--,--,--,--,--,--,--,--,--,--,--,--,--,--,--,4609
2026-05-04 16:47:34.618,--,--,--,--,--,--,--,--,--,--,--,--,--,--,--,--,--,--,--,--,--,--,--,--,--,--,--,--,--,--,--,--,--,--,--,--,--,--,--,--,--,--,--,--,--,--,4614
2026-05-04 16:47:34.636,--,--,--,--,--,--,--,--,--,--,--,--,--,--,--,--,--,--,--,--,--,--,--,--,--,--,--,--,--,--,--,--,--,--,--,--,--,--,--,--,--,--,--,--,--,--,4619
2026-05-04 16:47:34.638,--,--,--,--,--,--,--,--,--,--,--,--,--,--,--,--,--,--,--,--,--,--,--,--,--,--,--,--,--,--,--,--,--,--,--,--,--,--,--,--,--,--,--,--,--,--,4624
2026-05-04 16:47:34.639,--,--,--,--,--,--,--,--,--,--,--,--,--,--,--,--,--,--,--,--,--,--,--,--,--,--,--,--,--,--,--,--,--,--,--,--,--,--,--,--,--,--,--,--,--,--,4629
2026-05-04 16:47:34.641,--,--,--,--,--,--,--,--,--,--,--,--,--,--,--,--,--,--,--,--,--,--,--,--,--,--,--,--,--,--,--,--,--,--,--,--,--,--,--,--,--,--,--,--,--,--,4634
2026-05-04 16:47:34.667,--,--,--,--,--,--,--,--,--,--,--,--,--,--,--,--,--,--,--,--,--,--,--,--,--,--,--,--,--,--,--,--,--,--,--,--,--,--,--,--,--,--,--,--,--,--,13955
2026-05-04 16:47:34.715,--,--,--,--,--,--,--,--,--,--,--,--,--,--,--,--,--,--,--,--,--,--,--,--,--,--,--,--,--,--,--,--,--,--,--,--,--,--,--,--,--,--,--,--,--,--,13960
2026-05-04 16:47:34.765,--,--,--,--,--,--,--,--,--,--,--,--,--,--,--,--,--,--,--,--,--,--,--,--,--,--,--,--,--,--,--,--,--,--,--,--,--,--,--,--,--,--,--,--,--,--,13965
2026-05-04 16:47:34.814,--,--,--,--,--,--,--,--,--,--,--,--,--,--,--,--,--,--,--,--,--,--,--,--,--,--,--,--,--,--,--,--,--,--,--,--,--,--,--,--,--,--,--,--,--,--,13970
2026-05-04 16:47:34.816,--,--,--,--,--,--,--,--,--,--,--,--,--,--,--,--,--,--,--,--,--,--,--,--,--,--,--,--,--,--,--,--,--,--,--,--,--,--,--,--,--,--,--,--,--,--,13975
2026-05-04 16:47:34.817,--,--,--,--,--,--,--,--,--,--,--,--,--,--,--,--,--,--,--,--,--,--,--,--,--,--,--,--,--,--,--,--,--,--,--,--,--,--,--,--,--,--,--,--,--,--,13980
2026-05-04 16:47:34.818,--,--,--,--,--,--,--,--,--,--,--,--,--,--,--,--,--,--,--,--,--,--,--,--,--,--,--,--,--,--,--,--,--,--,--,--,--,--,--,--,--,--,--,--,--,--,13985
2026-05-04 16:47:34.822,--,--,--,--,--,--,--,--,--,--,--,--,--,--,--,--,--,--,--,--,--,--,--,--,--,--,--,--,--,--,--,--,--,--,--,--,--,--,--,--,--,--,--,--,--,--,13990
2026-05-04 16:47:34.823,--,--,--,--,--,--,--,--,--,--,--,--,--,--,--,--,--,--,--,--,--,--,--,--,--,--,--,--,--,--,--,--,--,--,--,--,--,--,--,--,--,--,--,--,--,--,13995
2026-05-04 16:47:34.824,--,--,--,--,--,--,--,--,--,--,--,--,--,--,--,--,--,--,--,--,--,--,--,--,--,--,--,--,--,--,--,--,--,--,--,--,--,--,--,--,--,--,--,--,--,--,13997
2026-05-04 16:47:34.952,--,--,--,--,--,--,--,--,--,--,--,--,--,--,--,--,--,--,--,--,--,--,--,--,--,--,--,--,--,--,--,--,--,--,--,--,--,--,--,--,--,--,--,--,--,--,13998
2026-05-04 16:47:35.006,--,--,--,--,--,--,--,--,--,--,--,--,--,--,--,--,--,--,--,--,--,--,--,--,--,--,--,--,--,--,--,--,--,--,--,--,--,--,--,--,--,--,--,--,--,--,14003
2026-05-04 16:47:35.080,--,--,--,--,--,--,--,--,--,--,--,--,--,--,--,--,--,--,--,--,--,--,--,--,--,--,--,--,--,--,--,--,--,--,--,--,--,--,--,--,--,--,--,--,--,--,14008
2026-05-04 16:47:35.136,--,--,--,--,--,--,--,--,--,--,--,--,--,--,--,--,--,--,--,--,--,--,--,--,--,--,--,--,--,--,--,--,--,--,--,--,--,--,--,--,--,--,--,--,--,--,14013
2026-05-04 16:47:35.208,--,--,--,--,--,--,--,--,--,--,--,--,--,--,--,--,--,--,--,--,--,--,--,--,--,--,--,--,--,--,--,--,--,--,--,--,--,--,--,--,--,--,--,--,--,--,14018
2026-05-04 16:47:35.274,--,--,--,--,--,--,--,--,--,--,--,--,--,--,--,--,--,--,--,--,--,--,--,--,--,--,--,--,--,--,--,--,--,--,--,--,--,--,--,--,--,--,--,--,--,--,14023
2026-05-04 16:47:35.309,--,--,--,--,--,--,--,--,--,--,--,--,--,--,--,--,--,--,--,--,--,--,--,--,--,--,--,--,--,--,--,--,--,--,--,--,--,--,--,--,--,--,--,--,--,--,14028
2026-05-04 16:47:35.311,--,--,--,--,--,--,--,--,--,--,--,--,--,--,--,--,--,--,--,--,--,--,--,--,--,--,--,--,--,--,--,--,--,--,--,--,--,--,--,--,--,--,--,--,--,--,14033
2026-05-04 16:47:35.312,--,--,--,--,--,--,--,--,--,--,--,--,--,--,--,--,--,--,--,--,--,--,--,--,--,--,--,--,--,--,--,--,--,--,--,--,--,--,--,--,--,--,--,--,--,--,14038
2026-05-04 16:47:35.313,--,--,--,--,--,--,--,--,--,--,--,--,--,--,--,--,--,--,--,--,--,--,--,--,--,--,--,--,--,--,--,--,--,--,--,--,--,--,--,--,--,--,--,--,--,--,14043
2026-05-04 16:47:35.315,--,--,--,--,--,--,--,--,--,--,--,--,--,--,--,--,--,--,--,--,--,--,--,--,--,--,--,--,--,--,--,--,--,--,--,--,--,--,--,--,--,--,--,--,--,--,14048
2026-05-04 16:47:35.316,--,--,--,--,--,--,--,--,--,--,--,--,--,--,--,--,--,--,--,--,--,--,--,--,--,--,--,--,--,--,--,--,--,--,--,--,--,--,--,--,--,--,--,--,--,--,14053
2026-05-04 16:47:35.318,--,--,--,--,--,--,--,--,--,--,--,--,--,--,--,--,--,--,--,--,--,--,--,--,--,--,--,--,--,--,--,--,--,--,--,--,--,--,--,--,--,--,--,--,--,--,14058
2026-05-04 16:47:35.320,--,--,--,--,--,--,--,--,--,--,--,--,--,--,--,--,--,--,--,--,--,--,--,--,--,--,--,--,--,--,--,--,--,--,--,--,--,--,--,--,--,--,--,--,--,--,14063
2026-05-04 16:47:35.322,--,--,--,--,--,--,--,--,--,--,--,--,--,--,--,--,--,--,--,--,--,--,--,--,--,--,--,--,--,--,--,--,--,--,--,--,--,--,--,--,--,--,--,--,--,--,14068
2026-05-04 16:47:35.324,--,--,--,--,--,--,--,--,--,--,--,--,--,--,--,--,--,--,--,--,--,--,--,--,--,--,--,--,--,--,--,--,--,--,--,--,--,--,--,--,--,--,--,--,--,--,14073
2026-05-04 16:47:35.325,--,--,--,--,--,--,--,--,--,--,--,--,--,--,--,--,--,--,--,--,--,--,--,--,--,--,--,--,--,--,--,--,--,--,--,--,--,--,--,--,--,--,--,--,--,--,14078
2026-05-04 16:47:35.327,--,--,--,--,--,--,--,--,--,--,--,--,--,--,--,--,--,--,--,--,--,--,--,--,--,--,--,--,--,--,--,--,--,--,--,--,--,--,--,--,--,--,--,--,--,--,14083
2026-05-04 16:47:35.328,--,--,--,--,--,--,--,--,--,--,--,--,--,--,--,--,--,--,--,--,--,--,--,--,--,--,--,--,--,--,--,--,--,--,--,--,--,--,--,--,--,--,--,--,--,--,14088
2026-05-04 16:47:35.330,--,--,--,--,--,--,--,--,--,--,--,--,--,--,--,--,--,--,--,--,--,--,--,--,--,--,--,--,--,--,--,--,--,--,--,--,--,--,--,--,--,--,--,--,--,--,14093
2026-05-04 16:47:35.361,--,--,--,--,--,--,--,--,--,--,--,--,--,--,--,--,--,--,--,--,--,--,--,--,--,--,--,--,--,--,--,--,--,--,--,--,--,--,--,--,--,--,--,--,--,--,16447
2026-05-04 16:47:35.363,--,--,--,--,--,--,--,--,--,--,--,--,--,--,--,--,--,--,--,--,--,--,--,--,--,--,--,--,--,--,--,--,--,--,--,--,--,--,--,--,--,--,--,--,--,--,16452
2026-05-04 16:47:35.424,--,--,--,--,--,--,--,--,--,--,--,--,--,--,--,--,--,--,--,--,--,--,--,--,--,--,--,--,--,--,--,--,--,--,--,--,--,--,--,--,--,--,--,--,--,--,16457
2026-05-04 16:47:35.460,--,--,--,--,--,--,--,--,--,--,--,--,--,--,--,--,--,--,--,--,--,--,--,--,--,--,--,--,--,--,--,--,--,--,--,--,--,--,--,--,--,--,--,--,--,--,16462
2026-05-04 16:47:35.515,--,--,--,--,--,--,--,--,--,--,--,--,--,--,--,--,--,--,--,--,--,--,--,--,--,--,--,--,--,--,--,--,--,--,--,--,--,--,--,--,--,--,--,--,--,--,16467
2026-05-04 16:47:35.552,--,--,--,--,--,--,--,--,--,--,--,--,--,--,--,--,--,--,--,--,--,--,--,--,--,--,--,--,--,--,--,--,--,--,--,--,--,--,--,--,--,--,--,--,--,--,16472
2026-05-04 16:47:35.554,--,--,--,--,--,--,--,--,--,--,--,--,--,--,--,--,--,--,--,--,--,--,--,--,--,--,--,--,--,--,--,--,--,--,--,--,--,--,--,--,--,--,--,--,--,--,16477
2026-05-04 16:47:35.556,--,--,--,--,--,--,--,--,--,--,--,--,--,--,--,--,--,--,--,--,--,--,--,--,--,--,--,--,--,--,--,--,--,--,--,--,--,--,--,--,--,--,--,--,--,--,16482
2026-05-04 16:47:35.558,--,--,--,--,--,--,--,--,--,--,--,--,--,--,--,--,--,--,--,--,--,--,--,--,--,--,--,--,--,--,--,--,--,--,--,--,--,--,--,--,--,--,--,--,--,--,16487
2026-05-04 16:47:35.559,--,--,--,--,--,--,--,--,--,--,--,--,--,--,--,--,--,--,--,--,--,--,--,--,--,--,--,--,--,--,--,--,--,--,--,--,--,--,--,--,--,--,--,--,--,--,16488
2026-05-04 16:47:35.682,--,--,--,--,--,--,--,--,--,--,--,--,--,--,--,--,--,--,--,--,--,--,--,--,--,--,--,--,--,--,--,--,--,--,--,--,--,--,--,--,--,--,--,--,--,--,16489
2026-05-04 16:47:35.721,--,--,--,--,--,--,--,--,--,--,--,--,--,--,--,--,--,--,--,--,--,--,--,--,--,--,--,--,--,--,--,--,--,--,--,--,--,--,--,--,--,--,--,--,--,--,16494
2026-05-04 16:47:35.761,--,--,--,--,--,--,--,--,--,--,--,--,--,--,--,--,--,--,--,--,--,--,--,--,--,--,--,--,--,--,--,--,--,--,--,--,--,--,--,--,--,--,--,--,--,--,16499
2026-05-04 16:47:35.814,--,--,--,--,--,--,--,--,--,--,--,--,--,--,--,--,--,--,--,--,--,--,--,--,--,--,--,--,--,--,--,--,--,--,--,--,--,--,--,--,--,--,--,--,--,--,16504
2026-05-04 16:47:35.834,--,--,--,--,--,--,--,--,--,--,--,--,--,--,--,--,--,--,--,--,--,--,--,--,--,--,--,--,--,--,--,--,--,--,--,--,--,--,--,--,--,--,--,--,--,--,16509
2026-05-04 16:47:35.892,--,--,--,--,--,--,--,--,--,--,--,--,--,--,--,--,--,--,--,--,--,--,--,--,--,--,--,--,--,--,--,--,--,--,--,--,--,--,--,--,--,--,--,--,--,--,16514
2026-05-04 16:47:35.929,--,--,--,--,--,--,--,--,--,--,--,--,--,--,--,--,--,--,--,--,--,--,--,--,--,--,--,--,--,--,--,--,--,--,--,--,--,--,--,--,--,--,--,--,--,--,16519
2026-05-04 16:47:35.999,--,--,--,--,--,--,--,--,--,--,--,--,--,--,--,--,--,--,--,--,--,--,--,--,--,--,--,--,--,--,--,--,--,--,--,--,--,--,--,--,--,--,--,--,--,--,16524
2026-05-04 16:47:36.053,--,--,--,--,--,--,--,--,--,--,--,--,--,--,--,--,--,--,--,--,--,--,--,--,--,--,--,--,--,--,--,--,--,--,--,--,--,--,--,--,--,--,--,--,--,--,16529
2026-05-04 16:47:36.074,--,--,--,--,--,--,--,--,--,--,--,--,--,--,--,--,--,--,--,--,--,--,--,--,--,--,--,--,--,--,--,--,--,--,--,--,--,--,--,--,--,--,--,--,--,--,16534
2026-05-04 16:47:36.076,--,--,--,--,--,--,--,--,--,--,--,--,--,--,--,--,--,--,--,--,--,--,--,--,--,--,--,--,--,--,--,--,--,--,--,--,--,--,--,--,--,--,--,--,--,--,16539
2026-05-04 16:47:36.078,--,--,--,--,--,--,--,--,--,--,--,--,--,--,--,--,--,--,--,--,--,--,--,--,--,--,--,--,--,--,--,--,--,--,--,--,--,--,--,--,--,--,--,--,--,--,16544
2026-05-04 16:47:36.080,--,--,--,--,--,--,--,--,--,--,--,--,--,--,--,--,--,--,--,--,--,--,--,--,--,--,--,--,--,--,--,--,--,--,--,--,--,--,--,--,--,--,--,--,--,--,16549
2026-05-04 16:47:36.081,--,--,--,--,--,--,--,--,--,--,--,--,--,--,--,--,--,--,--,--,--,--,--,--,--,--,--,--,--,--,--,--,--,--,--,--,--,--,--,--,--,--,--,--,--,--,16554
2026-05-04 16:47:36.082,--,--,--,--,--,--,--,--,--,--,--,--,--,--,--,--,--,--,--,--,--,--,--,--,--,--,--,--,--,--,--,--,--,--,--,--,--,--,--,--,--,--,--,--,--,--,16559
2026-05-04 16:47:36.083,--,--,--,--,--,--,--,--,--,--,--,--,--,--,--,--,--,--,--,--,--,--,--,--,--,--,--,--,--,--,--,--,--,--,--,--,--,--,--,--,--,--,--,--,--,--,16564
2026-05-04 16:47:36.085,--,--,--,--,--,--,--,--,--,--,--,--,--,--,--,--,--,--,--,--,--,--,--,--,--,--,--,--,--,--,--,--,--,--,--,--,--,--,--,--,--,--,--,--,--,--,16569
2026-05-04 16:47:36.087,--,--,--,--,--,--,--,--,--,--,--,--,--,--,--,--,--,--,--,--,--,--,--,--,--,--,--,--,--,--,--,--,--,--,--,--,--,--,--,--,--,--,--,--,--,--,16574
2026-05-04 16:47:36.090,--,--,--,--,--,--,--,--,--,--,--,--,--,--,--,--,--,--,--,--,--,--,--,--,--,--,--,--,--,--,--,--,--,--,--,--,--,--,--,--,--,--,--,--,--,--,16579
2026-05-04 16:47:36.092,--,--,--,--,--,--,--,--,--,--,--,--,--,--,--,--,--,--,--,--,--,--,--,--,--,--,--,--,--,--,--,--,--,--,--,--,--,--,--,--,--,--,--,--,--,--,16584
2026-05-04 16:47:36.143,--,--,--,--,--,--,--,--,--,--,--,--,--,--,--,--,--,--,--,--,--,--,--,--,--,--,--,--,--,--,--,--,--,--,--,--,--,--,--,--,--,--,--,--,--,--,19360
2026-05-04 16:47:36.197,--,--,--,--,--,--,--,--,--,--,--,--,--,--,--,--,--,--,--,--,--,--,--,--,--,--,--,--,--,--,--,--,--,--,--,--,--,--,--,--,--,--,--,--,--,--,19365
2026-05-04 16:47:36.264,--,--,--,--,--,--,--,--,--,--,--,--,--,--,--,--,--,--,--,--,--,--,--,--,--,--,--,--,--,--,--,--,--,--,--,--,--,--,--,--,--,--,--,--,--,--,19370
2026-05-04 16:47:36.300,--,--,--,--,--,--,--,--,--,--,--,--,--,--,--,--,--,--,--,--,--,--,--,--,--,--,--,--,--,--,--,--,--,--,--,--,--,--,--,--,--,--,--,--,--,--,19375
2026-05-04 16:47:36.302,--,--,--,--,--,--,--,--,--,--,--,--,--,--,--,--,--,--,--,--,--,--,--,--,--,--,--,--,--,--,--,--,--,--,--,--,--,--,--,--,--,--,--,--,--,--,19380
2026-05-04 16:47:36.303,--,--,--,--,--,--,--,--,--,--,--,--,--,--,--,--,--,--,--,--,--,--,--,--,--,--,--,--,--,--,--,--,--,--,--,--,--,--,--,--,--,--,--,--,--,--,19385
2026-05-04 16:47:36.305,--,--,--,--,--,--,--,--,--,--,--,--,--,--,--,--,--,--,--,--,--,--,--,--,--,--,--,--,--,--,--,--,--,--,--,--,--,--,--,--,--,--,--,--,--,--,19390
2026-05-04 16:47:36.306,--,--,--,--,--,--,--,--,--,--,--,--,--,--,--,--,--,--,--,--,--,--,--,--,--,--,--,--,--,--,--,--,--,--,--,--,--,--,--,--,--,--,--,--,--,--,19395
2026-05-04 16:47:36.308,--,--,--,--,--,--,--,--,--,--,--,--,--,--,--,--,--,--,--,--,--,--,--,--,--,--,--,--,--,--,--,--,--,--,--,--,--,--,--,--,--,--,--,--,--,--,19400
2026-05-04 16:47:36.310,--,--,--,--,--,--,--,--,--,--,--,--,--,--,--,--,--,--,--,--,--,--,--,--,--,--,--,--,--,--,--,--,--,--,--,--,--,--,--,--,--,--,--,--,--,--,19402
2026-05-04 16:47:36.430,--,--,--,--,--,--,--,--,--,--,--,--,--,--,--,--,--,--,--,--,--,--,--,--,--,--,--,--,--,--,--,--,--,--,--,--,--,--,--,--,--,--,--,--,--,--,19403
2026-05-04 16:47:36.476,--,--,--,--,--,--,--,--,--,--,--,--,--,--,--,--,--,--,--,--,--,--,--,--,--,--,--,--,--,--,--,--,--,--,--,--,--,--,--,--,--,--,--,--,--,--,19408
2026-05-04 16:47:36.530,--,--,--,--,--,--,--,--,--,--,--,--,--,--,--,--,--,--,--,--,--,--,--,--,--,--,--,--,--,--,--,--,--,--,--,--,--,--,--,--,--,--,--,--,--,--,19413
2026-05-04 16:47:36.582,--,--,--,--,--,--,--,--,--,--,--,--,--,--,--,--,--,--,--,--,--,--,--,--,--,--,--,--,--,--,--,--,--,--,--,--,--,--,--,--,--,--,--,--,--,--,19418
2026-05-04 16:47:36.603,--,--,--,--,--,--,--,--,--,--,--,--,--,--,--,--,--,--,--,--,--,--,--,--,--,--,--,--,--,--,--,--,--,--,--,--,--,--,--,--,--,--,--,--,--,--,19423
2026-05-04 16:47:36.642,--,--,--,--,--,--,--,--,--,--,--,--,--,--,--,--,--,--,--,--,--,--,--,--,--,--,--,--,--,--,--,--,--,--,--,--,--,--,--,--,--,--,--,--,--,--,19428
2026-05-04 16:47:36.697,--,--,--,--,--,--,--,--,--,--,--,--,--,--,--,--,--,--,--,--,--,--,--,--,--,--,--,--,--,--,--,--,--,--,--,--,--,--,--,--,--,--,--,--,--,--,19433
2026-05-04 16:47:36.748,--,--,--,--,--,--,--,--,--,--,--,--,--,--,--,--,--,--,--,--,--,--,--,--,--,--,--,--,--,--,--,--,--,--,--,--,--,--,--,--,--,--,--,--,--,--,19438
2026-05-04 16:47:36.801,--,--,--,--,--,--,--,--,--,--,--,--,--,--,--,--,--,--,--,--,--,--,--,--,--,--,--,--,--,--,--,--,--,--,--,--,--,--,--,--,--,--,--,--,--,--,19443
2026-05-04 16:47:36.820,--,--,--,--,--,--,--,--,--,--,--,--,--,--,--,--,--,--,--,--,--,--,--,--,--,--,--,--,--,--,--,--,--,--,--,--,--,--,--,--,--,--,--,--,--,--,19448
2026-05-04 16:47:36.821,--,--,--,--,--,--,--,--,--,--,--,--,--,--,--,--,--,--,--,--,--,--,--,--,--,--,--,--,--,--,--,--,--,--,--,--,--,--,--,--,--,--,--,--,--,--,19453
2026-05-04 16:47:36.824,--,--,--,--,--,--,--,--,--,--,--,--,--,--,--,--,--,--,--,--,--,--,--,--,--,--,--,--,--,--,--,--,--,--,--,--,--,--,--,--,--,--,--,--,--,--,19458
2026-05-04 16:47:36.825,--,--,--,--,--,--,--,--,--,--,--,--,--,--,--,--,--,--,--,--,--,--,--,--,--,--,--,--,--,--,--,--,--,--,--,--,--,--,--,--,--,--,--,--,--,--,19463
2026-05-04 16:47:36.826,--,--,--,--,--,--,--,--,--,--,--,--,--,--,--,--,--,--,--,--,--,--,--,--,--,--,--,--,--,--,--,--,--,--,--,--,--,--,--,--,--,--,--,--,--,--,19468
2026-05-04 16:47:36.827,--,--,--,--,--,--,--,--,--,--,--,--,--,--,--,--,--,--,--,--,--,--,--,--,--,--,--,--,--,--,--,--,--,--,--,--,--,--,--,--,--,--,--,--,--,--,19473
2026-05-04 16:47:36.829,--,--,--,--,--,--,--,--,--,--,--,--,--,--,--,--,--,--,--,--,--,--,--,--,--,--,--,--,--,--,--,--,--,--,--,--,--,--,--,--,--,--,--,--,--,--,19478
2026-05-04 16:47:36.830,--,--,--,--,--,--,--,--,--,--,--,--,--,--,--,--,--,--,--,--,--,--,--,--,--,--,--,--,--,--,--,--,--,--,--,--,--,--,--,--,--,--,--,--,--,--,19483
2026-05-04 16:47:36.831,--,--,--,--,--,--,--,--,--,--,--,--,--,--,--,--,--,--,--,--,--,--,--,--,--,--,--,--,--,--,--,--,--,--,--,--,--,--,--,--,--,--,--,--,--,--,19488
2026-05-04 16:47:36.832,--,--,--,--,--,--,--,--,--,--,--,--,--,--,--,--,--,--,--,--,--,--,--,--,--,--,--,--,--,--,--,--,--,--,--,--,--,--,--,--,--,--,--,--,--,--,19493
2026-05-04 16:47:36.833,--,--,--,--,--,--,--,--,--,--,--,--,--,--,--,--,--,--,--,--,--,--,--,--,--,--,--,--,--,--,--,--,--,--,--,--,--,--,--,--,--,--,--,--,--,--,19498
2026-05-04 16:47:36.865,--,--,--,--,--,--,--,--,--,--,--,--,--,--,--,--,--,--,--,--,--,--,--,--,--,--,--,--,--,--,--,--,--,--,--,--,--,--,--,--,--,--,--,--,--,--,22359
2026-05-04 16:47:36.944,--,--,--,--,--,--,--,--,--,--,--,--,--,--,--,--,--,--,--,--,--,--,--,--,--,--,--,--,--,--,--,--,--,--,--,--,--,--,--,--,--,--,--,--,--,--,22364
2026-05-04 16:47:36.994,--,--,--,--,--,--,--,--,--,--,--,--,--,--,--,--,--,--,--,--,--,--,--,--,--,--,--,--,--,--,--,--,--,--,--,--,--,--,--,--,--,--,--,--,--,--,22369
2026-05-04 16:47:37.044,--,--,--,--,--,--,--,--,--,--,--,--,--,--,--,--,--,--,--,--,--,--,--,--,--,--,--,--,--,--,--,--,--,--,--,--,--,--,--,--,--,--,--,--,--,--,22374
2026-05-04 16:47:37.046,--,--,--,--,--,--,--,--,--,--,--,--,--,--,--,--,--,--,--,--,--,--,--,--,--,--,--,--,--,--,--,--,--,--,--,--,--,--,--,--,--,--,--,--,--,--,22379
2026-05-04 16:47:37.048,--,--,--,--,--,--,--,--,--,--,--,--,--,--,--,--,--,--,--,--,--,--,--,--,--,--,--,--,--,--,--,--,--,--,--,--,--,--,--,--,--,--,--,--,--,--,22384
2026-05-04 16:47:37.049,--,--,--,--,--,--,--,--,--,--,--,--,--,--,--,--,--,--,--,--,--,--,--,--,--,--,--,--,--,--,--,--,--,--,--,--,--,--,--,--,--,--,--,--,--,--,22389
2026-05-04 16:47:37.051,--,--,--,--,--,--,--,--,--,--,--,--,--,--,--,--,--,--,--,--,--,--,--,--,--,--,--,--,--,--,--,--,--,--,--,--,--,--,--,--,--,--,--,--,--,--,22394
2026-05-04 16:47:37.052,--,--,--,--,--,--,--,--,--,--,--,--,--,--,--,--,--,--,--,--,--,--,--,--,--,--,--,--,--,--,--,--,--,--,--,--,--,--,--,--,--,--,--,--,--,--,22399
2026-05-04 16:47:37.053,--,--,--,--,--,--,--,--,--,--,--,--,--,--,--,--,--,--,--,--,--,--,--,--,--,--,--,--,--,--,--,--,--,--,--,--,--,--,--,--,--,--,--,--,--,--,22400
2026-05-04 16:47:37.200,--,--,--,--,--,--,--,--,--,--,--,--,--,--,--,--,--,--,--,--,--,--,--,--,--,--,--,--,--,--,--,--,--,--,--,--,--,--,--,--,--,--,--,--,--,--,22401
2026-05-04 16:47:37.237,--,--,--,--,--,--,--,--,--,--,--,--,--,--,--,--,--,--,--,--,--,--,--,--,--,--,--,--,--,--,--,--,--,--,--,--,--,--,--,--,--,--,--,--,--,--,22406
2026-05-04 16:47:37.298,--,--,--,--,--,--,--,--,--,--,--,--,--,--,--,--,--,--,--,--,--,--,--,--,--,--,--,--,--,--,--,--,--,--,--,--,--,--,--,--,--,--,--,--,--,--,22411
2026-05-04 16:47:37.336,--,--,--,--,--,--,--,--,--,--,--,--,--,--,--,--,--,--,--,--,--,--,--,--,--,--,--,--,--,--,--,--,--,--,--,--,--,--,--,--,--,--,--,--,--,--,22416
2026-05-04 16:47:37.395,--,--,--,--,--,--,--,--,--,--,--,--,--,--,--,--,--,--,--,--,--,--,--,--,--,--,--,--,--,--,--,--,--,--,--,--,--,--,--,--,--,--,--,--,--,--,22421
2026-05-04 16:47:37.449,--,--,--,--,--,--,--,--,--,--,--,--,--,--,--,--,--,--,--,--,--,--,--,--,--,--,--,--,--,--,--,--,--,--,--,--,--,--,--,--,--,--,--,--,--,--,22426
2026-05-04 16:47:37.500,--,--,--,--,--,--,--,--,--,--,--,--,--,--,--,--,--,--,--,--,--,--,--,--,--,--,--,--,--,--,--,--,--,--,--,--,--,--,--,--,--,--,--,--,--,--,22431
2026-05-04 16:47:37.534,--,--,--,--,--,--,--,--,--,--,--,--,--,--,--,--,--,--,--,--,--,--,--,--,--,--,--,--,--,--,--,--,--,--,--,--,--,--,--,--,--,--,--,--,--,--,22436
2026-05-04 16:47:37.552,--,--,--,--,--,--,--,--,--,--,--,--,--,--,--,--,--,--,--,--,--,--,--,--,--,--,--,--,--,--,--,--,--,--,--,--,--,--,--,--,--,--,--,--,--,--,22441
2026-05-04 16:47:37.554,--,--,--,--,--,--,--,--,--,--,--,--,--,--,--,--,--,--,--,--,--,--,--,--,--,--,--,--,--,--,--,--,--,--,--,--,--,--,--,--,--,--,--,--,--,--,22446
2026-05-04 16:47:37.556,--,--,--,--,--,--,--,--,--,--,--,--,--,--,--,--,--,--,--,--,--,--,--,--,--,--,--,--,--,--,--,--,--,--,--,--,--,--,--,--,--,--,--,--,--,--,22451
2026-05-04 16:47:37.558,--,--,--,--,--,--,--,--,--,--,--,--,--,--,--,--,--,--,--,--,--,--,--,--,--,--,--,--,--,--,--,--,--,--,--,--,--,--,--,--,--,--,--,--,--,--,22456
2026-05-04 16:47:37.560,--,--,--,--,--,--,--,--,--,--,--,--,--,--,--,--,--,--,--,--,--,--,--,--,--,--,--,--,--,--,--,--,--,--,--,--,--,--,--,--,--,--,--,--,--,--,22461
2026-05-04 16:47:37.561,--,--,--,--,--,--,--,--,--,--,--,--,--,--,--,--,--,--,--,--,--,--,--,--,--,--,--,--,--,--,--,--,--,--,--,--,--,--,--,--,--,--,--,--,--,--,22466
2026-05-04 16:47:37.563,--,--,--,--,--,--,--,--,--,--,--,--,--,--,--,--,--,--,--,--,--,--,--,--,--,--,--,--,--,--,--,--,--,--,--,--,--,--,--,--,--,--,--,--,--,--,22471
2026-05-04 16:47:37.565,--,--,--,--,--,--,--,--,--,--,--,--,--,--,--,--,--,--,--,--,--,--,--,--,--,--,--,--,--,--,--,--,--,--,--,--,--,--,--,--,--,--,--,--,--,--,22476
2026-05-04 16:47:37.566,--,--,--,--,--,--,--,--,--,--,--,--,--,--,--,--,--,--,--,--,--,--,--,--,--,--,--,--,--,--,--,--,--,--,--,--,--,--,--,--,--,--,--,--,--,--,22481
2026-05-04 16:47:37.568,--,--,--,--,--,--,--,--,--,--,--,--,--,--,--,--,--,--,--,--,--,--,--,--,--,--,--,--,--,--,--,--,--,--,--,--,--,--,--,--,--,--,--,--,--,--,22486
2026-05-04 16:47:37.568,--,--,--,--,--,--,--,--,--,--,--,--,--,--,--,--,--,--,--,--,--,--,--,--,--,--,--,--,--,--,--,--,--,--,--,--,--,--,--,--,--,--,--,--,--,--,22491
2026-05-04 16:47:37.590,--,--,--,--,--,--,--,--,--,--,--,--,--,--,--,--,--,--,--,--,--,--,--,--,--,--,--,--,--,--,--,--,--,--,--,--,--,--,--,--,--,--,--,--,--,--,22496
2026-05-04 16:47:37.626,--,--,--,--,--,--,--,--,--,--,--,--,--,--,--,--,--,--,--,--,--,--,--,--,--,--,--,--,--,--,--,--,--,--,--,--,--,--,--,--,--,--,--,--,--,--,25314
2026-05-04 16:47:37.666,--,--,--,--,--,--,--,--,--,--,--,--,--,--,--,--,--,--,--,--,--,--,--,--,--,--,--,--,--,--,--,--,--,--,--,--,--,--,--,--,--,--,--,--,--,--,25319
2026-05-04 16:47:37.721,--,--,--,--,--,--,--,--,--,--,--,--,--,--,--,--,--,--,--,--,--,--,--,--,--,--,--,--,--,--,--,--,--,--,--,--,--,--,--,--,--,--,--,--,--,--,25324
2026-05-04 16:47:37.787,--,--,--,--,--,--,--,--,--,--,--,--,--,--,--,--,--,--,--,--,--,--,--,--,--,--,--,--,--,--,--,--,--,--,--,--,--,--,--,--,--,--,--,--,--,--,25329
2026-05-04 16:47:37.789,--,--,--,--,--,--,--,--,--,--,--,--,--,--,--,--,--,--,--,--,--,--,--,--,--,--,--,--,--,--,--,--,--,--,--,--,--,--,--,--,--,--,--,--,--,--,25334
2026-05-04 16:47:37.791,--,--,--,--,--,--,--,--,--,--,--,--,--,--,--,--,--,--,--,--,--,--,--,--,--,--,--,--,--,--,--,--,--,--,--,--,--,--,--,--,--,--,--,--,--,--,25339
2026-05-04 16:47:37.792,--,--,--,--,--,--,--,--,--,--,--,--,--,--,--,--,--,--,--,--,--,--,--,--,--,--,--,--,--,--,--,--,--,--,--,--,--,--,--,--,--,--,--,--,--,--,25344
2026-05-04 16:47:37.793,--,--,--,--,--,--,--,--,--,--,--,--,--,--,--,--,--,--,--,--,--,--,--,--,--,--,--,--,--,--,--,--,--,--,--,--,--,--,--,--,--,--,--,--,--,--,25349
2026-05-04 16:47:37.795,--,--,--,--,--,--,--,--,--,--,--,--,--,--,--,--,--,--,--,--,--,--,--,--,--,--,--,--,--,--,--,--,--,--,--,--,--,--,--,--,--,--,--,--,--,--,25354
2026-05-04 16:47:37.796,--,--,--,--,--,--,--,--,--,--,--,--,--,--,--,--,--,--,--,--,--,--,--,--,--,--,--,--,--,--,--,--,--,--,--,--,--,--,--,--,--,--,--,--,--,--,25356
2026-05-04 16:47:37.995,--,--,--,--,--,--,--,--,--,--,--,--,--,--,--,--,--,--,--,--,--,--,--,--,--,--,--,--,--,--,--,--,--,--,--,--,--,--,--,--,--,--,--,--,--,--,25357
2026-05-04 16:47:38.052,--,--,--,--,--,--,--,--,--,--,--,--,--,--,--,--,--,--,--,--,--,--,--,--,--,--,--,--,--,--,--,--,--,--,--,--,--,--,--,--,--,--,--,--,--,--,25362
2026-05-04 16:47:38.093,--,--,--,--,--,--,--,--,--,--,--,--,--,--,--,--,--,--,--,--,--,--,--,--,--,--,--,--,--,--,--,--,--,--,--,--,--,--,--,--,--,--,--,--,--,--,25367
2026-05-04 16:47:38.166,--,--,--,--,--,--,--,--,--,--,--,--,--,--,--,--,--,--,--,--,--,--,--,--,--,--,--,--,--,--,--,--,--,--,--,--,--,--,--,--,--,--,--,--,--,--,25372
2026-05-04 16:47:38.220,--,--,--,--,--,--,--,--,--,--,--,--,--,--,--,--,--,--,--,--,--,--,--,--,--,--,--,--,--,--,--,--,--,--,--,--,--,--,--,--,--,--,--,--,--,--,25377
2026-05-04 16:47:38.259,--,--,--,--,--,--,--,--,--,--,--,--,--,--,--,--,--,--,--,--,--,--,--,--,--,--,--,--,--,--,--,--,--,--,--,--,--,--,--,--,--,--,--,--,--,--,25382
2026-05-04 16:47:38.316,--,--,--,--,--,--,--,--,--,--,--,--,--,--,--,--,--,--,--,--,--,--,--,--,--,--,--,--,--,--,--,--,--,--,--,--,--,--,--,--,--,--,--,--,--,--,25387
2026-05-04 16:47:38.353,--,--,--,--,--,--,--,--,--,--,--,--,--,--,--,--,--,--,--,--,--,--,--,--,--,--,--,--,--,--,--,--,--,--,--,--,--,--,--,--,--,--,--,--,--,--,25392
2026-05-04 16:47:38.372,--,--,--,--,--,--,--,--,--,--,--,--,--,--,--,--,--,--,--,--,--,--,--,--,--,--,--,--,--,--,--,--,--,--,--,--,--,--,--,--,--,--,--,--,--,--,25397
2026-05-04 16:47:38.373,--,--,--,--,--,--,--,--,--,--,--,--,--,--,--,--,--,--,--,--,--,--,--,--,--,--,--,--,--,--,--,--,--,--,--,--,--,--,--,--,--,--,--,--,--,--,25402
2026-05-04 16:47:38.375,--,--,--,--,--,--,--,--,--,--,--,--,--,--,--,--,--,--,--,--,--,--,--,--,--,--,--,--,--,--,--,--,--,--,--,--,--,--,--,--,--,--,--,--,--,--,25407
2026-05-04 16:47:38.376,--,--,--,--,--,--,--,--,--,--,--,--,--,--,--,--,--,--,--,--,--,--,--,--,--,--,--,--,--,--,--,--,--,--,--,--,--,--,--,--,--,--,--,--,--,--,25412
2026-05-04 16:47:38.378,--,--,--,--,--,--,--,--,--,--,--,--,--,--,--,--,--,--,--,--,--,--,--,--,--,--,--,--,--,--,--,--,--,--,--,--,--,--,--,--,--,--,--,--,--,--,25417
2026-05-04 16:47:38.379,--,--,--,--,--,--,--,--,--,--,--,--,--,--,--,--,--,--,--,--,--,--,--,--,--,--,--,--,--,--,--,--,--,--,--,--,--,--,--,--,--,--,--,--,--,--,25422
2026-05-04 16:47:38.381,--,--,--,--,--,--,--,--,--,--,--,--,--,--,--,--,--,--,--,--,--,--,--,--,--,--,--,--,--,--,--,--,--,--,--,--,--,--,--,--,--,--,--,--,--,--,25427
2026-05-04 16:47:38.383,--,--,--,--,--,--,--,--,--,--,--,--,--,--,--,--,--,--,--,--,--,--,--,--,--,--,--,--,--,--,--,--,--,--,--,--,--,--,--,--,--,--,--,--,--,--,25432
2026-05-04 16:47:38.384,--,--,--,--,--,--,--,--,--,--,--,--,--,--,--,--,--,--,--,--,--,--,--,--,--,--,--,--,--,--,--,--,--,--,--,--,--,--,--,--,--,--,--,--,--,--,25437
2026-05-04 16:47:38.385,--,--,--,--,--,--,--,--,--,--,--,--,--,--,--,--,--,--,--,--,--,--,--,--,--,--,--,--,--,--,--,--,--,--,--,--,--,--,--,--,--,--,--,--,--,--,25442
2026-05-04 16:47:38.387,--,--,--,--,--,--,--,--,--,--,--,--,--,--,--,--,--,--,--,--,--,--,--,--,--,--,--,--,--,--,--,--,--,--,--,--,--,--,--,--,--,--,--,--,--,--,25447
2026-05-04 16:47:38.388,--,--,--,--,--,--,--,--,--,--,--,--,--,--,--,--,--,--,--,--,--,--,--,--,--,--,--,--,--,--,--,--,--,--,--,--,--,--,--,--,--,--,--,--,--,--,25452
2026-05-04 16:47:38.481,--,--,--,--,--,--,--,--,--,--,--,--,--,--,--,--,--,--,--,--,--,--,--,--,--,--,--,--,--,--,--,--,--,--,--,--,--,--,--,--,--,--,--,--,--,--,28524
2026-05-04 16:47:38.535,--,--,--,--,--,--,--,--,--,--,--,--,--,--,--,--,--,--,--,--,--,--,--,--,--,--,--,--,--,--,--,--,--,--,--,--,--,--,--,--,--,--,--,--,--,--,28529
2026-05-04 16:47:38.599,--,--,--,--,--,--,--,--,--,--,--,--,--,--,--,--,--,--,--,--,--,--,--,--,--,--,--,--,--,--,--,--,--,--,--,--,--,--,--,--,--,--,--,--,--,--,28534
2026-05-04 16:47:38.654,--,--,--,--,--,--,--,--,--,--,--,--,--,--,--,--,--,--,--,--,--,--,--,--,--,--,--,--,--,--,--,--,--,--,--,--,--,--,--,--,--,--,--,--,--,--,28539
2026-05-04 16:47:38.744,--,--,--,--,--,--,--,--,--,--,--,--,--,--,--,--,--,--,--,--,--,--,--,--,--,--,--,--,--,--,--,--,--,--,--,--,--,--,--,--,--,--,--,--,--,--,28544
2026-05-04 16:47:38.780,--,--,--,--,--,--,--,--,--,--,--,--,--,--,--,--,--,--,--,--,--,--,--,--,--,--,--,--,--,--,--,--,--,--,--,--,--,--,--,--,--,--,--,--,--,--,28549
2026-05-04 16:47:38.783,--,--,--,--,--,--,--,--,--,--,--,--,--,--,--,--,--,--,--,--,--,--,--,--,--,--,--,--,--,--,--,--,--,--,--,--,--,--,--,--,--,--,--,--,--,--,28554
2026-05-04 16:47:38.784,--,--,--,--,--,--,--,--,--,--,--,--,--,--,--,--,--,--,--,--,--,--,--,--,--,--,--,--,--,--,--,--,--,--,--,--,--,--,--,--,--,--,--,--,--,--,28559
2026-05-04 16:47:38.788,--,--,--,--,--,--,--,--,--,--,--,--,--,--,--,--,--,--,--,--,--,--,--,--,--,--,--,--,--,--,--,--,--,--,--,--,--,--,--,--,--,--,--,--,--,--,28564
2026-05-04 16:47:38.791,--,--,--,--,--,--,--,--,--,--,--,--,--,--,--,--,--,--,--,--,--,--,--,--,--,--,--,--,--,--,--,--,--,--,--,--,--,--,--,--,--,--,--,--,--,--,28569
2026-05-04 16:47:38.794,--,--,--,--,--,--,--,--,--,--,--,--,--,--,--,--,--,--,--,--,--,--,--,--,--,--,--,--,--,--,--,--,--,--,--,--,--,--,--,--,--,--,--,--,--,--,28574
2026-05-04 16:47:38.796,--,--,--,--,--,--,--,--,--,--,--,--,--,--,--,--,--,--,--,--,--,--,--,--,--,--,--,--,--,--,--,--,--,--,--,--,--,--,--,--,--,--,--,--,--,--,28579
2026-05-04 16:47:38.799,--,--,--,--,--,--,--,--,--,--,--,--,--,--,--,--,--,--,--,--,--,--,--,--,--,--,--,--,--,--,--,--,--,--,--,--,--,--,--,--,--,--,--,--,--,--,28584
2026-05-04 16:47:38.802,--,--,--,--,--,--,--,--,--,--,--,--,--,--,--,--,--,--,--,--,--,--,--,--,--,--,--,--,--,--,--,--,--,--,--,--,--,--,--,--,--,--,--,--,--,--,28589
2026-05-04 16:47:38.806,--,--,--,--,--,--,--,--,--,--,--,--,--,--,--,--,--,--,--,--,--,--,--,--,--,--,--,--,--,--,--,--,--,--,--,--,--,--,--,--,--,--,--,--,--,--,28594
2026-05-04 16:47:38.810,--,--,--,--,--,--,--,--,--,--,--,--,--,--,--,--,--,--,--,--,--,--,--,--,--,--,--,--,--,--,--,--,--,--,--,--,--,--,--,--,--,--,--,--,--,--,28599
2026-05-04 16:47:38.813,--,--,--,--,--,--,--,--,--,--,--,--,--,--,--,--,--,--,--,--,--,--,--,--,--,--,--,--,--,--,--,--,--,--,--,--,--,--,--,--,--,--,--,--,--,--,28604
2026-05-04 16:47:38.814,--,--,--,--,--,--,--,--,--,--,--,--,--,--,--,--,--,--,--,--,--,--,--,--,--,--,--,--,--,--,--,--,--,--,--,--,--,--,--,--,--,--,--,--,--,--,28607
2026-05-04 16:47:38.952,--,--,--,--,--,--,--,--,--,--,--,--,--,--,--,--,--,--,--,--,--,--,--,--,--,--,--,--,--,--,--,--,--,--,--,--,--,--,--,--,--,--,--,--,--,--,28608
2026-05-04 16:47:38.992,--,--,--,--,--,--,--,--,--,--,--,--,--,--,--,--,--,--,--,--,--,--,--,--,--,--,--,--,--,--,--,--,--,--,--,--,--,--,--,--,--,--,--,--,--,--,28613
2026-05-04 16:47:39.048,--,--,--,--,--,--,--,--,--,--,--,--,--,--,--,--,--,--,--,--,--,--,--,--,--,--,--,--,--,--,--,--,--,--,--,--,--,--,--,--,--,--,--,--,--,--,28618
2026-05-04 16:47:39.103,--,--,--,--,--,--,--,--,--,--,--,--,--,--,--,--,--,--,--,--,--,--,--,--,--,--,--,--,--,--,--,--,--,--,--,--,--,--,--,--,--,--,--,--,--,--,28623
2026-05-04 16:47:39.163,--,--,--,--,--,--,--,--,--,--,--,--,--,--,--,--,--,--,--,--,--,--,--,--,--,--,--,--,--,--,--,--,--,--,--,--,--,--,--,--,--,--,--,--,--,--,28628
2026-05-04 16:47:39.202,--,--,--,--,--,--,--,--,--,--,--,--,--,--,--,--,--,--,--,--,--,--,--,--,--,--,--,--,--,--,--,--,--,--,--,--,--,--,--,--,--,--,--,--,--,--,28633
2026-05-04 16:47:39.255,--,--,--,--,--,--,--,--,--,--,--,--,--,--,--,--,--,--,--,--,--,--,--,--,--,--,--,--,--,--,--,--,--,--,--,--,--,--,--,--,--,--,--,--,--,--,28638
2026-05-04 16:47:39.290,--,--,--,--,--,--,--,--,--,--,--,--,--,--,--,--,--,--,--,--,--,--,--,--,--,--,--,--,--,--,--,--,--,--,--,--,--,--,--,--,--,--,--,--,--,--,28643
2026-05-04 16:47:39.309,--,--,--,--,--,--,--,--,--,--,--,--,--,--,--,--,--,--,--,--,--,--,--,--,--,--,--,--,--,--,--,--,--,--,--,--,--,--,--,--,--,--,--,--,--,--,28648
2026-05-04 16:47:39.311,--,--,--,--,--,--,--,--,--,--,--,--,--,--,--,--,--,--,--,--,--,--,--,--,--,--,--,--,--,--,--,--,--,--,--,--,--,--,--,--,--,--,--,--,--,--,28653
2026-05-04 16:47:39.313,--,--,--,--,--,--,--,--,--,--,--,--,--,--,--,--,--,--,--,--,--,--,--,--,--,--,--,--,--,--,--,--,--,--,--,--,--,--,--,--,--,--,--,--,--,--,28658
2026-05-04 16:47:39.314,--,--,--,--,--,--,--,--,--,--,--,--,--,--,--,--,--,--,--,--,--,--,--,--,--,--,--,--,--,--,--,--,--,--,--,--,--,--,--,--,--,--,--,--,--,--,28663
2026-05-04 16:47:39.315,--,--,--,--,--,--,--,--,--,--,--,--,--,--,--,--,--,--,--,--,--,--,--,--,--,--,--,--,--,--,--,--,--,--,--,--,--,--,--,--,--,--,--,--,--,--,28668
2026-05-04 16:47:39.316,--,--,--,--,--,--,--,--,--,--,--,--,--,--,--,--,--,--,--,--,--,--,--,--,--,--,--,--,--,--,--,--,--,--,--,--,--,--,--,--,--,--,--,--,--,--,28673
2026-05-04 16:47:39.318,--,--,--,--,--,--,--,--,--,--,--,--,--,--,--,--,--,--,--,--,--,--,--,--,--,--,--,--,--,--,--,--,--,--,--,--,--,--,--,--,--,--,--,--,--,--,28678
2026-05-04 16:47:39.319,--,--,--,--,--,--,--,--,--,--,--,--,--,--,--,--,--,--,--,--,--,--,--,--,--,--,--,--,--,--,--,--,--,--,--,--,--,--,--,--,--,--,--,--,--,--,28683
2026-05-04 16:47:39.320,--,--,--,--,--,--,--,--,--,--,--,--,--,--,--,--,--,--,--,--,--,--,--,--,--,--,--,--,--,--,--,--,--,--,--,--,--,--,--,--,--,--,--,--,--,--,28688
2026-05-04 16:47:39.321,--,--,--,--,--,--,--,--,--,--,--,--,--,--,--,--,--,--,--,--,--,--,--,--,--,--,--,--,--,--,--,--,--,--,--,--,--,--,--,--,--,--,--,--,--,--,28693
2026-05-04 16:47:39.322,--,--,--,--,--,--,--,--,--,--,--,--,--,--,--,--,--,--,--,--,--,--,--,--,--,--,--,--,--,--,--,--,--,--,--,--,--,--,--,--,--,--,--,--,--,--,28698
2026-05-04 16:47:39.325,--,--,--,--,--,--,--,--,--,--,--,--,--,--,--,--,--,--,--,--,--,--,--,--,--,--,--,--,--,--,--,--,--,--,--,--,--,--,--,--,--,--,--,--,--,--,28703
2026-05-04 16:47:39.375,--,--,--,--,--,--,--,--,--,--,--,--,--,--,--,--,--,--,--,--,--,--,--,--,--,--,--,--,--,--,--,--,--,--,--,--,--,--,--,--,--,--,--,--,--,--,32324
2026-05-04 16:47:39.413,--,--,--,--,--,--,--,--,--,--,--,--,--,--,--,--,--,--,--,--,--,--,--,--,--,--,--,--,--,--,--,--,--,--,--,--,--,--,--,--,--,--,--,--,--,--,32329
2026-05-04 16:47:39.481,--,--,--,--,--,--,--,--,--,--,--,--,--,--,--,--,--,--,--,--,--,--,--,--,--,--,--,--,--,--,--,--,--,--,--,--,--,--,--,--,--,--,--,--,--,--,32334
2026-05-04 16:47:39.519,--,--,--,--,--,--,--,--,--,--,--,--,--,--,--,--,--,--,--,--,--,--,--,--,--,--,--,--,--,--,--,--,--,--,--,--,--,--,--,--,--,--,--,--,--,--,32339
2026-05-04 16:47:39.593,--,--,--,--,--,--,--,--,--,--,--,--,--,--,--,--,--,--,--,--,--,--,--,--,--,--,--,--,--,--,--,--,--,--,--,--,--,--,--,--,--,--,--,--,--,--,32344
2026-05-04 16:47:39.662,--,--,--,--,--,--,--,--,--,--,--,--,--,--,--,--,--,--,--,--,--,--,--,--,--,--,--,--,--,--,--,--,--,--,--,--,--,--,--,--,--,--,--,--,--,--,32349
2026-05-04 16:47:39.663,--,--,--,--,--,--,--,--,--,--,--,--,--,--,--,--,--,--,--,--,--,--,--,--,--,--,--,--,--,--,--,--,--,--,--,--,--,--,--,--,--,--,--,--,--,--,32354
2026-05-04 16:47:39.664,--,--,--,--,--,--,--,--,--,--,--,--,--,--,--,--,--,--,--,--,--,--,--,--,--,--,--,--,--,--,--,--,--,--,--,--,--,--,--,--,--,--,--,--,--,--,32359
2026-05-04 16:47:39.666,--,--,--,--,--,--,--,--,--,--,--,--,--,--,--,--,--,--,--,--,--,--,--,--,--,--,--,--,--,--,--,--,--,--,--,--,--,--,--,--,--,--,--,--,--,--,32364
2026-05-04 16:47:39.667,--,--,--,--,--,--,--,--,--,--,--,--,--,--,--,--,--,--,--,--,--,--,--,--,--,--,--,--,--,--,--,--,--,--,--,--,--,--,--,--,--,--,--,--,--,--,32369
2026-05-04 16:47:39.668,--,--,--,--,--,--,--,--,--,--,--,--,--,--,--,--,--,--,--,--,--,--,--,--,--,--,--,--,--,--,--,--,--,--,--,--,--,--,--,--,--,--,--,--,--,--,32374
2026-05-04 16:47:39.669,--,--,--,--,--,--,--,--,--,--,--,--,--,--,--,--,--,--,--,--,--,--,--,--,--,--,--,--,--,--,--,--,--,--,--,--,--,--,--,--,--,--,--,--,--,--,32379
2026-05-04 16:47:39.670,--,--,--,--,--,--,--,--,--,--,--,--,--,--,--,--,--,--,--,--,--,--,--,--,--,--,--,--,--,--,--,--,--,--,--,--,--,--,--,--,--,--,--,--,--,--,32384
2026-05-04 16:47:39.671,--,--,--,--,--,--,--,--,--,--,--,--,--,--,--,--,--,--,--,--,--,--,--,--,--,--,--,--,--,--,--,--,--,--,--,--,--,--,--,--,--,--,--,--,--,--,32389
2026-05-04 16:47:39.674,--,--,--,--,--,--,--,--,--,--,--,--,--,--,--,--,--,--,--,--,--,--,--,--,--,--,--,--,--,--,--,--,--,--,--,--,--,--,--,--,--,--,--,--,--,--,32394
2026-05-04 16:47:39.675,--,--,--,--,--,--,--,--,--,--,--,--,--,--,--,--,--,--,--,--,--,--,--,--,--,--,--,--,--,--,--,--,--,--,--,--,--,--,--,--,--,--,--,--,--,--,32399
2026-05-04 16:47:39.677,--,--,--,--,--,--,--,--,--,--,--,--,--,--,--,--,--,--,--,--,--,--,--,--,--,--,--,--,--,--,--,--,--,--,--,--,--,--,--,--,--,--,--,--,--,--,32404
2026-05-04 16:47:39.841,--,--,--,--,--,--,--,--,--,--,--,--,--,--,--,--,--,--,--,--,--,--,--,--,--,--,--,--,--,--,--,--,--,--,--,--,--,--,--,--,--,--,--,--,--,--,32409
2026-05-04 16:47:39.881,--,--,--,--,--,--,--,--,--,--,--,--,--,--,--,--,--,--,--,--,--,--,--,--,--,--,--,--,--,--,--,--,--,--,--,--,--,--,--,--,--,--,--,--,--,--,32414
2026-05-04 16:47:39.938,--,--,--,--,--,--,--,--,--,--,--,--,--,--,--,--,--,--,--,--,--,--,--,--,--,--,--,--,--,--,--,--,--,--,--,--,--,--,--,--,--,--,--,--,--,--,32419
2026-05-04 16:47:39.975,--,--,--,--,--,--,--,--,--,--,--,--,--,--,--,--,--,--,--,--,--,--,--,--,--,--,--,--,--,--,--,--,--,--,--,--,--,--,--,--,--,--,--,--,--,--,32424
2026-05-04 16:47:40.013,--,--,--,--,--,--,--,--,--,--,--,--,--,--,--,--,--,--,--,--,--,--,--,--,--,--,--,--,--,--,--,--,--,--,--,--,--,--,--,--,--,--,--,--,--,--,32429
2026-05-04 16:47:40.050,--,--,--,--,--,--,--,--,--,--,--,--,--,--,--,--,--,--,--,--,--,--,--,--,--,--,--,--,--,--,--,--,--,--,--,--,--,--,--,--,--,--,--,--,--,--,32434
2026-05-04 16:47:40.109,--,--,--,--,--,--,--,--,--,--,--,--,--,--,--,--,--,--,--,--,--,--,--,--,--,--,--,--,--,--,--,--,--,--,--,--,--,--,--,--,--,--,--,--,--,--,32439
2026-05-04 16:47:40.160,--,--,--,--,--,--,--,--,--,--,--,--,--,--,--,--,--,--,--,--,--,--,--,--,--,--,--,--,--,--,--,--,--,--,--,--,--,--,--,--,--,--,--,--,--,--,32444
2026-05-04 16:47:40.196,--,--,--,--,--,--,--,--,--,--,--,--,--,--,--,--,--,--,--,--,--,--,--,--,--,--,--,--,--,--,--,--,--,--,--,--,--,--,--,--,--,--,--,--,--,--,32449
2026-05-04 16:47:40.197,--,--,--,--,--,--,--,--,--,--,--,--,--,--,--,--,--,--,--,--,--,--,--,--,--,--,--,--,--,--,--,--,--,--,--,--,--,--,--,--,--,--,--,--,--,--,32454
2026-05-04 16:47:40.199,--,--,--,--,--,--,--,--,--,--,--,--,--,--,--,--,--,--,--,--,--,--,--,--,--,--,--,--,--,--,--,--,--,--,--,--,--,--,--,--,--,--,--,--,--,--,32459
2026-05-04 16:47:40.201,--,--,--,--,--,--,--,--,--,--,--,--,--,--,--,--,--,--,--,--,--,--,--,--,--,--,--,--,--,--,--,--,--,--,--,--,--,--,--,--,--,--,--,--,--,--,32464
2026-05-04 16:47:40.202,--,--,--,--,--,--,--,--,--,--,--,--,--,--,--,--,--,--,--,--,--,--,--,--,--,--,--,--,--,--,--,--,--,--,--,--,--,--,--,--,--,--,--,--,--,--,32469
2026-05-04 16:47:40.204,--,--,--,--,--,--,--,--,--,--,--,--,--,--,--,--,--,--,--,--,--,--,--,--,--,--,--,--,--,--,--,--,--,--,--,--,--,--,--,--,--,--,--,--,--,--,32474
2026-05-04 16:47:40.205,--,--,--,--,--,--,--,--,--,--,--,--,--,--,--,--,--,--,--,--,--,--,--,--,--,--,--,--,--,--,--,--,--,--,--,--,--,--,--,--,--,--,--,--,--,--,32479
2026-05-04 16:47:40.207,--,--,--,--,--,--,--,--,--,--,--,--,--,--,--,--,--,--,--,--,--,--,--,--,--,--,--,--,--,--,--,--,--,--,--,--,--,--,--,--,--,--,--,--,--,--,32484
2026-05-04 16:47:40.209,--,--,--,--,--,--,--,--,--,--,--,--,--,--,--,--,--,--,--,--,--,--,--,--,--,--,--,--,--,--,--,--,--,--,--,--,--,--,--,--,--,--,--,--,--,--,32489
2026-05-04 16:47:40.210,--,--,--,--,--,--,--,--,--,--,--,--,--,--,--,--,--,--,--,--,--,--,--,--,--,--,--,--,--,--,--,--,--,--,--,--,--,--,--,--,--,--,--,--,--,--,32494
2026-05-04 16:47:40.212,--,--,--,--,--,--,--,--,--,--,--,--,--,--,--,--,--,--,--,--,--,--,--,--,--,--,--,--,--,--,--,--,--,--,--,--,--,--,--,--,--,--,--,--,--,--,32499
2026-05-04 16:47:40.213,--,--,--,--,--,--,--,--,--,--,--,--,--,--,--,--,--,--,--,--,--,--,--,--,--,--,--,--,--,--,--,--,--,--,--,--,--,--,--,--,--,--,--,--,--,--,32504
2026-05-04 16:47:40.264,--,--,--,--,--,--,--,--,--,--,--,--,--,--,--,--,--,--,--,--,--,--,--,--,--,--,--,--,--,--,--,--,--,--,--,--,--,--,--,--,--,--,--,--,--,--,35871
2026-05-04 16:47:40.336,--,--,--,--,--,--,--,--,--,--,--,--,--,--,--,--,--,--,--,--,--,--,--,--,--,--,--,--,--,--,--,--,--,--,--,--,--,--,--,--,--,--,--,--,--,--,35876
2026-05-04 16:47:40.373,--,--,--,--,--,--,--,--,--,--,--,--,--,--,--,--,--,--,--,--,--,--,--,--,--,--,--,--,--,--,--,--,--,--,--,--,--,--,--,--,--,--,--,--,--,--,35881
2026-05-04 16:47:40.427,--,--,--,--,--,--,--,--,--,--,--,--,--,--,--,--,--,--,--,--,--,--,--,--,--,--,--,--,--,--,--,--,--,--,--,--,--,--,--,--,--,--,--,--,--,--,35886
2026-05-04 16:47:40.428,--,--,--,--,--,--,--,--,--,--,--,--,--,--,--,--,--,--,--,--,--,--,--,--,--,--,--,--,--,--,--,--,--,--,--,--,--,--,--,--,--,--,--,--,--,--,35891
2026-05-04 16:47:40.430,--,--,--,--,--,--,--,--,--,--,--,--,--,--,--,--,--,--,--,--,--,--,--,--,--,--,--,--,--,--,--,--,--,--,--,--,--,--,--,--,--,--,--,--,--,--,35896
2026-05-04 16:47:40.431,--,--,--,--,--,--,--,--,--,--,--,--,--,--,--,--,--,--,--,--,--,--,--,--,--,--,--,--,--,--,--,--,--,--,--,--,--,--,--,--,--,--,--,--,--,--,35901
2026-05-04 16:47:40.432,--,--,--,--,--,--,--,--,--,--,--,--,--,--,--,--,--,--,--,--,--,--,--,--,--,--,--,--,--,--,--,--,--,--,--,--,--,--,--,--,--,--,--,--,--,--,35906
2026-05-04 16:47:40.434,--,--,--,--,--,--,--,--,--,--,--,--,--,--,--,--,--,--,--,--,--,--,--,--,--,--,--,--,--,--,--,--,--,--,--,--,--,--,--,--,--,--,--,--,--,--,35911
2026-05-04 16:47:40.435,--,--,--,--,--,--,--,--,--,--,--,--,--,--,--,--,--,--,--,--,--,--,--,--,--,--,--,--,--,--,--,--,--,--,--,--,--,--,--,--,--,--,--,--,--,--,35912
2026-05-04 16:47:40.538,--,--,--,--,--,--,--,--,--,--,--,--,--,--,--,--,--,--,--,--,--,--,--,--,--,--,--,--,--,--,--,--,--,--,--,--,--,--,--,--,--,--,--,--,--,--,35913
2026-05-04 16:47:40.613,--,--,--,--,--,--,--,--,--,--,--,--,--,--,--,--,--,--,--,--,--,--,--,--,--,--,--,--,--,--,--,--,--,--,--,--,--,--,--,--,--,--,--,--,--,--,35918
2026-05-04 16:47:40.659,--,--,--,--,--,--,--,--,--,--,--,--,--,--,--,--,--,--,--,--,--,--,--,--,--,--,--,--,--,--,--,--,--,--,--,--,--,--,--,--,--,--,--,--,--,--,35923
2026-05-04 16:47:40.696,--,--,--,--,--,--,--,--,--,--,--,--,--,--,--,--,--,--,--,--,--,--,--,--,--,--,--,--,--,--,--,--,--,--,--,--,--,--,--,--,--,--,--,--,--,--,35928
2026-05-04 16:47:40.733,--,--,--,--,--,--,--,--,--,--,--,--,--,--,--,--,--,--,--,--,--,--,--,--,--,--,--,--,--,--,--,--,--,--,--,--,--,--,--,--,--,--,--,--,--,--,35933
2026-05-04 16:47:40.771,--,--,--,--,--,--,--,--,--,--,--,--,--,--,--,--,--,--,--,--,--,--,--,--,--,--,--,--,--,--,--,--,--,--,--,--,--,--,--,--,--,--,--,--,--,--,35938
2026-05-04 16:47:40.822,--,--,--,--,--,--,--,--,--,--,--,--,--,--,--,--,--,--,--,--,--,--,--,--,--,--,--,--,--,--,--,--,--,--,--,--,--,--,--,--,--,--,--,--,--,--,35943
2026-05-04 16:47:40.876,--,--,--,--,--,--,--,--,--,--,--,--,--,--,--,--,--,--,--,--,--,--,--,--,--,--,--,--,--,--,--,--,--,--,--,--,--,--,--,--,--,--,--,--,--,--,35948
2026-05-04 16:47:40.911,--,--,--,--,--,--,--,--,--,--,--,--,--,--,--,--,--,--,--,--,--,--,--,--,--,--,--,--,--,--,--,--,--,--,--,--,--,--,--,--,--,--,--,--,--,--,35953
2026-05-04 16:47:40.930,--,--,--,--,--,--,--,--,--,--,--,--,--,--,--,--,--,--,--,--,--,--,--,--,--,--,--,--,--,--,--,--,--,--,--,--,--,--,--,--,--,--,--,--,--,--,35958
2026-05-04 16:47:40.933,--,--,--,--,--,--,--,--,--,--,--,--,--,--,--,--,--,--,--,--,--,--,--,--,--,--,--,--,--,--,--,--,--,--,--,--,--,--,--,--,--,--,--,--,--,--,35963
2026-05-04 16:47:40.934,--,--,--,--,--,--,--,--,--,--,--,--,--,--,--,--,--,--,--,--,--,--,--,--,--,--,--,--,--,--,--,--,--,--,--,--,--,--,--,--,--,--,--,--,--,--,35968
2026-05-04 16:47:40.935,--,--,--,--,--,--,--,--,--,--,--,--,--,--,--,--,--,--,--,--,--,--,--,--,--,--,--,--,--,--,--,--,--,--,--,--,--,--,--,--,--,--,--,--,--,--,35973
2026-05-04 16:47:40.936,--,--,--,--,--,--,--,--,--,--,--,--,--,--,--,--,--,--,--,--,--,--,--,--,--,--,--,--,--,--,--,--,--,--,--,--,--,--,--,--,--,--,--,--,--,--,35978
2026-05-04 16:47:40.937,--,--,--,--,--,--,--,--,--,--,--,--,--,--,--,--,--,--,--,--,--,--,--,--,--,--,--,--,--,--,--,--,--,--,--,--,--,--,--,--,--,--,--,--,--,--,35983
2026-05-04 16:47:40.939,--,--,--,--,--,--,--,--,--,--,--,--,--,--,--,--,--,--,--,--,--,--,--,--,--,--,--,--,--,--,--,--,--,--,--,--,--,--,--,--,--,--,--,--,--,--,35988
2026-05-04 16:47:40.940,--,--,--,--,--,--,--,--,--,--,--,--,--,--,--,--,--,--,--,--,--,--,--,--,--,--,--,--,--,--,--,--,--,--,--,--,--,--,--,--,--,--,--,--,--,--,35993
2026-05-04 16:47:40.943,--,--,--,--,--,--,--,--,--,--,--,--,--,--,--,--,--,--,--,--,--,--,--,--,--,--,--,--,--,--,--,--,--,--,--,--,--,--,--,--,--,--,--,--,--,--,35998
2026-05-04 16:47:40.944,--,--,--,--,--,--,--,--,--,--,--,--,--,--,--,--,--,--,--,--,--,--,--,--,--,--,--,--,--,--,--,--,--,--,--,--,--,--,--,--,--,--,--,--,--,--,36003
2026-05-04 16:47:40.946,--,--,--,--,--,--,--,--,--,--,--,--,--,--,--,--,--,--,--,--,--,--,--,--,--,--,--,--,--,--,--,--,--,--,--,--,--,--,--,--,--,--,--,--,--,--,36008
2026-05-04 16:47:40.981,--,--,--,--,--,--,--,--,--,--,--,--,--,--,--,--,--,--,--,--,--,--,--,--,--,--,--,--,--,--,--,--,--,--,--,--,--,--,--,--,--,--,--,--,--,--,38785
2026-05-04 16:47:41.059,--,--,--,--,--,--,--,--,--,--,--,--,--,--,--,--,--,--,--,--,--,--,--,--,--,--,--,--,--,--,--,--,--,--,--,--,--,--,--,--,--,--,--,--,--,--,38790
2026-05-04 16:47:41.129,--,--,--,--,--,--,--,--,--,--,--,--,--,--,--,--,--,--,--,--,--,--,--,--,--,--,--,--,--,--,--,--,--,--,--,--,--,--,--,--,--,--,--,--,--,--,38795
2026-05-04 16:47:41.165,--,--,--,--,--,--,--,--,--,--,--,--,--,--,--,--,--,--,--,--,--,--,--,--,--,--,--,--,--,--,--,--,--,--,--,--,--,--,--,--,--,--,--,--,--,--,38800
2026-05-04 16:47:41.166,--,--,--,--,--,--,--,--,--,--,--,--,--,--,--,--,--,--,--,--,--,--,--,--,--,--,--,--,--,--,--,--,--,--,--,--,--,--,--,--,--,--,--,--,--,--,38805
2026-05-04 16:47:41.167,--,--,--,--,--,--,--,--,--,--,--,--,--,--,--,--,--,--,--,--,--,--,--,--,--,--,--,--,--,--,--,--,--,--,--,--,--,--,--,--,--,--,--,--,--,--,38810
2026-05-04 16:47:41.168,--,--,--,--,--,--,--,--,--,--,--,--,--,--,--,--,--,--,--,--,--,--,--,--,--,--,--,--,--,--,--,--,--,--,--,--,--,--,--,--,--,--,--,--,--,--,38815
2026-05-04 16:47:41.170,--,--,--,--,--,--,--,--,--,--,--,--,--,--,--,--,--,--,--,--,--,--,--,--,--,--,--,--,--,--,--,--,--,--,--,--,--,--,--,--,--,--,--,--,--,--,38820
2026-05-04 16:47:41.172,--,--,--,--,--,--,--,--,--,--,--,--,--,--,--,--,--,--,--,--,--,--,--,--,--,--,--,--,--,--,--,--,--,--,--,--,--,--,--,--,--,--,--,--,--,--,38825
2026-05-04 16:47:41.173,--,--,--,--,--,--,--,--,--,--,--,--,--,--,--,--,--,--,--,--,--,--,--,--,--,--,--,--,--,--,--,--,--,--,--,--,--,--,--,--,--,--,--,--,--,--,38826
2026-05-04 16:47:41.285,--,--,--,--,--,--,--,--,--,--,--,--,--,--,--,--,--,--,--,--,--,--,--,--,--,--,--,--,--,--,--,--,--,--,--,--,--,--,--,--,--,--,--,--,--,--,38827
2026-05-04 16:47:41.325,--,--,--,--,--,--,--,--,--,--,--,--,--,--,--,--,--,--,--,--,--,--,--,--,--,--,--,--,--,--,--,--,--,--,--,--,--,--,--,--,--,--,--,--,--,--,38832
2026-05-04 16:47:41.382,--,--,--,--,--,--,--,--,--,--,--,--,--,--,--,--,--,--,--,--,--,--,--,--,--,--,--,--,--,--,--,--,--,--,--,--,--,--,--,--,--,--,--,--,--,--,38837
2026-05-04 16:47:41.453,--,--,--,--,--,--,--,--,--,--,--,--,--,--,--,--,--,--,--,--,--,--,--,--,--,--,--,--,--,--,--,--,--,--,--,--,--,--,--,--,--,--,--,--,--,--,38842
2026-05-04 16:47:41.510,--,--,--,--,--,--,--,--,--,--,--,--,--,--,--,--,--,--,--,--,--,--,--,--,--,--,--,--,--,--,--,--,--,--,--,--,--,--,--,--,--,--,--,--,--,--,38847
2026-05-04 16:47:41.545,--,--,--,--,--,--,--,--,--,--,--,--,--,--,--,--,--,--,--,--,--,--,--,--,--,--,--,--,--,--,--,--,--,--,--,--,--,--,--,--,--,--,--,--,--,--,38852
2026-05-04 16:47:41.599,--,--,--,--,--,--,--,--,--,--,--,--,--,--,--,--,--,--,--,--,--,--,--,--,--,--,--,--,--,--,--,--,--,--,--,--,--,--,--,--,--,--,--,--,--,--,38857
2026-05-04 16:47:41.637,--,--,--,--,--,--,--,--,--,--,--,--,--,--,--,--,--,--,--,--,--,--,--,--,--,--,--,--,--,--,--,--,--,--,--,--,--,--,--,--,--,--,--,--,--,--,38862
2026-05-04 16:47:41.638,--,--,--,--,--,--,--,--,--,--,--,--,--,--,--,--,--,--,--,--,--,--,--,--,--,--,--,--,--,--,--,--,--,--,--,--,--,--,--,--,--,--,--,--,--,--,38867
2026-05-04 16:47:41.640,--,--,--,--,--,--,--,--,--,--,--,--,--,--,--,--,--,--,--,--,--,--,--,--,--,--,--,--,--,--,--,--,--,--,--,--,--,--,--,--,--,--,--,--,--,--,38872
2026-05-04 16:47:41.642,--,--,--,--,--,--,--,--,--,--,--,--,--,--,--,--,--,--,--,--,--,--,--,--,--,--,--,--,--,--,--,--,--,--,--,--,--,--,--,--,--,--,--,--,--,--,38877
2026-05-04 16:47:41.643,--,--,--,--,--,--,--,--,--,--,--,--,--,--,--,--,--,--,--,--,--,--,--,--,--,--,--,--,--,--,--,--,--,--,--,--,--,--,--,--,--,--,--,--,--,--,38882
2026-05-04 16:47:41.645,--,--,--,--,--,--,--,--,--,--,--,--,--,--,--,--,--,--,--,--,--,--,--,--,--,--,--,--,--,--,--,--,--,--,--,--,--,--,--,--,--,--,--,--,--,--,38887
2026-05-04 16:47:41.646,--,--,--,--,--,--,--,--,--,--,--,--,--,--,--,--,--,--,--,--,--,--,--,--,--,--,--,--,--,--,--,--,--,--,--,--,--,--,--,--,--,--,--,--,--,--,38892
2026-05-04 16:47:41.648,--,--,--,--,--,--,--,--,--,--,--,--,--,--,--,--,--,--,--,--,--,--,--,--,--,--,--,--,--,--,--,--,--,--,--,--,--,--,--,--,--,--,--,--,--,--,38897
2026-05-04 16:47:41.650,--,--,--,--,--,--,--,--,--,--,--,--,--,--,--,--,--,--,--,--,--,--,--,--,--,--,--,--,--,--,--,--,--,--,--,--,--,--,--,--,--,--,--,--,--,--,38902
2026-05-04 16:47:41.651,--,--,--,--,--,--,--,--,--,--,--,--,--,--,--,--,--,--,--,--,--,--,--,--,--,--,--,--,--,--,--,--,--,--,--,--,--,--,--,--,--,--,--,--,--,--,38907
2026-05-04 16:47:41.652,--,--,--,--,--,--,--,--,--,--,--,--,--,--,--,--,--,--,--,--,--,--,--,--,--,--,--,--,--,--,--,--,--,--,--,--,--,--,--,--,--,--,--,--,--,--,38912
2026-05-04 16:47:41.653,--,--,--,--,--,--,--,--,--,--,--,--,--,--,--,--,--,--,--,--,--,--,--,--,--,--,--,--,--,--,--,--,--,--,--,--,--,--,--,--,--,--,--,--,--,--,38917
2026-05-04 16:47:41.655,--,--,--,--,--,--,--,--,--,--,--,--,--,--,--,--,--,--,--,--,--,--,--,--,--,--,--,--,--,--,--,--,--,--,--,--,--,--,--,--,--,--,--,--,--,--,38922
2026-05-04 16:47:41.686,--,--,--,--,--,--,--,--,--,--,--,--,--,--,--,--,--,--,--,--,--,--,--,--,--,--,--,--,--,--,--,--,--,--,--,--,--,--,--,--,--,--,--,--,--,--,41656
2026-05-04 16:47:41.739,--,--,--,--,--,--,--,--,--,--,--,--,--,--,--,--,--,--,--,--,--,--,--,--,--,--,--,--,--,--,--,--,--,--,--,--,--,--,--,--,--,--,--,--,--,--,41661
2026-05-04 16:47:41.793,--,--,--,--,--,--,--,--,--,--,--,--,--,--,--,--,--,--,--,--,--,--,--,--,--,--,--,--,--,--,--,--,--,--,--,--,--,--,--,--,--,--,--,--,--,--,41666
2026-05-04 16:47:41.861,--,--,--,--,--,--,--,--,--,--,--,--,--,--,--,--,--,--,--,--,--,--,--,--,--,--,--,--,--,--,--,--,--,--,--,--,--,--,--,--,--,--,--,--,--,--,41671
2026-05-04 16:47:41.862,--,--,--,--,--,--,--,--,--,--,--,--,--,--,--,--,--,--,--,--,--,--,--,--,--,--,--,--,--,--,--,--,--,--,--,--,--,--,--,--,--,--,--,--,--,--,41676
2026-05-04 16:47:41.863,--,--,--,--,--,--,--,--,--,--,--,--,--,--,--,--,--,--,--,--,--,--,--,--,--,--,--,--,--,--,--,--,--,--,--,--,--,--,--,--,--,--,--,--,--,--,41681
2026-05-04 16:47:41.865,--,--,--,--,--,--,--,--,--,--,--,--,--,--,--,--,--,--,--,--,--,--,--,--,--,--,--,--,--,--,--,--,--,--,--,--,--,--,--,--,--,--,--,--,--,--,41686
2026-05-04 16:47:41.866,--,--,--,--,--,--,--,--,--,--,--,--,--,--,--,--,--,--,--,--,--,--,--,--,--,--,--,--,--,--,--,--,--,--,--,--,--,--,--,--,--,--,--,--,--,--,41691
2026-05-04 16:47:41.867,--,--,--,--,--,--,--,--,--,--,--,--,--,--,--,--,--,--,--,--,--,--,--,--,--,--,--,--,--,--,--,--,--,--,--,--,--,--,--,--,--,--,--,--,--,--,41696
2026-05-04 16:47:41.868,--,--,--,--,--,--,--,--,--,--,--,--,--,--,--,--,--,--,--,--,--,--,--,--,--,--,--,--,--,--,--,--,--,--,--,--,--,--,--,--,--,--,--,--,--,--,41697
2026-05-04 16:47:41.975,--,--,--,--,--,--,--,--,--,--,--,--,--,--,--,--,--,--,--,--,--,--,--,--,--,--,--,--,--,--,--,--,--,--,--,--,--,--,--,--,--,--,--,--,--,--,41698
2026-05-04 16:47:42.047,--,--,--,--,--,--,--,--,--,--,--,--,--,--,--,--,--,--,--,--,--,--,--,--,--,--,--,--,--,--,--,--,--,--,--,--,--,--,--,--,--,--,--,--,--,--,41703
2026-05-04 16:47:42.105,--,--,--,--,--,--,--,--,--,--,--,--,--,--,--,--,--,--,--,--,--,--,--,--,--,--,--,--,--,--,--,--,--,--,--,--,--,--,--,--,--,--,--,--,--,--,41708
2026-05-04 16:47:42.158,--,--,--,--,--,--,--,--,--,--,--,--,--,--,--,--,--,--,--,--,--,--,--,--,--,--,--,--,--,--,--,--,--,--,--,--,--,--,--,--,--,--,--,--,--,--,41713
2026-05-04 16:47:42.211,--,--,--,--,--,--,--,--,--,--,--,--,--,--,--,--,--,--,--,--,--,--,--,--,--,--,--,--,--,--,--,--,--,--,--,--,--,--,--,--,--,--,--,--,--,--,41718
2026-05-04 16:47:42.264,--,--,--,--,--,--,--,--,--,--,--,--,--,--,--,--,--,--,--,--,--,--,--,--,--,--,--,--,--,--,--,--,--,--,--,--,--,--,--,--,--,--,--,--,--,--,41723
2026-05-04 16:47:42.317,--,--,--,--,--,--,--,--,--,--,--,--,--,--,--,--,--,--,--,--,--,--,--,--,--,--,--,--,--,--,--,--,--,--,--,--,--,--,--,--,--,--,--,--,--,--,41728
2026-05-04 16:47:42.318,--,--,--,--,--,--,--,--,--,--,--,--,--,--,--,--,--,--,--,--,--,--,--,--,--,--,--,--,--,--,--,--,--,--,--,--,--,--,--,--,--,--,--,--,--,--,41733
2026-05-04 16:47:42.320,--,--,--,--,--,--,--,--,--,--,--,--,--,--,--,--,--,--,--,--,--,--,--,--,--,--,--,--,--,--,--,--,--,--,--,--,--,--,--,--,--,--,--,--,--,--,41738
2026-05-04 16:47:42.321,--,--,--,--,--,--,--,--,--,--,--,--,--,--,--,--,--,--,--,--,--,--,--,--,--,--,--,--,--,--,--,--,--,--,--,--,--,--,--,--,--,--,--,--,--,--,41743
2026-05-04 16:47:42.324,--,--,--,--,--,--,--,--,--,--,--,--,--,--,--,--,--,--,--,--,--,--,--,--,--,--,--,--,--,--,--,--,--,--,--,--,--,--,--,--,--,--,--,--,--,--,41748
2026-05-04 16:47:42.326,--,--,--,--,--,--,--,--,--,--,--,--,--,--,--,--,--,--,--,--,--,--,--,--,--,--,--,--,--,--,--,--,--,--,--,--,--,--,--,--,--,--,--,--,--,--,41753
2026-05-04 16:47:42.328,--,--,--,--,--,--,--,--,--,--,--,--,--,--,--,--,--,--,--,--,--,--,--,--,--,--,--,--,--,--,--,--,--,--,--,--,--,--,--,--,--,--,--,--,--,--,41758
2026-05-04 16:47:42.329,--,--,--,--,--,--,--,--,--,--,--,--,--,--,--,--,--,--,--,--,--,--,--,--,--,--,--,--,--,--,--,--,--,--,--,--,--,--,--,--,--,--,--,--,--,--,41763
2026-05-04 16:47:42.332,--,--,--,--,--,--,--,--,--,--,--,--,--,--,--,--,--,--,--,--,--,--,--,--,--,--,--,--,--,--,--,--,--,--,--,--,--,--,--,--,--,--,--,--,--,--,41768
2026-05-04 16:47:42.334,--,--,--,--,--,--,--,--,--,--,--,--,--,--,--,--,--,--,--,--,--,--,--,--,--,--,--,--,--,--,--,--,--,--,--,--,--,--,--,--,--,--,--,--,--,--,41773
2026-05-04 16:47:42.335,--,--,--,--,--,--,--,--,--,--,--,--,--,--,--,--,--,--,--,--,--,--,--,--,--,--,--,--,--,--,--,--,--,--,--,--,--,--,--,--,--,--,--,--,--,--,41778
2026-05-04 16:47:42.336,--,--,--,--,--,--,--,--,--,--,--,--,--,--,--,--,--,--,--,--,--,--,--,--,--,--,--,--,--,--,--,--,--,--,--,--,--,--,--,--,--,--,--,--,--,--,41783
2026-05-04 16:47:42.337,--,--,--,--,--,--,--,--,--,--,--,--,--,--,--,--,--,--,--,--,--,--,--,--,--,--,--,--,--,--,--,--,--,--,--,--,--,--,--,--,--,--,--,--,--,--,41788
2026-05-04 16:47:42.340,--,--,--,--,--,--,--,--,--,--,--,--,--,--,--,--,--,--,--,--,--,--,--,--,--,--,--,--,--,--,--,--,--,--,--,--,--,--,--,--,--,--,--,--,--,--,41793
2026-05-04 16:47:42.389,--,--,--,--,--,--,--,--,--,--,--,--,--,--,--,--,--,--,--,--,--,--,--,--,--,--,--,--,--,--,--,--,--,--,--,--,--,--,--,--,--,--,--,--,--,--,44316
2026-05-04 16:47:42.427,--,--,--,--,--,--,--,--,--,--,--,--,--,--,--,--,--,--,--,--,--,--,--,--,--,--,--,--,--,--,--,--,--,--,--,--,--,--,--,--,--,--,--,--,--,--,44321
2026-05-04 16:47:42.477,--,--,--,--,--,--,--,--,--,--,--,--,--,--,--,--,--,--,--,--,--,--,--,--,--,--,--,--,--,--,--,--,--,--,--,--,--,--,--,--,--,--,--,--,--,--,44326
2026-05-04 16:47:42.532,--,--,--,--,--,--,--,--,--,--,--,--,--,--,--,--,--,--,--,--,--,--,--,--,--,--,--,--,--,--,--,--,--,--,--,--,--,--,--,--,--,--,--,--,--,--,44331
2026-05-04 16:47:42.603,--,--,--,--,--,--,--,--,--,--,--,--,--,--,--,--,--,--,--,--,--,--,--,--,--,--,--,--,--,--,--,--,--,--,--,--,--,--,--,--,--,--,--,--,--,--,44336
2026-05-04 16:47:42.640,--,--,--,--,--,--,--,--,--,--,--,--,--,--,--,--,--,--,--,--,--,--,--,--,--,--,--,--,--,--,--,--,--,--,--,--,--,--,--,--,--,--,--,--,--,--,44341
2026-05-04 16:47:42.675,--,--,--,--,--,--,--,--,--,--,--,--,--,--,--,--,--,--,--,--,--,--,--,--,--,--,--,--,--,--,--,--,--,--,--,--,--,--,--,--,--,--,--,--,--,--,44346
2026-05-04 16:47:42.676,--,--,--,--,--,--,--,--,--,--,--,--,--,--,--,--,--,--,--,--,--,--,--,--,--,--,--,--,--,--,--,--,--,--,--,--,--,--,--,--,--,--,--,--,--,--,44351
2026-05-04 16:47:42.678,--,--,--,--,--,--,--,--,--,--,--,--,--,--,--,--,--,--,--,--,--,--,--,--,--,--,--,--,--,--,--,--,--,--,--,--,--,--,--,--,--,--,--,--,--,--,44356
2026-05-04 16:47:42.680,--,--,--,--,--,--,--,--,--,--,--,--,--,--,--,--,--,--,--,--,--,--,--,--,--,--,--,--,--,--,--,--,--,--,--,--,--,--,--,--,--,--,--,--,--,--,44361
2026-05-04 16:47:42.681,--,--,--,--,--,--,--,--,--,--,--,--,--,--,--,--,--,--,--,--,--,--,--,--,--,--,--,--,--,--,--,--,--,--,--,--,--,--,--,--,--,--,--,--,--,--,44366
2026-05-04 16:47:42.682,--,--,--,--,--,--,--,--,--,--,--,--,--,--,--,--,--,--,--,--,--,--,--,--,--,--,--,--,--,--,--,--,--,--,--,--,--,--,--,--,--,--,--,--,--,--,44371
2026-05-04 16:47:42.683,--,--,--,--,--,--,--,--,--,--,--,--,--,--,--,--,--,--,--,--,--,--,--,--,--,--,--,--,--,--,--,--,--,--,--,--,--,--,--,--,--,--,--,--,--,--,44376
2026-05-04 16:47:42.685,--,--,--,--,--,--,--,--,--,--,--,--,--,--,--,--,--,--,--,--,--,--,--,--,--,--,--,--,--,--,--,--,--,--,--,--,--,--,--,--,--,--,--,--,--,--,44381
2026-05-04 16:47:42.686,--,--,--,--,--,--,--,--,--,--,--,--,--,--,--,--,--,--,--,--,--,--,--,--,--,--,--,--,--,--,--,--,--,--,--,--,--,--,--,--,--,--,--,--,--,--,44386
2026-05-04 16:47:42.688,--,--,--,--,--,--,--,--,--,--,--,--,--,--,--,--,--,--,--,--,--,--,--,--,--,--,--,--,--,--,--,--,--,--,--,--,--,--,--,--,--,--,--,--,--,--,44391
2026-05-04 16:47:42.690,--,--,--,--,--,--,--,--,--,--,--,--,--,--,--,--,--,--,--,--,--,--,--,--,--,--,--,--,--,--,--,--,--,--,--,--,--,--,--,--,--,--,--,--,--,--,44396
2026-05-04 16:47:42.863,--,--,--,--,--,--,--,--,--,--,--,--,--,--,--,--,--,--,--,--,--,--,--,--,--,--,--,--,--,--,--,--,--,--,--,--,--,--,--,--,--,--,--,--,--,--,44401
2026-05-04 16:47:42.900,--,--,--,--,--,--,--,--,--,--,--,--,--,--,--,--,--,--,--,--,--,--,--,--,--,--,--,--,--,--,--,--,--,--,--,--,--,--,--,--,--,--,--,--,--,--,44406
2026-05-04 16:47:42.956,--,--,--,--,--,--,--,--,--,--,--,--,--,--,--,--,--,--,--,--,--,--,--,--,--,--,--,--,--,--,--,--,--,--,--,--,--,--,--,--,--,--,--,--,--,--,44411
2026-05-04 16:47:42.991,--,--,--,--,--,--,--,--,--,--,--,--,--,--,--,--,--,--,--,--,--,--,--,--,--,--,--,--,--,--,--,--,--,--,--,--,--,--,--,--,--,--,--,--,--,--,44416
2026-05-04 16:47:43.047,--,--,--,--,--,--,--,--,--,--,--,--,--,--,--,--,--,--,--,--,--,--,--,--,--,--,--,--,--,--,--,--,--,--,--,--,--,--,--,--,--,--,--,--,--,--,44421
2026-05-04 16:47:43.099,--,--,--,--,--,--,--,--,--,--,--,--,--,--,--,--,--,--,--,--,--,--,--,--,--,--,--,--,--,--,--,--,--,--,--,--,--,--,--,--,--,--,--,--,--,--,44426
2026-05-04 16:47:43.135,--,--,--,--,--,--,--,--,--,--,--,--,--,--,--,--,--,--,--,--,--,--,--,--,--,--,--,--,--,--,--,--,--,--,--,--,--,--,--,--,--,--,--,--,--,--,44431
2026-05-04 16:47:43.187,--,--,--,--,--,--,--,--,--,--,--,--,--,--,--,--,--,--,--,--,--,--,--,--,--,--,--,--,--,--,--,--,--,--,--,--,--,--,--,--,--,--,--,--,--,--,44436
2026-05-04 16:47:43.188,--,--,--,--,--,--,--,--,--,--,--,--,--,--,--,--,--,--,--,--,--,--,--,--,--,--,--,--,--,--,--,--,--,--,--,--,--,--,--,--,--,--,--,--,--,--,44441
2026-05-04 16:47:43.190,--,--,--,--,--,--,--,--,--,--,--,--,--,--,--,--,--,--,--,--,--,--,--,--,--,--,--,--,--,--,--,--,--,--,--,--,--,--,--,--,--,--,--,--,--,--,44446
2026-05-04 16:47:43.193,--,--,--,--,--,--,--,--,--,--,--,--,--,--,--,--,--,--,--,--,--,--,--,--,--,--,--,--,--,--,--,--,--,--,--,--,--,--,--,--,--,--,--,--,--,--,44451
2026-05-04 16:47:43.194,--,--,--,--,--,--,--,--,--,--,--,--,--,--,--,--,--,--,--,--,--,--,--,--,--,--,--,--,--,--,--,--,--,--,--,--,--,--,--,--,--,--,--,--,--,--,44456
2026-05-04 16:47:43.196,--,--,--,--,--,--,--,--,--,--,--,--,--,--,--,--,--,--,--,--,--,--,--,--,--,--,--,--,--,--,--,--,--,--,--,--,--,--,--,--,--,--,--,--,--,--,44461
2026-05-04 16:47:43.198,--,--,--,--,--,--,--,--,--,--,--,--,--,--,--,--,--,--,--,--,--,--,--,--,--,--,--,--,--,--,--,--,--,--,--,--,--,--,--,--,--,--,--,--,--,--,44466
2026-05-04 16:47:43.199,--,--,--,--,--,--,--,--,--,--,--,--,--,--,--,--,--,--,--,--,--,--,--,--,--,--,--,--,--,--,--,--,--,--,--,--,--,--,--,--,--,--,--,--,--,--,44471
2026-05-04 16:47:43.201,--,--,--,--,--,--,--,--,--,--,--,--,--,--,--,--,--,--,--,--,--,--,--,--,--,--,--,--,--,--,--,--,--,--,--,--,--,--,--,--,--,--,--,--,--,--,44476
2026-05-04 16:47:43.202,--,--,--,--,--,--,--,--,--,--,--,--,--,--,--,--,--,--,--,--,--,--,--,--,--,--,--,--,--,--,--,--,--,--,--,--,--,--,--,--,--,--,--,--,--,--,44481
2026-05-04 16:47:43.205,--,--,--,--,--,--,--,--,--,--,--,--,--,--,--,--,--,--,--,--,--,--,--,--,--,--,--,--,--,--,--,--,--,--,--,--,--,--,--,--,--,--,--,--,--,--,44486
2026-05-04 16:47:43.206,--,--,--,--,--,--,--,--,--,--,--,--,--,--,--,--,--,--,--,--,--,--,--,--,--,--,--,--,--,--,--,--,--,--,--,--,--,--,--,--,--,--,--,--,--,--,44491
2026-05-04 16:47:43.226,--,--,--,--,--,--,--,--,--,--,--,--,--,--,--,--,--,--,--,--,--,--,--,--,--,--,--,--,--,--,--,--,--,--,--,--,--,--,--,--,--,--,--,--,--,--,44496
2026-05-04 16:47:43.254,--,--,--,--,--,--,--,--,--,--,--,--,--,--,--,--,--,--,--,--,--,--,--,--,--,--,--,--,--,--,--,--,--,--,--,--,--,--,--,--,--,--,--,--,--,--,47821
2026-05-04 16:47:43.303,--,--,--,--,--,--,--,--,--,--,--,--,--,--,--,--,--,--,--,--,--,--,--,--,--,--,--,--,--,--,--,--,--,--,--,--,--,--,--,--,--,--,--,--,--,--,47826
2026-05-04 16:47:43.358,--,--,--,--,--,--,--,--,--,--,--,--,--,--,--,--,--,--,--,--,--,--,--,--,--,--,--,--,--,--,--,--,--,--,--,--,--,--,--,--,--,--,--,--,--,--,47831
2026-05-04 16:47:43.409,--,--,--,--,--,--,--,--,--,--,--,--,--,--,--,--,--,--,--,--,--,--,--,--,--,--,--,--,--,--,--,--,--,--,--,--,--,--,--,--,--,--,--,--,--,--,47836
2026-05-04 16:47:43.410,--,--,--,--,--,--,--,--,--,--,--,--,--,--,--,--,--,--,--,--,--,--,--,--,--,--,--,--,--,--,--,--,--,--,--,--,--,--,--,--,--,--,--,--,--,--,47841
2026-05-04 16:47:43.411,--,--,--,--,--,--,--,--,--,--,--,--,--,--,--,--,--,--,--,--,--,--,--,--,--,--,--,--,--,--,--,--,--,--,--,--,--,--,--,--,--,--,--,--,--,--,47846
2026-05-04 16:47:43.412,--,--,--,--,--,--,--,--,--,--,--,--,--,--,--,--,--,--,--,--,--,--,--,--,--,--,--,--,--,--,--,--,--,--,--,--,--,--,--,--,--,--,--,--,--,--,47851
2026-05-04 16:47:43.413,--,--,--,--,--,--,--,--,--,--,--,--,--,--,--,--,--,--,--,--,--,--,--,--,--,--,--,--,--,--,--,--,--,--,--,--,--,--,--,--,--,--,--,--,--,--,47856
2026-05-04 16:47:43.415,--,--,--,--,--,--,--,--,--,--,--,--,--,--,--,--,--,--,--,--,--,--,--,--,--,--,--,--,--,--,--,--,--,--,--,--,--,--,--,--,--,--,--,--,--,--,47861
2026-05-04 16:47:43.416,--,--,--,--,--,--,--,--,--,--,--,--,--,--,--,--,--,--,--,--,--,--,--,--,--,--,--,--,--,--,--,--,--,--,--,--,--,--,--,--,--,--,--,--,--,--,47863
2026-05-04 16:47:43.516,--,--,--,--,--,--,--,--,--,--,--,--,--,--,--,--,--,--,--,--,--,--,--,--,--,--,--,--,--,--,--,--,--,--,--,--,--,--,--,--,--,--,--,--,--,--,47864
2026-05-04 16:47:43.586,--,--,--,--,--,--,--,--,--,--,--,--,--,--,--,--,--,--,--,--,--,--,--,--,--,--,--,--,--,--,--,--,--,--,--,--,--,--,--,--,--,--,--,--,--,--,47869
2026-05-04 16:47:43.622,--,--,--,--,--,--,--,--,--,--,--,--,--,--,--,--,--,--,--,--,--,--,--,--,--,--,--,--,--,--,--,--,--,--,--,--,--,--,--,--,--,--,--,--,--,--,47874
2026-05-04 16:47:43.676,--,--,--,--,--,--,--,--,--,--,--,--,--,--,--,--,--,--,--,--,--,--,--,--,--,--,--,--,--,--,--,--,--,--,--,--,--,--,--,--,--,--,--,--,--,--,47879
2026-05-04 16:47:43.731,--,--,--,--,--,--,--,--,--,--,--,--,--,--,--,--,--,--,--,--,--,--,--,--,--,--,--,--,--,--,--,--,--,--,--,--,--,--,--,--,--,--,--,--,--,--,47884
2026-05-04 16:47:43.772,--,--,--,--,--,--,--,--,--,--,--,--,--,--,--,--,--,--,--,--,--,--,--,--,--,--,--,--,--,--,--,--,--,--,--,--,--,--,--,--,--,--,--,--,--,--,47889
2026-05-04 16:47:43.847,--,--,--,--,--,--,--,--,--,--,--,--,--,--,--,--,--,--,--,--,--,--,--,--,--,--,--,--,--,--,--,--,--,--,--,--,--,--,--,--,--,--,--,--,--,--,47894
2026-05-04 16:47:43.883,--,--,--,--,--,--,--,--,--,--,--,--,--,--,--,--,--,--,--,--,--,--,--,--,--,--,--,--,--,--,--,--,--,--,--,--,--,--,--,--,--,--,--,--,--,--,47899
2026-05-04 16:47:43.883,--,--,--,--,--,--,--,--,--,--,--,--,--,--,--,--,--,--,--,--,--,--,--,--,--,--,--,--,--,--,--,--,--,--,--,--,--,--,--,--,--,--,--,--,--,--,47904
2026-05-04 16:47:43.884,--,--,--,--,--,--,--,--,--,--,--,--,--,--,--,--,--,--,--,--,--,--,--,--,--,--,--,--,--,--,--,--,--,--,--,--,--,--,--,--,--,--,--,--,--,--,47909
2026-05-04 16:47:43.887,--,--,--,--,--,--,--,--,--,--,--,--,--,--,--,--,--,--,--,--,--,--,--,--,--,--,--,--,--,--,--,--,--,--,--,--,--,--,--,--,--,--,--,--,--,--,47914
2026-05-04 16:47:43.888,--,--,--,--,--,--,--,--,--,--,--,--,--,--,--,--,--,--,--,--,--,--,--,--,--,--,--,--,--,--,--,--,--,--,--,--,--,--,--,--,--,--,--,--,--,--,47919
2026-05-04 16:47:43.889,--,--,--,--,--,--,--,--,--,--,--,--,--,--,--,--,--,--,--,--,--,--,--,--,--,--,--,--,--,--,--,--,--,--,--,--,--,--,--,--,--,--,--,--,--,--,47924
2026-05-04 16:47:43.890,--,--,--,--,--,--,--,--,--,--,--,--,--,--,--,--,--,--,--,--,--,--,--,--,--,--,--,--,--,--,--,--,--,--,--,--,--,--,--,--,--,--,--,--,--,--,47929
2026-05-04 16:47:43.892,--,--,--,--,--,--,--,--,--,--,--,--,--,--,--,--,--,--,--,--,--,--,--,--,--,--,--,--,--,--,--,--,--,--,--,--,--,--,--,--,--,--,--,--,--,--,47934
2026-05-04 16:47:43.894,--,--,--,--,--,--,--,--,--,--,--,--,--,--,--,--,--,--,--,--,--,--,--,--,--,--,--,--,--,--,--,--,--,--,--,--,--,--,--,--,--,--,--,--,--,--,47939
2026-05-04 16:47:43.895,--,--,--,--,--,--,--,--,--,--,--,--,--,--,--,--,--,--,--,--,--,--,--,--,--,--,--,--,--,--,--,--,--,--,--,--,--,--,--,--,--,--,--,--,--,--,47944
2026-05-04 16:47:43.896,--,--,--,--,--,--,--,--,--,--,--,--,--,--,--,--,--,--,--,--,--,--,--,--,--,--,--,--,--,--,--,--,--,--,--,--,--,--,--,--,--,--,--,--,--,--,47949
2026-05-04 16:47:43.898,--,--,--,--,--,--,--,--,--,--,--,--,--,--,--,--,--,--,--,--,--,--,--,--,--,--,--,--,--,--,--,--,--,--,--,--,--,--,--,--,--,--,--,--,--,--,47954
2026-05-04 16:47:43.901,--,--,--,--,--,--,--,--,--,--,--,--,--,--,--,--,--,--,--,--,--,--,--,--,--,--,--,--,--,--,--,--,--,--,--,--,--,--,--,--,--,--,--,--,--,--,47959
2026-05-04 16:47:43.953,--,--,--,--,--,--,--,--,--,--,--,--,--,--,--,--,--,--,--,--,--,--,--,--,--,--,--,--,--,--,--,--,--,--,--,--,--,--,--,--,--,--,--,--,--,--,50228
2026-05-04 16:47:44.014,--,--,--,--,--,--,--,--,--,--,--,--,--,--,--,--,--,--,--,--,--,--,--,--,--,--,--,--,--,--,--,--,--,--,--,--,--,--,--,--,--,--,--,--,--,--,50233
2026-05-04 16:47:44.095,--,--,--,--,--,--,--,--,--,--,--,--,--,--,--,--,--,--,--,--,--,--,--,--,--,--,--,--,--,--,--,--,--,--,--,--,--,--,--,--,--,--,--,--,--,--,50238
2026-05-04 16:47:44.165,--,--,--,--,--,--,--,--,--,--,--,--,--,--,--,--,--,--,--,--,--,--,--,--,--,--,--,--,--,--,--,--,--,--,--,--,--,--,--,--,--,--,--,--,--,--,50243
2026-05-04 16:47:44.232,--,--,--,--,--,--,--,--,--,--,--,--,--,--,--,--,--,--,--,--,--,--,--,--,--,--,--,--,--,--,--,--,--,--,--,--,--,--,--,--,--,--,--,--,--,--,50248
2026-05-04 16:47:44.234,--,--,--,--,--,--,--,--,--,--,--,--,--,--,--,--,--,--,--,--,--,--,--,--,--,--,--,--,--,--,--,--,--,--,--,--,--,--,--,--,--,--,--,--,--,--,50253
2026-05-04 16:47:44.235,--,--,--,--,--,--,--,--,--,--,--,--,--,--,--,--,--,--,--,--,--,--,--,--,--,--,--,--,--,--,--,--,--,--,--,--,--,--,--,--,--,--,--,--,--,--,50258
2026-05-04 16:47:44.235,--,--,--,--,--,--,--,--,--,--,--,--,--,--,--,--,--,--,--,--,--,--,--,--,--,--,--,--,--,--,--,--,--,--,--,--,--,--,--,--,--,--,--,--,--,--,50263
2026-05-04 16:47:44.236,--,--,--,--,--,--,--,--,--,--,--,--,--,--,--,--,--,--,--,--,--,--,--,--,--,--,--,--,--,--,--,--,--,--,--,--,--,--,--,--,--,--,--,--,--,--,50268
2026-05-04 16:47:44.239,--,--,--,--,--,--,--,--,--,--,--,--,--,--,--,--,--,--,--,--,--,--,--,--,--,--,--,--,--,--,--,--,--,--,--,--,--,--,--,--,--,--,--,--,--,--,50273
2026-05-04 16:47:44.240,--,--,--,--,--,--,--,--,--,--,--,--,--,--,--,--,--,--,--,--,--,--,--,--,--,--,--,--,--,--,--,--,--,--,--,--,--,--,--,--,--,--,--,--,--,--,50278
2026-05-04 16:47:44.242,--,--,--,--,--,--,--,--,--,--,--,--,--,--,--,--,--,--,--,--,--,--,--,--,--,--,--,--,--,--,--,--,--,--,--,--,--,--,--,--,--,--,--,--,--,--,50283
2026-05-04 16:47:44.243,--,--,--,--,--,--,--,--,--,--,--,--,--,--,--,--,--,--,--,--,--,--,--,--,--,--,--,--,--,--,--,--,--,--,--,--,--,--,--,--,--,--,--,--,--,--,50288
2026-05-04 16:47:44.245,--,--,--,--,--,--,--,--,--,--,--,--,--,--,--,--,--,--,--,--,--,--,--,--,--,--,--,--,--,--,--,--,--,--,--,--,--,--,--,--,--,--,--,--,--,--,50293
2026-05-04 16:47:44.246,--,--,--,--,--,--,--,--,--,--,--,--,--,--,--,--,--,--,--,--,--,--,--,--,--,--,--,--,--,--,--,--,--,--,--,--,--,--,--,--,--,--,--,--,--,--,50298
2026-05-04 16:47:44.248,--,--,--,--,--,--,--,--,--,--,--,--,--,--,--,--,--,--,--,--,--,--,--,--,--,--,--,--,--,--,--,--,--,--,--,--,--,--,--,--,--,--,--,--,--,--,50303
2026-05-04 16:47:44.250,--,--,--,--,--,--,--,--,--,--,--,--,--,--,--,--,--,--,--,--,--,--,--,--,--,--,--,--,--,--,--,--,--,--,--,--,--,--,--,--,--,--,--,--,--,--,50308
2026-05-04 16:47:44.366,--,--,--,--,--,--,--,--,--,--,--,--,--,--,--,--,--,--,--,--,--,--,--,--,--,--,--,--,--,--,--,--,--,--,--,--,--,--,--,--,--,--,--,--,--,--,50313
2026-05-04 16:47:44.407,--,--,--,--,--,--,--,--,--,--,--,--,--,--,--,--,--,--,--,--,--,--,--,--,--,--,--,--,--,--,--,--,--,--,--,--,--,--,--,--,--,--,--,--,--,--,50318
2026-05-04 16:47:44.456,--,--,--,--,--,--,--,--,--,--,--,--,--,--,--,--,--,--,--,--,--,--,--,--,--,--,--,--,--,--,--,--,--,--,--,--,--,--,--,--,--,--,--,--,--,--,50323
2026-05-04 16:47:44.506,--,--,--,--,--,--,--,--,--,--,--,--,--,--,--,--,--,--,--,--,--,--,--,--,--,--,--,--,--,--,--,--,--,--,--,--,--,--,--,--,--,--,--,--,--,--,50328
2026-05-04 16:47:44.544,--,--,--,--,--,--,--,--,--,--,--,--,--,--,--,--,--,--,--,--,--,--,--,--,--,--,--,--,--,--,--,--,--,--,--,--,--,--,--,--,--,--,--,--,--,--,50333
2026-05-04 16:47:44.580,--,--,--,--,--,--,--,--,--,--,--,--,--,--,--,--,--,--,--,--,--,--,--,--,--,--,--,--,--,--,--,--,--,--,--,--,--,--,--,--,--,--,--,--,--,--,50338
2026-05-04 16:47:44.636,--,--,--,--,--,--,--,--,--,--,--,--,--,--,--,--,--,--,--,--,--,--,--,--,--,--,--,--,--,--,--,--,--,--,--,--,--,--,--,--,--,--,--,--,--,--,50343
2026-05-04 16:47:44.709,--,--,--,--,--,--,--,--,--,--,--,--,--,--,--,--,--,--,--,--,--,--,--,--,--,--,--,--,--,--,--,--,--,--,--,--,--,--,--,--,--,--,--,--,--,--,50348
2026-05-04 16:47:44.744,--,--,--,--,--,--,--,--,--,--,--,--,--,--,--,--,--,--,--,--,--,--,--,--,--,--,--,--,--,--,--,--,--,--,--,--,--,--,--,--,--,--,--,--,--,--,50353
2026-05-04 16:47:44.745,--,--,--,--,--,--,--,--,--,--,--,--,--,--,--,--,--,--,--,--,--,--,--,--,--,--,--,--,--,--,--,--,--,--,--,--,--,--,--,--,--,--,--,--,--,--,50358
2026-05-04 16:47:44.746,--,--,--,--,--,--,--,--,--,--,--,--,--,--,--,--,--,--,--,--,--,--,--,--,--,--,--,--,--,--,--,--,--,--,--,--,--,--,--,--,--,--,--,--,--,--,50363
2026-05-04 16:47:44.748,--,--,--,--,--,--,--,--,--,--,--,--,--,--,--,--,--,--,--,--,--,--,--,--,--,--,--,--,--,--,--,--,--,--,--,--,--,--,--,--,--,--,--,--,--,--,50368
2026-05-04 16:47:44.751,--,--,--,--,--,--,--,--,--,--,--,--,--,--,--,--,--,--,--,--,--,--,--,--,--,--,--,--,--,--,--,--,--,--,--,--,--,--,--,--,--,--,--,--,--,--,50373
2026-05-04 16:47:44.753,--,--,--,--,--,--,--,--,--,--,--,--,--,--,--,--,--,--,--,--,--,--,--,--,--,--,--,--,--,--,--,--,--,--,--,--,--,--,--,--,--,--,--,--,--,--,50378
2026-05-04 16:47:44.754,--,--,--,--,--,--,--,--,--,--,--,--,--,--,--,--,--,--,--,--,--,--,--,--,--,--,--,--,--,--,--,--,--,--,--,--,--,--,--,--,--,--,--,--,--,--,50383
2026-05-04 16:47:44.755,--,--,--,--,--,--,--,--,--,--,--,--,--,--,--,--,--,--,--,--,--,--,--,--,--,--,--,--,--,--,--,--,--,--,--,--,--,--,--,--,--,--,--,--,--,--,50388
2026-05-04 16:47:44.756,--,--,--,--,--,--,--,--,--,--,--,--,--,--,--,--,--,--,--,--,--,--,--,--,--,--,--,--,--,--,--,--,--,--,--,--,--,--,--,--,--,--,--,--,--,--,50393
2026-05-04 16:47:44.759,--,--,--,--,--,--,--,--,--,--,--,--,--,--,--,--,--,--,--,--,--,--,--,--,--,--,--,--,--,--,--,--,--,--,--,--,--,--,--,--,--,--,--,--,--,--,50398
2026-05-04 16:47:44.760,--,--,--,--,--,--,--,--,--,--,--,--,--,--,--,--,--,--,--,--,--,--,--,--,--,--,--,--,--,--,--,--,--,--,--,--,--,--,--,--,--,--,--,--,--,--,50403
2026-05-04 16:47:44.761,--,--,--,--,--,--,--,--,--,--,--,--,--,--,--,--,--,--,--,--,--,--,--,--,--,--,--,--,--,--,--,--,--,--,--,--,--,--,--,--,--,--,--,--,--,--,50408
2026-05-04 16:47:44.810,--,--,--,--,--,--,--,--,--,--,--,--,--,--,--,--,--,--,--,--,--,--,--,--,--,--,--,--,--,--,--,--,--,--,--,--,--,--,--,--,--,--,--,--,--,--,53649
2026-05-04 16:47:44.861,--,--,--,--,--,--,--,--,--,--,--,--,--,--,--,--,--,--,--,--,--,--,--,--,--,--,--,--,--,--,--,--,--,--,--,--,--,--,--,--,--,--,--,--,--,--,53654
2026-05-04 16:47:44.912,--,--,--,--,--,--,--,--,--,--,--,--,--,--,--,--,--,--,--,--,--,--,--,--,--,--,--,--,--,--,--,--,--,--,--,--,--,--,--,--,--,--,--,--,--,--,53659
2026-05-04 16:47:44.961,--,--,--,--,--,--,--,--,--,--,--,--,--,--,--,--,--,--,--,--,--,--,--,--,--,--,--,--,--,--,--,--,--,--,--,--,--,--,--,--,--,--,--,--,--,--,53664
2026-05-04 16:47:44.962,--,--,--,--,--,--,--,--,--,--,--,--,--,--,--,--,--,--,--,--,--,--,--,--,--,--,--,--,--,--,--,--,--,--,--,--,--,--,--,--,--,--,--,--,--,--,53669
2026-05-04 16:47:44.964,--,--,--,--,--,--,--,--,--,--,--,--,--,--,--,--,--,--,--,--,--,--,--,--,--,--,--,--,--,--,--,--,--,--,--,--,--,--,--,--,--,--,--,--,--,--,53674
2026-05-04 16:47:44.966,--,--,--,--,--,--,--,--,--,--,--,--,--,--,--,--,--,--,--,--,--,--,--,--,--,--,--,--,--,--,--,--,--,--,--,--,--,--,--,--,--,--,--,--,--,--,53679
2026-05-04 16:47:44.967,--,--,--,--,--,--,--,--,--,--,--,--,--,--,--,--,--,--,--,--,--,--,--,--,--,--,--,--,--,--,--,--,--,--,--,--,--,--,--,--,--,--,--,--,--,--,53684
2026-05-04 16:47:44.968,--,--,--,--,--,--,--,--,--,--,--,--,--,--,--,--,--,--,--,--,--,--,--,--,--,--,--,--,--,--,--,--,--,--,--,--,--,--,--,--,--,--,--,--,--,--,53689
2026-05-04 16:47:44.970,--,--,--,--,--,--,--,--,--,--,--,--,--,--,--,--,--,--,--,--,--,--,--,--,--,--,--,--,--,--,--,--,--,--,--,--,--,--,--,--,--,--,--,--,--,--,53690
2026-05-04 16:47:45.096,--,--,--,--,--,--,--,--,--,--,--,--,--,--,--,--,--,--,--,--,--,--,--,--,--,--,--,--,--,--,--,--,--,--,--,--,--,--,--,--,--,--,--,--,--,--,53691
2026-05-04 16:47:45.153,--,--,--,--,--,--,--,--,--,--,--,--,--,--,--,--,--,--,--,--,--,--,--,--,--,--,--,--,--,--,--,--,--,--,--,--,--,--,--,--,--,--,--,--,--,--,53696
2026-05-04 16:47:45.193,--,--,--,--,--,--,--,--,--,--,--,--,--,--,--,--,--,--,--,--,--,--,--,--,--,--,--,--,--,--,--,--,--,--,--,--,--,--,--,--,--,--,--,--,--,--,53701
2026-05-04 16:47:45.250,--,--,--,--,--,--,--,--,--,--,--,--,--,--,--,--,--,--,--,--,--,--,--,--,--,--,--,--,--,--,--,--,--,--,--,--,--,--,--,--,--,--,--,--,--,--,53706
2026-05-04 16:47:45.321,--,--,--,--,--,--,--,--,--,--,--,--,--,--,--,--,--,--,--,--,--,--,--,--,--,--,--,--,--,--,--,--,--,--,--,--,--,--,--,--,--,--,--,--,--,--,53711
2026-05-04 16:47:45.370,--,--,--,--,--,--,--,--,--,--,--,--,--,--,--,--,--,--,--,--,--,--,--,--,--,--,--,--,--,--,--,--,--,--,--,--,--,--,--,--,--,--,--,--,--,--,53716
2026-05-04 16:47:45.438,--,--,--,--,--,--,--,--,--,--,--,--,--,--,--,--,--,--,--,--,--,--,--,--,--,--,--,--,--,--,--,--,--,--,--,--,--,--,--,--,--,--,--,--,--,--,53721
2026-05-04 16:47:45.439,--,--,--,--,--,--,--,--,--,--,--,--,--,--,--,--,--,--,--,--,--,--,--,--,--,--,--,--,--,--,--,--,--,--,--,--,--,--,--,--,--,--,--,--,--,--,53726
2026-05-04 16:47:45.440,--,--,--,--,--,--,--,--,--,--,--,--,--,--,--,--,--,--,--,--,--,--,--,--,--,--,--,--,--,--,--,--,--,--,--,--,--,--,--,--,--,--,--,--,--,--,53731
2026-05-04 16:47:45.443,--,--,--,--,--,--,--,--,--,--,--,--,--,--,--,--,--,--,--,--,--,--,--,--,--,--,--,--,--,--,--,--,--,--,--,--,--,--,--,--,--,--,--,--,--,--,53736
2026-05-04 16:47:45.444,--,--,--,--,--,--,--,--,--,--,--,--,--,--,--,--,--,--,--,--,--,--,--,--,--,--,--,--,--,--,--,--,--,--,--,--,--,--,--,--,--,--,--,--,--,--,53741
2026-05-04 16:47:45.446,--,--,--,--,--,--,--,--,--,--,--,--,--,--,--,--,--,--,--,--,--,--,--,--,--,--,--,--,--,--,--,--,--,--,--,--,--,--,--,--,--,--,--,--,--,--,53746
2026-05-04 16:47:45.447,--,--,--,--,--,--,--,--,--,--,--,--,--,--,--,--,--,--,--,--,--,--,--,--,--,--,--,--,--,--,--,--,--,--,--,--,--,--,--,--,--,--,--,--,--,--,53751
2026-05-04 16:47:45.448,--,--,--,--,--,--,--,--,--,--,--,--,--,--,--,--,--,--,--,--,--,--,--,--,--,--,--,--,--,--,--,--,--,--,--,--,--,--,--,--,--,--,--,--,--,--,53756
2026-05-04 16:47:45.449,--,--,--,--,--,--,--,--,--,--,--,--,--,--,--,--,--,--,--,--,--,--,--,--,--,--,--,--,--,--,--,--,--,--,--,--,--,--,--,--,--,--,--,--,--,--,53761
2026-05-04 16:47:45.451,--,--,--,--,--,--,--,--,--,--,--,--,--,--,--,--,--,--,--,--,--,--,--,--,--,--,--,--,--,--,--,--,--,--,--,--,--,--,--,--,--,--,--,--,--,--,53766
2026-05-04 16:47:45.452,--,--,--,--,--,--,--,--,--,--,--,--,--,--,--,--,--,--,--,--,--,--,--,--,--,--,--,--,--,--,--,--,--,--,--,--,--,--,--,--,--,--,--,--,--,--,53771
2026-05-04 16:47:45.454,--,--,--,--,--,--,--,--,--,--,--,--,--,--,--,--,--,--,--,--,--,--,--,--,--,--,--,--,--,--,--,--,--,--,--,--,--,--,--,--,--,--,--,--,--,--,53776
2026-05-04 16:47:45.455,--,--,--,--,--,--,--,--,--,--,--,--,--,--,--,--,--,--,--,--,--,--,--,--,--,--,--,--,--,--,--,--,--,--,--,--,--,--,--,--,--,--,--,--,--,--,53781
2026-05-04 16:47:45.456,--,--,--,--,--,--,--,--,--,--,--,--,--,--,--,--,--,--,--,--,--,--,--,--,--,--,--,--,--,--,--,--,--,--,--,--,--,--,--,--,--,--,--,--,--,--,53786
2026-05-04 16:47:45.490,--,--,--,--,--,--,--,--,--,--,--,--,--,--,--,--,--,--,--,--,--,--,--,--,--,--,--,--,--,--,--,--,--,--,--,--,--,--,--,--,--,--,--,--,--,--,56393
2026-05-04 16:47:45.575,--,--,--,--,--,--,--,--,--,--,--,--,--,--,--,--,--,--,--,--,--,--,--,--,--,--,--,--,--,--,--,--,--,--,--,--,--,--,--,--,--,--,--,--,--,--,56398
2026-05-04 16:47:45.628,--,--,--,--,--,--,--,--,--,--,--,--,--,--,--,--,--,--,--,--,--,--,--,--,--,--,--,--,--,--,--,--,--,--,--,--,--,--,--,--,--,--,--,--,--,--,56403
2026-05-04 16:47:45.680,--,--,--,--,--,--,--,--,--,--,--,--,--,--,--,--,--,--,--,--,--,--,--,--,--,--,--,--,--,--,--,--,--,--,--,--,--,--,--,--,--,--,--,--,--,--,56408
2026-05-04 16:47:45.746,--,--,--,--,--,--,--,--,--,--,--,--,--,--,--,--,--,--,--,--,--,--,--,--,--,--,--,--,--,--,--,--,--,--,--,--,--,--,--,--,--,--,--,--,--,--,56413
2026-05-04 16:47:45.780,--,--,--,--,--,--,--,--,--,--,--,--,--,--,--,--,--,--,--,--,--,--,--,--,--,--,--,--,--,--,--,--,--,--,--,--,--,--,--,--,--,--,--,--,--,--,56418
2026-05-04 16:47:45.781,--,--,--,--,--,--,--,--,--,--,--,--,--,--,--,--,--,--,--,--,--,--,--,--,--,--,--,--,--,--,--,--,--,--,--,--,--,--,--,--,--,--,--,--,--,--,56423
2026-05-04 16:47:45.782,--,--,--,--,--,--,--,--,--,--,--,--,--,--,--,--,--,--,--,--,--,--,--,--,--,--,--,--,--,--,--,--,--,--,--,--,--,--,--,--,--,--,--,--,--,--,56428
2026-05-04 16:47:45.784,--,--,--,--,--,--,--,--,--,--,--,--,--,--,--,--,--,--,--,--,--,--,--,--,--,--,--,--,--,--,--,--,--,--,--,--,--,--,--,--,--,--,--,--,--,--,56433
2026-05-04 16:47:45.786,--,--,--,--,--,--,--,--,--,--,--,--,--,--,--,--,--,--,--,--,--,--,--,--,--,--,--,--,--,--,--,--,--,--,--,--,--,--,--,--,--,--,--,--,--,--,56438
2026-05-04 16:47:45.788,--,--,--,--,--,--,--,--,--,--,--,--,--,--,--,--,--,--,--,--,--,--,--,--,--,--,--,--,--,--,--,--,--,--,--,--,--,--,--,--,--,--,--,--,--,--,56443
2026-05-04 16:47:45.790,--,--,--,--,--,--,--,--,--,--,--,--,--,--,--,--,--,--,--,--,--,--,--,--,--,--,--,--,--,--,--,--,--,--,--,--,--,--,--,--,--,--,--,--,--,--,56448
2026-05-04 16:47:45.791,--,--,--,--,--,--,--,--,--,--,--,--,--,--,--,--,--,--,--,--,--,--,--,--,--,--,--,--,--,--,--,--,--,--,--,--,--,--,--,--,--,--,--,--,--,--,56453
2026-05-04 16:47:45.792,--,--,--,--,--,--,--,--,--,--,--,--,--,--,--,--,--,--,--,--,--,--,--,--,--,--,--,--,--,--,--,--,--,--,--,--,--,--,--,--,--,--,--,--,--,--,56458
2026-05-04 16:47:45.794,--,--,--,--,--,--,--,--,--,--,--,--,--,--,--,--,--,--,--,--,--,--,--,--,--,--,--,--,--,--,--,--,--,--,--,--,--,--,--,--,--,--,--,--,--,--,56463
2026-05-04 16:47:45.795,--,--,--,--,--,--,--,--,--,--,--,--,--,--,--,--,--,--,--,--,--,--,--,--,--,--,--,--,--,--,--,--,--,--,--,--,--,--,--,--,--,--,--,--,--,--,56468
2026-05-04 16:47:45.797,--,--,--,--,--,--,--,--,--,--,--,--,--,--,--,--,--,--,--,--,--,--,--,--,--,--,--,--,--,--,--,--,--,--,--,--,--,--,--,--,--,--,--,--,--,--,56473
2026-05-04 16:47:45.907,--,--,--,--,--,--,--,--,--,--,--,--,--,--,--,--,--,--,--,--,--,--,--,--,--,--,--,--,--,--,--,--,--,--,--,--,--,--,--,--,--,--,--,--,--,--,56478
2026-05-04 16:47:45.948,--,--,--,--,--,--,--,--,--,--,--,--,--,--,--,--,--,--,--,--,--,--,--,--,--,--,--,--,--,--,--,--,--,--,--,--,--,--,--,--,--,--,--,--,--,--,56483
2026-05-04 16:47:46.000,--,--,--,--,--,--,--,--,--,--,--,--,--,--,--,--,--,--,--,--,--,--,--,--,--,--,--,--,--,--,--,--,--,--,--,--,--,--,--,--,--,--,--,--,--,--,56488
2026-05-04 16:47:46.038,--,--,--,--,--,--,--,--,--,--,--,--,--,--,--,--,--,--,--,--,--,--,--,--,--,--,--,--,--,--,--,--,--,--,--,--,--,--,--,--,--,--,--,--,--,--,56493
2026-05-04 16:47:46.077,--,--,--,--,--,--,--,--,--,--,--,--,--,--,--,--,--,--,--,--,--,--,--,--,--,--,--,--,--,--,--,--,--,--,--,--,--,--,--,--,--,--,--,--,--,--,56498
2026-05-04 16:47:46.118,--,--,--,--,--,--,--,--,--,--,--,--,--,--,--,--,--,--,--,--,--,--,--,--,--,--,--,--,--,--,--,--,--,--,--,--,--,--,--,--,--,--,--,--,--,--,56503
2026-05-04 16:47:46.153,--,--,--,--,--,--,--,--,--,--,--,--,--,--,--,--,--,--,--,--,--,--,--,--,--,--,--,--,--,--,--,--,--,--,--,--,--,--,--,--,--,--,--,--,--,--,56508
2026-05-04 16:47:46.206,--,--,--,--,--,--,--,--,--,--,--,--,--,--,--,--,--,--,--,--,--,--,--,--,--,--,--,--,--,--,--,--,--,--,--,--,--,--,--,--,--,--,--,--,--,--,56513
2026-05-04 16:47:46.243,--,--,--,--,--,--,--,--,--,--,--,--,--,--,--,--,--,--,--,--,--,--,--,--,--,--,--,--,--,--,--,--,--,--,--,--,--,--,--,--,--,--,--,--,--,--,56518
2026-05-04 16:47:46.280,--,--,--,--,--,--,--,--,--,--,--,--,--,--,--,--,--,--,--,--,--,--,--,--,--,--,--,--,--,--,--,--,--,--,--,--,--,--,--,--,--,--,--,--,--,--,56523
2026-05-04 16:47:46.300,--,--,--,--,--,--,--,--,--,--,--,--,--,--,--,--,--,--,--,--,--,--,--,--,--,--,--,--,--,--,--,--,--,--,--,--,--,--,--,--,--,--,--,--,--,--,56528
2026-05-04 16:47:46.302,--,--,--,--,--,--,--,--,--,--,--,--,--,--,--,--,--,--,--,--,--,--,--,--,--,--,--,--,--,--,--,--,--,--,--,--,--,--,--,--,--,--,--,--,--,--,56533
2026-05-04 16:47:46.303,--,--,--,--,--,--,--,--,--,--,--,--,--,--,--,--,--,--,--,--,--,--,--,--,--,--,--,--,--,--,--,--,--,--,--,--,--,--,--,--,--,--,--,--,--,--,56538
2026-05-04 16:47:46.304,--,--,--,--,--,--,--,--,--,--,--,--,--,--,--,--,--,--,--,--,--,--,--,--,--,--,--,--,--,--,--,--,--,--,--,--,--,--,--,--,--,--,--,--,--,--,56543
2026-05-04 16:47:46.306,--,--,--,--,--,--,--,--,--,--,--,--,--,--,--,--,--,--,--,--,--,--,--,--,--,--,--,--,--,--,--,--,--,--,--,--,--,--,--,--,--,--,--,--,--,--,56548
2026-05-04 16:47:46.307,--,--,--,--,--,--,--,--,--,--,--,--,--,--,--,--,--,--,--,--,--,--,--,--,--,--,--,--,--,--,--,--,--,--,--,--,--,--,--,--,--,--,--,--,--,--,56553
2026-05-04 16:47:46.308,--,--,--,--,--,--,--,--,--,--,--,--,--,--,--,--,--,--,--,--,--,--,--,--,--,--,--,--,--,--,--,--,--,--,--,--,--,--,--,--,--,--,--,--,--,--,56558
2026-05-04 16:47:46.310,--,--,--,--,--,--,--,--,--,--,--,--,--,--,--,--,--,--,--,--,--,--,--,--,--,--,--,--,--,--,--,--,--,--,--,--,--,--,--,--,--,--,--,--,--,--,56563
2026-05-04 16:47:46.311,--,--,--,--,--,--,--,--,--,--,--,--,--,--,--,--,--,--,--,--,--,--,--,--,--,--,--,--,--,--,--,--,--,--,--,--,--,--,--,--,--,--,--,--,--,--,56568
2026-05-04 16:47:46.314,--,--,--,--,--,--,--,--,--,--,--,--,--,--,--,--,--,--,--,--,--,--,--,--,--,--,--,--,--,--,--,--,--,--,--,--,--,--,--,--,--,--,--,--,--,--,56573
2026-05-04 16:47:46.366,--,--,--,--,--,--,--,--,--,--,--,--,--,--,--,--,--,--,--,--,--,--,--,--,--,--,--,--,--,--,--,--,--,--,--,--,--,--,--,--,--,--,--,--,--,--,59729
2026-05-04 16:47:46.454,--,--,--,--,--,--,--,--,--,--,--,--,--,--,--,--,--,--,--,--,--,--,--,--,--,--,--,--,--,--,--,--,--,--,--,--,--,--,--,--,--,--,--,--,--,--,59734
2026-05-04 16:47:46.523,--,--,--,--,--,--,--,--,--,--,--,--,--,--,--,--,--,--,--,--,--,--,--,--,--,--,--,--,--,--,--,--,--,--,--,--,--,--,--,--,--,--,--,--,--,--,59739
2026-05-04 16:47:46.525,--,--,--,--,--,--,--,--,--,--,--,--,--,--,--,--,--,--,--,--,--,--,--,--,--,--,--,--,--,--,--,--,--,--,--,--,--,--,--,--,--,--,--,--,--,--,59744
2026-05-04 16:47:46.526,--,--,--,--,--,--,--,--,--,--,--,--,--,--,--,--,--,--,--,--,--,--,--,--,--,--,--,--,--,--,--,--,--,--,--,--,--,--,--,--,--,--,--,--,--,--,59749
2026-05-04 16:47:46.527,--,--,--,--,--,--,--,--,--,--,--,--,--,--,--,--,--,--,--,--,--,--,--,--,--,--,--,--,--,--,--,--,--,--,--,--,--,--,--,--,--,--,--,--,--,--,59754
2026-05-04 16:47:46.529,--,--,--,--,--,--,--,--,--,--,--,--,--,--,--,--,--,--,--,--,--,--,--,--,--,--,--,--,--,--,--,--,--,--,--,--,--,--,--,--,--,--,--,--,--,--,59759
2026-05-04 16:47:46.530,--,--,--,--,--,--,--,--,--,--,--,--,--,--,--,--,--,--,--,--,--,--,--,--,--,--,--,--,--,--,--,--,--,--,--,--,--,--,--,--,--,--,--,--,--,--,59764
2026-05-04 16:47:46.531,--,--,--,--,--,--,--,--,--,--,--,--,--,--,--,--,--,--,--,--,--,--,--,--,--,--,--,--,--,--,--,--,--,--,--,--,--,--,--,--,--,--,--,--,--,--,59769
2026-05-04 16:47:46.532,--,--,--,--,--,--,--,--,--,--,--,--,--,--,--,--,--,--,--,--,--,--,--,--,--,--,--,--,--,--,--,--,--,--,--,--,--,--,--,--,--,--,--,--,--,--,59771
2026-05-04 16:47:46.636,--,--,--,--,--,--,--,--,--,--,--,--,--,--,--,--,--,--,--,--,--,--,--,--,--,--,--,--,--,--,--,--,--,--,--,--,--,--,--,--,--,--,--,--,--,--,59772
2026-05-04 16:47:46.679,--,--,--,--,--,--,--,--,--,--,--,--,--,--,--,--,--,--,--,--,--,--,--,--,--,--,--,--,--,--,--,--,--,--,--,--,--,--,--,--,--,--,--,--,--,--,59777
2026-05-04 16:47:46.719,--,--,--,--,--,--,--,--,--,--,--,--,--,--,--,--,--,--,--,--,--,--,--,--,--,--,--,--,--,--,--,--,--,--,--,--,--,--,--,--,--,--,--,--,--,--,59782
2026-05-04 16:47:46.772,--,--,--,--,--,--,--,--,--,--,--,--,--,--,--,--,--,--,--,--,--,--,--,--,--,--,--,--,--,--,--,--,--,--,--,--,--,--,--,--,--,--,--,--,--,--,59787
2026-05-04 16:47:46.808,--,--,--,--,--,--,--,--,--,--,--,--,--,--,--,--,--,--,--,--,--,--,--,--,--,--,--,--,--,--,--,--,--,--,--,--,--,--,--,--,--,--,--,--,--,--,59792
2026-05-04 16:47:46.865,--,--,--,--,--,--,--,--,--,--,--,--,--,--,--,--,--,--,--,--,--,--,--,--,--,--,--,--,--,--,--,--,--,--,--,--,--,--,--,--,--,--,--,--,--,--,59797
2026-05-04 16:47:46.927,--,--,--,--,--,--,--,--,--,--,--,--,--,--,--,--,--,--,--,--,--,--,--,--,--,--,--,--,--,--,--,--,--,--,--,--,--,--,--,--,--,--,--,--,--,--,59802
2026-05-04 16:47:46.965,--,--,--,--,--,--,--,--,--,--,--,--,--,--,--,--,--,--,--,--,--,--,--,--,--,--,--,--,--,--,--,--,--,--,--,--,--,--,--,--,--,--,--,--,--,--,59807
2026-05-04 16:47:47.037,--,--,--,--,--,--,--,--,--,--,--,--,--,--,--,--,--,--,--,--,--,--,--,--,--,--,--,--,--,--,--,--,--,--,--,--,--,--,--,--,--,--,--,--,--,--,59812
2026-05-04 16:47:47.038,--,--,--,--,--,--,--,--,--,--,--,--,--,--,--,--,--,--,--,--,--,--,--,--,--,--,--,--,--,--,--,--,--,--,--,--,--,--,--,--,--,--,--,--,--,--,59817
2026-05-04 16:47:47.040,--,--,--,--,--,--,--,--,--,--,--,--,--,--,--,--,--,--,--,--,--,--,--,--,--,--,--,--,--,--,--,--,--,--,--,--,--,--,--,--,--,--,--,--,--,--,59822
2026-05-04 16:47:47.041,--,--,--,--,--,--,--,--,--,--,--,--,--,--,--,--,--,--,--,--,--,--,--,--,--,--,--,--,--,--,--,--,--,--,--,--,--,--,--,--,--,--,--,--,--,--,59827
2026-05-04 16:47:47.044,--,--,--,--,--,--,--,--,--,--,--,--,--,--,--,--,--,--,--,--,--,--,--,--,--,--,--,--,--,--,--,--,--,--,--,--,--,--,--,--,--,--,--,--,--,--,59832
2026-05-04 16:47:47.045,--,--,--,--,--,--,--,--,--,--,--,--,--,--,--,--,--,--,--,--,--,--,--,--,--,--,--,--,--,--,--,--,--,--,--,--,--,--,--,--,--,--,--,--,--,--,59837
2026-05-04 16:47:47.047,--,--,--,--,--,--,--,--,--,--,--,--,--,--,--,--,--,--,--,--,--,--,--,--,--,--,--,--,--,--,--,--,--,--,--,--,--,--,--,--,--,--,--,--,--,--,59842
2026-05-04 16:47:47.048,--,--,--,--,--,--,--,--,--,--,--,--,--,--,--,--,--,--,--,--,--,--,--,--,--,--,--,--,--,--,--,--,--,--,--,--,--,--,--,--,--,--,--,--,--,--,59847
2026-05-04 16:47:47.049,--,--,--,--,--,--,--,--,--,--,--,--,--,--,--,--,--,--,--,--,--,--,--,--,--,--,--,--,--,--,--,--,--,--,--,--,--,--,--,--,--,--,--,--,--,--,59852
2026-05-04 16:47:47.051,--,--,--,--,--,--,--,--,--,--,--,--,--,--,--,--,--,--,--,--,--,--,--,--,--,--,--,--,--,--,--,--,--,--,--,--,--,--,--,--,--,--,--,--,--,--,59857
2026-05-04 16:47:47.052,--,--,--,--,--,--,--,--,--,--,--,--,--,--,--,--,--,--,--,--,--,--,--,--,--,--,--,--,--,--,--,--,--,--,--,--,--,--,--,--,--,--,--,--,--,--,59862
2026-05-04 16:47:47.053,--,--,--,--,--,--,--,--,--,--,--,--,--,--,--,--,--,--,--,--,--,--,--,--,--,--,--,--,--,--,--,--,--,--,--,--,--,--,--,--,--,--,--,--,--,--,59867
2026-05-04 16:47:47.121,--,--,--,--,--,--,--,--,--,--,--,--,--,--,--,--,--,--,--,--,--,--,--,--,--,--,--,--,--,--,--,--,--,--,--,--,--,--,--,--,--,--,--,--,--,--,62558
2026-05-04 16:47:47.191,--,--,--,--,--,--,--,--,--,--,--,--,--,--,--,--,--,--,--,--,--,--,--,--,--,--,--,--,--,--,--,--,--,--,--,--,--,--,--,--,--,--,--,--,--,--,62563
2026-05-04 16:47:47.259,--,--,--,--,--,--,--,--,--,--,--,--,--,--,--,--,--,--,--,--,--,--,--,--,--,--,--,--,--,--,--,--,--,--,--,--,--,--,--,--,--,--,--,--,--,--,62568
2026-05-04 16:47:47.262,--,--,--,--,--,--,--,--,--,--,--,--,--,--,--,--,--,--,--,--,--,--,--,--,--,--,--,--,--,--,--,--,--,--,--,--,--,--,--,--,--,--,--,--,--,--,62573
2026-05-04 16:47:47.262,--,--,--,--,--,--,--,--,--,--,--,--,--,--,--,--,--,--,--,--,--,--,--,--,--,--,--,--,--,--,--,--,--,--,--,--,--,--,--,--,--,--,--,--,--,--,62578
2026-05-04 16:47:47.264,--,--,--,--,--,--,--,--,--,--,--,--,--,--,--,--,--,--,--,--,--,--,--,--,--,--,--,--,--,--,--,--,--,--,--,--,--,--,--,--,--,--,--,--,--,--,62583
2026-05-04 16:47:47.265,--,--,--,--,--,--,--,--,--,--,--,--,--,--,--,--,--,--,--,--,--,--,--,--,--,--,--,--,--,--,--,--,--,--,--,--,--,--,--,--,--,--,--,--,--,--,62588
2026-05-04 16:47:47.267,--,--,--,--,--,--,--,--,--,--,--,--,--,--,--,--,--,--,--,--,--,--,--,--,--,--,--,--,--,--,--,--,--,--,--,--,--,--,--,--,--,--,--,--,--,--,62593
2026-05-04 16:47:47.269,--,--,--,--,--,--,--,--,--,--,--,--,--,--,--,--,--,--,--,--,--,--,--,--,--,--,--,--,--,--,--,--,--,--,--,--,--,--,--,--,--,--,--,--,--,--,62598
2026-05-04 16:47:47.270,--,--,--,--,--,--,--,--,--,--,--,--,--,--,--,--,--,--,--,--,--,--,--,--,--,--,--,--,--,--,--,--,--,--,--,--,--,--,--,--,--,--,--,--,--,--,62600
2026-05-04 16:47:47.394,--,--,--,--,--,--,--,--,--,--,--,--,--,--,--,--,--,--,--,--,--,--,--,--,--,--,--,--,--,--,--,--,--,--,--,--,--,--,--,--,--,--,--,--,--,--,62601
2026-05-04 16:47:47.452,--,--,--,--,--,--,--,--,--,--,--,--,--,--,--,--,--,--,--,--,--,--,--,--,--,--,--,--,--,--,--,--,--,--,--,--,--,--,--,--,--,--,--,--,--,--,62606
2026-05-04 16:47:47.505,--,--,--,--,--,--,--,--,--,--,--,--,--,--,--,--,--,--,--,--,--,--,--,--,--,--,--,--,--,--,--,--,--,--,--,--,--,--,--,--,--,--,--,--,--,--,62611
2026-05-04 16:47:47.563,--,--,--,--,--,--,--,--,--,--,--,--,--,--,--,--,--,--,--,--,--,--,--,--,--,--,--,--,--,--,--,--,--,--,--,--,--,--,--,--,--,--,--,--,--,--,62616
2026-05-04 16:47:47.635,--,--,--,--,--,--,--,--,--,--,--,--,--,--,--,--,--,--,--,--,--,--,--,--,--,--,--,--,--,--,--,--,--,--,--,--,--,--,--,--,--,--,--,--,--,--,62621
2026-05-04 16:47:47.689,--,--,--,--,--,--,--,--,--,--,--,--,--,--,--,--,--,--,--,--,--,--,--,--,--,--,--,--,--,--,--,--,--,--,--,--,--,--,--,--,--,--,--,--,--,--,62626
2026-05-04 16:47:47.740,--,--,--,--,--,--,--,--,--,--,--,--,--,--,--,--,--,--,--,--,--,--,--,--,--,--,--,--,--,--,--,--,--,--,--,--,--,--,--,--,--,--,--,--,--,--,62631
2026-05-04 16:47:47.775,--,--,--,--,--,--,--,--,--,--,--,--,--,--,--,--,--,--,--,--,--,--,--,--,--,--,--,--,--,--,--,--,--,--,--,--,--,--,--,--,--,--,--,--,--,--,62636
2026-05-04 16:47:47.777,--,--,--,--,--,--,--,--,--,--,--,--,--,--,--,--,--,--,--,--,--,--,--,--,--,--,--,--,--,--,--,--,--,--,--,--,--,--,--,--,--,--,--,--,--,--,62641
2026-05-04 16:47:47.778,--,--,--,--,--,--,--,--,--,--,--,--,--,--,--,--,--,--,--,--,--,--,--,--,--,--,--,--,--,--,--,--,--,--,--,--,--,--,--,--,--,--,--,--,--,--,62646
2026-05-04 16:47:47.778,--,--,--,--,--,--,--,--,--,--,--,--,--,--,--,--,--,--,--,--,--,--,--,--,--,--,--,--,--,--,--,--,--,--,--,--,--,--,--,--,--,--,--,--,--,--,62651
2026-05-04 16:47:47.780,--,--,--,--,--,--,--,--,--,--,--,--,--,--,--,--,--,--,--,--,--,--,--,--,--,--,--,--,--,--,--,--,--,--,--,--,--,--,--,--,--,--,--,--,--,--,62656
2026-05-04 16:47:47.782,--,--,--,--,--,--,--,--,--,--,--,--,--,--,--,--,--,--,--,--,--,--,--,--,--,--,--,--,--,--,--,--,--,--,--,--,--,--,--,--,--,--,--,--,--,--,62661
2026-05-04 16:47:47.783,--,--,--,--,--,--,--,--,--,--,--,--,--,--,--,--,--,--,--,--,--,--,--,--,--,--,--,--,--,--,--,--,--,--,--,--,--,--,--,--,--,--,--,--,--,--,62666
2026-05-04 16:47:47.784,--,--,--,--,--,--,--,--,--,--,--,--,--,--,--,--,--,--,--,--,--,--,--,--,--,--,--,--,--,--,--,--,--,--,--,--,--,--,--,--,--,--,--,--,--,--,62671
2026-05-04 16:47:47.785,--,--,--,--,--,--,--,--,--,--,--,--,--,--,--,--,--,--,--,--,--,--,--,--,--,--,--,--,--,--,--,--,--,--,--,--,--,--,--,--,--,--,--,--,--,--,62676
2026-05-04 16:47:47.787,--,--,--,--,--,--,--,--,--,--,--,--,--,--,--,--,--,--,--,--,--,--,--,--,--,--,--,--,--,--,--,--,--,--,--,--,--,--,--,--,--,--,--,--,--,--,62681
2026-05-04 16:47:47.788,--,--,--,--,--,--,--,--,--,--,--,--,--,--,--,--,--,--,--,--,--,--,--,--,--,--,--,--,--,--,--,--,--,--,--,--,--,--,--,--,--,--,--,--,--,--,62686
2026-05-04 16:47:47.789,--,--,--,--,--,--,--,--,--,--,--,--,--,--,--,--,--,--,--,--,--,--,--,--,--,--,--,--,--,--,--,--,--,--,--,--,--,--,--,--,--,--,--,--,--,--,62691
2026-05-04 16:47:47.790,--,--,--,--,--,--,--,--,--,--,--,--,--,--,--,--,--,--,--,--,--,--,--,--,--,--,--,--,--,--,--,--,--,--,--,--,--,--,--,--,--,--,--,--,--,--,62696
2026-05-04 16:47:47.838,--,--,--,--,--,--,--,--,--,--,--,--,--,--,--,--,--,--,--,--,--,--,--,--,--,--,--,--,--,--,--,--,--,--,--,--,--,--,--,--,--,--,--,--,--,--,65472
2026-05-04 16:47:47.895,--,--,--,--,--,--,--,--,--,--,--,--,--,--,--,--,--,--,--,--,--,--,--,--,--,--,--,--,--,--,--,--,--,--,--,--,--,--,--,--,--,--,--,--,--,--,65477
2026-05-04 16:47:47.955,--,--,--,--,--,--,--,--,--,--,--,--,--,--,--,--,--,--,--,--,--,--,--,--,--,--,--,--,--,--,--,--,--,--,--,--,--,--,--,--,--,--,--,--,--,--,65482
2026-05-04 16:47:48.003,--,--,--,--,--,--,--,--,--,--,--,--,--,--,--,--,--,--,--,--,--,--,--,--,--,--,--,--,--,--,--,--,--,--,--,--,--,--,--,--,--,--,--,--,--,--,65487
2026-05-04 16:47:48.097,--,--,--,--,--,--,--,--,--,--,--,--,--,--,--,--,--,--,--,--,--,--,--,--,--,--,--,--,--,--,--,--,--,--,--,--,--,--,--,--,--,--,--,--,--,--,65492
2026-05-04 16:47:48.136,--,--,--,--,--,--,--,--,--,--,--,--,--,--,--,--,--,--,--,--,--,--,--,--,--,--,--,--,--,--,--,--,--,--,--,--,--,--,--,--,--,--,--,--,--,--,65497
2026-05-04 16:47:48.137,--,--,--,--,--,--,--,--,--,--,--,--,--,--,--,--,--,--,--,--,--,--,--,--,--,--,--,--,--,--,--,--,--,--,--,--,--,--,--,--,--,--,--,--,--,--,65502
2026-05-04 16:47:48.138,--,--,--,--,--,--,--,--,--,--,--,--,--,--,--,--,--,--,--,--,--,--,--,--,--,--,--,--,--,--,--,--,--,--,--,--,--,--,--,--,--,--,--,--,--,--,65507
2026-05-04 16:47:48.139,--,--,--,--,--,--,--,--,--,--,--,--,--,--,--,--,--,--,--,--,--,--,--,--,--,--,--,--,--,--,--,--,--,--,--,--,--,--,--,--,--,--,--,--,--,--,65512
2026-05-04 16:47:48.145,--,--,--,--,--,--,--,--,--,--,--,--,--,--,--,--,--,--,--,--,--,--,--,--,--,--,--,--,--,--,--,--,--,--,--,--,--,--,--,--,--,--,--,--,--,--,65517
2026-05-04 16:47:48.149,--,--,--,--,--,--,--,--,--,--,--,--,--,--,--,--,--,--,--,--,--,--,--,--,--,--,--,--,--,--,--,--,--,--,--,--,--,--,--,--,--,--,--,--,--,--,65522
2026-05-04 16:47:48.152,--,--,--,--,--,--,--,--,--,--,--,--,--,--,--,--,--,--,--,--,--,--,--,--,--,--,--,--,--,--,--,--,--,--,--,--,--,--,--,--,--,--,--,--,--,--,65527
2026-05-04 16:47:48.156,--,--,--,--,--,--,--,--,--,--,--,--,--,--,--,--,--,--,--,--,--,--,--,--,--,--,--,--,--,--,--,--,--,--,--,--,--,--,--,--,--,--,--,--,--,--,65532
2026-05-04 16:47:48.158,--,--,--,--,--,--,--,--,--,--,--,--,--,--,--,--,--,--,--,--,--,--,--,--,--,--,--,--,--,--,--,--,--,--,--,--,--,--,--,--,--,--,--,--,--,--,65537
2026-05-04 16:47:48.160,--,--,--,--,--,--,--,--,--,--,--,--,--,--,--,--,--,--,--,--,--,--,--,--,--,--,--,--,--,--,--,--,--,--,--,--,--,--,--,--,--,--,--,--,--,--,65542
2026-05-04 16:47:48.163,--,--,--,--,--,--,--,--,--,--,--,--,--,--,--,--,--,--,--,--,--,--,--,--,--,--,--,--,--,--,--,--,--,--,--,--,--,--,--,--,--,--,--,--,--,--,65547
2026-05-04 16:47:48.164,--,--,--,--,--,--,--,--,--,--,--,--,--,--,--,--,--,--,--,--,--,--,--,--,--,--,--,--,--,--,--,--,--,--,--,--,--,--,--,--,--,--,--,--,--,--,65552
2026-05-04 16:47:48.257,--,--,--,--,--,--,--,--,--,--,--,--,--,--,--,--,--,--,--,--,--,--,--,--,--,--,--,--,--,--,--,--,--,--,--,--,--,--,--,--,--,--,--,--,--,--,65557
2026-05-04 16:47:48.311,--,--,--,--,--,--,--,--,--,--,--,--,--,--,--,--,--,--,--,--,--,--,--,--,--,--,--,--,--,--,--,--,--,--,--,--,--,--,--,--,--,--,--,--,--,--,65562
2026-05-04 16:47:48.366,--,--,--,--,--,--,--,--,--,--,--,--,--,--,--,--,--,--,--,--,--,--,--,--,--,--,--,--,--,--,--,--,--,--,--,--,--,--,--,--,--,--,--,--,--,--,65567
2026-05-04 16:47:48.417,--,--,--,--,--,--,--,--,--,--,--,--,--,--,--,--,--,--,--,--,--,--,--,--,--,--,--,--,--,--,--,--,--,--,--,--,--,--,--,--,--,--,--,--,--,--,65572
2026-05-04 16:47:48.455,--,--,--,--,--,--,--,--,--,--,--,--,--,--,--,--,--,--,--,--,--,--,--,--,--,--,--,--,--,--,--,--,--,--,--,--,--,--,--,--,--,--,--,--,--,--,65577
2026-05-04 16:47:48.504,--,--,--,--,--,--,--,--,--,--,--,--,--,--,--,--,--,--,--,--,--,--,--,--,--,--,--,--,--,--,--,--,--,--,--,--,--,--,--,--,--,--,--,--,--,--,65582
2026-05-04 16:47:48.556,--,--,--,--,--,--,--,--,--,--,--,--,--,--,--,--,--,--,--,--,--,--,--,--,--,--,--,--,--,--,--,--,--,--,--,--,--,--,--,--,--,--,--,--,--,--,65587
2026-05-04 16:47:48.594,--,--,--,--,--,--,--,--,--,--,--,--,--,--,--,--,--,--,--,--,--,--,--,--,--,--,--,--,--,--,--,--,--,--,--,--,--,--,--,--,--,--,--,--,--,--,65592
2026-05-04 16:47:48.613,--,--,--,--,--,--,--,--,--,--,--,--,--,--,--,--,--,--,--,--,--,--,--,--,--,--,--,--,--,--,--,--,--,--,--,--,--,--,--,--,--,--,--,--,--,--,65597
2026-05-04 16:47:48.615,--,--,--,--,--,--,--,--,--,--,--,--,--,--,--,--,--,--,--,--,--,--,--,--,--,--,--,--,--,--,--,--,--,--,--,--,--,--,--,--,--,--,--,--,--,--,65602
2026-05-04 16:47:48.616,--,--,--,--,--,--,--,--,--,--,--,--,--,--,--,--,--,--,--,--,--,--,--,--,--,--,--,--,--,--,--,--,--,--,--,--,--,--,--,--,--,--,--,--,--,--,65607
2026-05-04 16:47:48.617,--,--,--,--,--,--,--,--,--,--,--,--,--,--,--,--,--,--,--,--,--,--,--,--,--,--,--,--,--,--,--,--,--,--,--,--,--,--,--,--,--,--,--,--,--,--,65612
2026-05-04 16:47:48.620,--,--,--,--,--,--,--,--,--,--,--,--,--,--,--,--,--,--,--,--,--,--,--,--,--,--,--,--,--,--,--,--,--,--,--,--,--,--,--,--,--,--,--,--,--,--,65617
2026-05-04 16:47:48.621,--,--,--,--,--,--,--,--,--,--,--,--,--,--,--,--,--,--,--,--,--,--,--,--,--,--,--,--,--,--,--,--,--,--,--,--,--,--,--,--,--,--,--,--,--,--,65622
2026-05-04 16:47:48.622,--,--,--,--,--,--,--,--,--,--,--,--,--,--,--,--,--,--,--,--,--,--,--,--,--,--,--,--,--,--,--,--,--,--,--,--,--,--,--,--,--,--,--,--,--,--,65627
2026-05-04 16:47:48.624,--,--,--,--,--,--,--,--,--,--,--,--,--,--,--,--,--,--,--,--,--,--,--,--,--,--,--,--,--,--,--,--,--,--,--,--,--,--,--,--,--,--,--,--,--,--,65632
2026-05-04 16:47:48.626,--,--,--,--,--,--,--,--,--,--,--,--,--,--,--,--,--,--,--,--,--,--,--,--,--,--,--,--,--,--,--,--,--,--,--,--,--,--,--,--,--,--,--,--,--,--,65637
2026-05-04 16:47:48.628,--,--,--,--,--,--,--,--,--,--,--,--,--,--,--,--,--,--,--,--,--,--,--,--,--,--,--,--,--,--,--,--,--,--,--,--,--,--,--,--,--,--,--,--,--,--,65642
2026-05-04 16:47:48.630,--,--,--,--,--,--,--,--,--,--,--,--,--,--,--,--,--,--,--,--,--,--,--,--,--,--,--,--,--,--,--,--,--,--,--,--,--,--,--,--,--,--,--,--,--,--,65647
2026-05-04 16:47:48.631,--,--,--,--,--,--,--,--,--,--,--,--,--,--,--,--,--,--,--,--,--,--,--,--,--,--,--,--,--,--,--,--,--,--,--,--,--,--,--,--,--,--,--,--,--,--,65652
2026-05-04 16:47:48.688,--,--,--,--,--,--,--,--,--,--,--,--,--,--,--,--,--,--,--,--,--,--,--,--,--,--,--,--,--,--,--,--,--,--,--,--,--,--,--,--,--,--,--,--,--,--,68935
2026-05-04 16:47:48.725,--,--,--,--,--,--,--,--,--,--,--,--,--,--,--,--,--,--,--,--,--,--,--,--,--,--,--,--,--,--,--,--,--,--,--,--,--,--,--,--,--,--,--,--,--,--,68940
2026-05-04 16:47:48.794,--,--,--,--,--,--,--,--,--,--,--,--,--,--,--,--,--,--,--,--,--,--,--,--,--,--,--,--,--,--,--,--,--,--,--,--,--,--,--,--,--,--,--,--,--,--,68945
2026-05-04 16:47:48.887,--,--,--,--,--,--,--,--,--,--,--,--,--,--,--,--,--,--,--,--,--,--,--,--,--,--,--,--,--,--,--,--,--,--,--,--,--,--,--,--,--,--,--,--,--,--,68950
2026-05-04 16:47:48.975,--,--,--,--,--,--,--,--,--,--,--,--,--,--,--,--,--,--,--,--,--,--,--,--,--,--,--,--,--,--,--,--,--,--,--,--,--,--,--,--,--,--,--,--,--,--,68955
2026-05-04 16:47:48.995,--,--,--,--,--,--,--,--,--,--,--,--,--,--,--,--,--,--,--,--,--,--,--,--,--,--,--,--,--,--,--,--,--,--,--,--,--,--,--,--,--,--,--,--,--,--,68960
2026-05-04 16:47:48.996,--,--,--,--,--,--,--,--,--,--,--,--,--,--,--,--,--,--,--,--,--,--,--,--,--,--,--,--,--,--,--,--,--,--,--,--,--,--,--,--,--,--,--,--,--,--,68965
2026-05-04 16:47:48.997,--,--,--,--,--,--,--,--,--,--,--,--,--,--,--,--,--,--,--,--,--,--,--,--,--,--,--,--,--,--,--,--,--,--,--,--,--,--,--,--,--,--,--,--,--,--,68970
2026-05-04 16:47:48.998,--,--,--,--,--,--,--,--,--,--,--,--,--,--,--,--,--,--,--,--,--,--,--,--,--,--,--,--,--,--,--,--,--,--,--,--,--,--,--,--,--,--,--,--,--,--,68975
2026-05-04 16:47:48.999,--,--,--,--,--,--,--,--,--,--,--,--,--,--,--,--,--,--,--,--,--,--,--,--,--,--,--,--,--,--,--,--,--,--,--,--,--,--,--,--,--,--,--,--,--,--,68980
2026-05-04 16:47:49.000,--,--,--,--,--,--,--,--,--,--,--,--,--,--,--,--,--,--,--,--,--,--,--,--,--,--,--,--,--,--,--,--,--,--,--,--,--,--,--,--,--,--,--,--,--,--,68985
2026-05-04 16:47:49.002,--,--,--,--,--,--,--,--,--,--,--,--,--,--,--,--,--,--,--,--,--,--,--,--,--,--,--,--,--,--,--,--,--,--,--,--,--,--,--,--,--,--,--,--,--,--,68990
2026-05-04 16:47:49.003,--,--,--,--,--,--,--,--,--,--,--,--,--,--,--,--,--,--,--,--,--,--,--,--,--,--,--,--,--,--,--,--,--,--,--,--,--,--,--,--,--,--,--,--,--,--,68995
2026-05-04 16:47:49.005,--,--,--,--,--,--,--,--,--,--,--,--,--,--,--,--,--,--,--,--,--,--,--,--,--,--,--,--,--,--,--,--,--,--,--,--,--,--,--,--,--,--,--,--,--,--,69000
2026-05-04 16:47:49.006,--,--,--,--,--,--,--,--,--,--,--,--,--,--,--,--,--,--,--,--,--,--,--,--,--,--,--,--,--,--,--,--,--,--,--,--,--,--,--,--,--,--,--,--,--,--,69005
2026-05-04 16:47:49.008,--,--,--,--,--,--,--,--,--,--,--,--,--,--,--,--,--,--,--,--,--,--,--,--,--,--,--,--,--,--,--,--,--,--,--,--,--,--,--,--,--,--,--,--,--,--,69010
2026-05-04 16:47:49.010,--,--,--,--,--,--,--,--,--,--,--,--,--,--,--,--,--,--,--,--,--,--,--,--,--,--,--,--,--,--,--,--,--,--,--,--,--,--,--,--,--,--,--,--,--,--,69015
2026-05-04 16:47:49.011,--,--,--,--,--,--,--,--,--,--,--,--,--,--,--,--,--,--,--,--,--,--,--,--,--,--,--,--,--,--,--,--,--,--,--,--,--,--,--,--,--,--,--,--,--,--,69018
2026-05-04 16:47:49.155,--,--,--,--,--,--,--,--,--,--,--,--,--,--,--,--,--,--,--,--,--,--,--,--,--,--,--,--,--,--,--,--,--,--,--,--,--,--,--,--,--,--,--,--,--,--,69019
2026-05-04 16:47:49.190,--,--,--,--,--,--,--,--,--,--,--,--,--,--,--,--,--,--,--,--,--,--,--,--,--,--,--,--,--,--,--,--,--,--,--,--,--,--,--,--,--,--,--,--,--,--,69024
2026-05-04 16:47:49.226,--,--,--,--,--,--,--,--,--,--,--,--,--,--,--,--,--,--,--,--,--,--,--,--,--,--,--,--,--,--,--,--,--,--,--,--,--,--,--,--,--,--,--,--,--,--,69029
2026-05-04 16:47:49.266,--,--,--,--,--,--,--,--,--,--,--,--,--,--,--,--,--,--,--,--,--,--,--,--,--,--,--,--,--,--,--,--,--,--,--,--,--,--,--,--,--,--,--,--,--,--,69034
2026-05-04 16:47:49.337,--,--,--,--,--,--,--,--,--,--,--,--,--,--,--,--,--,--,--,--,--,--,--,--,--,--,--,--,--,--,--,--,--,--,--,--,--,--,--,--,--,--,--,--,--,--,69039
2026-05-04 16:47:49.390,--,--,--,--,--,--,--,--,--,--,--,--,--,--,--,--,--,--,--,--,--,--,--,--,--,--,--,--,--,--,--,--,--,--,--,--,--,--,--,--,--,--,--,--,--,--,69044
2026-05-04 16:47:49.427,--,--,--,--,--,--,--,--,--,--,--,--,--,--,--,--,--,--,--,--,--,--,--,--,--,--,--,--,--,--,--,--,--,--,--,--,--,--,--,--,--,--,--,--,--,--,69049
2026-05-04 16:47:49.483,--,--,--,--,--,--,--,--,--,--,--,--,--,--,--,--,--,--,--,--,--,--,--,--,--,--,--,--,--,--,--,--,--,--,--,--,--,--,--,--,--,--,--,--,--,--,69054
2026-05-04 16:47:49.503,--,--,--,--,--,--,--,--,--,--,--,--,--,--,--,--,--,--,--,--,--,--,--,--,--,--,--,--,--,--,--,--,--,--,--,--,--,--,--,--,--,--,--,--,--,--,69059
2026-05-04 16:47:49.506,--,--,--,--,--,--,--,--,--,--,--,--,--,--,--,--,--,--,--,--,--,--,--,--,--,--,--,--,--,--,--,--,--,--,--,--,--,--,--,--,--,--,--,--,--,--,69064
2026-05-04 16:47:49.508,--,--,--,--,--,--,--,--,--,--,--,--,--,--,--,--,--,--,--,--,--,--,--,--,--,--,--,--,--,--,--,--,--,--,--,--,--,--,--,--,--,--,--,--,--,--,69069
2026-05-04 16:47:49.510,--,--,--,--,--,--,--,--,--,--,--,--,--,--,--,--,--,--,--,--,--,--,--,--,--,--,--,--,--,--,--,--,--,--,--,--,--,--,--,--,--,--,--,--,--,--,69074
2026-05-04 16:47:49.511,--,--,--,--,--,--,--,--,--,--,--,--,--,--,--,--,--,--,--,--,--,--,--,--,--,--,--,--,--,--,--,--,--,--,--,--,--,--,--,--,--,--,--,--,--,--,69079
2026-05-04 16:47:49.512,--,--,--,--,--,--,--,--,--,--,--,--,--,--,--,--,--,--,--,--,--,--,--,--,--,--,--,--,--,--,--,--,--,--,--,--,--,--,--,--,--,--,--,--,--,--,69084
2026-05-04 16:47:49.514,--,--,--,--,--,--,--,--,--,--,--,--,--,--,--,--,--,--,--,--,--,--,--,--,--,--,--,--,--,--,--,--,--,--,--,--,--,--,--,--,--,--,--,--,--,--,69089
2026-05-04 16:47:49.515,--,--,--,--,--,--,--,--,--,--,--,--,--,--,--,--,--,--,--,--,--,--,--,--,--,--,--,--,--,--,--,--,--,--,--,--,--,--,--,--,--,--,--,--,--,--,69094
2026-05-04 16:47:49.516,--,--,--,--,--,--,--,--,--,--,--,--,--,--,--,--,--,--,--,--,--,--,--,--,--,--,--,--,--,--,--,--,--,--,--,--,--,--,--,--,--,--,--,--,--,--,69099
2026-05-04 16:47:49.518,--,--,--,--,--,--,--,--,--,--,--,--,--,--,--,--,--,--,--,--,--,--,--,--,--,--,--,--,--,--,--,--,--,--,--,--,--,--,--,--,--,--,--,--,--,--,69104
2026-05-04 16:47:49.521,--,--,--,--,--,--,--,--,--,--,--,--,--,--,--,--,--,--,--,--,--,--,--,--,--,--,--,--,--,--,--,--,--,--,--,--,--,--,--,--,--,--,--,--,--,--,69109
2026-05-04 16:47:49.522,--,--,--,--,--,--,--,--,--,--,--,--,--,--,--,--,--,--,--,--,--,--,--,--,--,--,--,--,--,--,--,--,--,--,--,--,--,--,--,--,--,--,--,--,--,--,69114
2026-05-04 16:47:49.573,--,--,--,--,--,--,--,--,--,--,--,--,--,--,--,--,--,--,--,--,--,--,--,--,--,--,--,--,--,--,--,--,--,--,--,--,--,--,--,--,--,--,--,--,--,--,72440
2026-05-04 16:47:49.632,--,--,--,--,--,--,--,--,--,--,--,--,--,--,--,--,--,--,--,--,--,--,--,--,--,--,--,--,--,--,--,--,--,--,--,--,--,--,--,--,--,--,--,--,--,--,72445
2026-05-04 16:47:49.713,--,--,--,--,--,--,--,--,--,--,--,--,--,--,--,--,--,--,--,--,--,--,--,--,--,--,--,--,--,--,--,--,--,--,--,--,--,--,--,--,--,--,--,--,--,--,72450
2026-05-04 16:47:49.749,--,--,--,--,--,--,--,--,--,--,--,--,--,--,--,--,--,--,--,--,--,--,--,--,--,--,--,--,--,--,--,--,--,--,--,--,--,--,--,--,--,--,--,--,--,--,72455
2026-05-04 16:47:49.750,--,--,--,--,--,--,--,--,--,--,--,--,--,--,--,--,--,--,--,--,--,--,--,--,--,--,--,--,--,--,--,--,--,--,--,--,--,--,--,--,--,--,--,--,--,--,72460
2026-05-04 16:47:49.751,--,--,--,--,--,--,--,--,--,--,--,--,--,--,--,--,--,--,--,--,--,--,--,--,--,--,--,--,--,--,--,--,--,--,--,--,--,--,--,--,--,--,--,--,--,--,72465
2026-05-04 16:47:49.752,--,--,--,--,--,--,--,--,--,--,--,--,--,--,--,--,--,--,--,--,--,--,--,--,--,--,--,--,--,--,--,--,--,--,--,--,--,--,--,--,--,--,--,--,--,--,72470
2026-05-04 16:47:49.754,--,--,--,--,--,--,--,--,--,--,--,--,--,--,--,--,--,--,--,--,--,--,--,--,--,--,--,--,--,--,--,--,--,--,--,--,--,--,--,--,--,--,--,--,--,--,72475
2026-05-04 16:47:49.755,--,--,--,--,--,--,--,--,--,--,--,--,--,--,--,--,--,--,--,--,--,--,--,--,--,--,--,--,--,--,--,--,--,--,--,--,--,--,--,--,--,--,--,--,--,--,72480
2026-05-04 16:47:49.756,--,--,--,--,--,--,--,--,--,--,--,--,--,--,--,--,--,--,--,--,--,--,--,--,--,--,--,--,--,--,--,--,--,--,--,--,--,--,--,--,--,--,--,--,--,--,72481
2026-05-04 16:47:49.899,--,--,--,--,--,--,--,--,--,--,--,--,--,--,--,--,--,--,--,--,--,--,--,--,--,--,--,--,--,--,--,--,--,--,--,--,--,--,--,--,--,--,--,--,--,--,72482
2026-05-04 16:47:49.935,--,--,--,--,--,--,--,--,--,--,--,--,--,--,--,--,--,--,--,--,--,--,--,--,--,--,--,--,--,--,--,--,--,--,--,--,--,--,--,--,--,--,--,--,--,--,72487
2026-05-04 16:47:49.973,--,--,--,--,--,--,--,--,--,--,--,--,--,--,--,--,--,--,--,--,--,--,--,--,--,--,--,--,--,--,--,--,--,--,--,--,--,--,--,--,--,--,--,--,--,--,72492
2026-05-04 16:47:50.014,--,--,--,--,--,--,--,--,--,--,--,--,--,--,--,--,--,--,--,--,--,--,--,--,--,--,--,--,--,--,--,--,--,--,--,--,--,--,--,--,--,--,--,--,--,--,72497
2026-05-04 16:47:50.071,--,--,--,--,--,--,--,--,--,--,--,--,--,--,--,--,--,--,--,--,--,--,--,--,--,--,--,--,--,--,--,--,--,--,--,--,--,--,--,--,--,--,--,--,--,--,72502
2026-05-04 16:47:50.123,--,--,--,--,--,--,--,--,--,--,--,--,--,--,--,--,--,--,--,--,--,--,--,--,--,--,--,--,--,--,--,--,--,--,--,--,--,--,--,--,--,--,--,--,--,--,72507
2026-05-04 16:47:50.179,--,--,--,--,--,--,--,--,--,--,--,--,--,--,--,--,--,--,--,--,--,--,--,--,--,--,--,--,--,--,--,--,--,--,--,--,--,--,--,--,--,--,--,--,--,--,72512
2026-05-04 16:47:50.233,--,--,--,--,--,--,--,--,--,--,--,--,--,--,--,--,--,--,--,--,--,--,--,--,--,--,--,--,--,--,--,--,--,--,--,--,--,--,--,--,--,--,--,--,--,--,72517
2026-05-04 16:47:50.251,--,--,--,--,--,--,--,--,--,--,--,--,--,--,--,--,--,--,--,--,--,--,--,--,--,--,--,--,--,--,--,--,--,--,--,--,--,--,--,--,--,--,--,--,--,--,72522
2026-05-04 16:47:50.252,--,--,--,--,--,--,--,--,--,--,--,--,--,--,--,--,--,--,--,--,--,--,--,--,--,--,--,--,--,--,--,--,--,--,--,--,--,--,--,--,--,--,--,--,--,--,72527
2026-05-04 16:47:50.254,--,--,--,--,--,--,--,--,--,--,--,--,--,--,--,--,--,--,--,--,--,--,--,--,--,--,--,--,--,--,--,--,--,--,--,--,--,--,--,--,--,--,--,--,--,--,72532
2026-05-04 16:47:50.256,--,--,--,--,--,--,--,--,--,--,--,--,--,--,--,--,--,--,--,--,--,--,--,--,--,--,--,--,--,--,--,--,--,--,--,--,--,--,--,--,--,--,--,--,--,--,72537
2026-05-04 16:47:50.257,--,--,--,--,--,--,--,--,--,--,--,--,--,--,--,--,--,--,--,--,--,--,--,--,--,--,--,--,--,--,--,--,--,--,--,--,--,--,--,--,--,--,--,--,--,--,72542
2026-05-04 16:47:50.259,--,--,--,--,--,--,--,--,--,--,--,--,--,--,--,--,--,--,--,--,--,--,--,--,--,--,--,--,--,--,--,--,--,--,--,--,--,--,--,--,--,--,--,--,--,--,72547
2026-05-04 16:47:50.261,--,--,--,--,--,--,--,--,--,--,--,--,--,--,--,--,--,--,--,--,--,--,--,--,--,--,--,--,--,--,--,--,--,--,--,--,--,--,--,--,--,--,--,--,--,--,72552
2026-05-04 16:47:50.263,--,--,--,--,--,--,--,--,--,--,--,--,--,--,--,--,--,--,--,--,--,--,--,--,--,--,--,--,--,--,--,--,--,--,--,--,--,--,--,--,--,--,--,--,--,--,72557
2026-05-04 16:47:50.264,--,--,--,--,--,--,--,--,--,--,--,--,--,--,--,--,--,--,--,--,--,--,--,--,--,--,--,--,--,--,--,--,--,--,--,--,--,--,--,--,--,--,--,--,--,--,72562
2026-05-04 16:47:50.265,--,--,--,--,--,--,--,--,--,--,--,--,--,--,--,--,--,--,--,--,--,--,--,--,--,--,--,--,--,--,--,--,--,--,--,--,--,--,--,--,--,--,--,--,--,--,72567
2026-05-04 16:47:50.266,--,--,--,--,--,--,--,--,--,--,--,--,--,--,--,--,--,--,--,--,--,--,--,--,--,--,--,--,--,--,--,--,--,--,--,--,--,--,--,--,--,--,--,--,--,--,72572
2026-05-04 16:47:50.268,--,--,--,--,--,--,--,--,--,--,--,--,--,--,--,--,--,--,--,--,--,--,--,--,--,--,--,--,--,--,--,--,--,--,--,--,--,--,--,--,--,--,--,--,--,--,72577
2026-05-04 16:47:50.314,--,--,--,--,--,--,--,--,--,--,--,--,--,--,--,--,--,--,--,--,--,--,--,--,--,--,--,--,--,--,--,--,--,--,--,--,--,--,--,--,--,--,--,--,--,--,75395
2026-05-04 16:47:50.368,--,--,--,--,--,--,--,--,--,--,--,--,--,--,--,--,--,--,--,--,--,--,--,--,--,--,--,--,--,--,--,--,--,--,--,--,--,--,--,--,--,--,--,--,--,--,75400
2026-05-04 16:47:50.442,--,--,--,--,--,--,--,--,--,--,--,--,--,--,--,--,--,--,--,--,--,--,--,--,--,--,--,--,--,--,--,--,--,--,--,--,--,--,--,--,--,--,--,--,--,--,75405
2026-05-04 16:47:50.474,--,--,--,--,--,--,--,--,--,--,--,--,--,--,--,--,--,--,--,--,--,--,--,--,--,--,--,--,--,--,--,--,--,--,--,--,--,--,--,--,--,--,--,--,--,--,75410
2026-05-04 16:47:50.475,--,--,--,--,--,--,--,--,--,--,--,--,--,--,--,--,--,--,--,--,--,--,--,--,--,--,--,--,--,--,--,--,--,--,--,--,--,--,--,--,--,--,--,--,--,--,75415
2026-05-04 16:47:50.477,--,--,--,--,--,--,--,--,--,--,--,--,--,--,--,--,--,--,--,--,--,--,--,--,--,--,--,--,--,--,--,--,--,--,--,--,--,--,--,--,--,--,--,--,--,--,75420
2026-05-04 16:47:50.478,--,--,--,--,--,--,--,--,--,--,--,--,--,--,--,--,--,--,--,--,--,--,--,--,--,--,--,--,--,--,--,--,--,--,--,--,--,--,--,--,--,--,--,--,--,--,75425
2026-05-04 16:47:50.480,--,--,--,--,--,--,--,--,--,--,--,--,--,--,--,--,--,--,--,--,--,--,--,--,--,--,--,--,--,--,--,--,--,--,--,--,--,--,--,--,--,--,--,--,--,--,75430
2026-05-04 16:47:50.481,--,--,--,--,--,--,--,--,--,--,--,--,--,--,--,--,--,--,--,--,--,--,--,--,--,--,--,--,--,--,--,--,--,--,--,--,--,--,--,--,--,--,--,--,--,--,75435
2026-05-04 16:47:50.482,--,--,--,--,--,--,--,--,--,--,--,--,--,--,--,--,--,--,--,--,--,--,--,--,--,--,--,--,--,--,--,--,--,--,--,--,--,--,--,--,--,--,--,--,--,--,75437
2026-05-04 16:47:50.617,--,--,--,--,--,--,--,--,--,--,--,--,--,--,--,--,--,--,--,--,--,--,--,--,--,--,--,--,--,--,--,--,--,--,--,--,--,--,--,--,--,--,--,--,--,--,75438
2026-05-04 16:47:50.656,--,--,--,--,--,--,--,--,--,--,--,--,--,--,--,--,--,--,--,--,--,--,--,--,--,--,--,--,--,--,--,--,--,--,--,--,--,--,--,--,--,--,--,--,--,--,75443
2026-05-04 16:47:50.745,--,--,--,--,--,--,--,--,--,--,--,--,--,--,--,--,--,--,--,--,--,--,--,--,--,--,--,--,--,--,--,--,--,--,--,--,--,--,--,--,--,--,--,--,--,--,75448
2026-05-04 16:47:50.784,--,--,--,--,--,--,--,--,--,--,--,--,--,--,--,--,--,--,--,--,--,--,--,--,--,--,--,--,--,--,--,--,--,--,--,--,--,--,--,--,--,--,--,--,--,--,75453
2026-05-04 16:47:50.838,--,--,--,--,--,--,--,--,--,--,--,--,--,--,--,--,--,--,--,--,--,--,--,--,--,--,--,--,--,--,--,--,--,--,--,--,--,--,--,--,--,--,--,--,--,--,75458
2026-05-04 16:47:50.909,--,--,--,--,--,--,--,--,--,--,--,--,--,--,--,--,--,--,--,--,--,--,--,--,--,--,--,--,--,--,--,--,--,--,--,--,--,--,--,--,--,--,--,--,--,--,75463
2026-05-04 16:47:50.962,--,--,--,--,--,--,--,--,--,--,--,--,--,--,--,--,--,--,--,--,--,--,--,--,--,--,--,--,--,--,--,--,--,--,--,--,--,--,--,--,--,--,--,--,--,--,75468
2026-05-04 16:47:50.963,--,--,--,--,--,--,--,--,--,--,--,--,--,--,--,--,--,--,--,--,--,--,--,--,--,--,--,--,--,--,--,--,--,--,--,--,--,--,--,--,--,--,--,--,--,--,75473
2026-05-04 16:47:50.964,--,--,--,--,--,--,--,--,--,--,--,--,--,--,--,--,--,--,--,--,--,--,--,--,--,--,--,--,--,--,--,--,--,--,--,--,--,--,--,--,--,--,--,--,--,--,75478
2026-05-04 16:47:50.966,--,--,--,--,--,--,--,--,--,--,--,--,--,--,--,--,--,--,--,--,--,--,--,--,--,--,--,--,--,--,--,--,--,--,--,--,--,--,--,--,--,--,--,--,--,--,75483
2026-05-04 16:47:50.968,--,--,--,--,--,--,--,--,--,--,--,--,--,--,--,--,--,--,--,--,--,--,--,--,--,--,--,--,--,--,--,--,--,--,--,--,--,--,--,--,--,--,--,--,--,--,75488
2026-05-04 16:47:50.970,--,--,--,--,--,--,--,--,--,--,--,--,--,--,--,--,--,--,--,--,--,--,--,--,--,--,--,--,--,--,--,--,--,--,--,--,--,--,--,--,--,--,--,--,--,--,75493
2026-05-04 16:47:50.972,--,--,--,--,--,--,--,--,--,--,--,--,--,--,--,--,--,--,--,--,--,--,--,--,--,--,--,--,--,--,--,--,--,--,--,--,--,--,--,--,--,--,--,--,--,--,75498
2026-05-04 16:47:50.973,--,--,--,--,--,--,--,--,--,--,--,--,--,--,--,--,--,--,--,--,--,--,--,--,--,--,--,--,--,--,--,--,--,--,--,--,--,--,--,--,--,--,--,--,--,--,75503
2026-05-04 16:47:50.974,--,--,--,--,--,--,--,--,--,--,--,--,--,--,--,--,--,--,--,--,--,--,--,--,--,--,--,--,--,--,--,--,--,--,--,--,--,--,--,--,--,--,--,--,--,--,75508
2026-05-04 16:47:50.976,--,--,--,--,--,--,--,--,--,--,--,--,--,--,--,--,--,--,--,--,--,--,--,--,--,--,--,--,--,--,--,--,--,--,--,--,--,--,--,--,--,--,--,--,--,--,75513
2026-05-04 16:47:50.978,--,--,--,--,--,--,--,--,--,--,--,--,--,--,--,--,--,--,--,--,--,--,--,--,--,--,--,--,--,--,--,--,--,--,--,--,--,--,--,--,--,--,--,--,--,--,75518
2026-05-04 16:47:50.979,--,--,--,--,--,--,--,--,--,--,--,--,--,--,--,--,--,--,--,--,--,--,--,--,--,--,--,--,--,--,--,--,--,--,--,--,--,--,--,--,--,--,--,--,--,--,75523
2026-05-04 16:47:50.980,--,--,--,--,--,--,--,--,--,--,--,--,--,--,--,--,--,--,--,--,--,--,--,--,--,--,--,--,--,--,--,--,--,--,--,--,--,--,--,--,--,--,--,--,--,--,75528
2026-05-04 16:47:50.983,--,--,--,--,--,--,--,--,--,--,--,--,--,--,--,--,--,--,--,--,--,--,--,--,--,--,--,--,--,--,--,--,--,--,--,--,--,--,--,--,--,--,--,--,--,--,75533
2026-05-04 16:47:51.034,--,--,--,--,--,--,--,--,--,--,--,--,--,--,--,--,--,--,--,--,--,--,--,--,--,--,--,--,--,--,--,--,--,--,--,--,--,--,--,--,--,--,--,--,--,--,78182
2026-05-04 16:47:51.090,--,--,--,--,--,--,--,--,--,--,--,--,--,--,--,--,--,--,--,--,--,--,--,--,--,--,--,--,--,--,--,--,--,--,--,--,--,--,--,--,--,--,--,--,--,--,78187
2026-05-04 16:47:51.128,--,--,--,--,--,--,--,--,--,--,--,--,--,--,--,--,--,--,--,--,--,--,--,--,--,--,--,--,--,--,--,--,--,--,--,--,--,--,--,--,--,--,--,--,--,--,78192
2026-05-04 16:47:51.194,--,--,--,--,--,--,--,--,--,--,--,--,--,--,--,--,--,--,--,--,--,--,--,--,--,--,--,--,--,--,--,--,--,--,--,--,--,--,--,--,--,--,--,--,--,--,78197
2026-05-04 16:47:51.195,--,--,--,--,--,--,--,--,--,--,--,--,--,--,--,--,--,--,--,--,--,--,--,--,--,--,--,--,--,--,--,--,--,--,--,--,--,--,--,--,--,--,--,--,--,--,78202
2026-05-04 16:47:51.197,--,--,--,--,--,--,--,--,--,--,--,--,--,--,--,--,--,--,--,--,--,--,--,--,--,--,--,--,--,--,--,--,--,--,--,--,--,--,--,--,--,--,--,--,--,--,78207
2026-05-04 16:47:51.198,--,--,--,--,--,--,--,--,--,--,--,--,--,--,--,--,--,--,--,--,--,--,--,--,--,--,--,--,--,--,--,--,--,--,--,--,--,--,--,--,--,--,--,--,--,--,78212
2026-05-04 16:47:51.199,--,--,--,--,--,--,--,--,--,--,--,--,--,--,--,--,--,--,--,--,--,--,--,--,--,--,--,--,--,--,--,--,--,--,--,--,--,--,--,--,--,--,--,--,--,--,78217
2026-05-04 16:47:51.200,--,--,--,--,--,--,--,--,--,--,--,--,--,--,--,--,--,--,--,--,--,--,--,--,--,--,--,--,--,--,--,--,--,--,--,--,--,--,--,--,--,--,--,--,--,--,78222
2026-05-04 16:47:51.201,--,--,--,--,--,--,--,--,--,--,--,--,--,--,--,--,--,--,--,--,--,--,--,--,--,--,--,--,--,--,--,--,--,--,--,--,--,--,--,--,--,--,--,--,--,--,78224
2026-05-04 16:47:51.303,--,--,--,--,--,--,--,--,--,--,--,--,--,--,--,--,--,--,--,--,--,--,--,--,--,--,--,--,--,--,--,--,--,--,--,--,--,--,--,--,--,--,--,--,--,--,78225
2026-05-04 16:47:51.372,--,--,--,--,--,--,--,--,--,--,--,--,--,--,--,--,--,--,--,--,--,--,--,--,--,--,--,--,--,--,--,--,--,--,--,--,--,--,--,--,--,--,--,--,--,--,78230
2026-05-04 16:47:51.393,--,--,--,--,--,--,--,--,--,--,--,--,--,--,--,--,--,--,--,--,--,--,--,--,--,--,--,--,--,--,--,--,--,--,--,--,--,--,--,--,--,--,--,--,--,--,78235
2026-05-04 16:47:51.452,--,--,--,--,--,--,--,--,--,--,--,--,--,--,--,--,--,--,--,--,--,--,--,--,--,--,--,--,--,--,--,--,--,--,--,--,--,--,--,--,--,--,--,--,--,--,78240
2026-05-04 16:47:51.527,--,--,--,--,--,--,--,--,--,--,--,--,--,--,--,--,--,--,--,--,--,--,--,--,--,--,--,--,--,--,--,--,--,--,--,--,--,--,--,--,--,--,--,--,--,--,78245
2026-05-04 16:47:51.585,--,--,--,--,--,--,--,--,--,--,--,--,--,--,--,--,--,--,--,--,--,--,--,--,--,--,--,--,--,--,--,--,--,--,--,--,--,--,--,--,--,--,--,--,--,--,78250
2026-05-04 16:47:51.650,--,--,--,--,--,--,--,--,--,--,--,--,--,--,--,--,--,--,--,--,--,--,--,--,--,--,--,--,--,--,--,--,--,--,--,--,--,--,--,--,--,--,--,--,--,--,78255
2026-05-04 16:47:51.668,--,--,--,--,--,--,--,--,--,--,--,--,--,--,--,--,--,--,--,--,--,--,--,--,--,--,--,--,--,--,--,--,--,--,--,--,--,--,--,--,--,--,--,--,--,--,78260
2026-05-04 16:47:51.669,--,--,--,--,--,--,--,--,--,--,--,--,--,--,--,--,--,--,--,--,--,--,--,--,--,--,--,--,--,--,--,--,--,--,--,--,--,--,--,--,--,--,--,--,--,--,78265
2026-05-04 16:47:51.671,--,--,--,--,--,--,--,--,--,--,--,--,--,--,--,--,--,--,--,--,--,--,--,--,--,--,--,--,--,--,--,--,--,--,--,--,--,--,--,--,--,--,--,--,--,--,78270
2026-05-04 16:47:51.672,--,--,--,--,--,--,--,--,--,--,--,--,--,--,--,--,--,--,--,--,--,--,--,--,--,--,--,--,--,--,--,--,--,--,--,--,--,--,--,--,--,--,--,--,--,--,78275
2026-05-04 16:47:51.673,--,--,--,--,--,--,--,--,--,--,--,--,--,--,--,--,--,--,--,--,--,--,--,--,--,--,--,--,--,--,--,--,--,--,--,--,--,--,--,--,--,--,--,--,--,--,78280
2026-05-04 16:47:51.674,--,--,--,--,--,--,--,--,--,--,--,--,--,--,--,--,--,--,--,--,--,--,--,--,--,--,--,--,--,--,--,--,--,--,--,--,--,--,--,--,--,--,--,--,--,--,78285
2026-05-04 16:47:51.676,--,--,--,--,--,--,--,--,--,--,--,--,--,--,--,--,--,--,--,--,--,--,--,--,--,--,--,--,--,--,--,--,--,--,--,--,--,--,--,--,--,--,--,--,--,--,78290
2026-05-04 16:47:51.678,--,--,--,--,--,--,--,--,--,--,--,--,--,--,--,--,--,--,--,--,--,--,--,--,--,--,--,--,--,--,--,--,--,--,--,--,--,--,--,--,--,--,--,--,--,--,78295
2026-05-04 16:47:51.679,--,--,--,--,--,--,--,--,--,--,--,--,--,--,--,--,--,--,--,--,--,--,--,--,--,--,--,--,--,--,--,--,--,--,--,--,--,--,--,--,--,--,--,--,--,--,78300
2026-05-04 16:47:51.680,--,--,--,--,--,--,--,--,--,--,--,--,--,--,--,--,--,--,--,--,--,--,--,--,--,--,--,--,--,--,--,--,--,--,--,--,--,--,--,--,--,--,--,--,--,--,78305
2026-05-04 16:47:51.681,--,--,--,--,--,--,--,--,--,--,--,--,--,--,--,--,--,--,--,--,--,--,--,--,--,--,--,--,--,--,--,--,--,--,--,--,--,--,--,--,--,--,--,--,--,--,78310
2026-05-04 16:47:51.683,--,--,--,--,--,--,--,--,--,--,--,--,--,--,--,--,--,--,--,--,--,--,--,--,--,--,--,--,--,--,--,--,--,--,--,--,--,--,--,--,--,--,--,--,--,--,78315
2026-05-04 16:47:51.684,--,--,--,--,--,--,--,--,--,--,--,--,--,--,--,--,--,--,--,--,--,--,--,--,--,--,--,--,--,--,--,--,--,--,--,--,--,--,--,--,--,--,--,--,--,--,78320
2026-05-04 16:47:51.712,--,--,--,--,--,--,--,--,--,--,--,--,--,--,--,--,--,--,--,--,--,--,--,--,--,--,--,--,--,--,--,--,--,--,--,--,--,--,--,--,--,--,--,--,--,--,80885
2026-05-04 16:47:51.768,--,--,--,--,--,--,--,--,--,--,--,--,--,--,--,--,--,--,--,--,--,--,--,--,--,--,--,--,--,--,--,--,--,--,--,--,--,--,--,--,--,--,--,--,--,--,80890
2026-05-04 16:47:51.822,--,--,--,--,--,--,--,--,--,--,--,--,--,--,--,--,--,--,--,--,--,--,--,--,--,--,--,--,--,--,--,--,--,--,--,--,--,--,--,--,--,--,--,--,--,--,80895
2026-05-04 16:47:51.887,--,--,--,--,--,--,--,--,--,--,--,--,--,--,--,--,--,--,--,--,--,--,--,--,--,--,--,--,--,--,--,--,--,--,--,--,--,--,--,--,--,--,--,--,--,--,80900
2026-05-04 16:47:51.888,--,--,--,--,--,--,--,--,--,--,--,--,--,--,--,--,--,--,--,--,--,--,--,--,--,--,--,--,--,--,--,--,--,--,--,--,--,--,--,--,--,--,--,--,--,--,80905
2026-05-04 16:47:51.889,--,--,--,--,--,--,--,--,--,--,--,--,--,--,--,--,--,--,--,--,--,--,--,--,--,--,--,--,--,--,--,--,--,--,--,--,--,--,--,--,--,--,--,--,--,--,80910
2026-05-04 16:47:51.890,--,--,--,--,--,--,--,--,--,--,--,--,--,--,--,--,--,--,--,--,--,--,--,--,--,--,--,--,--,--,--,--,--,--,--,--,--,--,--,--,--,--,--,--,--,--,80915
2026-05-04 16:47:51.894,--,--,--,--,--,--,--,--,--,--,--,--,--,--,--,--,--,--,--,--,--,--,--,--,--,--,--,--,--,--,--,--,--,--,--,--,--,--,--,--,--,--,--,--,--,--,80920
2026-05-04 16:47:51.895,--,--,--,--,--,--,--,--,--,--,--,--,--,--,--,--,--,--,--,--,--,--,--,--,--,--,--,--,--,--,--,--,--,--,--,--,--,--,--,--,--,--,--,--,--,--,80925
2026-05-04 16:47:51.895,--,--,--,--,--,--,--,--,--,--,--,--,--,--,--,--,--,--,--,--,--,--,--,--,--,--,--,--,--,--,--,--,--,--,--,--,--,--,--,--,--,--,--,--,--,--,80926
2026-05-04 16:47:52.015,--,--,--,--,--,--,--,--,--,--,--,--,--,--,--,--,--,--,--,--,--,--,--,--,--,--,--,--,--,--,--,--,--,--,--,--,--,--,--,--,--,--,--,--,--,--,80927
2026-05-04 16:47:52.053,--,--,--,--,--,--,--,--,--,--,--,--,--,--,--,--,--,--,--,--,--,--,--,--,--,--,--,--,--,--,--,--,--,--,--,--,--,--,--,--,--,--,--,--,--,--,80932
2026-05-04 16:47:52.089,--,--,--,--,--,--,--,--,--,--,--,--,--,--,--,--,--,--,--,--,--,--,--,--,--,--,--,--,--,--,--,--,--,--,--,--,--,--,--,--,--,--,--,--,--,--,80937
2026-05-04 16:47:52.145,--,--,--,--,--,--,--,--,--,--,--,--,--,--,--,--,--,--,--,--,--,--,--,--,--,--,--,--,--,--,--,--,--,--,--,--,--,--,--,--,--,--,--,--,--,--,80942
2026-05-04 16:47:52.203,--,--,--,--,--,--,--,--,--,--,--,--,--,--,--,--,--,--,--,--,--,--,--,--,--,--,--,--,--,--,--,--,--,--,--,--,--,--,--,--,--,--,--,--,--,--,80947
2026-05-04 16:47:52.258,--,--,--,--,--,--,--,--,--,--,--,--,--,--,--,--,--,--,--,--,--,--,--,--,--,--,--,--,--,--,--,--,--,--,--,--,--,--,--,--,--,--,--,--,--,--,80952
2026-05-04 16:47:52.311,--,--,--,--,--,--,--,--,--,--,--,--,--,--,--,--,--,--,--,--,--,--,--,--,--,--,--,--,--,--,--,--,--,--,--,--,--,--,--,--,--,--,--,--,--,--,80957
2026-05-04 16:47:52.347,--,--,--,--,--,--,--,--,--,--,--,--,--,--,--,--,--,--,--,--,--,--,--,--,--,--,--,--,--,--,--,--,--,--,--,--,--,--,--,--,--,--,--,--,--,--,80962
2026-05-04 16:47:52.366,--,--,--,--,--,--,--,--,--,--,--,--,--,--,--,--,--,--,--,--,--,--,--,--,--,--,--,--,--,--,--,--,--,--,--,--,--,--,--,--,--,--,--,--,--,--,80967
2026-05-04 16:47:52.367,--,--,--,--,--,--,--,--,--,--,--,--,--,--,--,--,--,--,--,--,--,--,--,--,--,--,--,--,--,--,--,--,--,--,--,--,--,--,--,--,--,--,--,--,--,--,80972
2026-05-04 16:47:52.369,--,--,--,--,--,--,--,--,--,--,--,--,--,--,--,--,--,--,--,--,--,--,--,--,--,--,--,--,--,--,--,--,--,--,--,--,--,--,--,--,--,--,--,--,--,--,80977
2026-05-04 16:47:52.371,--,--,--,--,--,--,--,--,--,--,--,--,--,--,--,--,--,--,--,--,--,--,--,--,--,--,--,--,--,--,--,--,--,--,--,--,--,--,--,--,--,--,--,--,--,--,80982
2026-05-04 16:47:52.372,--,--,--,--,--,--,--,--,--,--,--,--,--,--,--,--,--,--,--,--,--,--,--,--,--,--,--,--,--,--,--,--,--,--,--,--,--,--,--,--,--,--,--,--,--,--,80987
2026-05-04 16:47:52.374,--,--,--,--,--,--,--,--,--,--,--,--,--,--,--,--,--,--,--,--,--,--,--,--,--,--,--,--,--,--,--,--,--,--,--,--,--,--,--,--,--,--,--,--,--,--,80992
2026-05-04 16:47:52.375,--,--,--,--,--,--,--,--,--,--,--,--,--,--,--,--,--,--,--,--,--,--,--,--,--,--,--,--,--,--,--,--,--,--,--,--,--,--,--,--,--,--,--,--,--,--,80997
2026-05-04 16:47:52.377,--,--,--,--,--,--,--,--,--,--,--,--,--,--,--,--,--,--,--,--,--,--,--,--,--,--,--,--,--,--,--,--,--,--,--,--,--,--,--,--,--,--,--,--,--,--,81002
2026-05-04 16:47:52.395,--,--,--,--,--,--,--,--,--,--,--,--,--,--,--,--,--,--,--,--,--,--,--,--,--,--,--,--,--,--,--,--,--,--,--,--,--,--,--,--,--,--,--,--,--,--,81007
2026-05-04 16:47:52.396,--,--,--,--,--,--,--,--,--,--,--,--,--,--,--,--,--,--,--,--,--,--,--,--,--,--,--,--,--,--,--,--,--,--,--,--,--,--,--,--,--,--,--,--,--,--,81012
2026-05-04 16:47:52.397,--,--,--,--,--,--,--,--,--,--,--,--,--,--,--,--,--,--,--,--,--,--,--,--,--,--,--,--,--,--,--,--,--,--,--,--,--,--,--,--,--,--,--,--,--,--,81017
2026-05-04 16:47:52.398,--,--,--,--,--,--,--,--,--,--,--,--,--,--,--,--,--,--,--,--,--,--,--,--,--,--,--,--,--,--,--,--,--,--,--,--,--,--,--,--,--,--,--,--,--,--,81022
2026-05-04 16:47:52.433,--,--,--,--,--,--,--,--,--,--,--,--,--,--,--,--,--,--,--,--,--,--,--,--,--,--,--,--,--,--,--,--,--,--,--,--,--,--,--,--,--,--,--,--,--,--,83756
2026-05-04 16:47:52.493,--,--,--,--,--,--,--,--,--,--,--,--,--,--,--,--,--,--,--,--,--,--,--,--,--,--,--,--,--,--,--,--,--,--,--,--,--,--,--,--,--,--,--,--,--,--,83761
2026-05-04 16:47:52.569,--,--,--,--,--,--,--,--,--,--,--,--,--,--,--,--,--,--,--,--,--,--,--,--,--,--,--,--,--,--,--,--,--,--,--,--,--,--,--,--,--,--,--,--,--,--,83766
2026-05-04 16:47:52.606,--,--,--,--,--,--,--,--,--,--,--,--,--,--,--,--,--,--,--,--,--,--,--,--,--,--,--,--,--,--,--,--,--,--,--,--,--,--,--,--,--,--,--,--,--,--,83771
2026-05-04 16:47:52.612,--,--,--,--,--,--,--,--,--,--,--,--,--,--,--,--,--,--,--,--,--,--,--,--,--,--,--,--,--,--,--,--,--,--,--,--,--,--,--,--,--,--,--,--,--,--,83776
2026-05-04 16:47:52.615,--,--,--,--,--,--,--,--,--,--,--,--,--,--,--,--,--,--,--,--,--,--,--,--,--,--,--,--,--,--,--,--,--,--,--,--,--,--,--,--,--,--,--,--,--,--,83781
2026-05-04 16:47:52.619,--,--,--,--,--,--,--,--,--,--,--,--,--,--,--,--,--,--,--,--,--,--,--,--,--,--,--,--,--,--,--,--,--,--,--,--,--,--,--,--,--,--,--,--,--,--,83786
2026-05-04 16:47:52.622,--,--,--,--,--,--,--,--,--,--,--,--,--,--,--,--,--,--,--,--,--,--,--,--,--,--,--,--,--,--,--,--,--,--,--,--,--,--,--,--,--,--,--,--,--,--,83791
2026-05-04 16:47:52.628,--,--,--,--,--,--,--,--,--,--,--,--,--,--,--,--,--,--,--,--,--,--,--,--,--,--,--,--,--,--,--,--,--,--,--,--,--,--,--,--,--,--,--,--,--,--,83796
2026-05-04 16:47:52.630,--,--,--,--,--,--,--,--,--,--,--,--,--,--,--,--,--,--,--,--,--,--,--,--,--,--,--,--,--,--,--,--,--,--,--,--,--,--,--,--,--,--,--,--,--,--,83798
2026-05-04 16:47:52.720,--,--,--,--,--,--,--,--,--,--,--,--,--,--,--,--,--,--,--,--,--,--,--,--,--,--,--,--,--,--,--,--,--,--,--,--,--,--,--,--,--,--,--,--,--,--,83799
2026-05-04 16:47:52.775,--,--,--,--,--,--,--,--,--,--,--,--,--,--,--,--,--,--,--,--,--,--,--,--,--,--,--,--,--,--,--,--,--,--,--,--,--,--,--,--,--,--,--,--,--,--,83804
2026-05-04 16:47:52.841,--,--,--,--,--,--,--,--,--,--,--,--,--,--,--,--,--,--,--,--,--,--,--,--,--,--,--,--,--,--,--,--,--,--,--,--,--,--,--,--,--,--,--,--,--,--,83809
2026-05-04 16:47:52.879,--,--,--,--,--,--,--,--,--,--,--,--,--,--,--,--,--,--,--,--,--,--,--,--,--,--,--,--,--,--,--,--,--,--,--,--,--,--,--,--,--,--,--,--,--,--,83814
2026-05-04 16:47:52.915,--,--,--,--,--,--,--,--,--,--,--,--,--,--,--,--,--,--,--,--,--,--,--,--,--,--,--,--,--,--,--,--,--,--,--,--,--,--,--,--,--,--,--,--,--,--,83819
2026-05-04 16:47:52.967,--,--,--,--,--,--,--,--,--,--,--,--,--,--,--,--,--,--,--,--,--,--,--,--,--,--,--,--,--,--,--,--,--,--,--,--,--,--,--,--,--,--,--,--,--,--,83824
2026-05-04 16:47:53.017,--,--,--,--,--,--,--,--,--,--,--,--,--,--,--,--,--,--,--,--,--,--,--,--,--,--,--,--,--,--,--,--,--,--,--,--,--,--,--,--,--,--,--,--,--,--,83829
2026-05-04 16:47:53.086,--,--,--,--,--,--,--,--,--,--,--,--,--,--,--,--,--,--,--,--,--,--,--,--,--,--,--,--,--,--,--,--,--,--,--,--,--,--,--,--,--,--,--,--,--,--,83834
2026-05-04 16:47:53.087,--,--,--,--,--,--,--,--,--,--,--,--,--,--,--,--,--,--,--,--,--,--,--,--,--,--,--,--,--,--,--,--,--,--,--,--,--,--,--,--,--,--,--,--,--,--,83839
2026-05-04 16:47:53.089,--,--,--,--,--,--,--,--,--,--,--,--,--,--,--,--,--,--,--,--,--,--,--,--,--,--,--,--,--,--,--,--,--,--,--,--,--,--,--,--,--,--,--,--,--,--,83844
2026-05-04 16:47:53.090,--,--,--,--,--,--,--,--,--,--,--,--,--,--,--,--,--,--,--,--,--,--,--,--,--,--,--,--,--,--,--,--,--,--,--,--,--,--,--,--,--,--,--,--,--,--,83849
2026-05-04 16:47:53.091,--,--,--,--,--,--,--,--,--,--,--,--,--,--,--,--,--,--,--,--,--,--,--,--,--,--,--,--,--,--,--,--,--,--,--,--,--,--,--,--,--,--,--,--,--,--,83854
2026-05-04 16:47:53.094,--,--,--,--,--,--,--,--,--,--,--,--,--,--,--,--,--,--,--,--,--,--,--,--,--,--,--,--,--,--,--,--,--,--,--,--,--,--,--,--,--,--,--,--,--,--,83859
2026-05-04 16:47:53.096,--,--,--,--,--,--,--,--,--,--,--,--,--,--,--,--,--,--,--,--,--,--,--,--,--,--,--,--,--,--,--,--,--,--,--,--,--,--,--,--,--,--,--,--,--,--,83864
2026-05-04 16:47:53.098,--,--,--,--,--,--,--,--,--,--,--,--,--,--,--,--,--,--,--,--,--,--,--,--,--,--,--,--,--,--,--,--,--,--,--,--,--,--,--,--,--,--,--,--,--,--,83869
2026-05-04 16:47:53.098,--,--,--,--,--,--,--,--,--,--,--,--,--,--,--,--,--,--,--,--,--,--,--,--,--,--,--,--,--,--,--,--,--,--,--,--,--,--,--,--,--,--,--,--,--,--,83874
2026-05-04 16:47:53.100,--,--,--,--,--,--,--,--,--,--,--,--,--,--,--,--,--,--,--,--,--,--,--,--,--,--,--,--,--,--,--,--,--,--,--,--,--,--,--,--,--,--,--,--,--,--,83879
2026-05-04 16:47:53.101,--,--,--,--,--,--,--,--,--,--,--,--,--,--,--,--,--,--,--,--,--,--,--,--,--,--,--,--,--,--,--,--,--,--,--,--,--,--,--,--,--,--,--,--,--,--,83884
2026-05-04 16:47:53.103,--,--,--,--,--,--,--,--,--,--,--,--,--,--,--,--,--,--,--,--,--,--,--,--,--,--,--,--,--,--,--,--,--,--,--,--,--,--,--,--,--,--,--,--,--,--,83889
2026-05-04 16:47:53.104,--,--,--,--,--,--,--,--,--,--,--,--,--,--,--,--,--,--,--,--,--,--,--,--,--,--,--,--,--,--,--,--,--,--,--,--,--,--,--,--,--,--,--,--,--,--,83894
2026-05-04 16:47:53.151,--,--,--,--,--,--,--,--,--,--,--,--,--,--,--,--,--,--,--,--,--,--,--,--,--,--,--,--,--,--,--,--,--,--,--,--,--,--,--,--,--,--,--,--,--,--,86628
2026-05-04 16:47:53.224,--,--,--,--,--,--,--,--,--,--,--,--,--,--,--,--,--,--,--,--,--,--,--,--,--,--,--,--,--,--,--,--,--,--,--,--,--,--,--,--,--,--,--,--,--,--,86633
2026-05-04 16:47:53.298,--,--,--,--,--,--,--,--,--,--,--,--,--,--,--,--,--,--,--,--,--,--,--,--,--,--,--,--,--,--,--,--,--,--,--,--,--,--,--,--,--,--,--,--,--,--,86638
2026-05-04 16:47:53.372,--,--,--,--,--,--,--,--,--,--,--,--,--,--,--,--,--,--,--,--,--,--,--,--,--,--,--,--,--,--,--,--,--,--,--,--,--,--,--,--,--,--,--,--,--,--,86643
2026-05-04 16:47:53.459,--,--,--,--,--,--,--,--,--,--,--,--,--,--,--,--,--,--,--,--,--,--,--,--,--,--,--,--,--,--,--,--,--,--,--,--,--,--,--,--,--,--,--,--,--,--,86648
2026-05-04 16:47:53.460,--,--,--,--,--,--,--,--,--,--,--,--,--,--,--,--,--,--,--,--,--,--,--,--,--,--,--,--,--,--,--,--,--,--,--,--,--,--,--,--,--,--,--,--,--,--,86653
2026-05-04 16:47:53.462,--,--,--,--,--,--,--,--,--,--,--,--,--,--,--,--,--,--,--,--,--,--,--,--,--,--,--,--,--,--,--,--,--,--,--,--,--,--,--,--,--,--,--,--,--,--,86658
2026-05-04 16:47:53.463,--,--,--,--,--,--,--,--,--,--,--,--,--,--,--,--,--,--,--,--,--,--,--,--,--,--,--,--,--,--,--,--,--,--,--,--,--,--,--,--,--,--,--,--,--,--,86663
2026-05-04 16:47:53.464,--,--,--,--,--,--,--,--,--,--,--,--,--,--,--,--,--,--,--,--,--,--,--,--,--,--,--,--,--,--,--,--,--,--,--,--,--,--,--,--,--,--,--,--,--,--,86668
2026-05-04 16:47:53.465,--,--,--,--,--,--,--,--,--,--,--,--,--,--,--,--,--,--,--,--,--,--,--,--,--,--,--,--,--,--,--,--,--,--,--,--,--,--,--,--,--,--,--,--,--,--,86673
2026-05-04 16:47:53.467,--,--,--,--,--,--,--,--,--,--,--,--,--,--,--,--,--,--,--,--,--,--,--,--,--,--,--,--,--,--,--,--,--,--,--,--,--,--,--,--,--,--,--,--,--,--,86678
2026-05-04 16:47:53.470,--,--,--,--,--,--,--,--,--,--,--,--,--,--,--,--,--,--,--,--,--,--,--,--,--,--,--,--,--,--,--,--,--,--,--,--,--,--,--,--,--,--,--,--,--,--,86683
2026-05-04 16:47:53.471,--,--,--,--,--,--,--,--,--,--,--,--,--,--,--,--,--,--,--,--,--,--,--,--,--,--,--,--,--,--,--,--,--,--,--,--,--,--,--,--,--,--,--,--,--,--,86688
2026-05-04 16:47:53.472,--,--,--,--,--,--,--,--,--,--,--,--,--,--,--,--,--,--,--,--,--,--,--,--,--,--,--,--,--,--,--,--,--,--,--,--,--,--,--,--,--,--,--,--,--,--,86693
2026-05-04 16:47:53.474,--,--,--,--,--,--,--,--,--,--,--,--,--,--,--,--,--,--,--,--,--,--,--,--,--,--,--,--,--,--,--,--,--,--,--,--,--,--,--,--,--,--,--,--,--,--,86698
2026-05-04 16:47:53.475,--,--,--,--,--,--,--,--,--,--,--,--,--,--,--,--,--,--,--,--,--,--,--,--,--,--,--,--,--,--,--,--,--,--,--,--,--,--,--,--,--,--,--,--,--,--,86703
2026-05-04 16:47:53.477,--,--,--,--,--,--,--,--,--,--,--,--,--,--,--,--,--,--,--,--,--,--,--,--,--,--,--,--,--,--,--,--,--,--,--,--,--,--,--,--,--,--,--,--,--,--,86708
2026-05-04 16:47:53.478,--,--,--,--,--,--,--,--,--,--,--,--,--,--,--,--,--,--,--,--,--,--,--,--,--,--,--,--,--,--,--,--,--,--,--,--,--,--,--,--,--,--,--,--,--,--,86711
2026-05-04 16:47:53.647,--,--,--,--,--,--,--,--,--,--,--,--,--,--,--,--,--,--,--,--,--,--,--,--,--,--,--,--,--,--,--,--,--,--,--,--,--,--,--,--,--,--,--,--,--,--,86712
2026-05-04 16:47:53.701,--,--,--,--,--,--,--,--,--,--,--,--,--,--,--,--,--,--,--,--,--,--,--,--,--,--,--,--,--,--,--,--,--,--,--,--,--,--,--,--,--,--,--,--,--,--,86717
2026-05-04 16:47:53.751,--,--,--,--,--,--,--,--,--,--,--,--,--,--,--,--,--,--,--,--,--,--,--,--,--,--,--,--,--,--,--,--,--,--,--,--,--,--,--,--,--,--,--,--,--,--,86722
2026-05-04 16:47:53.808,--,--,--,--,--,--,--,--,--,--,--,--,--,--,--,--,--,--,--,--,--,--,--,--,--,--,--,--,--,--,--,--,--,--,--,--,--,--,--,--,--,--,--,--,--,--,86727
2026-05-04 16:47:53.844,--,--,--,--,--,--,--,--,--,--,--,--,--,--,--,--,--,--,--,--,--,--,--,--,--,--,--,--,--,--,--,--,--,--,--,--,--,--,--,--,--,--,--,--,--,--,86732
2026-05-04 16:47:53.902,--,--,--,--,--,--,--,--,--,--,--,--,--,--,--,--,--,--,--,--,--,--,--,--,--,--,--,--,--,--,--,--,--,--,--,--,--,--,--,--,--,--,--,--,--,--,86737
2026-05-04 16:47:53.957,--,--,--,--,--,--,--,--,--,--,--,--,--,--,--,--,--,--,--,--,--,--,--,--,--,--,--,--,--,--,--,--,--,--,--,--,--,--,--,--,--,--,--,--,--,--,86742
2026-05-04 16:47:53.993,--,--,--,--,--,--,--,--,--,--,--,--,--,--,--,--,--,--,--,--,--,--,--,--,--,--,--,--,--,--,--,--,--,--,--,--,--,--,--,--,--,--,--,--,--,--,86747
2026-05-04 16:47:54.012,--,--,--,--,--,--,--,--,--,--,--,--,--,--,--,--,--,--,--,--,--,--,--,--,--,--,--,--,--,--,--,--,--,--,--,--,--,--,--,--,--,--,--,--,--,--,86752
2026-05-04 16:47:54.013,--,--,--,--,--,--,--,--,--,--,--,--,--,--,--,--,--,--,--,--,--,--,--,--,--,--,--,--,--,--,--,--,--,--,--,--,--,--,--,--,--,--,--,--,--,--,86757
2026-05-04 16:47:54.015,--,--,--,--,--,--,--,--,--,--,--,--,--,--,--,--,--,--,--,--,--,--,--,--,--,--,--,--,--,--,--,--,--,--,--,--,--,--,--,--,--,--,--,--,--,--,86762
2026-05-04 16:47:54.016,--,--,--,--,--,--,--,--,--,--,--,--,--,--,--,--,--,--,--,--,--,--,--,--,--,--,--,--,--,--,--,--,--,--,--,--,--,--,--,--,--,--,--,--,--,--,86767
2026-05-04 16:47:54.017,--,--,--,--,--,--,--,--,--,--,--,--,--,--,--,--,--,--,--,--,--,--,--,--,--,--,--,--,--,--,--,--,--,--,--,--,--,--,--,--,--,--,--,--,--,--,86772
2026-05-04 16:47:54.019,--,--,--,--,--,--,--,--,--,--,--,--,--,--,--,--,--,--,--,--,--,--,--,--,--,--,--,--,--,--,--,--,--,--,--,--,--,--,--,--,--,--,--,--,--,--,86777
2026-05-04 16:47:54.020,--,--,--,--,--,--,--,--,--,--,--,--,--,--,--,--,--,--,--,--,--,--,--,--,--,--,--,--,--,--,--,--,--,--,--,--,--,--,--,--,--,--,--,--,--,--,86782
2026-05-04 16:47:54.021,--,--,--,--,--,--,--,--,--,--,--,--,--,--,--,--,--,--,--,--,--,--,--,--,--,--,--,--,--,--,--,--,--,--,--,--,--,--,--,--,--,--,--,--,--,--,86787
2026-05-04 16:47:54.022,--,--,--,--,--,--,--,--,--,--,--,--,--,--,--,--,--,--,--,--,--,--,--,--,--,--,--,--,--,--,--,--,--,--,--,--,--,--,--,--,--,--,--,--,--,--,86792
2026-05-04 16:47:54.024,--,--,--,--,--,--,--,--,--,--,--,--,--,--,--,--,--,--,--,--,--,--,--,--,--,--,--,--,--,--,--,--,--,--,--,--,--,--,--,--,--,--,--,--,--,--,86797
2026-05-04 16:47:54.026,--,--,--,--,--,--,--,--,--,--,--,--,--,--,--,--,--,--,--,--,--,--,--,--,--,--,--,--,--,--,--,--,--,--,--,--,--,--,--,--,--,--,--,--,--,--,86802
2026-05-04 16:47:54.027,--,--,--,--,--,--,--,--,--,--,--,--,--,--,--,--,--,--,--,--,--,--,--,--,--,--,--,--,--,--,--,--,--,--,--,--,--,--,--,--,--,--,--,--,--,--,86807
2026-05-04 16:47:54.081,--,--,--,--,--,--,--,--,--,--,--,--,--,--,--,--,--,--,--,--,--,--,--,--,--,--,--,--,--,--,--,--,--,--,--,--,--,--,--,--,--,--,--,--,--,--,90301
2026-05-04 16:47:54.130,--,--,--,--,--,--,--,--,--,--,--,--,--,--,--,--,--,--,--,--,--,--,--,--,--,--,--,--,--,--,--,--,--,--,--,--,--,--,--,--,--,--,--,--,--,--,90306
2026-05-04 16:47:54.181,--,--,--,--,--,--,--,--,--,--,--,--,--,--,--,--,--,--,--,--,--,--,--,--,--,--,--,--,--,--,--,--,--,--,--,--,--,--,--,--,--,--,--,--,--,--,90311
2026-05-04 16:47:54.230,--,--,--,--,--,--,--,--,--,--,--,--,--,--,--,--,--,--,--,--,--,--,--,--,--,--,--,--,--,--,--,--,--,--,--,--,--,--,--,--,--,--,--,--,--,--,90316
2026-05-04 16:47:54.232,--,--,--,--,--,--,--,--,--,--,--,--,--,--,--,--,--,--,--,--,--,--,--,--,--,--,--,--,--,--,--,--,--,--,--,--,--,--,--,--,--,--,--,--,--,--,90321
2026-05-04 16:47:54.233,--,--,--,--,--,--,--,--,--,--,--,--,--,--,--,--,--,--,--,--,--,--,--,--,--,--,--,--,--,--,--,--,--,--,--,--,--,--,--,--,--,--,--,--,--,--,90326
2026-05-04 16:47:54.236,--,--,--,--,--,--,--,--,--,--,--,--,--,--,--,--,--,--,--,--,--,--,--,--,--,--,--,--,--,--,--,--,--,--,--,--,--,--,--,--,--,--,--,--,--,--,90331
2026-05-04 16:47:54.237,--,--,--,--,--,--,--,--,--,--,--,--,--,--,--,--,--,--,--,--,--,--,--,--,--,--,--,--,--,--,--,--,--,--,--,--,--,--,--,--,--,--,--,--,--,--,90336
2026-05-04 16:47:54.238,--,--,--,--,--,--,--,--,--,--,--,--,--,--,--,--,--,--,--,--,--,--,--,--,--,--,--,--,--,--,--,--,--,--,--,--,--,--,--,--,--,--,--,--,--,--,90341
2026-05-04 16:47:54.239,--,--,--,--,--,--,--,--,--,--,--,--,--,--,--,--,--,--,--,--,--,--,--,--,--,--,--,--,--,--,--,--,--,--,--,--,--,--,--,--,--,--,--,--,--,--,90343
2026-05-04 16:47:54.348,--,--,--,--,--,--,--,--,--,--,--,--,--,--,--,--,--,--,--,--,--,--,--,--,--,--,--,--,--,--,--,--,--,--,--,--,--,--,--,--,--,--,--,--,--,--,90344
2026-05-04 16:47:54.424,--,--,--,--,--,--,--,--,--,--,--,--,--,--,--,--,--,--,--,--,--,--,--,--,--,--,--,--,--,--,--,--,--,--,--,--,--,--,--,--,--,--,--,--,--,--,90349
2026-05-04 16:47:54.520,--,--,--,--,--,--,--,--,--,--,--,--,--,--,--,--,--,--,--,--,--,--,--,--,--,--,--,--,--,--,--,--,--,--,--,--,--,--,--,--,--,--,--,--,--,--,90354
2026-05-04 16:47:54.600,--,--,--,--,--,--,--,--,--,--,--,--,--,--,--,--,--,--,--,--,--,--,--,--,--,--,--,--,--,--,--,--,--,--,--,--,--,--,--,--,--,--,--,--,--,--,90359
2026-05-04 16:47:54.674,--,--,--,--,--,--,--,--,--,--,--,--,--,--,--,--,--,--,--,--,--,--,--,--,--,--,--,--,--,--,--,--,--,--,--,--,--,--,--,--,--,--,--,--,--,--,90364
2026-05-04 16:47:54.713,--,--,--,--,--,--,--,--,--,--,--,--,--,--,--,--,--,--,--,--,--,--,--,--,--,--,--,--,--,--,--,--,--,--,--,--,--,--,--,--,--,--,--,--,--,--,90369
2026-05-04 16:47:54.755,--,--,--,--,--,--,--,--,--,--,--,--,--,--,--,--,--,--,--,--,--,--,--,--,--,--,--,--,--,--,--,--,--,--,--,--,--,--,--,--,--,--,--,--,--,--,90374
2026-05-04 16:47:54.758,--,--,--,--,--,--,--,--,--,--,--,--,--,--,--,--,--,--,--,--,--,--,--,--,--,--,--,--,--,--,--,--,--,--,--,--,--,--,--,--,--,--,--,--,--,--,90379
2026-05-04 16:47:54.760,--,--,--,--,--,--,--,--,--,--,--,--,--,--,--,--,--,--,--,--,--,--,--,--,--,--,--,--,--,--,--,--,--,--,--,--,--,--,--,--,--,--,--,--,--,--,90384
2026-05-04 16:47:54.761,--,--,--,--,--,--,--,--,--,--,--,--,--,--,--,--,--,--,--,--,--,--,--,--,--,--,--,--,--,--,--,--,--,--,--,--,--,--,--,--,--,--,--,--,--,--,90389
2026-05-04 16:47:54.764,--,--,--,--,--,--,--,--,--,--,--,--,--,--,--,--,--,--,--,--,--,--,--,--,--,--,--,--,--,--,--,--,--,--,--,--,--,--,--,--,--,--,--,--,--,--,90394
2026-05-04 16:47:54.766,--,--,--,--,--,--,--,--,--,--,--,--,--,--,--,--,--,--,--,--,--,--,--,--,--,--,--,--,--,--,--,--,--,--,--,--,--,--,--,--,--,--,--,--,--,--,90399
2026-05-04 16:47:54.768,--,--,--,--,--,--,--,--,--,--,--,--,--,--,--,--,--,--,--,--,--,--,--,--,--,--,--,--,--,--,--,--,--,--,--,--,--,--,--,--,--,--,--,--,--,--,90404
2026-05-04 16:47:54.769,--,--,--,--,--,--,--,--,--,--,--,--,--,--,--,--,--,--,--,--,--,--,--,--,--,--,--,--,--,--,--,--,--,--,--,--,--,--,--,--,--,--,--,--,--,--,90409
2026-05-04 16:47:54.770,--,--,--,--,--,--,--,--,--,--,--,--,--,--,--,--,--,--,--,--,--,--,--,--,--,--,--,--,--,--,--,--,--,--,--,--,--,--,--,--,--,--,--,--,--,--,90414
2026-05-04 16:47:54.771,--,--,--,--,--,--,--,--,--,--,--,--,--,--,--,--,--,--,--,--,--,--,--,--,--,--,--,--,--,--,--,--,--,--,--,--,--,--,--,--,--,--,--,--,--,--,90419
2026-05-04 16:47:54.772,--,--,--,--,--,--,--,--,--,--,--,--,--,--,--,--,--,--,--,--,--,--,--,--,--,--,--,--,--,--,--,--,--,--,--,--,--,--,--,--,--,--,--,--,--,--,90424
2026-05-04 16:47:54.773,--,--,--,--,--,--,--,--,--,--,--,--,--,--,--,--,--,--,--,--,--,--,--,--,--,--,--,--,--,--,--,--,--,--,--,--,--,--,--,--,--,--,--,--,--,--,90429
2026-05-04 16:47:54.774,--,--,--,--,--,--,--,--,--,--,--,--,--,--,--,--,--,--,--,--,--,--,--,--,--,--,--,--,--,--,--,--,--,--,--,--,--,--,--,--,--,--,--,--,--,--,90434
2026-05-04 16:47:54.775,--,--,--,--,--,--,--,--,--,--,--,--,--,--,--,--,--,--,--,--,--,--,--,--,--,--,--,--,--,--,--,--,--,--,--,--,--,--,--,--,--,--,--,--,--,--,90439
2026-05-04 16:47:54.833,--,--,--,--,--,--,--,--,--,--,--,--,--,--,--,--,--,--,--,--,--,--,--,--,--,--,--,--,--,--,--,--,--,--,--,--,--,--,--,--,--,--,--,--,--,--,93046
2026-05-04 16:47:54.893,--,--,--,--,--,--,--,--,--,--,--,--,--,--,--,--,--,--,--,--,--,--,--,--,--,--,--,--,--,--,--,--,--,--,--,--,--,--,--,--,--,--,--,--,--,--,93051
2026-05-04 16:47:54.973,--,--,--,--,--,--,--,--,--,--,--,--,--,--,--,--,--,--,--,--,--,--,--,--,--,--,--,--,--,--,--,--,--,--,--,--,--,--,--,--,--,--,--,--,--,--,93056
2026-05-04 16:47:55.050,--,--,--,--,--,--,--,--,--,--,--,--,--,--,--,--,--,--,--,--,--,--,--,--,--,--,--,--,--,--,--,--,--,--,--,--,--,--,--,--,--,--,--,--,--,--,93061
2026-05-04 16:47:55.106,--,--,--,--,--,--,--,--,--,--,--,--,--,--,--,--,--,--,--,--,--,--,--,--,--,--,--,--,--,--,--,--,--,--,--,--,--,--,--,--,--,--,--,--,--,--,93066
2026-05-04 16:47:55.146,--,--,--,--,--,--,--,--,--,--,--,--,--,--,--,--,--,--,--,--,--,--,--,--,--,--,--,--,--,--,--,--,--,--,--,--,--,--,--,--,--,--,--,--,--,--,93071
2026-05-04 16:47:55.149,--,--,--,--,--,--,--,--,--,--,--,--,--,--,--,--,--,--,--,--,--,--,--,--,--,--,--,--,--,--,--,--,--,--,--,--,--,--,--,--,--,--,--,--,--,--,93076
2026-05-04 16:47:55.153,--,--,--,--,--,--,--,--,--,--,--,--,--,--,--,--,--,--,--,--,--,--,--,--,--,--,--,--,--,--,--,--,--,--,--,--,--,--,--,--,--,--,--,--,--,--,93081
2026-05-04 16:47:55.157,--,--,--,--,--,--,--,--,--,--,--,--,--,--,--,--,--,--,--,--,--,--,--,--,--,--,--,--,--,--,--,--,--,--,--,--,--,--,--,--,--,--,--,--,--,--,93086
2026-05-04 16:47:55.161,--,--,--,--,--,--,--,--,--,--,--,--,--,--,--,--,--,--,--,--,--,--,--,--,--,--,--,--,--,--,--,--,--,--,--,--,--,--,--,--,--,--,--,--,--,--,93091
2026-05-04 16:47:55.164,--,--,--,--,--,--,--,--,--,--,--,--,--,--,--,--,--,--,--,--,--,--,--,--,--,--,--,--,--,--,--,--,--,--,--,--,--,--,--,--,--,--,--,--,--,--,93096
2026-05-04 16:47:55.168,--,--,--,--,--,--,--,--,--,--,--,--,--,--,--,--,--,--,--,--,--,--,--,--,--,--,--,--,--,--,--,--,--,--,--,--,--,--,--,--,--,--,--,--,--,--,93101
2026-05-04 16:47:55.175,--,--,--,--,--,--,--,--,--,--,--,--,--,--,--,--,--,--,--,--,--,--,--,--,--,--,--,--,--,--,--,--,--,--,--,--,--,--,--,--,--,--,--,--,--,--,93106
2026-05-04 16:47:55.177,--,--,--,--,--,--,--,--,--,--,--,--,--,--,--,--,--,--,--,--,--,--,--,--,--,--,--,--,--,--,--,--,--,--,--,--,--,--,--,--,--,--,--,--,--,--,93111
2026-05-04 16:47:55.179,--,--,--,--,--,--,--,--,--,--,--,--,--,--,--,--,--,--,--,--,--,--,--,--,--,--,--,--,--,--,--,--,--,--,--,--,--,--,--,--,--,--,--,--,--,--,93116
2026-05-04 16:47:55.183,--,--,--,--,--,--,--,--,--,--,--,--,--,--,--,--,--,--,--,--,--,--,--,--,--,--,--,--,--,--,--,--,--,--,--,--,--,--,--,--,--,--,--,--,--,--,93121
2026-05-04 16:47:55.185,--,--,--,--,--,--,--,--,--,--,--,--,--,--,--,--,--,--,--,--,--,--,--,--,--,--,--,--,--,--,--,--,--,--,--,--,--,--,--,--,--,--,--,--,--,--,93126
2026-05-04 16:47:55.282,--,--,--,--,--,--,--,--,--,--,--,--,--,--,--,--,--,--,--,--,--,--,--,--,--,--,--,--,--,--,--,--,--,--,--,--,--,--,--,--,--,--,--,--,--,--,93131
2026-05-04 16:47:55.334,--,--,--,--,--,--,--,--,--,--,--,--,--,--,--,--,--,--,--,--,--,--,--,--,--,--,--,--,--,--,--,--,--,--,--,--,--,--,--,--,--,--,--,--,--,--,93136
2026-05-04 16:47:55.391,--,--,--,--,--,--,--,--,--,--,--,--,--,--,--,--,--,--,--,--,--,--,--,--,--,--,--,--,--,--,--,--,--,--,--,--,--,--,--,--,--,--,--,--,--,--,93141
2026-05-04 16:47:55.426,--,--,--,--,--,--,--,--,--,--,--,--,--,--,--,--,--,--,--,--,--,--,--,--,--,--,--,--,--,--,--,--,--,--,--,--,--,--,--,--,--,--,--,--,--,--,93146
2026-05-04 16:47:55.499,--,--,--,--,--,--,--,--,--,--,--,--,--,--,--,--,--,--,--,--,--,--,--,--,--,--,--,--,--,--,--,--,--,--,--,--,--,--,--,--,--,--,--,--,--,--,93151
2026-05-04 16:47:55.535,--,--,--,--,--,--,--,--,--,--,--,--,--,--,--,--,--,--,--,--,--,--,--,--,--,--,--,--,--,--,--,--,--,--,--,--,--,--,--,--,--,--,--,--,--,--,93156
2026-05-04 16:47:55.570,--,--,--,--,--,--,--,--,--,--,--,--,--,--,--,--,--,--,--,--,--,--,--,--,--,--,--,--,--,--,--,--,--,--,--,--,--,--,--,--,--,--,--,--,--,--,93161
2026-05-04 16:47:55.608,--,--,--,--,--,--,--,--,--,--,--,--,--,--,--,--,--,--,--,--,--,--,--,--,--,--,--,--,--,--,--,--,--,--,--,--,--,--,--,--,--,--,--,--,--,--,93166
2026-05-04 16:47:55.661,--,--,--,--,--,--,--,--,--,--,--,--,--,--,--,--,--,--,--,--,--,--,--,--,--,--,--,--,--,--,--,--,--,--,--,--,--,--,--,--,--,--,--,--,--,--,93171
2026-05-04 16:47:55.664,--,--,--,--,--,--,--,--,--,--,--,--,--,--,--,--,--,--,--,--,--,--,--,--,--,--,--,--,--,--,--,--,--,--,--,--,--,--,--,--,--,--,--,--,--,--,93176
2026-05-04 16:47:55.666,--,--,--,--,--,--,--,--,--,--,--,--,--,--,--,--,--,--,--,--,--,--,--,--,--,--,--,--,--,--,--,--,--,--,--,--,--,--,--,--,--,--,--,--,--,--,93181
2026-05-04 16:47:55.669,--,--,--,--,--,--,--,--,--,--,--,--,--,--,--,--,--,--,--,--,--,--,--,--,--,--,--,--,--,--,--,--,--,--,--,--,--,--,--,--,--,--,--,--,--,--,93186
2026-05-04 16:47:55.671,--,--,--,--,--,--,--,--,--,--,--,--,--,--,--,--,--,--,--,--,--,--,--,--,--,--,--,--,--,--,--,--,--,--,--,--,--,--,--,--,--,--,--,--,--,--,93191
2026-05-04 16:47:55.672,--,--,--,--,--,--,--,--,--,--,--,--,--,--,--,--,--,--,--,--,--,--,--,--,--,--,--,--,--,--,--,--,--,--,--,--,--,--,--,--,--,--,--,--,--,--,93196
2026-05-04 16:47:55.673,--,--,--,--,--,--,--,--,--,--,--,--,--,--,--,--,--,--,--,--,--,--,--,--,--,--,--,--,--,--,--,--,--,--,--,--,--,--,--,--,--,--,--,--,--,--,93201
2026-05-04 16:47:55.674,--,--,--,--,--,--,--,--,--,--,--,--,--,--,--,--,--,--,--,--,--,--,--,--,--,--,--,--,--,--,--,--,--,--,--,--,--,--,--,--,--,--,--,--,--,--,93206
2026-05-04 16:47:55.676,--,--,--,--,--,--,--,--,--,--,--,--,--,--,--,--,--,--,--,--,--,--,--,--,--,--,--,--,--,--,--,--,--,--,--,--,--,--,--,--,--,--,--,--,--,--,93211
2026-05-04 16:47:55.677,--,--,--,--,--,--,--,--,--,--,--,--,--,--,--,--,--,--,--,--,--,--,--,--,--,--,--,--,--,--,--,--,--,--,--,--,--,--,--,--,--,--,--,--,--,--,93216
2026-05-04 16:47:55.678,--,--,--,--,--,--,--,--,--,--,--,--,--,--,--,--,--,--,--,--,--,--,--,--,--,--,--,--,--,--,--,--,--,--,--,--,--,--,--,--,--,--,--,--,--,--,93221
2026-05-04 16:47:55.681,--,--,--,--,--,--,--,--,--,--,--,--,--,--,--,--,--,--,--,--,--,--,--,--,--,--,--,--,--,--,--,--,--,--,--,--,--,--,--,--,--,--,--,--,--,--,93226
2026-05-04 16:47:55.724,--,--,--,--,--,--,--,--,--,--,--,--,--,--,--,--,--,--,--,--,--,--,--,--,--,--,--,--,--,--,--,--,--,--,--,--,--,--,--,--,--,--,--,--,--,--,96804
2026-05-04 16:47:55.777,--,--,--,--,--,--,--,--,--,--,--,--,--,--,--,--,--,--,--,--,--,--,--,--,--,--,--,--,--,--,--,--,--,--,--,--,--,--,--,--,--,--,--,--,--,--,96809
2026-05-04 16:47:55.811,--,--,--,--,--,--,--,--,--,--,--,--,--,--,--,--,--,--,--,--,--,--,--,--,--,--,--,--,--,--,--,--,--,--,--,--,--,--,--,--,--,--,--,--,--,--,96814
2026-05-04 16:47:55.888,--,--,--,--,--,--,--,--,--,--,--,--,--,--,--,--,--,--,--,--,--,--,--,--,--,--,--,--,--,--,--,--,--,--,--,--,--,--,--,--,--,--,--,--,--,--,96819
2026-05-04 16:47:55.937,--,--,--,--,--,--,--,--,--,--,--,--,--,--,--,--,--,--,--,--,--,--,--,--,--,--,--,--,--,--,--,--,--,--,--,--,--,--,--,--,--,--,--,--,--,--,96824
2026-05-04 16:47:55.986,--,--,--,--,--,--,--,--,--,--,--,--,--,--,--,--,--,--,--,--,--,--,--,--,--,--,--,--,--,--,--,--,--,--,--,--,--,--,--,--,--,--,--,--,--,--,96829
2026-05-04 16:47:56.005,--,--,--,--,--,--,--,--,--,--,--,--,--,--,--,--,--,--,--,--,--,--,--,--,--,--,--,--,--,--,--,--,--,--,--,--,--,--,--,--,--,--,--,--,--,--,96834
2026-05-04 16:47:56.006,--,--,--,--,--,--,--,--,--,--,--,--,--,--,--,--,--,--,--,--,--,--,--,--,--,--,--,--,--,--,--,--,--,--,--,--,--,--,--,--,--,--,--,--,--,--,96839
2026-05-04 16:47:56.008,--,--,--,--,--,--,--,--,--,--,--,--,--,--,--,--,--,--,--,--,--,--,--,--,--,--,--,--,--,--,--,--,--,--,--,--,--,--,--,--,--,--,--,--,--,--,96844
2026-05-04 16:47:56.009,--,--,--,--,--,--,--,--,--,--,--,--,--,--,--,--,--,--,--,--,--,--,--,--,--,--,--,--,--,--,--,--,--,--,--,--,--,--,--,--,--,--,--,--,--,--,96849
2026-05-04 16:47:56.011,--,--,--,--,--,--,--,--,--,--,--,--,--,--,--,--,--,--,--,--,--,--,--,--,--,--,--,--,--,--,--,--,--,--,--,--,--,--,--,--,--,--,--,--,--,--,96854
2026-05-04 16:47:56.012,--,--,--,--,--,--,--,--,--,--,--,--,--,--,--,--,--,--,--,--,--,--,--,--,--,--,--,--,--,--,--,--,--,--,--,--,--,--,--,--,--,--,--,--,--,--,96859
2026-05-04 16:47:56.013,--,--,--,--,--,--,--,--,--,--,--,--,--,--,--,--,--,--,--,--,--,--,--,--,--,--,--,--,--,--,--,--,--,--,--,--,--,--,--,--,--,--,--,--,--,--,96864
2026-05-04 16:47:56.015,--,--,--,--,--,--,--,--,--,--,--,--,--,--,--,--,--,--,--,--,--,--,--,--,--,--,--,--,--,--,--,--,--,--,--,--,--,--,--,--,--,--,--,--,--,--,96869
2026-05-04 16:47:56.016,--,--,--,--,--,--,--,--,--,--,--,--,--,--,--,--,--,--,--,--,--,--,--,--,--,--,--,--,--,--,--,--,--,--,--,--,--,--,--,--,--,--,--,--,--,--,96874
2026-05-04 16:47:56.018,--,--,--,--,--,--,--,--,--,--,--,--,--,--,--,--,--,--,--,--,--,--,--,--,--,--,--,--,--,--,--,--,--,--,--,--,--,--,--,--,--,--,--,--,--,--,96879
2026-05-04 16:47:56.019,--,--,--,--,--,--,--,--,--,--,--,--,--,--,--,--,--,--,--,--,--,--,--,--,--,--,--,--,--,--,--,--,--,--,--,--,--,--,--,--,--,--,--,--,--,--,96884
2026-05-04 16:47:56.177,--,--,--,--,--,--,--,--,--,--,--,--,--,--,--,--,--,--,--,--,--,--,--,--,--,--,--,--,--,--,--,--,--,--,--,--,--,--,--,--,--,--,--,--,--,--,96889
2026-05-04 16:47:56.217,--,--,--,--,--,--,--,--,--,--,--,--,--,--,--,--,--,--,--,--,--,--,--,--,--,--,--,--,--,--,--,--,--,--,--,--,--,--,--,--,--,--,--,--,--,--,96894
2026-05-04 16:47:56.272,--,--,--,--,--,--,--,--,--,--,--,--,--,--,--,--,--,--,--,--,--,--,--,--,--,--,--,--,--,--,--,--,--,--,--,--,--,--,--,--,--,--,--,--,--,--,96899
2026-05-04 16:47:56.331,--,--,--,--,--,--,--,--,--,--,--,--,--,--,--,--,--,--,--,--,--,--,--,--,--,--,--,--,--,--,--,--,--,--,--,--,--,--,--,--,--,--,--,--,--,--,96904
2026-05-04 16:47:56.366,--,--,--,--,--,--,--,--,--,--,--,--,--,--,--,--,--,--,--,--,--,--,--,--,--,--,--,--,--,--,--,--,--,--,--,--,--,--,--,--,--,--,--,--,--,--,96909
2026-05-04 16:47:56.421,--,--,--,--,--,--,--,--,--,--,--,--,--,--,--,--,--,--,--,--,--,--,--,--,--,--,--,--,--,--,--,--,--,--,--,--,--,--,--,--,--,--,--,--,--,--,96914
2026-05-04 16:47:56.474,--,--,--,--,--,--,--,--,--,--,--,--,--,--,--,--,--,--,--,--,--,--,--,--,--,--,--,--,--,--,--,--,--,--,--,--,--,--,--,--,--,--,--,--,--,--,96919
2026-05-04 16:47:56.527,--,--,--,--,--,--,--,--,--,--,--,--,--,--,--,--,--,--,--,--,--,--,--,--,--,--,--,--,--,--,--,--,--,--,--,--,--,--,--,--,--,--,--,--,--,--,96924
2026-05-04 16:47:56.529,--,--,--,--,--,--,--,--,--,--,--,--,--,--,--,--,--,--,--,--,--,--,--,--,--,--,--,--,--,--,--,--,--,--,--,--,--,--,--,--,--,--,--,--,--,--,96929
2026-05-04 16:47:56.532,--,--,--,--,--,--,--,--,--,--,--,--,--,--,--,--,--,--,--,--,--,--,--,--,--,--,--,--,--,--,--,--,--,--,--,--,--,--,--,--,--,--,--,--,--,--,96934
2026-05-04 16:47:56.533,--,--,--,--,--,--,--,--,--,--,--,--,--,--,--,--,--,--,--,--,--,--,--,--,--,--,--,--,--,--,--,--,--,--,--,--,--,--,--,--,--,--,--,--,--,--,96939
2026-05-04 16:47:56.534,--,--,--,--,--,--,--,--,--,--,--,--,--,--,--,--,--,--,--,--,--,--,--,--,--,--,--,--,--,--,--,--,--,--,--,--,--,--,--,--,--,--,--,--,--,--,96944
2026-05-04 16:47:56.535,--,--,--,--,--,--,--,--,--,--,--,--,--,--,--,--,--,--,--,--,--,--,--,--,--,--,--,--,--,--,--,--,--,--,--,--,--,--,--,--,--,--,--,--,--,--,96949
2026-05-04 16:47:56.537,--,--,--,--,--,--,--,--,--,--,--,--,--,--,--,--,--,--,--,--,--,--,--,--,--,--,--,--,--,--,--,--,--,--,--,--,--,--,--,--,--,--,--,--,--,--,96954
2026-05-04 16:47:56.538,--,--,--,--,--,--,--,--,--,--,--,--,--,--,--,--,--,--,--,--,--,--,--,--,--,--,--,--,--,--,--,--,--,--,--,--,--,--,--,--,--,--,--,--,--,--,96959
2026-05-04 16:47:56.539,--,--,--,--,--,--,--,--,--,--,--,--,--,--,--,--,--,--,--,--,--,--,--,--,--,--,--,--,--,--,--,--,--,--,--,--,--,--,--,--,--,--,--,--,--,--,96964
2026-05-04 16:47:56.540,--,--,--,--,--,--,--,--,--,--,--,--,--,--,--,--,--,--,--,--,--,--,--,--,--,--,--,--,--,--,--,--,--,--,--,--,--,--,--,--,--,--,--,--,--,--,96969
2026-05-04 16:47:56.542,--,--,--,--,--,--,--,--,--,--,--,--,--,--,--,--,--,--,--,--,--,--,--,--,--,--,--,--,--,--,--,--,--,--,--,--,--,--,--,--,--,--,--,--,--,--,96974
2026-05-04 16:47:56.543,--,--,--,--,--,--,--,--,--,--,--,--,--,--,--,--,--,--,--,--,--,--,--,--,--,--,--,--,--,--,--,--,--,--,--,--,--,--,--,--,--,--,--,--,--,--,96979
2026-05-04 16:47:56.545,--,--,--,--,--,--,--,--,--,--,--,--,--,--,--,--,--,--,--,--,--,--,--,--,--,--,--,--,--,--,--,--,--,--,--,--,--,--,--,--,--,--,--,--,--,--,96984
2026-05-04 16:47:56.614,--,--,--,--,--,--,--,--,--,--,--,--,--,--,--,--,--,--,--,--,--,--,--,--,--,--,--,--,--,--,--,--,--,--,--,--,--,--,--,--,--,--,--,--,--,--,100225
2026-05-04 16:47:56.651,--,--,--,--,--,--,--,--,--,--,--,--,--,--,--,--,--,--,--,--,--,--,--,--,--,--,--,--,--,--,--,--,--,--,--,--,--,--,--,--,--,--,--,--,--,--,100230
2026-05-04 16:47:56.708,--,--,--,--,--,--,--,--,--,--,--,--,--,--,--,--,--,--,--,--,--,--,--,--,--,--,--,--,--,--,--,--,--,--,--,--,--,--,--,--,--,--,--,--,--,--,100235
2026-05-04 16:47:56.764,--,--,--,--,--,--,--,--,--,--,--,--,--,--,--,--,--,--,--,--,--,--,--,--,--,--,--,--,--,--,--,--,--,--,--,--,--,--,--,--,--,--,--,--,--,--,100240
2026-05-04 16:47:56.836,--,--,--,--,--,--,--,--,--,--,--,--,--,--,--,--,--,--,--,--,--,--,--,--,--,--,--,--,--,--,--,--,--,--,--,--,--,--,--,--,--,--,--,--,--,--,100245
2026-05-04 16:47:56.925,--,--,--,--,--,--,--,--,--,--,--,--,--,--,--,--,--,--,--,--,--,--,--,--,--,--,--,--,--,--,--,--,--,--,--,--,--,--,--,--,--,--,--,--,--,--,100250
2026-05-04 16:47:56.927,--,--,--,--,--,--,--,--,--,--,--,--,--,--,--,--,--,--,--,--,--,--,--,--,--,--,--,--,--,--,--,--,--,--,--,--,--,--,--,--,--,--,--,--,--,--,100255
2026-05-04 16:47:56.930,--,--,--,--,--,--,--,--,--,--,--,--,--,--,--,--,--,--,--,--,--,--,--,--,--,--,--,--,--,--,--,--,--,--,--,--,--,--,--,--,--,--,--,--,--,--,100260
2026-05-04 16:47:56.933,--,--,--,--,--,--,--,--,--,--,--,--,--,--,--,--,--,--,--,--,--,--,--,--,--,--,--,--,--,--,--,--,--,--,--,--,--,--,--,--,--,--,--,--,--,--,100265
2026-05-04 16:47:56.935,--,--,--,--,--,--,--,--,--,--,--,--,--,--,--,--,--,--,--,--,--,--,--,--,--,--,--,--,--,--,--,--,--,--,--,--,--,--,--,--,--,--,--,--,--,--,100270
2026-05-04 16:47:56.939,--,--,--,--,--,--,--,--,--,--,--,--,--,--,--,--,--,--,--,--,--,--,--,--,--,--,--,--,--,--,--,--,--,--,--,--,--,--,--,--,--,--,--,--,--,--,100275
2026-05-04 16:47:56.941,--,--,--,--,--,--,--,--,--,--,--,--,--,--,--,--,--,--,--,--,--,--,--,--,--,--,--,--,--,--,--,--,--,--,--,--,--,--,--,--,--,--,--,--,--,--,100280
2026-05-04 16:47:56.943,--,--,--,--,--,--,--,--,--,--,--,--,--,--,--,--,--,--,--,--,--,--,--,--,--,--,--,--,--,--,--,--,--,--,--,--,--,--,--,--,--,--,--,--,--,--,100285
2026-05-04 16:47:56.947,--,--,--,--,--,--,--,--,--,--,--,--,--,--,--,--,--,--,--,--,--,--,--,--,--,--,--,--,--,--,--,--,--,--,--,--,--,--,--,--,--,--,--,--,--,--,100290
2026-05-04 16:47:56.951,--,--,--,--,--,--,--,--,--,--,--,--,--,--,--,--,--,--,--,--,--,--,--,--,--,--,--,--,--,--,--,--,--,--,--,--,--,--,--,--,--,--,--,--,--,--,100295
2026-05-04 16:47:56.954,--,--,--,--,--,--,--,--,--,--,--,--,--,--,--,--,--,--,--,--,--,--,--,--,--,--,--,--,--,--,--,--,--,--,--,--,--,--,--,--,--,--,--,--,--,--,100300
2026-05-04 16:47:56.957,--,--,--,--,--,--,--,--,--,--,--,--,--,--,--,--,--,--,--,--,--,--,--,--,--,--,--,--,--,--,--,--,--,--,--,--,--,--,--,--,--,--,--,--,--,--,100305
2026-05-04 16:47:56.958,--,--,--,--,--,--,--,--,--,--,--,--,--,--,--,--,--,--,--,--,--,--,--,--,--,--,--,--,--,--,--,--,--,--,--,--,--,--,--,--,--,--,--,--,--,--,100308
2026-05-04 16:47:57.073,--,--,--,--,--,--,--,--,--,--,--,--,--,--,--,--,--,--,--,--,--,--,--,--,--,--,--,--,--,--,--,--,--,--,--,--,--,--,--,--,--,--,--,--,--,--,100309
2026-05-04 16:47:57.127,--,--,--,--,--,--,--,--,--,--,--,--,--,--,--,--,--,--,--,--,--,--,--,--,--,--,--,--,--,--,--,--,--,--,--,--,--,--,--,--,--,--,--,--,--,--,100314
2026-05-04 16:47:57.167,--,--,--,--,--,--,--,--,--,--,--,--,--,--,--,--,--,--,--,--,--,--,--,--,--,--,--,--,--,--,--,--,--,--,--,--,--,--,--,--,--,--,--,--,--,--,100319
2026-05-04 16:47:57.203,--,--,--,--,--,--,--,--,--,--,--,--,--,--,--,--,--,--,--,--,--,--,--,--,--,--,--,--,--,--,--,--,--,--,--,--,--,--,--,--,--,--,--,--,--,--,100324
2026-05-04 16:47:57.260,--,--,--,--,--,--,--,--,--,--,--,--,--,--,--,--,--,--,--,--,--,--,--,--,--,--,--,--,--,--,--,--,--,--,--,--,--,--,--,--,--,--,--,--,--,--,100329
2026-05-04 16:47:57.315,--,--,--,--,--,--,--,--,--,--,--,--,--,--,--,--,--,--,--,--,--,--,--,--,--,--,--,--,--,--,--,--,--,--,--,--,--,--,--,--,--,--,--,--,--,--,100334
2026-05-04 16:47:57.369,--,--,--,--,--,--,--,--,--,--,--,--,--,--,--,--,--,--,--,--,--,--,--,--,--,--,--,--,--,--,--,--,--,--,--,--,--,--,--,--,--,--,--,--,--,--,100339
2026-05-04 16:47:57.434,--,--,--,--,--,--,--,--,--,--,--,--,--,--,--,--,--,--,--,--,--,--,--,--,--,--,--,--,--,--,--,--,--,--,--,--,--,--,--,--,--,--,--,--,--,--,100344
2026-05-04 16:47:57.437,--,--,--,--,--,--,--,--,--,--,--,--,--,--,--,--,--,--,--,--,--,--,--,--,--,--,--,--,--,--,--,--,--,--,--,--,--,--,--,--,--,--,--,--,--,--,100349
2026-05-04 16:47:57.439,--,--,--,--,--,--,--,--,--,--,--,--,--,--,--,--,--,--,--,--,--,--,--,--,--,--,--,--,--,--,--,--,--,--,--,--,--,--,--,--,--,--,--,--,--,--,100354
2026-05-04 16:47:57.440,--,--,--,--,--,--,--,--,--,--,--,--,--,--,--,--,--,--,--,--,--,--,--,--,--,--,--,--,--,--,--,--,--,--,--,--,--,--,--,--,--,--,--,--,--,--,100359
2026-05-04 16:47:57.441,--,--,--,--,--,--,--,--,--,--,--,--,--,--,--,--,--,--,--,--,--,--,--,--,--,--,--,--,--,--,--,--,--,--,--,--,--,--,--,--,--,--,--,--,--,--,100364
2026-05-04 16:47:57.442,--,--,--,--,--,--,--,--,--,--,--,--,--,--,--,--,--,--,--,--,--,--,--,--,--,--,--,--,--,--,--,--,--,--,--,--,--,--,--,--,--,--,--,--,--,--,100369
2026-05-04 16:47:57.443,--,--,--,--,--,--,--,--,--,--,--,--,--,--,--,--,--,--,--,--,--,--,--,--,--,--,--,--,--,--,--,--,--,--,--,--,--,--,--,--,--,--,--,--,--,--,100374
2026-05-04 16:47:57.445,--,--,--,--,--,--,--,--,--,--,--,--,--,--,--,--,--,--,--,--,--,--,--,--,--,--,--,--,--,--,--,--,--,--,--,--,--,--,--,--,--,--,--,--,--,--,100379
2026-05-04 16:47:57.447,--,--,--,--,--,--,--,--,--,--,--,--,--,--,--,--,--,--,--,--,--,--,--,--,--,--,--,--,--,--,--,--,--,--,--,--,--,--,--,--,--,--,--,--,--,--,100384
2026-05-04 16:47:57.449,--,--,--,--,--,--,--,--,--,--,--,--,--,--,--,--,--,--,--,--,--,--,--,--,--,--,--,--,--,--,--,--,--,--,--,--,--,--,--,--,--,--,--,--,--,--,100389
2026-05-04 16:47:57.451,--,--,--,--,--,--,--,--,--,--,--,--,--,--,--,--,--,--,--,--,--,--,--,--,--,--,--,--,--,--,--,--,--,--,--,--,--,--,--,--,--,--,--,--,--,--,100394
2026-05-04 16:47:57.452,--,--,--,--,--,--,--,--,--,--,--,--,--,--,--,--,--,--,--,--,--,--,--,--,--,--,--,--,--,--,--,--,--,--,--,--,--,--,--,--,--,--,--,--,--,--,100399
2026-05-04 16:47:57.453,--,--,--,--,--,--,--,--,--,--,--,--,--,--,--,--,--,--,--,--,--,--,--,--,--,--,--,--,--,--,--,--,--,--,--,--,--,--,--,--,--,--,--,--,--,--,100404
2026-05-04 16:47:57.484,--,--,--,--,--,--,--,--,--,--,--,--,--,--,--,--,--,--,--,--,--,--,--,--,--,--,--,--,--,--,--,--,--,--,--,--,--,--,--,--,--,--,--,--,--,--,103856
2026-05-04 16:47:57.591,--,--,--,--,--,--,--,--,--,--,--,--,--,--,--,--,--,--,--,--,--,--,--,--,--,--,--,--,--,--,--,--,--,--,--,--,--,--,--,--,--,--,--,--,--,--,103861
2026-05-04 16:47:57.660,--,--,--,--,--,--,--,--,--,--,--,--,--,--,--,--,--,--,--,--,--,--,--,--,--,--,--,--,--,--,--,--,--,--,--,--,--,--,--,--,--,--,--,--,--,--,103866
2026-05-04 16:47:57.662,--,--,--,--,--,--,--,--,--,--,--,--,--,--,--,--,--,--,--,--,--,--,--,--,--,--,--,--,--,--,--,--,--,--,--,--,--,--,--,--,--,--,--,--,--,--,103871
2026-05-04 16:47:57.664,--,--,--,--,--,--,--,--,--,--,--,--,--,--,--,--,--,--,--,--,--,--,--,--,--,--,--,--,--,--,--,--,--,--,--,--,--,--,--,--,--,--,--,--,--,--,103876
2026-05-04 16:47:57.665,--,--,--,--,--,--,--,--,--,--,--,--,--,--,--,--,--,--,--,--,--,--,--,--,--,--,--,--,--,--,--,--,--,--,--,--,--,--,--,--,--,--,--,--,--,--,103881
2026-05-04 16:47:57.666,--,--,--,--,--,--,--,--,--,--,--,--,--,--,--,--,--,--,--,--,--,--,--,--,--,--,--,--,--,--,--,--,--,--,--,--,--,--,--,--,--,--,--,--,--,--,103886
2026-05-04 16:47:57.667,--,--,--,--,--,--,--,--,--,--,--,--,--,--,--,--,--,--,--,--,--,--,--,--,--,--,--,--,--,--,--,--,--,--,--,--,--,--,--,--,--,--,--,--,--,--,103891
2026-05-04 16:47:57.669,--,--,--,--,--,--,--,--,--,--,--,--,--,--,--,--,--,--,--,--,--,--,--,--,--,--,--,--,--,--,--,--,--,--,--,--,--,--,--,--,--,--,--,--,--,--,103896
2026-05-04 16:47:57.671,--,--,--,--,--,--,--,--,--,--,--,--,--,--,--,--,--,--,--,--,--,--,--,--,--,--,--,--,--,--,--,--,--,--,--,--,--,--,--,--,--,--,--,--,--,--,103898
2026-05-04 16:47:57.811,--,--,--,--,--,--,--,--,--,--,--,--,--,--,--,--,--,--,--,--,--,--,--,--,--,--,--,--,--,--,--,--,--,--,--,--,--,--,--,--,--,--,--,--,--,--,103899
2026-05-04 16:47:57.849,--,--,--,--,--,--,--,--,--,--,--,--,--,--,--,--,--,--,--,--,--,--,--,--,--,--,--,--,--,--,--,--,--,--,--,--,--,--,--,--,--,--,--,--,--,--,103904
2026-05-04 16:47:57.906,--,--,--,--,--,--,--,--,--,--,--,--,--,--,--,--,--,--,--,--,--,--,--,--,--,--,--,--,--,--,--,--,--,--,--,--,--,--,--,--,--,--,--,--,--,--,103909
2026-05-04 16:47:57.959,--,--,--,--,--,--,--,--,--,--,--,--,--,--,--,--,--,--,--,--,--,--,--,--,--,--,--,--,--,--,--,--,--,--,--,--,--,--,--,--,--,--,--,--,--,--,103914
2026-05-04 16:47:57.998,--,--,--,--,--,--,--,--,--,--,--,--,--,--,--,--,--,--,--,--,--,--,--,--,--,--,--,--,--,--,--,--,--,--,--,--,--,--,--,--,--,--,--,--,--,--,103919
2026-05-04 16:47:58.050,--,--,--,--,--,--,--,--,--,--,--,--,--,--,--,--,--,--,--,--,--,--,--,--,--,--,--,--,--,--,--,--,--,--,--,--,--,--,--,--,--,--,--,--,--,--,103924
2026-05-04 16:47:58.123,--,--,--,--,--,--,--,--,--,--,--,--,--,--,--,--,--,--,--,--,--,--,--,--,--,--,--,--,--,--,--,--,--,--,--,--,--,--,--,--,--,--,--,--,--,--,103929
2026-05-04 16:47:58.156,--,--,--,--,--,--,--,--,--,--,--,--,--,--,--,--,--,--,--,--,--,--,--,--,--,--,--,--,--,--,--,--,--,--,--,--,--,--,--,--,--,--,--,--,--,--,103934
2026-05-04 16:47:58.157,--,--,--,--,--,--,--,--,--,--,--,--,--,--,--,--,--,--,--,--,--,--,--,--,--,--,--,--,--,--,--,--,--,--,--,--,--,--,--,--,--,--,--,--,--,--,103939
2026-05-04 16:47:58.158,--,--,--,--,--,--,--,--,--,--,--,--,--,--,--,--,--,--,--,--,--,--,--,--,--,--,--,--,--,--,--,--,--,--,--,--,--,--,--,--,--,--,--,--,--,--,103944
2026-05-04 16:47:58.160,--,--,--,--,--,--,--,--,--,--,--,--,--,--,--,--,--,--,--,--,--,--,--,--,--,--,--,--,--,--,--,--,--,--,--,--,--,--,--,--,--,--,--,--,--,--,103949
2026-05-04 16:47:58.162,--,--,--,--,--,--,--,--,--,--,--,--,--,--,--,--,--,--,--,--,--,--,--,--,--,--,--,--,--,--,--,--,--,--,--,--,--,--,--,--,--,--,--,--,--,--,103954
2026-05-04 16:47:58.164,--,--,--,--,--,--,--,--,--,--,--,--,--,--,--,--,--,--,--,--,--,--,--,--,--,--,--,--,--,--,--,--,--,--,--,--,--,--,--,--,--,--,--,--,--,--,103959
2026-05-04 16:47:58.165,--,--,--,--,--,--,--,--,--,--,--,--,--,--,--,--,--,--,--,--,--,--,--,--,--,--,--,--,--,--,--,--,--,--,--,--,--,--,--,--,--,--,--,--,--,--,103964
2026-05-04 16:47:58.166,--,--,--,--,--,--,--,--,--,--,--,--,--,--,--,--,--,--,--,--,--,--,--,--,--,--,--,--,--,--,--,--,--,--,--,--,--,--,--,--,--,--,--,--,--,--,103969
2026-05-04 16:47:58.168,--,--,--,--,--,--,--,--,--,--,--,--,--,--,--,--,--,--,--,--,--,--,--,--,--,--,--,--,--,--,--,--,--,--,--,--,--,--,--,--,--,--,--,--,--,--,103974
2026-05-04 16:47:58.169,--,--,--,--,--,--,--,--,--,--,--,--,--,--,--,--,--,--,--,--,--,--,--,--,--,--,--,--,--,--,--,--,--,--,--,--,--,--,--,--,--,--,--,--,--,--,103979
2026-05-04 16:47:58.171,--,--,--,--,--,--,--,--,--,--,--,--,--,--,--,--,--,--,--,--,--,--,--,--,--,--,--,--,--,--,--,--,--,--,--,--,--,--,--,--,--,--,--,--,--,--,103984
2026-05-04 16:47:58.190,--,--,--,--,--,--,--,--,--,--,--,--,--,--,--,--,--,--,--,--,--,--,--,--,--,--,--,--,--,--,--,--,--,--,--,--,--,--,--,--,--,--,--,--,--,--,103989
2026-05-04 16:47:58.191,--,--,--,--,--,--,--,--,--,--,--,--,--,--,--,--,--,--,--,--,--,--,--,--,--,--,--,--,--,--,--,--,--,--,--,--,--,--,--,--,--,--,--,--,--,--,103994
2026-05-04 16:47:58.221,--,--,--,--,--,--,--,--,--,--,--,--,--,--,--,--,--,--,--,--,--,--,--,--,--,--,--,--,--,--,--,--,--,--,--,--,--,--,--,--,--,--,--,--,--,--,106854
2026-05-04 16:47:58.271,--,--,--,--,--,--,--,--,--,--,--,--,--,--,--,--,--,--,--,--,--,--,--,--,--,--,--,--,--,--,--,--,--,--,--,--,--,--,--,--,--,--,--,--,--,--,106859
2026-05-04 16:47:58.336,--,--,--,--,--,--,--,--,--,--,--,--,--,--,--,--,--,--,--,--,--,--,--,--,--,--,--,--,--,--,--,--,--,--,--,--,--,--,--,--,--,--,--,--,--,--,106864
2026-05-04 16:47:58.374,--,--,--,--,--,--,--,--,--,--,--,--,--,--,--,--,--,--,--,--,--,--,--,--,--,--,--,--,--,--,--,--,--,--,--,--,--,--,--,--,--,--,--,--,--,--,106869
2026-05-04 16:47:58.376,--,--,--,--,--,--,--,--,--,--,--,--,--,--,--,--,--,--,--,--,--,--,--,--,--,--,--,--,--,--,--,--,--,--,--,--,--,--,--,--,--,--,--,--,--,--,106874
2026-05-04 16:47:58.376,--,--,--,--,--,--,--,--,--,--,--,--,--,--,--,--,--,--,--,--,--,--,--,--,--,--,--,--,--,--,--,--,--,--,--,--,--,--,--,--,--,--,--,--,--,--,106879
2026-05-04 16:47:58.378,--,--,--,--,--,--,--,--,--,--,--,--,--,--,--,--,--,--,--,--,--,--,--,--,--,--,--,--,--,--,--,--,--,--,--,--,--,--,--,--,--,--,--,--,--,--,106884
2026-05-04 16:47:58.380,--,--,--,--,--,--,--,--,--,--,--,--,--,--,--,--,--,--,--,--,--,--,--,--,--,--,--,--,--,--,--,--,--,--,--,--,--,--,--,--,--,--,--,--,--,--,106889
2026-05-04 16:47:58.383,--,--,--,--,--,--,--,--,--,--,--,--,--,--,--,--,--,--,--,--,--,--,--,--,--,--,--,--,--,--,--,--,--,--,--,--,--,--,--,--,--,--,--,--,--,--,106894
2026-05-04 16:47:58.384,--,--,--,--,--,--,--,--,--,--,--,--,--,--,--,--,--,--,--,--,--,--,--,--,--,--,--,--,--,--,--,--,--,--,--,--,--,--,--,--,--,--,--,--,--,--,106896
2026-05-04 16:47:58.484,--,--,--,--,--,--,--,--,--,--,--,--,--,--,--,--,--,--,--,--,--,--,--,--,--,--,--,--,--,--,--,--,--,--,--,--,--,--,--,--,--,--,--,--,--,--,106897
2026-05-04 16:47:58.527,--,--,--,--,--,--,--,--,--,--,--,--,--,--,--,--,--,--,--,--,--,--,--,--,--,--,--,--,--,--,--,--,--,--,--,--,--,--,--,--,--,--,--,--,--,--,106902
2026-05-04 16:47:58.593,--,--,--,--,--,--,--,--,--,--,--,--,--,--,--,--,--,--,--,--,--,--,--,--,--,--,--,--,--,--,--,--,--,--,--,--,--,--,--,--,--,--,--,--,--,--,106907
2026-05-04 16:47:58.666,--,--,--,--,--,--,--,--,--,--,--,--,--,--,--,--,--,--,--,--,--,--,--,--,--,--,--,--,--,--,--,--,--,--,--,--,--,--,--,--,--,--,--,--,--,--,106912
2026-05-04 16:47:58.722,--,--,--,--,--,--,--,--,--,--,--,--,--,--,--,--,--,--,--,--,--,--,--,--,--,--,--,--,--,--,--,--,--,--,--,--,--,--,--,--,--,--,--,--,--,--,106917
2026-05-04 16:47:58.794,--,--,--,--,--,--,--,--,--,--,--,--,--,--,--,--,--,--,--,--,--,--,--,--,--,--,--,--,--,--,--,--,--,--,--,--,--,--,--,--,--,--,--,--,--,--,106922
2026-05-04 16:47:58.868,--,--,--,--,--,--,--,--,--,--,--,--,--,--,--,--,--,--,--,--,--,--,--,--,--,--,--,--,--,--,--,--,--,--,--,--,--,--,--,--,--,--,--,--,--,--,106927
2026-05-04 16:47:58.870,--,--,--,--,--,--,--,--,--,--,--,--,--,--,--,--,--,--,--,--,--,--,--,--,--,--,--,--,--,--,--,--,--,--,--,--,--,--,--,--,--,--,--,--,--,--,106932
2026-05-04 16:47:58.871,--,--,--,--,--,--,--,--,--,--,--,--,--,--,--,--,--,--,--,--,--,--,--,--,--,--,--,--,--,--,--,--,--,--,--,--,--,--,--,--,--,--,--,--,--,--,106937
2026-05-04 16:47:58.872,--,--,--,--,--,--,--,--,--,--,--,--,--,--,--,--,--,--,--,--,--,--,--,--,--,--,--,--,--,--,--,--,--,--,--,--,--,--,--,--,--,--,--,--,--,--,106942
2026-05-04 16:47:58.873,--,--,--,--,--,--,--,--,--,--,--,--,--,--,--,--,--,--,--,--,--,--,--,--,--,--,--,--,--,--,--,--,--,--,--,--,--,--,--,--,--,--,--,--,--,--,106947
2026-05-04 16:47:58.875,--,--,--,--,--,--,--,--,--,--,--,--,--,--,--,--,--,--,--,--,--,--,--,--,--,--,--,--,--,--,--,--,--,--,--,--,--,--,--,--,--,--,--,--,--,--,106952
2026-05-04 16:47:58.877,--,--,--,--,--,--,--,--,--,--,--,--,--,--,--,--,--,--,--,--,--,--,--,--,--,--,--,--,--,--,--,--,--,--,--,--,--,--,--,--,--,--,--,--,--,--,106957
2026-05-04 16:47:58.879,--,--,--,--,--,--,--,--,--,--,--,--,--,--,--,--,--,--,--,--,--,--,--,--,--,--,--,--,--,--,--,--,--,--,--,--,--,--,--,--,--,--,--,--,--,--,106962
2026-05-04 16:47:58.880,--,--,--,--,--,--,--,--,--,--,--,--,--,--,--,--,--,--,--,--,--,--,--,--,--,--,--,--,--,--,--,--,--,--,--,--,--,--,--,--,--,--,--,--,--,--,106967
2026-05-04 16:47:58.881,--,--,--,--,--,--,--,--,--,--,--,--,--,--,--,--,--,--,--,--,--,--,--,--,--,--,--,--,--,--,--,--,--,--,--,--,--,--,--,--,--,--,--,--,--,--,106972
2026-05-04 16:47:58.883,--,--,--,--,--,--,--,--,--,--,--,--,--,--,--,--,--,--,--,--,--,--,--,--,--,--,--,--,--,--,--,--,--,--,--,--,--,--,--,--,--,--,--,--,--,--,106977
2026-05-04 16:47:58.885,--,--,--,--,--,--,--,--,--,--,--,--,--,--,--,--,--,--,--,--,--,--,--,--,--,--,--,--,--,--,--,--,--,--,--,--,--,--,--,--,--,--,--,--,--,--,106982
2026-05-04 16:47:58.886,--,--,--,--,--,--,--,--,--,--,--,--,--,--,--,--,--,--,--,--,--,--,--,--,--,--,--,--,--,--,--,--,--,--,--,--,--,--,--,--,--,--,--,--,--,--,106987
2026-05-04 16:47:58.888,--,--,--,--,--,--,--,--,--,--,--,--,--,--,--,--,--,--,--,--,--,--,--,--,--,--,--,--,--,--,--,--,--,--,--,--,--,--,--,--,--,--,--,--,--,--,106992
2026-05-04 16:47:58.922,--,--,--,--,--,--,--,--,--,--,--,--,--,--,--,--,--,--,--,--,--,--,--,--,--,--,--,--,--,--,--,--,--,--,--,--,--,--,--,--,--,--,--,--,--,--,109599
2026-05-04 16:47:59.010,--,--,--,--,--,--,--,--,--,--,--,--,--,--,--,--,--,--,--,--,--,--,--,--,--,--,--,--,--,--,--,--,--,--,--,--,--,--,--,--,--,--,--,--,--,--,109604
2026-05-04 16:47:59.100,--,--,--,--,--,--,--,--,--,--,--,--,--,--,--,--,--,--,--,--,--,--,--,--,--,--,--,--,--,--,--,--,--,--,--,--,--,--,--,--,--,--,--,--,--,--,109609
2026-05-04 16:47:59.101,--,--,--,--,--,--,--,--,--,--,--,--,--,--,--,--,--,--,--,--,--,--,--,--,--,--,--,--,--,--,--,--,--,--,--,--,--,--,--,--,--,--,--,--,--,--,109614
2026-05-04 16:47:59.103,--,--,--,--,--,--,--,--,--,--,--,--,--,--,--,--,--,--,--,--,--,--,--,--,--,--,--,--,--,--,--,--,--,--,--,--,--,--,--,--,--,--,--,--,--,--,109619
2026-05-04 16:47:59.104,--,--,--,--,--,--,--,--,--,--,--,--,--,--,--,--,--,--,--,--,--,--,--,--,--,--,--,--,--,--,--,--,--,--,--,--,--,--,--,--,--,--,--,--,--,--,109624
2026-05-04 16:47:59.105,--,--,--,--,--,--,--,--,--,--,--,--,--,--,--,--,--,--,--,--,--,--,--,--,--,--,--,--,--,--,--,--,--,--,--,--,--,--,--,--,--,--,--,--,--,--,109629
2026-05-04 16:47:59.106,--,--,--,--,--,--,--,--,--,--,--,--,--,--,--,--,--,--,--,--,--,--,--,--,--,--,--,--,--,--,--,--,--,--,--,--,--,--,--,--,--,--,--,--,--,--,109634
2026-05-04 16:47:59.107,--,--,--,--,--,--,--,--,--,--,--,--,--,--,--,--,--,--,--,--,--,--,--,--,--,--,--,--,--,--,--,--,--,--,--,--,--,--,--,--,--,--,--,--,--,--,109639
2026-05-04 16:47:59.109,--,--,--,--,--,--,--,--,--,--,--,--,--,--,--,--,--,--,--,--,--,--,--,--,--,--,--,--,--,--,--,--,--,--,--,--,--,--,--,--,--,--,--,--,--,--,109640
2026-05-04 16:47:59.229,--,--,--,--,--,--,--,--,--,--,--,--,--,--,--,--,--,--,--,--,--,--,--,--,--,--,--,--,--,--,--,--,--,--,--,--,--,--,--,--,--,--,--,--,--,--,109641
2026-05-04 16:47:59.285,--,--,--,--,--,--,--,--,--,--,--,--,--,--,--,--,--,--,--,--,--,--,--,--,--,--,--,--,--,--,--,--,--,--,--,--,--,--,--,--,--,--,--,--,--,--,109646
2026-05-04 16:47:59.336,--,--,--,--,--,--,--,--,--,--,--,--,--,--,--,--,--,--,--,--,--,--,--,--,--,--,--,--,--,--,--,--,--,--,--,--,--,--,--,--,--,--,--,--,--,--,109651
2026-05-04 16:47:59.371,--,--,--,--,--,--,--,--,--,--,--,--,--,--,--,--,--,--,--,--,--,--,--,--,--,--,--,--,--,--,--,--,--,--,--,--,--,--,--,--,--,--,--,--,--,--,109656
2026-05-04 16:47:59.446,--,--,--,--,--,--,--,--,--,--,--,--,--,--,--,--,--,--,--,--,--,--,--,--,--,--,--,--,--,--,--,--,--,--,--,--,--,--,--,--,--,--,--,--,--,--,109661
2026-05-04 16:47:59.483,--,--,--,--,--,--,--,--,--,--,--,--,--,--,--,--,--,--,--,--,--,--,--,--,--,--,--,--,--,--,--,--,--,--,--,--,--,--,--,--,--,--,--,--,--,--,109666
2026-05-04 16:47:59.537,--,--,--,--,--,--,--,--,--,--,--,--,--,--,--,--,--,--,--,--,--,--,--,--,--,--,--,--,--,--,--,--,--,--,--,--,--,--,--,--,--,--,--,--,--,--,109671
2026-05-04 16:47:59.572,--,--,--,--,--,--,--,--,--,--,--,--,--,--,--,--,--,--,--,--,--,--,--,--,--,--,--,--,--,--,--,--,--,--,--,--,--,--,--,--,--,--,--,--,--,--,109676
2026-05-04 16:47:59.573,--,--,--,--,--,--,--,--,--,--,--,--,--,--,--,--,--,--,--,--,--,--,--,--,--,--,--,--,--,--,--,--,--,--,--,--,--,--,--,--,--,--,--,--,--,--,109681
2026-05-04 16:47:59.574,--,--,--,--,--,--,--,--,--,--,--,--,--,--,--,--,--,--,--,--,--,--,--,--,--,--,--,--,--,--,--,--,--,--,--,--,--,--,--,--,--,--,--,--,--,--,109686
2026-05-04 16:47:59.575,--,--,--,--,--,--,--,--,--,--,--,--,--,--,--,--,--,--,--,--,--,--,--,--,--,--,--,--,--,--,--,--,--,--,--,--,--,--,--,--,--,--,--,--,--,--,109691
2026-05-04 16:47:59.577,--,--,--,--,--,--,--,--,--,--,--,--,--,--,--,--,--,--,--,--,--,--,--,--,--,--,--,--,--,--,--,--,--,--,--,--,--,--,--,--,--,--,--,--,--,--,109696
2026-05-04 16:47:59.579,--,--,--,--,--,--,--,--,--,--,--,--,--,--,--,--,--,--,--,--,--,--,--,--,--,--,--,--,--,--,--,--,--,--,--,--,--,--,--,--,--,--,--,--,--,--,109701
2026-05-04 16:47:59.582,--,--,--,--,--,--,--,--,--,--,--,--,--,--,--,--,--,--,--,--,--,--,--,--,--,--,--,--,--,--,--,--,--,--,--,--,--,--,--,--,--,--,--,--,--,--,109706
2026-05-04 16:47:59.583,--,--,--,--,--,--,--,--,--,--,--,--,--,--,--,--,--,--,--,--,--,--,--,--,--,--,--,--,--,--,--,--,--,--,--,--,--,--,--,--,--,--,--,--,--,--,109711
2026-05-04 16:47:59.585,--,--,--,--,--,--,--,--,--,--,--,--,--,--,--,--,--,--,--,--,--,--,--,--,--,--,--,--,--,--,--,--,--,--,--,--,--,--,--,--,--,--,--,--,--,--,109716
2026-05-04 16:47:59.586,--,--,--,--,--,--,--,--,--,--,--,--,--,--,--,--,--,--,--,--,--,--,--,--,--,--,--,--,--,--,--,--,--,--,--,--,--,--,--,--,--,--,--,--,--,--,109721
2026-05-04 16:47:59.588,--,--,--,--,--,--,--,--,--,--,--,--,--,--,--,--,--,--,--,--,--,--,--,--,--,--,--,--,--,--,--,--,--,--,--,--,--,--,--,--,--,--,--,--,--,--,109726
2026-05-04 16:47:59.591,--,--,--,--,--,--,--,--,--,--,--,--,--,--,--,--,--,--,--,--,--,--,--,--,--,--,--,--,--,--,--,--,--,--,--,--,--,--,--,--,--,--,--,--,--,--,109731
2026-05-04 16:47:59.592,--,--,--,--,--,--,--,--,--,--,--,--,--,--,--,--,--,--,--,--,--,--,--,--,--,--,--,--,--,--,--,--,--,--,--,--,--,--,--,--,--,--,--,--,--,--,109736
2026-05-04 16:47:59.625,--,--,--,--,--,--,--,--,--,--,--,--,--,--,--,--,--,--,--,--,--,--,--,--,--,--,--,--,--,--,--,--,--,--,--,--,--,--,--,--,--,--,--,--,--,--,112428
2026-05-04 16:47:59.710,--,--,--,--,--,--,--,--,--,--,--,--,--,--,--,--,--,--,--,--,--,--,--,--,--,--,--,--,--,--,--,--,--,--,--,--,--,--,--,--,--,--,--,--,--,--,112433
2026-05-04 16:47:59.780,--,--,--,--,--,--,--,--,--,--,--,--,--,--,--,--,--,--,--,--,--,--,--,--,--,--,--,--,--,--,--,--,--,--,--,--,--,--,--,--,--,--,--,--,--,--,112438
2026-05-04 16:47:59.815,--,--,--,--,--,--,--,--,--,--,--,--,--,--,--,--,--,--,--,--,--,--,--,--,--,--,--,--,--,--,--,--,--,--,--,--,--,--,--,--,--,--,--,--,--,--,112443
2026-05-04 16:47:59.816,--,--,--,--,--,--,--,--,--,--,--,--,--,--,--,--,--,--,--,--,--,--,--,--,--,--,--,--,--,--,--,--,--,--,--,--,--,--,--,--,--,--,--,--,--,--,112448
2026-05-04 16:47:59.818,--,--,--,--,--,--,--,--,--,--,--,--,--,--,--,--,--,--,--,--,--,--,--,--,--,--,--,--,--,--,--,--,--,--,--,--,--,--,--,--,--,--,--,--,--,--,112453
2026-05-04 16:47:59.821,--,--,--,--,--,--,--,--,--,--,--,--,--,--,--,--,--,--,--,--,--,--,--,--,--,--,--,--,--,--,--,--,--,--,--,--,--,--,--,--,--,--,--,--,--,--,112458
2026-05-04 16:47:59.822,--,--,--,--,--,--,--,--,--,--,--,--,--,--,--,--,--,--,--,--,--,--,--,--,--,--,--,--,--,--,--,--,--,--,--,--,--,--,--,--,--,--,--,--,--,--,112463
2026-05-04 16:47:59.823,--,--,--,--,--,--,--,--,--,--,--,--,--,--,--,--,--,--,--,--,--,--,--,--,--,--,--,--,--,--,--,--,--,--,--,--,--,--,--,--,--,--,--,--,--,--,112468
2026-05-04 16:47:59.824,--,--,--,--,--,--,--,--,--,--,--,--,--,--,--,--,--,--,--,--,--,--,--,--,--,--,--,--,--,--,--,--,--,--,--,--,--,--,--,--,--,--,--,--,--,--,112470
2026-05-04 16:47:59.983,--,--,--,--,--,--,--,--,--,--,--,--,--,--,--,--,--,--,--,--,--,--,--,--,--,--,--,--,--,--,--,--,--,--,--,--,--,--,--,--,--,--,--,--,--,--,112471
2026-05-04 16:48:00.039,--,--,--,--,--,--,--,--,--,--,--,--,--,--,--,--,--,--,--,--,--,--,--,--,--,--,--,--,--,--,--,--,--,--,--,--,--,--,--,--,--,--,--,--,--,--,112476
2026-05-04 16:48:00.080,--,--,--,--,--,--,--,--,--,--,--,--,--,--,--,--,--,--,--,--,--,--,--,--,--,--,--,--,--,--,--,--,--,--,--,--,--,--,--,--,--,--,--,--,--,--,112481
2026-05-04 16:48:00.133,--,--,--,--,--,--,--,--,--,--,--,--,--,--,--,--,--,--,--,--,--,--,--,--,--,--,--,--,--,--,--,--,--,--,--,--,--,--,--,--,--,--,--,--,--,--,112486
2026-05-04 16:48:00.186,--,--,--,--,--,--,--,--,--,--,--,--,--,--,--,--,--,--,--,--,--,--,--,--,--,--,--,--,--,--,--,--,--,--,--,--,--,--,--,--,--,--,--,--,--,--,112491
2026-05-04 16:48:00.242,--,--,--,--,--,--,--,--,--,--,--,--,--,--,--,--,--,--,--,--,--,--,--,--,--,--,--,--,--,--,--,--,--,--,--,--,--,--,--,--,--,--,--,--,--,--,112496
2026-05-04 16:48:00.293,--,--,--,--,--,--,--,--,--,--,--,--,--,--,--,--,--,--,--,--,--,--,--,--,--,--,--,--,--,--,--,--,--,--,--,--,--,--,--,--,--,--,--,--,--,--,112501
2026-05-04 16:48:00.329,--,--,--,--,--,--,--,--,--,--,--,--,--,--,--,--,--,--,--,--,--,--,--,--,--,--,--,--,--,--,--,--,--,--,--,--,--,--,--,--,--,--,--,--,--,--,112506
2026-05-04 16:48:00.331,--,--,--,--,--,--,--,--,--,--,--,--,--,--,--,--,--,--,--,--,--,--,--,--,--,--,--,--,--,--,--,--,--,--,--,--,--,--,--,--,--,--,--,--,--,--,112511
2026-05-04 16:48:00.334,--,--,--,--,--,--,--,--,--,--,--,--,--,--,--,--,--,--,--,--,--,--,--,--,--,--,--,--,--,--,--,--,--,--,--,--,--,--,--,--,--,--,--,--,--,--,112516
2026-05-04 16:48:00.335,--,--,--,--,--,--,--,--,--,--,--,--,--,--,--,--,--,--,--,--,--,--,--,--,--,--,--,--,--,--,--,--,--,--,--,--,--,--,--,--,--,--,--,--,--,--,112521
2026-05-04 16:48:00.337,--,--,--,--,--,--,--,--,--,--,--,--,--,--,--,--,--,--,--,--,--,--,--,--,--,--,--,--,--,--,--,--,--,--,--,--,--,--,--,--,--,--,--,--,--,--,112526
2026-05-04 16:48:00.338,--,--,--,--,--,--,--,--,--,--,--,--,--,--,--,--,--,--,--,--,--,--,--,--,--,--,--,--,--,--,--,--,--,--,--,--,--,--,--,--,--,--,--,--,--,--,112531
2026-05-04 16:48:00.339,--,--,--,--,--,--,--,--,--,--,--,--,--,--,--,--,--,--,--,--,--,--,--,--,--,--,--,--,--,--,--,--,--,--,--,--,--,--,--,--,--,--,--,--,--,--,112536
2026-05-04 16:48:00.340,--,--,--,--,--,--,--,--,--,--,--,--,--,--,--,--,--,--,--,--,--,--,--,--,--,--,--,--,--,--,--,--,--,--,--,--,--,--,--,--,--,--,--,--,--,--,112541
2026-05-04 16:48:00.342,--,--,--,--,--,--,--,--,--,--,--,--,--,--,--,--,--,--,--,--,--,--,--,--,--,--,--,--,--,--,--,--,--,--,--,--,--,--,--,--,--,--,--,--,--,--,112546
2026-05-04 16:48:00.343,--,--,--,--,--,--,--,--,--,--,--,--,--,--,--,--,--,--,--,--,--,--,--,--,--,--,--,--,--,--,--,--,--,--,--,--,--,--,--,--,--,--,--,--,--,--,112551
2026-05-04 16:48:00.344,--,--,--,--,--,--,--,--,--,--,--,--,--,--,--,--,--,--,--,--,--,--,--,--,--,--,--,--,--,--,--,--,--,--,--,--,--,--,--,--,--,--,--,--,--,--,112556
2026-05-04 16:48:00.346,--,--,--,--,--,--,--,--,--,--,--,--,--,--,--,--,--,--,--,--,--,--,--,--,--,--,--,--,--,--,--,--,--,--,--,--,--,--,--,--,--,--,--,--,--,--,112561
2026-05-04 16:48:00.347,--,--,--,--,--,--,--,--,--,--,--,--,--,--,--,--,--,--,--,--,--,--,--,--,--,--,--,--,--,--,--,--,--,--,--,--,--,--,--,--,--,--,--,--,--,--,112566
2026-05-04 16:48:00.403,--,--,--,--,--,--,--,--,--,--,--,--,--,--,--,--,--,--,--,--,--,--,--,--,--,--,--,--,--,--,--,--,--,--,--,--,--,--,--,--,--,--,--,--,--,--,115426
2026-05-04 16:48:00.454,--,--,--,--,--,--,--,--,--,--,--,--,--,--,--,--,--,--,--,--,--,--,--,--,--,--,--,--,--,--,--,--,--,--,--,--,--,--,--,--,--,--,--,--,--,--,115431
2026-05-04 16:48:00.517,--,--,--,--,--,--,--,--,--,--,--,--,--,--,--,--,--,--,--,--,--,--,--,--,--,--,--,--,--,--,--,--,--,--,--,--,--,--,--,--,--,--,--,--,--,--,115436
2026-05-04 16:48:00.586,--,--,--,--,--,--,--,--,--,--,--,--,--,--,--,--,--,--,--,--,--,--,--,--,--,--,--,--,--,--,--,--,--,--,--,--,--,--,--,--,--,--,--,--,--,--,115441
2026-05-04 16:48:00.641,--,--,--,--,--,--,--,--,--,--,--,--,--,--,--,--,--,--,--,--,--,--,--,--,--,--,--,--,--,--,--,--,--,--,--,--,--,--,--,--,--,--,--,--,--,--,115446
2026-05-04 16:48:00.698,--,--,--,--,--,--,--,--,--,--,--,--,--,--,--,--,--,--,--,--,--,--,--,--,--,--,--,--,--,--,--,--,--,--,--,--,--,--,--,--,--,--,--,--,--,--,115451
2026-05-04 16:48:00.702,--,--,--,--,--,--,--,--,--,--,--,--,--,--,--,--,--,--,--,--,--,--,--,--,--,--,--,--,--,--,--,--,--,--,--,--,--,--,--,--,--,--,--,--,--,--,115456
2026-05-04 16:48:00.704,--,--,--,--,--,--,--,--,--,--,--,--,--,--,--,--,--,--,--,--,--,--,--,--,--,--,--,--,--,--,--,--,--,--,--,--,--,--,--,--,--,--,--,--,--,--,115461
2026-05-04 16:48:00.707,--,--,--,--,--,--,--,--,--,--,--,--,--,--,--,--,--,--,--,--,--,--,--,--,--,--,--,--,--,--,--,--,--,--,--,--,--,--,--,--,--,--,--,--,--,--,115466
2026-05-04 16:48:00.708,--,--,--,--,--,--,--,--,--,--,--,--,--,--,--,--,--,--,--,--,--,--,--,--,--,--,--,--,--,--,--,--,--,--,--,--,--,--,--,--,--,--,--,--,--,--,115471
2026-05-04 16:48:00.712,--,--,--,--,--,--,--,--,--,--,--,--,--,--,--,--,--,--,--,--,--,--,--,--,--,--,--,--,--,--,--,--,--,--,--,--,--,--,--,--,--,--,--,--,--,--,115476
2026-05-04 16:48:00.715,--,--,--,--,--,--,--,--,--,--,--,--,--,--,--,--,--,--,--,--,--,--,--,--,--,--,--,--,--,--,--,--,--,--,--,--,--,--,--,--,--,--,--,--,--,--,115481
2026-05-04 16:48:00.719,--,--,--,--,--,--,--,--,--,--,--,--,--,--,--,--,--,--,--,--,--,--,--,--,--,--,--,--,--,--,--,--,--,--,--,--,--,--,--,--,--,--,--,--,--,--,115486
2026-05-04 16:48:00.721,--,--,--,--,--,--,--,--,--,--,--,--,--,--,--,--,--,--,--,--,--,--,--,--,--,--,--,--,--,--,--,--,--,--,--,--,--,--,--,--,--,--,--,--,--,--,115491
2026-05-04 16:48:00.725,--,--,--,--,--,--,--,--,--,--,--,--,--,--,--,--,--,--,--,--,--,--,--,--,--,--,--,--,--,--,--,--,--,--,--,--,--,--,--,--,--,--,--,--,--,--,115496
2026-05-04 16:48:00.743,--,--,--,--,--,--,--,--,--,--,--,--,--,--,--,--,--,--,--,--,--,--,--,--,--,--,--,--,--,--,--,--,--,--,--,--,--,--,--,--,--,--,--,--,--,--,115501
2026-05-04 16:48:00.744,--,--,--,--,--,--,--,--,--,--,--,--,--,--,--,--,--,--,--,--,--,--,--,--,--,--,--,--,--,--,--,--,--,--,--,--,--,--,--,--,--,--,--,--,--,--,115506
2026-05-04 16:48:00.813,--,--,--,--,--,--,--,--,--,--,--,--,--,--,--,--,--,--,--,--,--,--,--,--,--,--,--,--,--,--,--,--,--,--,--,--,--,--,--,--,--,--,--,--,--,--,115511
2026-05-04 16:48:00.866,--,--,--,--,--,--,--,--,--,--,--,--,--,--,--,--,--,--,--,--,--,--,--,--,--,--,--,--,--,--,--,--,--,--,--,--,--,--,--,--,--,--,--,--,--,--,115516
2026-05-04 16:48:00.907,--,--,--,--,--,--,--,--,--,--,--,--,--,--,--,--,--,--,--,--,--,--,--,--,--,--,--,--,--,--,--,--,--,--,--,--,--,--,--,--,--,--,--,--,--,--,115521
2026-05-04 16:48:00.960,--,--,--,--,--,--,--,--,--,--,--,--,--,--,--,--,--,--,--,--,--,--,--,--,--,--,--,--,--,--,--,--,--,--,--,--,--,--,--,--,--,--,--,--,--,--,115526
2026-05-04 16:48:01.013,--,--,--,--,--,--,--,--,--,--,--,--,--,--,--,--,--,--,--,--,--,--,--,--,--,--,--,--,--,--,--,--,--,--,--,--,--,--,--,--,--,--,--,--,--,--,115531
2026-05-04 16:48:01.085,--,--,--,--,--,--,--,--,--,--,--,--,--,--,--,--,--,--,--,--,--,--,--,--,--,--,--,--,--,--,--,--,--,--,--,--,--,--,--,--,--,--,--,--,--,--,115536
2026-05-04 16:48:01.154,--,--,--,--,--,--,--,--,--,--,--,--,--,--,--,--,--,--,--,--,--,--,--,--,--,--,--,--,--,--,--,--,--,--,--,--,--,--,--,--,--,--,--,--,--,--,115541
2026-05-04 16:48:01.155,--,--,--,--,--,--,--,--,--,--,--,--,--,--,--,--,--,--,--,--,--,--,--,--,--,--,--,--,--,--,--,--,--,--,--,--,--,--,--,--,--,--,--,--,--,--,115546
2026-05-04 16:48:01.156,--,--,--,--,--,--,--,--,--,--,--,--,--,--,--,--,--,--,--,--,--,--,--,--,--,--,--,--,--,--,--,--,--,--,--,--,--,--,--,--,--,--,--,--,--,--,115551
2026-05-04 16:48:01.157,--,--,--,--,--,--,--,--,--,--,--,--,--,--,--,--,--,--,--,--,--,--,--,--,--,--,--,--,--,--,--,--,--,--,--,--,--,--,--,--,--,--,--,--,--,--,115556
2026-05-04 16:48:01.158,--,--,--,--,--,--,--,--,--,--,--,--,--,--,--,--,--,--,--,--,--,--,--,--,--,--,--,--,--,--,--,--,--,--,--,--,--,--,--,--,--,--,--,--,--,--,115561
2026-05-04 16:48:01.159,--,--,--,--,--,--,--,--,--,--,--,--,--,--,--,--,--,--,--,--,--,--,--,--,--,--,--,--,--,--,--,--,--,--,--,--,--,--,--,--,--,--,--,--,--,--,115566
2026-05-04 16:48:01.161,--,--,--,--,--,--,--,--,--,--,--,--,--,--,--,--,--,--,--,--,--,--,--,--,--,--,--,--,--,--,--,--,--,--,--,--,--,--,--,--,--,--,--,--,--,--,115571
2026-05-04 16:48:01.163,--,--,--,--,--,--,--,--,--,--,--,--,--,--,--,--,--,--,--,--,--,--,--,--,--,--,--,--,--,--,--,--,--,--,--,--,--,--,--,--,--,--,--,--,--,--,115576
2026-05-04 16:48:01.164,--,--,--,--,--,--,--,--,--,--,--,--,--,--,--,--,--,--,--,--,--,--,--,--,--,--,--,--,--,--,--,--,--,--,--,--,--,--,--,--,--,--,--,--,--,--,115581
2026-05-04 16:48:01.183,--,--,--,--,--,--,--,--,--,--,--,--,--,--,--,--,--,--,--,--,--,--,--,--,--,--,--,--,--,--,--,--,--,--,--,--,--,--,--,--,--,--,--,--,--,--,115586
2026-05-04 16:48:01.185,--,--,--,--,--,--,--,--,--,--,--,--,--,--,--,--,--,--,--,--,--,--,--,--,--,--,--,--,--,--,--,--,--,--,--,--,--,--,--,--,--,--,--,--,--,--,115591
2026-05-04 16:48:01.186,--,--,--,--,--,--,--,--,--,--,--,--,--,--,--,--,--,--,--,--,--,--,--,--,--,--,--,--,--,--,--,--,--,--,--,--,--,--,--,--,--,--,--,--,--,--,115596
2026-05-04 16:48:01.188,--,--,--,--,--,--,--,--,--,--,--,--,--,--,--,--,--,--,--,--,--,--,--,--,--,--,--,--,--,--,--,--,--,--,--,--,--,--,--,--,--,--,--,--,--,--,115601
2026-05-04 16:48:01.190,--,--,--,--,--,--,--,--,--,--,--,--,--,--,--,--,--,--,--,--,--,--,--,--,--,--,--,--,--,--,--,--,--,--,--,--,--,--,--,--,--,--,--,--,--,--,115606
2026-05-04 16:48:01.286,--,--,--,--,--,--,--,--,--,--,--,--,--,--,--,--,--,--,--,--,--,--,--,--,--,--,--,--,--,--,--,--,--,--,--,--,--,--,--,--,--,--,--,--,--,--,117158
2026-05-04 16:48:01.309,--,--,--,--,--,--,--,--,--,--,--,--,--,--,--,--,--,--,--,--,--,--,--,--,--,--,--,--,--,--,--,--,--,--,--,--,--,--,--,--,--,--,--,--,--,--,117163
2026-05-04 16:48:01.344,--,--,--,--,--,--,--,--,--,--,--,--,--,--,--,--,--,--,--,--,--,--,--,--,--,--,--,--,--,--,--,--,--,--,--,--,--,--,--,--,--,--,--,--,--,--,117168
2026-05-04 16:48:01.383,--,--,--,--,--,--,--,--,--,--,--,--,--,--,--,--,--,--,--,--,--,--,--,--,--,--,--,--,--,--,--,--,--,--,--,--,--,--,--,--,--,--,--,--,--,--,117173
2026-05-04 16:48:01.434,--,--,--,--,--,--,--,--,--,--,--,--,--,--,--,--,--,--,--,--,--,--,--,--,--,--,--,--,--,--,--,--,--,--,--,--,--,--,--,--,--,--,--,--,--,--,117178
2026-05-04 16:48:01.469,--,--,--,--,--,--,--,--,--,--,--,--,--,--,--,--,--,--,--,--,--,--,--,--,--,--,--,--,--,--,--,--,--,--,--,--,--,--,--,--,--,--,--,--,--,--,117183
2026-05-04 16:48:01.525,--,--,--,--,--,--,--,--,--,--,--,--,--,--,--,--,--,--,--,--,--,--,--,--,--,--,--,--,--,--,--,--,--,--,--,--,--,--,--,--,--,--,--,--,--,--,117188
2026-05-04 16:48:01.563,--,--,--,--,--,--,--,--,--,--,--,--,--,--,--,--,--,--,--,--,--,--,--,--,--,--,--,--,--,--,--,--,--,--,--,--,--,--,--,--,--,--,--,--,--,--,117193
2026-05-04 16:48:01.602,--,--,--,--,--,--,--,--,--,--,--,--,--,--,--,--,--,--,--,--,--,--,--,--,--,--,--,--,--,--,--,--,--,--,--,--,--,--,--,--,--,--,--,--,--,--,117198
2026-05-04 16:48:01.652,--,--,--,--,--,--,--,--,--,--,--,--,--,--,--,--,--,--,--,--,--,--,--,--,--,--,--,--,--,--,--,--,--,--,--,--,--,--,--,--,--,--,--,--,--,--,117203
2026-05-04 16:48:01.654,--,--,--,--,--,--,--,--,--,--,--,--,--,--,--,--,--,--,--,--,--,--,--,--,--,--,--,--,--,--,--,--,--,--,--,--,--,--,--,--,--,--,--,--,--,--,117208
2026-05-04 16:48:01.655,--,--,--,--,--,--,--,--,--,--,--,--,--,--,--,--,--,--,--,--,--,--,--,--,--,--,--,--,--,--,--,--,--,--,--,--,--,--,--,--,--,--,--,--,--,--,117213
2026-05-04 16:48:01.657,--,--,--,--,--,--,--,--,--,--,--,--,--,--,--,--,--,--,--,--,--,--,--,--,--,--,--,--,--,--,--,--,--,--,--,--,--,--,--,--,--,--,--,--,--,--,117218
2026-05-04 16:48:01.658,--,--,--,--,--,--,--,--,--,--,--,--,--,--,--,--,--,--,--,--,--,--,--,--,--,--,--,--,--,--,--,--,--,--,--,--,--,--,--,--,--,--,--,--,--,--,117223
2026-05-04 16:48:01.660,--,--,--,--,--,--,--,--,--,--,--,--,--,--,--,--,--,--,--,--,--,--,--,--,--,--,--,--,--,--,--,--,--,--,--,--,--,--,--,--,--,--,--,--,--,--,117228
2026-05-04 16:48:01.662,--,--,--,--,--,--,--,--,--,--,--,--,--,--,--,--,--,--,--,--,--,--,--,--,--,--,--,--,--,--,--,--,--,--,--,--,--,--,--,--,--,--,--,--,--,--,117233
2026-05-04 16:48:01.664,--,--,--,--,--,--,--,--,--,--,--,--,--,--,--,--,--,--,--,--,--,--,--,--,--,--,--,--,--,--,--,--,--,--,--,--,--,--,--,--,--,--,--,--,--,--,117238
2026-05-04 16:48:01.667,--,--,--,--,--,--,--,--,--,--,--,--,--,--,--,--,--,--,--,--,--,--,--,--,--,--,--,--,--,--,--,--,--,--,--,--,--,--,--,--,--,--,--,--,--,--,117243
2026-05-04 16:48:01.669,--,--,--,--,--,--,--,--,--,--,--,--,--,--,--,--,--,--,--,--,--,--,--,--,--,--,--,--,--,--,--,--,--,--,--,--,--,--,--,--,--,--,--,--,--,--,117248
2026-05-04 16:48:01.671,--,--,--,--,--,--,--,--,--,--,--,--,--,--,--,--,--,--,--,--,--,--,--,--,--,--,--,--,--,--,--,--,--,--,--,--,--,--,--,--,--,--,--,--,--,--,117253
2026-05-04 16:48:01.725,--,--,--,--,--,--,--,--,--,--,--,--,--,--,--,--,--,--,--,--,--,--,--,--,--,--,--,--,--,--,--,--,--,--,--,--,--,--,--,--,--,--,--,--,--,--,120747
2026-05-04 16:48:01.785,--,--,--,--,--,--,--,--,--,--,--,--,--,--,--,--,--,--,--,--,--,--,--,--,--,--,--,--,--,--,--,--,--,--,--,--,--,--,--,--,--,--,--,--,--,--,120752
2026-05-04 16:48:01.821,--,--,--,--,--,--,--,--,--,--,--,--,--,--,--,--,--,--,--,--,--,--,--,--,--,--,--,--,--,--,--,--,--,--,--,--,--,--,--,--,--,--,--,--,--,--,120757
2026-05-04 16:48:01.897,--,--,--,--,--,--,--,--,--,--,--,--,--,--,--,--,--,--,--,--,--,--,--,--,--,--,--,--,--,--,--,--,--,--,--,--,--,--,--,--,--,--,--,--,--,--,120762
2026-05-04 16:48:01.971,--,--,--,--,--,--,--,--,--,--,--,--,--,--,--,--,--,--,--,--,--,--,--,--,--,--,--,--,--,--,--,--,--,--,--,--,--,--,--,--,--,--,--,--,--,--,120767
2026-05-04 16:48:02.005,--,--,--,--,--,--,--,--,--,--,--,--,--,--,--,--,--,--,--,--,--,--,--,--,--,--,--,--,--,--,--,--,--,--,--,--,--,--,--,--,--,--,--,--,--,--,120772
2026-05-04 16:48:02.042,--,--,--,--,--,--,--,--,--,--,--,--,--,--,--,--,--,--,--,--,--,--,--,--,--,--,--,--,--,--,--,--,--,--,--,--,--,--,--,--,--,--,--,--,--,--,120777
2026-05-04 16:48:02.043,--,--,--,--,--,--,--,--,--,--,--,--,--,--,--,--,--,--,--,--,--,--,--,--,--,--,--,--,--,--,--,--,--,--,--,--,--,--,--,--,--,--,--,--,--,--,120782
2026-05-04 16:48:02.044,--,--,--,--,--,--,--,--,--,--,--,--,--,--,--,--,--,--,--,--,--,--,--,--,--,--,--,--,--,--,--,--,--,--,--,--,--,--,--,--,--,--,--,--,--,--,120787
2026-05-04 16:48:02.045,--,--,--,--,--,--,--,--,--,--,--,--,--,--,--,--,--,--,--,--,--,--,--,--,--,--,--,--,--,--,--,--,--,--,--,--,--,--,--,--,--,--,--,--,--,--,120792
2026-05-04 16:48:02.048,--,--,--,--,--,--,--,--,--,--,--,--,--,--,--,--,--,--,--,--,--,--,--,--,--,--,--,--,--,--,--,--,--,--,--,--,--,--,--,--,--,--,--,--,--,--,120797
2026-05-04 16:48:02.050,--,--,--,--,--,--,--,--,--,--,--,--,--,--,--,--,--,--,--,--,--,--,--,--,--,--,--,--,--,--,--,--,--,--,--,--,--,--,--,--,--,--,--,--,--,--,120802
2026-05-04 16:48:02.051,--,--,--,--,--,--,--,--,--,--,--,--,--,--,--,--,--,--,--,--,--,--,--,--,--,--,--,--,--,--,--,--,--,--,--,--,--,--,--,--,--,--,--,--,--,--,120807
2026-05-04 16:48:02.054,--,--,--,--,--,--,--,--,--,--,--,--,--,--,--,--,--,--,--,--,--,--,--,--,--,--,--,--,--,--,--,--,--,--,--,--,--,--,--,--,--,--,--,--,--,--,120812
2026-05-04 16:48:02.055,--,--,--,--,--,--,--,--,--,--,--,--,--,--,--,--,--,--,--,--,--,--,--,--,--,--,--,--,--,--,--,--,--,--,--,--,--,--,--,--,--,--,--,--,--,--,120817
2026-05-04 16:48:02.056,--,--,--,--,--,--,--,--,--,--,--,--,--,--,--,--,--,--,--,--,--,--,--,--,--,--,--,--,--,--,--,--,--,--,--,--,--,--,--,--,--,--,--,--,--,--,120822
2026-05-04 16:48:02.058,--,--,--,--,--,--,--,--,--,--,--,--,--,--,--,--,--,--,--,--,--,--,--,--,--,--,--,--,--,--,--,--,--,--,--,--,--,--,--,--,--,--,--,--,--,--,120827
2026-05-04 16:48:02.059,--,--,--,--,--,--,--,--,--,--,--,--,--,--,--,--,--,--,--,--,--,--,--,--,--,--,--,--,--,--,--,--,--,--,--,--,--,--,--,--,--,--,--,--,--,--,120830
2026-05-04 16:48:02.229,--,--,--,--,--,--,--,--,--,--,--,--,--,--,--,--,--,--,--,--,--,--,--,--,--,--,--,--,--,--,--,--,--,--,--,--,--,--,--,--,--,--,--,--,--,--,120831
2026-05-04 16:48:02.268,--,--,--,--,--,--,--,--,--,--,--,--,--,--,--,--,--,--,--,--,--,--,--,--,--,--,--,--,--,--,--,--,--,--,--,--,--,--,--,--,--,--,--,--,--,--,120836
2026-05-04 16:48:02.308,--,--,--,--,--,--,--,--,--,--,--,--,--,--,--,--,--,--,--,--,--,--,--,--,--,--,--,--,--,--,--,--,--,--,--,--,--,--,--,--,--,--,--,--,--,--,120841
2026-05-04 16:48:02.344,--,--,--,--,--,--,--,--,--,--,--,--,--,--,--,--,--,--,--,--,--,--,--,--,--,--,--,--,--,--,--,--,--,--,--,--,--,--,--,--,--,--,--,--,--,--,120846
2026-05-04 16:48:02.382,--,--,--,--,--,--,--,--,--,--,--,--,--,--,--,--,--,--,--,--,--,--,--,--,--,--,--,--,--,--,--,--,--,--,--,--,--,--,--,--,--,--,--,--,--,--,120851
2026-05-04 16:48:02.423,--,--,--,--,--,--,--,--,--,--,--,--,--,--,--,--,--,--,--,--,--,--,--,--,--,--,--,--,--,--,--,--,--,--,--,--,--,--,--,--,--,--,--,--,--,--,120856
2026-05-04 16:48:02.478,--,--,--,--,--,--,--,--,--,--,--,--,--,--,--,--,--,--,--,--,--,--,--,--,--,--,--,--,--,--,--,--,--,--,--,--,--,--,--,--,--,--,--,--,--,--,120861
2026-05-04 16:48:02.514,--,--,--,--,--,--,--,--,--,--,--,--,--,--,--,--,--,--,--,--,--,--,--,--,--,--,--,--,--,--,--,--,--,--,--,--,--,--,--,--,--,--,--,--,--,--,120866
2026-05-04 16:48:02.572,--,--,--,--,--,--,--,--,--,--,--,--,--,--,--,--,--,--,--,--,--,--,--,--,--,--,--,--,--,--,--,--,--,--,--,--,--,--,--,--,--,--,--,--,--,--,120871
2026-05-04 16:48:02.607,--,--,--,--,--,--,--,--,--,--,--,--,--,--,--,--,--,--,--,--,--,--,--,--,--,--,--,--,--,--,--,--,--,--,--,--,--,--,--,--,--,--,--,--,--,--,120876
2026-05-04 16:48:02.609,--,--,--,--,--,--,--,--,--,--,--,--,--,--,--,--,--,--,--,--,--,--,--,--,--,--,--,--,--,--,--,--,--,--,--,--,--,--,--,--,--,--,--,--,--,--,120881
2026-05-04 16:48:02.610,--,--,--,--,--,--,--,--,--,--,--,--,--,--,--,--,--,--,--,--,--,--,--,--,--,--,--,--,--,--,--,--,--,--,--,--,--,--,--,--,--,--,--,--,--,--,120886
2026-05-04 16:48:02.611,--,--,--,--,--,--,--,--,--,--,--,--,--,--,--,--,--,--,--,--,--,--,--,--,--,--,--,--,--,--,--,--,--,--,--,--,--,--,--,--,--,--,--,--,--,--,120891
2026-05-04 16:48:02.612,--,--,--,--,--,--,--,--,--,--,--,--,--,--,--,--,--,--,--,--,--,--,--,--,--,--,--,--,--,--,--,--,--,--,--,--,--,--,--,--,--,--,--,--,--,--,120896
2026-05-04 16:48:02.631,--,--,--,--,--,--,--,--,--,--,--,--,--,--,--,--,--,--,--,--,--,--,--,--,--,--,--,--,--,--,--,--,--,--,--,--,--,--,--,--,--,--,--,--,--,--,120901
2026-05-04 16:48:02.633,--,--,--,--,--,--,--,--,--,--,--,--,--,--,--,--,--,--,--,--,--,--,--,--,--,--,--,--,--,--,--,--,--,--,--,--,--,--,--,--,--,--,--,--,--,--,120906
2026-05-04 16:48:02.634,--,--,--,--,--,--,--,--,--,--,--,--,--,--,--,--,--,--,--,--,--,--,--,--,--,--,--,--,--,--,--,--,--,--,--,--,--,--,--,--,--,--,--,--,--,--,120911
2026-05-04 16:48:02.635,--,--,--,--,--,--,--,--,--,--,--,--,--,--,--,--,--,--,--,--,--,--,--,--,--,--,--,--,--,--,--,--,--,--,--,--,--,--,--,--,--,--,--,--,--,--,120916
2026-05-04 16:48:02.636,--,--,--,--,--,--,--,--,--,--,--,--,--,--,--,--,--,--,--,--,--,--,--,--,--,--,--,--,--,--,--,--,--,--,--,--,--,--,--,--,--,--,--,--,--,--,120921
2026-05-04 16:48:02.638,--,--,--,--,--,--,--,--,--,--,--,--,--,--,--,--,--,--,--,--,--,--,--,--,--,--,--,--,--,--,--,--,--,--,--,--,--,--,--,--,--,--,--,--,--,--,120926
2026-05-04 16:48:02.676,--,--,--,--,--,--,--,--,--,--,--,--,--,--,--,--,--,--,--,--,--,--,--,--,--,--,--,--,--,--,--,--,--,--,--,--,--,--,--,--,--,--,--,--,--,--,124463
2026-05-04 16:48:02.752,--,--,--,--,--,--,--,--,--,--,--,--,--,--,--,--,--,--,--,--,--,--,--,--,--,--,--,--,--,--,--,--,--,--,--,--,--,--,--,--,--,--,--,--,--,--,124468
2026-05-04 16:48:02.813,--,--,--,--,--,--,--,--,--,--,--,--,--,--,--,--,--,--,--,--,--,--,--,--,--,--,--,--,--,--,--,--,--,--,--,--,--,--,--,--,--,--,--,--,--,--,124473
2026-05-04 16:48:02.847,--,--,--,--,--,--,--,--,--,--,--,--,--,--,--,--,--,--,--,--,--,--,--,--,--,--,--,--,--,--,--,--,--,--,--,--,--,--,--,--,--,--,--,--,--,--,124478
2026-05-04 16:48:02.853,--,--,--,--,--,--,--,--,--,--,--,--,--,--,--,--,--,--,--,--,--,--,--,--,--,--,--,--,--,--,--,--,--,--,--,--,--,--,--,--,--,--,--,--,--,--,124483
2026-05-04 16:48:02.855,--,--,--,--,--,--,--,--,--,--,--,--,--,--,--,--,--,--,--,--,--,--,--,--,--,--,--,--,--,--,--,--,--,--,--,--,--,--,--,--,--,--,--,--,--,--,124488
2026-05-04 16:48:02.859,--,--,--,--,--,--,--,--,--,--,--,--,--,--,--,--,--,--,--,--,--,--,--,--,--,--,--,--,--,--,--,--,--,--,--,--,--,--,--,--,--,--,--,--,--,--,124493
2026-05-04 16:48:02.861,--,--,--,--,--,--,--,--,--,--,--,--,--,--,--,--,--,--,--,--,--,--,--,--,--,--,--,--,--,--,--,--,--,--,--,--,--,--,--,--,--,--,--,--,--,--,124498
2026-05-04 16:48:02.866,--,--,--,--,--,--,--,--,--,--,--,--,--,--,--,--,--,--,--,--,--,--,--,--,--,--,--,--,--,--,--,--,--,--,--,--,--,--,--,--,--,--,--,--,--,--,124503
2026-05-04 16:48:02.868,--,--,--,--,--,--,--,--,--,--,--,--,--,--,--,--,--,--,--,--,--,--,--,--,--,--,--,--,--,--,--,--,--,--,--,--,--,--,--,--,--,--,--,--,--,--,124504
2026-05-04 16:48:03.016,--,--,--,--,--,--,--,--,--,--,--,--,--,--,--,--,--,--,--,--,--,--,--,--,--,--,--,--,--,--,--,--,--,--,--,--,--,--,--,--,--,--,--,--,--,--,124505
2026-05-04 16:48:03.087,--,--,--,--,--,--,--,--,--,--,--,--,--,--,--,--,--,--,--,--,--,--,--,--,--,--,--,--,--,--,--,--,--,--,--,--,--,--,--,--,--,--,--,--,--,--,124510
2026-05-04 16:48:03.144,--,--,--,--,--,--,--,--,--,--,--,--,--,--,--,--,--,--,--,--,--,--,--,--,--,--,--,--,--,--,--,--,--,--,--,--,--,--,--,--,--,--,--,--,--,--,124515
2026-05-04 16:48:03.181,--,--,--,--,--,--,--,--,--,--,--,--,--,--,--,--,--,--,--,--,--,--,--,--,--,--,--,--,--,--,--,--,--,--,--,--,--,--,--,--,--,--,--,--,--,--,124520
2026-05-04 16:48:03.239,--,--,--,--,--,--,--,--,--,--,--,--,--,--,--,--,--,--,--,--,--,--,--,--,--,--,--,--,--,--,--,--,--,--,--,--,--,--,--,--,--,--,--,--,--,--,124525
2026-05-04 16:48:03.278,--,--,--,--,--,--,--,--,--,--,--,--,--,--,--,--,--,--,--,--,--,--,--,--,--,--,--,--,--,--,--,--,--,--,--,--,--,--,--,--,--,--,--,--,--,--,124530
2026-05-04 16:48:03.335,--,--,--,--,--,--,--,--,--,--,--,--,--,--,--,--,--,--,--,--,--,--,--,--,--,--,--,--,--,--,--,--,--,--,--,--,--,--,--,--,--,--,--,--,--,--,124535
2026-05-04 16:48:03.373,--,--,--,--,--,--,--,--,--,--,--,--,--,--,--,--,--,--,--,--,--,--,--,--,--,--,--,--,--,--,--,--,--,--,--,--,--,--,--,--,--,--,--,--,--,--,124540
2026-05-04 16:48:03.375,--,--,--,--,--,--,--,--,--,--,--,--,--,--,--,--,--,--,--,--,--,--,--,--,--,--,--,--,--,--,--,--,--,--,--,--,--,--,--,--,--,--,--,--,--,--,124545
2026-05-04 16:48:03.376,--,--,--,--,--,--,--,--,--,--,--,--,--,--,--,--,--,--,--,--,--,--,--,--,--,--,--,--,--,--,--,--,--,--,--,--,--,--,--,--,--,--,--,--,--,--,124550
2026-05-04 16:48:03.379,--,--,--,--,--,--,--,--,--,--,--,--,--,--,--,--,--,--,--,--,--,--,--,--,--,--,--,--,--,--,--,--,--,--,--,--,--,--,--,--,--,--,--,--,--,--,124555
2026-05-04 16:48:03.379,--,--,--,--,--,--,--,--,--,--,--,--,--,--,--,--,--,--,--,--,--,--,--,--,--,--,--,--,--,--,--,--,--,--,--,--,--,--,--,--,--,--,--,--,--,--,124560
2026-05-04 16:48:03.381,--,--,--,--,--,--,--,--,--,--,--,--,--,--,--,--,--,--,--,--,--,--,--,--,--,--,--,--,--,--,--,--,--,--,--,--,--,--,--,--,--,--,--,--,--,--,124565
2026-05-04 16:48:03.384,--,--,--,--,--,--,--,--,--,--,--,--,--,--,--,--,--,--,--,--,--,--,--,--,--,--,--,--,--,--,--,--,--,--,--,--,--,--,--,--,--,--,--,--,--,--,124570
2026-05-04 16:48:03.386,--,--,--,--,--,--,--,--,--,--,--,--,--,--,--,--,--,--,--,--,--,--,--,--,--,--,--,--,--,--,--,--,--,--,--,--,--,--,--,--,--,--,--,--,--,--,124575
2026-05-04 16:48:03.387,--,--,--,--,--,--,--,--,--,--,--,--,--,--,--,--,--,--,--,--,--,--,--,--,--,--,--,--,--,--,--,--,--,--,--,--,--,--,--,--,--,--,--,--,--,--,124580
2026-05-04 16:48:03.389,--,--,--,--,--,--,--,--,--,--,--,--,--,--,--,--,--,--,--,--,--,--,--,--,--,--,--,--,--,--,--,--,--,--,--,--,--,--,--,--,--,--,--,--,--,--,124585
2026-05-04 16:48:03.391,--,--,--,--,--,--,--,--,--,--,--,--,--,--,--,--,--,--,--,--,--,--,--,--,--,--,--,--,--,--,--,--,--,--,--,--,--,--,--,--,--,--,--,--,--,--,124590
2026-05-04 16:48:03.394,--,--,--,--,--,--,--,--,--,--,--,--,--,--,--,--,--,--,--,--,--,--,--,--,--,--,--,--,--,--,--,--,--,--,--,--,--,--,--,--,--,--,--,--,--,--,124595
2026-05-04 16:48:03.395,--,--,--,--,--,--,--,--,--,--,--,--,--,--,--,--,--,--,--,--,--,--,--,--,--,--,--,--,--,--,--,--,--,--,--,--,--,--,--,--,--,--,--,--,--,--,124600
2026-05-04 16:48:03.451,--,--,--,--,--,--,--,--,--,--,--,--,--,--,--,--,--,--,--,--,--,--,--,--,--,--,--,--,--,--,--,--,--,--,--,--,--,--,--,--,--,--,--,--,--,--,127503
2026-05-04 16:48:03.539,--,--,--,--,--,--,--,--,--,--,--,--,--,--,--,--,--,--,--,--,--,--,--,--,--,--,--,--,--,--,--,--,--,--,--,--,--,--,--,--,--,--,--,--,--,--,127508
2026-05-04 16:48:03.591,--,--,--,--,--,--,--,--,--,--,--,--,--,--,--,--,--,--,--,--,--,--,--,--,--,--,--,--,--,--,--,--,--,--,--,--,--,--,--,--,--,--,--,--,--,--,127513
2026-05-04 16:48:03.610,--,--,--,--,--,--,--,--,--,--,--,--,--,--,--,--,--,--,--,--,--,--,--,--,--,--,--,--,--,--,--,--,--,--,--,--,--,--,--,--,--,--,--,--,--,--,127518
2026-05-04 16:48:03.611,--,--,--,--,--,--,--,--,--,--,--,--,--,--,--,--,--,--,--,--,--,--,--,--,--,--,--,--,--,--,--,--,--,--,--,--,--,--,--,--,--,--,--,--,--,--,127523
2026-05-04 16:48:03.613,--,--,--,--,--,--,--,--,--,--,--,--,--,--,--,--,--,--,--,--,--,--,--,--,--,--,--,--,--,--,--,--,--,--,--,--,--,--,--,--,--,--,--,--,--,--,127528
2026-05-04 16:48:03.615,--,--,--,--,--,--,--,--,--,--,--,--,--,--,--,--,--,--,--,--,--,--,--,--,--,--,--,--,--,--,--,--,--,--,--,--,--,--,--,--,--,--,--,--,--,--,127533
2026-05-04 16:48:03.616,--,--,--,--,--,--,--,--,--,--,--,--,--,--,--,--,--,--,--,--,--,--,--,--,--,--,--,--,--,--,--,--,--,--,--,--,--,--,--,--,--,--,--,--,--,--,127538
2026-05-04 16:48:03.618,--,--,--,--,--,--,--,--,--,--,--,--,--,--,--,--,--,--,--,--,--,--,--,--,--,--,--,--,--,--,--,--,--,--,--,--,--,--,--,--,--,--,--,--,--,--,127543
2026-05-04 16:48:03.619,--,--,--,--,--,--,--,--,--,--,--,--,--,--,--,--,--,--,--,--,--,--,--,--,--,--,--,--,--,--,--,--,--,--,--,--,--,--,--,--,--,--,--,--,--,--,127545
2026-05-04 16:48:03.743,--,--,--,--,--,--,--,--,--,--,--,--,--,--,--,--,--,--,--,--,--,--,--,--,--,--,--,--,--,--,--,--,--,--,--,--,--,--,--,--,--,--,--,--,--,--,127546
2026-05-04 16:48:03.810,--,--,--,--,--,--,--,--,--,--,--,--,--,--,--,--,--,--,--,--,--,--,--,--,--,--,--,--,--,--,--,--,--,--,--,--,--,--,--,--,--,--,--,--,--,--,127551
2026-05-04 16:48:03.864,--,--,--,--,--,--,--,--,--,--,--,--,--,--,--,--,--,--,--,--,--,--,--,--,--,--,--,--,--,--,--,--,--,--,--,--,--,--,--,--,--,--,--,--,--,--,127556
2026-05-04 16:48:03.905,--,--,--,--,--,--,--,--,--,--,--,--,--,--,--,--,--,--,--,--,--,--,--,--,--,--,--,--,--,--,--,--,--,--,--,--,--,--,--,--,--,--,--,--,--,--,127561
2026-05-04 16:48:03.945,--,--,--,--,--,--,--,--,--,--,--,--,--,--,--,--,--,--,--,--,--,--,--,--,--,--,--,--,--,--,--,--,--,--,--,--,--,--,--,--,--,--,--,--,--,--,127566
2026-05-04 16:48:04.001,--,--,--,--,--,--,--,--,--,--,--,--,--,--,--,--,--,--,--,--,--,--,--,--,--,--,--,--,--,--,--,--,--,--,--,--,--,--,--,--,--,--,--,--,--,--,127571
2026-05-04 16:48:04.053,--,--,--,--,--,--,--,--,--,--,--,--,--,--,--,--,--,--,--,--,--,--,--,--,--,--,--,--,--,--,--,--,--,--,--,--,--,--,--,--,--,--,--,--,--,--,127576
2026-05-04 16:48:04.111,--,--,--,--,--,--,--,--,--,--,--,--,--,--,--,--,--,--,--,--,--,--,--,--,--,--,--,--,--,--,--,--,--,--,--,--,--,--,--,--,--,--,--,--,--,--,127581
2026-05-04 16:48:04.113,--,--,--,--,--,--,--,--,--,--,--,--,--,--,--,--,--,--,--,--,--,--,--,--,--,--,--,--,--,--,--,--,--,--,--,--,--,--,--,--,--,--,--,--,--,--,127586
2026-05-04 16:48:04.115,--,--,--,--,--,--,--,--,--,--,--,--,--,--,--,--,--,--,--,--,--,--,--,--,--,--,--,--,--,--,--,--,--,--,--,--,--,--,--,--,--,--,--,--,--,--,127591
2026-05-04 16:48:04.116,--,--,--,--,--,--,--,--,--,--,--,--,--,--,--,--,--,--,--,--,--,--,--,--,--,--,--,--,--,--,--,--,--,--,--,--,--,--,--,--,--,--,--,--,--,--,127596
2026-05-04 16:48:04.118,--,--,--,--,--,--,--,--,--,--,--,--,--,--,--,--,--,--,--,--,--,--,--,--,--,--,--,--,--,--,--,--,--,--,--,--,--,--,--,--,--,--,--,--,--,--,127601
2026-05-04 16:48:04.119,--,--,--,--,--,--,--,--,--,--,--,--,--,--,--,--,--,--,--,--,--,--,--,--,--,--,--,--,--,--,--,--,--,--,--,--,--,--,--,--,--,--,--,--,--,--,127606
2026-05-04 16:48:04.120,--,--,--,--,--,--,--,--,--,--,--,--,--,--,--,--,--,--,--,--,--,--,--,--,--,--,--,--,--,--,--,--,--,--,--,--,--,--,--,--,--,--,--,--,--,--,127611
2026-05-04 16:48:04.122,--,--,--,--,--,--,--,--,--,--,--,--,--,--,--,--,--,--,--,--,--,--,--,--,--,--,--,--,--,--,--,--,--,--,--,--,--,--,--,--,--,--,--,--,--,--,127616
2026-05-04 16:48:04.123,--,--,--,--,--,--,--,--,--,--,--,--,--,--,--,--,--,--,--,--,--,--,--,--,--,--,--,--,--,--,--,--,--,--,--,--,--,--,--,--,--,--,--,--,--,--,127621
2026-05-04 16:48:04.124,--,--,--,--,--,--,--,--,--,--,--,--,--,--,--,--,--,--,--,--,--,--,--,--,--,--,--,--,--,--,--,--,--,--,--,--,--,--,--,--,--,--,--,--,--,--,127626
2026-05-04 16:48:04.126,--,--,--,--,--,--,--,--,--,--,--,--,--,--,--,--,--,--,--,--,--,--,--,--,--,--,--,--,--,--,--,--,--,--,--,--,--,--,--,--,--,--,--,--,--,--,127631
2026-05-04 16:48:04.129,--,--,--,--,--,--,--,--,--,--,--,--,--,--,--,--,--,--,--,--,--,--,--,--,--,--,--,--,--,--,--,--,--,--,--,--,--,--,--,--,--,--,--,--,--,--,127636
2026-05-04 16:48:04.130,--,--,--,--,--,--,--,--,--,--,--,--,--,--,--,--,--,--,--,--,--,--,--,--,--,--,--,--,--,--,--,--,--,--,--,--,--,--,--,--,--,--,--,--,--,--,127641
2026-05-04 16:48:04.187,--,--,--,--,--,--,--,--,--,--,--,--,--,--,--,--,--,--,--,--,--,--,--,--,--,--,--,--,--,--,--,--,--,--,--,--,--,--,--,--,--,--,--,--,--,--,130417
2026-05-04 16:48:04.226,--,--,--,--,--,--,--,--,--,--,--,--,--,--,--,--,--,--,--,--,--,--,--,--,--,--,--,--,--,--,--,--,--,--,--,--,--,--,--,--,--,--,--,--,--,--,130422
2026-05-04 16:48:04.274,--,--,--,--,--,--,--,--,--,--,--,--,--,--,--,--,--,--,--,--,--,--,--,--,--,--,--,--,--,--,--,--,--,--,--,--,--,--,--,--,--,--,--,--,--,--,130427
2026-05-04 16:48:04.343,--,--,--,--,--,--,--,--,--,--,--,--,--,--,--,--,--,--,--,--,--,--,--,--,--,--,--,--,--,--,--,--,--,--,--,--,--,--,--,--,--,--,--,--,--,--,130432
2026-05-04 16:48:04.344,--,--,--,--,--,--,--,--,--,--,--,--,--,--,--,--,--,--,--,--,--,--,--,--,--,--,--,--,--,--,--,--,--,--,--,--,--,--,--,--,--,--,--,--,--,--,130437
2026-05-04 16:48:04.345,--,--,--,--,--,--,--,--,--,--,--,--,--,--,--,--,--,--,--,--,--,--,--,--,--,--,--,--,--,--,--,--,--,--,--,--,--,--,--,--,--,--,--,--,--,--,130442
2026-05-04 16:48:04.347,--,--,--,--,--,--,--,--,--,--,--,--,--,--,--,--,--,--,--,--,--,--,--,--,--,--,--,--,--,--,--,--,--,--,--,--,--,--,--,--,--,--,--,--,--,--,130447
2026-05-04 16:48:04.348,--,--,--,--,--,--,--,--,--,--,--,--,--,--,--,--,--,--,--,--,--,--,--,--,--,--,--,--,--,--,--,--,--,--,--,--,--,--,--,--,--,--,--,--,--,--,130452
2026-05-04 16:48:04.349,--,--,--,--,--,--,--,--,--,--,--,--,--,--,--,--,--,--,--,--,--,--,--,--,--,--,--,--,--,--,--,--,--,--,--,--,--,--,--,--,--,--,--,--,--,--,130457
2026-05-04 16:48:04.351,--,--,--,--,--,--,--,--,--,--,--,--,--,--,--,--,--,--,--,--,--,--,--,--,--,--,--,--,--,--,--,--,--,--,--,--,--,--,--,--,--,--,--,--,--,--,130458
2026-05-04 16:48:04.463,--,--,--,--,--,--,--,--,--,--,--,--,--,--,--,--,--,--,--,--,--,--,--,--,--,--,--,--,--,--,--,--,--,--,--,--,--,--,--,--,--,--,--,--,--,--,130459
2026-05-04 16:48:04.518,--,--,--,--,--,--,--,--,--,--,--,--,--,--,--,--,--,--,--,--,--,--,--,--,--,--,--,--,--,--,--,--,--,--,--,--,--,--,--,--,--,--,--,--,--,--,130464
2026-05-04 16:48:04.553,--,--,--,--,--,--,--,--,--,--,--,--,--,--,--,--,--,--,--,--,--,--,--,--,--,--,--,--,--,--,--,--,--,--,--,--,--,--,--,--,--,--,--,--,--,--,130469
2026-05-04 16:48:04.607,--,--,--,--,--,--,--,--,--,--,--,--,--,--,--,--,--,--,--,--,--,--,--,--,--,--,--,--,--,--,--,--,--,--,--,--,--,--,--,--,--,--,--,--,--,--,130474
2026-05-04 16:48:04.693,--,--,--,--,--,--,--,--,--,--,--,--,--,--,--,--,--,--,--,--,--,--,--,--,--,--,--,--,--,--,--,--,--,--,--,--,--,--,--,--,--,--,--,--,--,--,130479
2026-05-04 16:48:04.753,--,--,--,--,--,--,--,--,--,--,--,--,--,--,--,--,--,--,--,--,--,--,--,--,--,--,--,--,--,--,--,--,--,--,--,--,--,--,--,--,--,--,--,--,--,--,130484
2026-05-04 16:48:04.808,--,--,--,--,--,--,--,--,--,--,--,--,--,--,--,--,--,--,--,--,--,--,--,--,--,--,--,--,--,--,--,--,--,--,--,--,--,--,--,--,--,--,--,--,--,--,130489
2026-05-04 16:48:04.826,--,--,--,--,--,--,--,--,--,--,--,--,--,--,--,--,--,--,--,--,--,--,--,--,--,--,--,--,--,--,--,--,--,--,--,--,--,--,--,--,--,--,--,--,--,--,130494
2026-05-04 16:48:04.828,--,--,--,--,--,--,--,--,--,--,--,--,--,--,--,--,--,--,--,--,--,--,--,--,--,--,--,--,--,--,--,--,--,--,--,--,--,--,--,--,--,--,--,--,--,--,130499
2026-05-04 16:48:04.830,--,--,--,--,--,--,--,--,--,--,--,--,--,--,--,--,--,--,--,--,--,--,--,--,--,--,--,--,--,--,--,--,--,--,--,--,--,--,--,--,--,--,--,--,--,--,130504
2026-05-04 16:48:04.831,--,--,--,--,--,--,--,--,--,--,--,--,--,--,--,--,--,--,--,--,--,--,--,--,--,--,--,--,--,--,--,--,--,--,--,--,--,--,--,--,--,--,--,--,--,--,130509
2026-05-04 16:48:04.832,--,--,--,--,--,--,--,--,--,--,--,--,--,--,--,--,--,--,--,--,--,--,--,--,--,--,--,--,--,--,--,--,--,--,--,--,--,--,--,--,--,--,--,--,--,--,130514
2026-05-04 16:48:04.834,--,--,--,--,--,--,--,--,--,--,--,--,--,--,--,--,--,--,--,--,--,--,--,--,--,--,--,--,--,--,--,--,--,--,--,--,--,--,--,--,--,--,--,--,--,--,130519
2026-05-04 16:48:04.836,--,--,--,--,--,--,--,--,--,--,--,--,--,--,--,--,--,--,--,--,--,--,--,--,--,--,--,--,--,--,--,--,--,--,--,--,--,--,--,--,--,--,--,--,--,--,130524
2026-05-04 16:48:04.838,--,--,--,--,--,--,--,--,--,--,--,--,--,--,--,--,--,--,--,--,--,--,--,--,--,--,--,--,--,--,--,--,--,--,--,--,--,--,--,--,--,--,--,--,--,--,130529
2026-05-04 16:48:04.839,--,--,--,--,--,--,--,--,--,--,--,--,--,--,--,--,--,--,--,--,--,--,--,--,--,--,--,--,--,--,--,--,--,--,--,--,--,--,--,--,--,--,--,--,--,--,130534
2026-05-04 16:48:04.840,--,--,--,--,--,--,--,--,--,--,--,--,--,--,--,--,--,--,--,--,--,--,--,--,--,--,--,--,--,--,--,--,--,--,--,--,--,--,--,--,--,--,--,--,--,--,130539
2026-05-04 16:48:04.842,--,--,--,--,--,--,--,--,--,--,--,--,--,--,--,--,--,--,--,--,--,--,--,--,--,--,--,--,--,--,--,--,--,--,--,--,--,--,--,--,--,--,--,--,--,--,130544
2026-05-04 16:48:04.844,--,--,--,--,--,--,--,--,--,--,--,--,--,--,--,--,--,--,--,--,--,--,--,--,--,--,--,--,--,--,--,--,--,--,--,--,--,--,--,--,--,--,--,--,--,--,130549
2026-05-04 16:48:04.846,--,--,--,--,--,--,--,--,--,--,--,--,--,--,--,--,--,--,--,--,--,--,--,--,--,--,--,--,--,--,--,--,--,--,--,--,--,--,--,--,--,--,--,--,--,--,130554
2026-05-04 16:48:04.898,--,--,--,--,--,--,--,--,--,--,--,--,--,--,--,--,--,--,--,--,--,--,--,--,--,--,--,--,--,--,--,--,--,--,--,--,--,--,--,--,--,--,--,--,--,--,133162
2026-05-04 16:48:04.971,--,--,--,--,--,--,--,--,--,--,--,--,--,--,--,--,--,--,--,--,--,--,--,--,--,--,--,--,--,--,--,--,--,--,--,--,--,--,--,--,--,--,--,--,--,--,133167
2026-05-04 16:48:05.066,--,--,--,--,--,--,--,--,--,--,--,--,--,--,--,--,--,--,--,--,--,--,--,--,--,--,--,--,--,--,--,--,--,--,--,--,--,--,--,--,--,--,--,--,--,--,133172
2026-05-04 16:48:05.144,--,--,--,--,--,--,--,--,--,--,--,--,--,--,--,--,--,--,--,--,--,--,--,--,--,--,--,--,--,--,--,--,--,--,--,--,--,--,--,--,--,--,--,--,--,--,133177
2026-05-04 16:48:05.196,--,--,--,--,--,--,--,--,--,--,--,--,--,--,--,--,--,--,--,--,--,--,--,--,--,--,--,--,--,--,--,--,--,--,--,--,--,--,--,--,--,--,--,--,--,--,133182
2026-05-04 16:48:05.214,--,--,--,--,--,--,--,--,--,--,--,--,--,--,--,--,--,--,--,--,--,--,--,--,--,--,--,--,--,--,--,--,--,--,--,--,--,--,--,--,--,--,--,--,--,--,133187
2026-05-04 16:48:05.217,--,--,--,--,--,--,--,--,--,--,--,--,--,--,--,--,--,--,--,--,--,--,--,--,--,--,--,--,--,--,--,--,--,--,--,--,--,--,--,--,--,--,--,--,--,--,133192
2026-05-04 16:48:05.221,--,--,--,--,--,--,--,--,--,--,--,--,--,--,--,--,--,--,--,--,--,--,--,--,--,--,--,--,--,--,--,--,--,--,--,--,--,--,--,--,--,--,--,--,--,--,133197
2026-05-04 16:48:05.224,--,--,--,--,--,--,--,--,--,--,--,--,--,--,--,--,--,--,--,--,--,--,--,--,--,--,--,--,--,--,--,--,--,--,--,--,--,--,--,--,--,--,--,--,--,--,133202
2026-05-04 16:48:05.226,--,--,--,--,--,--,--,--,--,--,--,--,--,--,--,--,--,--,--,--,--,--,--,--,--,--,--,--,--,--,--,--,--,--,--,--,--,--,--,--,--,--,--,--,--,--,133207
2026-05-04 16:48:05.230,--,--,--,--,--,--,--,--,--,--,--,--,--,--,--,--,--,--,--,--,--,--,--,--,--,--,--,--,--,--,--,--,--,--,--,--,--,--,--,--,--,--,--,--,--,--,133212
2026-05-04 16:48:05.235,--,--,--,--,--,--,--,--,--,--,--,--,--,--,--,--,--,--,--,--,--,--,--,--,--,--,--,--,--,--,--,--,--,--,--,--,--,--,--,--,--,--,--,--,--,--,133217
2026-05-04 16:48:05.238,--,--,--,--,--,--,--,--,--,--,--,--,--,--,--,--,--,--,--,--,--,--,--,--,--,--,--,--,--,--,--,--,--,--,--,--,--,--,--,--,--,--,--,--,--,--,133222
2026-05-04 16:48:05.239,--,--,--,--,--,--,--,--,--,--,--,--,--,--,--,--,--,--,--,--,--,--,--,--,--,--,--,--,--,--,--,--,--,--,--,--,--,--,--,--,--,--,--,--,--,--,133227
2026-05-04 16:48:05.240,--,--,--,--,--,--,--,--,--,--,--,--,--,--,--,--,--,--,--,--,--,--,--,--,--,--,--,--,--,--,--,--,--,--,--,--,--,--,--,--,--,--,--,--,--,--,133232
2026-05-04 16:48:05.242,--,--,--,--,--,--,--,--,--,--,--,--,--,--,--,--,--,--,--,--,--,--,--,--,--,--,--,--,--,--,--,--,--,--,--,--,--,--,--,--,--,--,--,--,--,--,133237
2026-05-04 16:48:05.243,--,--,--,--,--,--,--,--,--,--,--,--,--,--,--,--,--,--,--,--,--,--,--,--,--,--,--,--,--,--,--,--,--,--,--,--,--,--,--,--,--,--,--,--,--,--,133242
2026-05-04 16:48:05.244,--,--,--,--,--,--,--,--,--,--,--,--,--,--,--,--,--,--,--,--,--,--,--,--,--,--,--,--,--,--,--,--,--,--,--,--,--,--,--,--,--,--,--,--,--,--,133245
2026-05-04 16:48:05.354,--,--,--,--,--,--,--,--,--,--,--,--,--,--,--,--,--,--,--,--,--,--,--,--,--,--,--,--,--,--,--,--,--,--,--,--,--,--,--,--,--,--,--,--,--,--,133246
2026-05-04 16:48:05.433,--,--,--,--,--,--,--,--,--,--,--,--,--,--,--,--,--,--,--,--,--,--,--,--,--,--,--,--,--,--,--,--,--,--,--,--,--,--,--,--,--,--,--,--,--,--,133251
2026-05-04 16:48:05.473,--,--,--,--,--,--,--,--,--,--,--,--,--,--,--,--,--,--,--,--,--,--,--,--,--,--,--,--,--,--,--,--,--,--,--,--,--,--,--,--,--,--,--,--,--,--,133256
2026-05-04 16:48:05.526,--,--,--,--,--,--,--,--,--,--,--,--,--,--,--,--,--,--,--,--,--,--,--,--,--,--,--,--,--,--,--,--,--,--,--,--,--,--,--,--,--,--,--,--,--,--,133261
2026-05-04 16:48:05.564,--,--,--,--,--,--,--,--,--,--,--,--,--,--,--,--,--,--,--,--,--,--,--,--,--,--,--,--,--,--,--,--,--,--,--,--,--,--,--,--,--,--,--,--,--,--,133266
2026-05-04 16:48:05.635,--,--,--,--,--,--,--,--,--,--,--,--,--,--,--,--,--,--,--,--,--,--,--,--,--,--,--,--,--,--,--,--,--,--,--,--,--,--,--,--,--,--,--,--,--,--,133271
2026-05-04 16:48:05.672,--,--,--,--,--,--,--,--,--,--,--,--,--,--,--,--,--,--,--,--,--,--,--,--,--,--,--,--,--,--,--,--,--,--,--,--,--,--,--,--,--,--,--,--,--,--,133276
2026-05-04 16:48:05.712,--,--,--,--,--,--,--,--,--,--,--,--,--,--,--,--,--,--,--,--,--,--,--,--,--,--,--,--,--,--,--,--,--,--,--,--,--,--,--,--,--,--,--,--,--,--,133281
2026-05-04 16:48:05.750,--,--,--,--,--,--,--,--,--,--,--,--,--,--,--,--,--,--,--,--,--,--,--,--,--,--,--,--,--,--,--,--,--,--,--,--,--,--,--,--,--,--,--,--,--,--,133286
2026-05-04 16:48:05.751,--,--,--,--,--,--,--,--,--,--,--,--,--,--,--,--,--,--,--,--,--,--,--,--,--,--,--,--,--,--,--,--,--,--,--,--,--,--,--,--,--,--,--,--,--,--,133291
2026-05-04 16:48:05.752,--,--,--,--,--,--,--,--,--,--,--,--,--,--,--,--,--,--,--,--,--,--,--,--,--,--,--,--,--,--,--,--,--,--,--,--,--,--,--,--,--,--,--,--,--,--,133296
2026-05-04 16:48:05.755,--,--,--,--,--,--,--,--,--,--,--,--,--,--,--,--,--,--,--,--,--,--,--,--,--,--,--,--,--,--,--,--,--,--,--,--,--,--,--,--,--,--,--,--,--,--,133301
2026-05-04 16:48:05.755,--,--,--,--,--,--,--,--,--,--,--,--,--,--,--,--,--,--,--,--,--,--,--,--,--,--,--,--,--,--,--,--,--,--,--,--,--,--,--,--,--,--,--,--,--,--,133306
2026-05-04 16:48:05.757,--,--,--,--,--,--,--,--,--,--,--,--,--,--,--,--,--,--,--,--,--,--,--,--,--,--,--,--,--,--,--,--,--,--,--,--,--,--,--,--,--,--,--,--,--,--,133311
2026-05-04 16:48:05.759,--,--,--,--,--,--,--,--,--,--,--,--,--,--,--,--,--,--,--,--,--,--,--,--,--,--,--,--,--,--,--,--,--,--,--,--,--,--,--,--,--,--,--,--,--,--,133316
2026-05-04 16:48:05.761,--,--,--,--,--,--,--,--,--,--,--,--,--,--,--,--,--,--,--,--,--,--,--,--,--,--,--,--,--,--,--,--,--,--,--,--,--,--,--,--,--,--,--,--,--,--,133321
2026-05-04 16:48:05.762,--,--,--,--,--,--,--,--,--,--,--,--,--,--,--,--,--,--,--,--,--,--,--,--,--,--,--,--,--,--,--,--,--,--,--,--,--,--,--,--,--,--,--,--,--,--,133326
2026-05-04 16:48:05.763,--,--,--,--,--,--,--,--,--,--,--,--,--,--,--,--,--,--,--,--,--,--,--,--,--,--,--,--,--,--,--,--,--,--,--,--,--,--,--,--,--,--,--,--,--,--,133331
2026-05-04 16:48:05.765,--,--,--,--,--,--,--,--,--,--,--,--,--,--,--,--,--,--,--,--,--,--,--,--,--,--,--,--,--,--,--,--,--,--,--,--,--,--,--,--,--,--,--,--,--,--,133336
2026-05-04 16:48:05.766,--,--,--,--,--,--,--,--,--,--,--,--,--,--,--,--,--,--,--,--,--,--,--,--,--,--,--,--,--,--,--,--,--,--,--,--,--,--,--,--,--,--,--,--,--,--,133341
2026-05-04 16:48:05.794,--,--,--,--,--,--,--,--,--,--,--,--,--,--,--,--,--,--,--,--,--,--,--,--,--,--,--,--,--,--,--,--,--,--,--,--,--,--,--,--,--,--,--,--,--,--,136793
2026-05-04 16:48:05.795,--,--,--,--,--,--,--,--,--,--,--,--,--,--,--,--,--,--,--,--,--,--,--,--,--,--,--,--,--,--,--,--,--,--,--,--,--,--,--,--,--,--,--,--,--,--,136798
2026-05-04 16:48:05.834,--,--,--,--,--,--,--,--,--,--,--,--,--,--,--,--,--,--,--,--,--,--,--,--,--,--,--,--,--,--,--,--,--,--,--,--,--,--,--,--,--,--,--,--,--,--,136803
2026-05-04 16:48:05.904,--,--,--,--,--,--,--,--,--,--,--,--,--,--,--,--,--,--,--,--,--,--,--,--,--,--,--,--,--,--,--,--,--,--,--,--,--,--,--,--,--,--,--,--,--,--,136808
2026-05-04 16:48:05.954,--,--,--,--,--,--,--,--,--,--,--,--,--,--,--,--,--,--,--,--,--,--,--,--,--,--,--,--,--,--,--,--,--,--,--,--,--,--,--,--,--,--,--,--,--,--,136813
2026-05-04 16:48:05.972,--,--,--,--,--,--,--,--,--,--,--,--,--,--,--,--,--,--,--,--,--,--,--,--,--,--,--,--,--,--,--,--,--,--,--,--,--,--,--,--,--,--,--,--,--,--,136818
2026-05-04 16:48:05.973,--,--,--,--,--,--,--,--,--,--,--,--,--,--,--,--,--,--,--,--,--,--,--,--,--,--,--,--,--,--,--,--,--,--,--,--,--,--,--,--,--,--,--,--,--,--,136823
2026-05-04 16:48:05.974,--,--,--,--,--,--,--,--,--,--,--,--,--,--,--,--,--,--,--,--,--,--,--,--,--,--,--,--,--,--,--,--,--,--,--,--,--,--,--,--,--,--,--,--,--,--,136828
2026-05-04 16:48:05.975,--,--,--,--,--,--,--,--,--,--,--,--,--,--,--,--,--,--,--,--,--,--,--,--,--,--,--,--,--,--,--,--,--,--,--,--,--,--,--,--,--,--,--,--,--,--,136833
2026-05-04 16:48:05.978,--,--,--,--,--,--,--,--,--,--,--,--,--,--,--,--,--,--,--,--,--,--,--,--,--,--,--,--,--,--,--,--,--,--,--,--,--,--,--,--,--,--,--,--,--,--,136834
2026-05-04 16:48:06.085,--,--,--,--,--,--,--,--,--,--,--,--,--,--,--,--,--,--,--,--,--,--,--,--,--,--,--,--,--,--,--,--,--,--,--,--,--,--,--,--,--,--,--,--,--,--,136835
2026-05-04 16:48:06.128,--,--,--,--,--,--,--,--,--,--,--,--,--,--,--,--,--,--,--,--,--,--,--,--,--,--,--,--,--,--,--,--,--,--,--,--,--,--,--,--,--,--,--,--,--,--,136840
2026-05-04 16:48:06.184,--,--,--,--,--,--,--,--,--,--,--,--,--,--,--,--,--,--,--,--,--,--,--,--,--,--,--,--,--,--,--,--,--,--,--,--,--,--,--,--,--,--,--,--,--,--,136845
2026-05-04 16:48:06.242,--,--,--,--,--,--,--,--,--,--,--,--,--,--,--,--,--,--,--,--,--,--,--,--,--,--,--,--,--,--,--,--,--,--,--,--,--,--,--,--,--,--,--,--,--,--,136850
2026-05-04 16:48:06.280,--,--,--,--,--,--,--,--,--,--,--,--,--,--,--,--,--,--,--,--,--,--,--,--,--,--,--,--,--,--,--,--,--,--,--,--,--,--,--,--,--,--,--,--,--,--,136855
2026-05-04 16:48:06.339,--,--,--,--,--,--,--,--,--,--,--,--,--,--,--,--,--,--,--,--,--,--,--,--,--,--,--,--,--,--,--,--,--,--,--,--,--,--,--,--,--,--,--,--,--,--,136860
2026-05-04 16:48:06.379,--,--,--,--,--,--,--,--,--,--,--,--,--,--,--,--,--,--,--,--,--,--,--,--,--,--,--,--,--,--,--,--,--,--,--,--,--,--,--,--,--,--,--,--,--,--,136865
2026-05-04 16:48:06.424,--,--,--,--,--,--,--,--,--,--,--,--,--,--,--,--,--,--,--,--,--,--,--,--,--,--,--,--,--,--,--,--,--,--,--,--,--,--,--,--,--,--,--,--,--,--,136870
2026-05-04 16:48:06.493,--,--,--,--,--,--,--,--,--,--,--,--,--,--,--,--,--,--,--,--,--,--,--,--,--,--,--,--,--,--,--,--,--,--,--,--,--,--,--,--,--,--,--,--,--,--,136875
2026-05-04 16:48:06.495,--,--,--,--,--,--,--,--,--,--,--,--,--,--,--,--,--,--,--,--,--,--,--,--,--,--,--,--,--,--,--,--,--,--,--,--,--,--,--,--,--,--,--,--,--,--,136880
2026-05-04 16:48:06.497,--,--,--,--,--,--,--,--,--,--,--,--,--,--,--,--,--,--,--,--,--,--,--,--,--,--,--,--,--,--,--,--,--,--,--,--,--,--,--,--,--,--,--,--,--,--,136885
2026-05-04 16:48:06.499,--,--,--,--,--,--,--,--,--,--,--,--,--,--,--,--,--,--,--,--,--,--,--,--,--,--,--,--,--,--,--,--,--,--,--,--,--,--,--,--,--,--,--,--,--,--,136890
2026-05-04 16:48:06.501,--,--,--,--,--,--,--,--,--,--,--,--,--,--,--,--,--,--,--,--,--,--,--,--,--,--,--,--,--,--,--,--,--,--,--,--,--,--,--,--,--,--,--,--,--,--,136895
2026-05-04 16:48:06.502,--,--,--,--,--,--,--,--,--,--,--,--,--,--,--,--,--,--,--,--,--,--,--,--,--,--,--,--,--,--,--,--,--,--,--,--,--,--,--,--,--,--,--,--,--,--,136900
2026-05-04 16:48:06.504,--,--,--,--,--,--,--,--,--,--,--,--,--,--,--,--,--,--,--,--,--,--,--,--,--,--,--,--,--,--,--,--,--,--,--,--,--,--,--,--,--,--,--,--,--,--,136905
2026-05-04 16:48:06.505,--,--,--,--,--,--,--,--,--,--,--,--,--,--,--,--,--,--,--,--,--,--,--,--,--,--,--,--,--,--,--,--,--,--,--,--,--,--,--,--,--,--,--,--,--,--,136910
2026-05-04 16:48:06.507,--,--,--,--,--,--,--,--,--,--,--,--,--,--,--,--,--,--,--,--,--,--,--,--,--,--,--,--,--,--,--,--,--,--,--,--,--,--,--,--,--,--,--,--,--,--,136915
2026-05-04 16:48:06.510,--,--,--,--,--,--,--,--,--,--,--,--,--,--,--,--,--,--,--,--,--,--,--,--,--,--,--,--,--,--,--,--,--,--,--,--,--,--,--,--,--,--,--,--,--,--,136920
2026-05-04 16:48:06.511,--,--,--,--,--,--,--,--,--,--,--,--,--,--,--,--,--,--,--,--,--,--,--,--,--,--,--,--,--,--,--,--,--,--,--,--,--,--,--,--,--,--,--,--,--,--,136925
2026-05-04 16:48:06.513,--,--,--,--,--,--,--,--,--,--,--,--,--,--,--,--,--,--,--,--,--,--,--,--,--,--,--,--,--,--,--,--,--,--,--,--,--,--,--,--,--,--,--,--,--,--,136930
2026-05-04 16:48:06.572,--,--,--,--,--,--,--,--,--,--,--,--,--,--,--,--,--,--,--,--,--,--,--,--,--,--,--,--,--,--,--,--,--,--,--,--,--,--,--,--,--,--,--,--,--,--,139707
2026-05-04 16:48:06.647,--,--,--,--,--,--,--,--,--,--,--,--,--,--,--,--,--,--,--,--,--,--,--,--,--,--,--,--,--,--,--,--,--,--,--,--,--,--,--,--,--,--,--,--,--,--,139712
2026-05-04 16:48:06.733,--,--,--,--,--,--,--,--,--,--,--,--,--,--,--,--,--,--,--,--,--,--,--,--,--,--,--,--,--,--,--,--,--,--,--,--,--,--,--,--,--,--,--,--,--,--,139717
2026-05-04 16:48:06.735,--,--,--,--,--,--,--,--,--,--,--,--,--,--,--,--,--,--,--,--,--,--,--,--,--,--,--,--,--,--,--,--,--,--,--,--,--,--,--,--,--,--,--,--,--,--,139722
2026-05-04 16:48:06.736,--,--,--,--,--,--,--,--,--,--,--,--,--,--,--,--,--,--,--,--,--,--,--,--,--,--,--,--,--,--,--,--,--,--,--,--,--,--,--,--,--,--,--,--,--,--,139727
2026-05-04 16:48:06.737,--,--,--,--,--,--,--,--,--,--,--,--,--,--,--,--,--,--,--,--,--,--,--,--,--,--,--,--,--,--,--,--,--,--,--,--,--,--,--,--,--,--,--,--,--,--,139732
2026-05-04 16:48:06.738,--,--,--,--,--,--,--,--,--,--,--,--,--,--,--,--,--,--,--,--,--,--,--,--,--,--,--,--,--,--,--,--,--,--,--,--,--,--,--,--,--,--,--,--,--,--,139737
2026-05-04 16:48:06.740,--,--,--,--,--,--,--,--,--,--,--,--,--,--,--,--,--,--,--,--,--,--,--,--,--,--,--,--,--,--,--,--,--,--,--,--,--,--,--,--,--,--,--,--,--,--,139742
2026-05-04 16:48:06.742,--,--,--,--,--,--,--,--,--,--,--,--,--,--,--,--,--,--,--,--,--,--,--,--,--,--,--,--,--,--,--,--,--,--,--,--,--,--,--,--,--,--,--,--,--,--,139747
2026-05-04 16:48:06.743,--,--,--,--,--,--,--,--,--,--,--,--,--,--,--,--,--,--,--,--,--,--,--,--,--,--,--,--,--,--,--,--,--,--,--,--,--,--,--,--,--,--,--,--,--,--,139748
2026-05-04 16:48:06.847,--,--,--,--,--,--,--,--,--,--,--,--,--,--,--,--,--,--,--,--,--,--,--,--,--,--,--,--,--,--,--,--,--,--,--,--,--,--,--,--,--,--,--,--,--,--,139749
2026-05-04 16:48:06.902,--,--,--,--,--,--,--,--,--,--,--,--,--,--,--,--,--,--,--,--,--,--,--,--,--,--,--,--,--,--,--,--,--,--,--,--,--,--,--,--,--,--,--,--,--,--,139754
2026-05-04 16:48:06.924,--,--,--,--,--,--,--,--,--,--,--,--,--,--,--,--,--,--,--,--,--,--,--,--,--,--,--,--,--,--,--,--,--,--,--,--,--,--,--,--,--,--,--,--,--,--,139759
2026-05-04 16:48:06.990,--,--,--,--,--,--,--,--,--,--,--,--,--,--,--,--,--,--,--,--,--,--,--,--,--,--,--,--,--,--,--,--,--,--,--,--,--,--,--,--,--,--,--,--,--,--,139764
2026-05-04 16:48:07.060,--,--,--,--,--,--,--,--,--,--,--,--,--,--,--,--,--,--,--,--,--,--,--,--,--,--,--,--,--,--,--,--,--,--,--,--,--,--,--,--,--,--,--,--,--,--,139769
2026-05-04 16:48:07.113,--,--,--,--,--,--,--,--,--,--,--,--,--,--,--,--,--,--,--,--,--,--,--,--,--,--,--,--,--,--,--,--,--,--,--,--,--,--,--,--,--,--,--,--,--,--,139774
2026-05-04 16:48:07.146,--,--,--,--,--,--,--,--,--,--,--,--,--,--,--,--,--,--,--,--,--,--,--,--,--,--,--,--,--,--,--,--,--,--,--,--,--,--,--,--,--,--,--,--,--,--,139779
2026-05-04 16:48:07.202,--,--,--,--,--,--,--,--,--,--,--,--,--,--,--,--,--,--,--,--,--,--,--,--,--,--,--,--,--,--,--,--,--,--,--,--,--,--,--,--,--,--,--,--,--,--,139784
2026-05-04 16:48:07.221,--,--,--,--,--,--,--,--,--,--,--,--,--,--,--,--,--,--,--,--,--,--,--,--,--,--,--,--,--,--,--,--,--,--,--,--,--,--,--,--,--,--,--,--,--,--,139789
2026-05-04 16:48:07.222,--,--,--,--,--,--,--,--,--,--,--,--,--,--,--,--,--,--,--,--,--,--,--,--,--,--,--,--,--,--,--,--,--,--,--,--,--,--,--,--,--,--,--,--,--,--,139794
2026-05-04 16:48:07.223,--,--,--,--,--,--,--,--,--,--,--,--,--,--,--,--,--,--,--,--,--,--,--,--,--,--,--,--,--,--,--,--,--,--,--,--,--,--,--,--,--,--,--,--,--,--,139799
2026-05-04 16:48:07.223,--,--,--,--,--,--,--,--,--,--,--,--,--,--,--,--,--,--,--,--,--,--,--,--,--,--,--,--,--,--,--,--,--,--,--,--,--,--,--,--,--,--,--,--,--,--,139804
2026-05-04 16:48:07.225,--,--,--,--,--,--,--,--,--,--,--,--,--,--,--,--,--,--,--,--,--,--,--,--,--,--,--,--,--,--,--,--,--,--,--,--,--,--,--,--,--,--,--,--,--,--,139809
2026-05-04 16:48:07.226,--,--,--,--,--,--,--,--,--,--,--,--,--,--,--,--,--,--,--,--,--,--,--,--,--,--,--,--,--,--,--,--,--,--,--,--,--,--,--,--,--,--,--,--,--,--,139814
2026-05-04 16:48:07.228,--,--,--,--,--,--,--,--,--,--,--,--,--,--,--,--,--,--,--,--,--,--,--,--,--,--,--,--,--,--,--,--,--,--,--,--,--,--,--,--,--,--,--,--,--,--,139819
2026-05-04 16:48:07.230,--,--,--,--,--,--,--,--,--,--,--,--,--,--,--,--,--,--,--,--,--,--,--,--,--,--,--,--,--,--,--,--,--,--,--,--,--,--,--,--,--,--,--,--,--,--,139824
2026-05-04 16:48:07.232,--,--,--,--,--,--,--,--,--,--,--,--,--,--,--,--,--,--,--,--,--,--,--,--,--,--,--,--,--,--,--,--,--,--,--,--,--,--,--,--,--,--,--,--,--,--,139829
2026-05-04 16:48:07.234,--,--,--,--,--,--,--,--,--,--,--,--,--,--,--,--,--,--,--,--,--,--,--,--,--,--,--,--,--,--,--,--,--,--,--,--,--,--,--,--,--,--,--,--,--,--,139834
2026-05-04 16:48:07.235,--,--,--,--,--,--,--,--,--,--,--,--,--,--,--,--,--,--,--,--,--,--,--,--,--,--,--,--,--,--,--,--,--,--,--,--,--,--,--,--,--,--,--,--,--,--,139839
2026-05-04 16:48:07.236,--,--,--,--,--,--,--,--,--,--,--,--,--,--,--,--,--,--,--,--,--,--,--,--,--,--,--,--,--,--,--,--,--,--,--,--,--,--,--,--,--,--,--,--,--,--,139844
2026-05-04 16:48:07.287,--,--,--,--,--,--,--,--,--,--,--,--,--,--,--,--,--,--,--,--,--,--,--,--,--,--,--,--,--,--,--,--,--,--,--,--,--,--,--,--,--,--,--,--,--,--,142663
2026-05-04 16:48:07.355,--,--,--,--,--,--,--,--,--,--,--,--,--,--,--,--,--,--,--,--,--,--,--,--,--,--,--,--,--,--,--,--,--,--,--,--,--,--,--,--,--,--,--,--,--,--,142668
2026-05-04 16:48:07.412,--,--,--,--,--,--,--,--,--,--,--,--,--,--,--,--,--,--,--,--,--,--,--,--,--,--,--,--,--,--,--,--,--,--,--,--,--,--,--,--,--,--,--,--,--,--,142673
2026-05-04 16:48:07.447,--,--,--,--,--,--,--,--,--,--,--,--,--,--,--,--,--,--,--,--,--,--,--,--,--,--,--,--,--,--,--,--,--,--,--,--,--,--,--,--,--,--,--,--,--,--,142678
2026-05-04 16:48:07.449,--,--,--,--,--,--,--,--,--,--,--,--,--,--,--,--,--,--,--,--,--,--,--,--,--,--,--,--,--,--,--,--,--,--,--,--,--,--,--,--,--,--,--,--,--,--,142683
2026-05-04 16:48:07.450,--,--,--,--,--,--,--,--,--,--,--,--,--,--,--,--,--,--,--,--,--,--,--,--,--,--,--,--,--,--,--,--,--,--,--,--,--,--,--,--,--,--,--,--,--,--,142688
2026-05-04 16:48:07.451,--,--,--,--,--,--,--,--,--,--,--,--,--,--,--,--,--,--,--,--,--,--,--,--,--,--,--,--,--,--,--,--,--,--,--,--,--,--,--,--,--,--,--,--,--,--,142693
2026-05-04 16:48:07.452,--,--,--,--,--,--,--,--,--,--,--,--,--,--,--,--,--,--,--,--,--,--,--,--,--,--,--,--,--,--,--,--,--,--,--,--,--,--,--,--,--,--,--,--,--,--,142698
2026-05-04 16:48:07.454,--,--,--,--,--,--,--,--,--,--,--,--,--,--,--,--,--,--,--,--,--,--,--,--,--,--,--,--,--,--,--,--,--,--,--,--,--,--,--,--,--,--,--,--,--,--,142703
2026-05-04 16:48:07.455,--,--,--,--,--,--,--,--,--,--,--,--,--,--,--,--,--,--,--,--,--,--,--,--,--,--,--,--,--,--,--,--,--,--,--,--,--,--,--,--,--,--,--,--,--,--,142704
2026-05-04 16:48:07.560,--,--,--,--,--,--,--,--,--,--,--,--,--,--,--,--,--,--,--,--,--,--,--,--,--,--,--,--,--,--,--,--,--,--,--,--,--,--,--,--,--,--,--,--,--,--,142705
2026-05-04 16:48:07.596,--,--,--,--,--,--,--,--,--,--,--,--,--,--,--,--,--,--,--,--,--,--,--,--,--,--,--,--,--,--,--,--,--,--,--,--,--,--,--,--,--,--,--,--,--,--,142710
2026-05-04 16:48:07.646,--,--,--,--,--,--,--,--,--,--,--,--,--,--,--,--,--,--,--,--,--,--,--,--,--,--,--,--,--,--,--,--,--,--,--,--,--,--,--,--,--,--,--,--,--,--,142715
2026-05-04 16:48:07.715,--,--,--,--,--,--,--,--,--,--,--,--,--,--,--,--,--,--,--,--,--,--,--,--,--,--,--,--,--,--,--,--,--,--,--,--,--,--,--,--,--,--,--,--,--,--,142720
2026-05-04 16:48:07.750,--,--,--,--,--,--,--,--,--,--,--,--,--,--,--,--,--,--,--,--,--,--,--,--,--,--,--,--,--,--,--,--,--,--,--,--,--,--,--,--,--,--,--,--,--,--,142725
2026-05-04 16:48:07.787,--,--,--,--,--,--,--,--,--,--,--,--,--,--,--,--,--,--,--,--,--,--,--,--,--,--,--,--,--,--,--,--,--,--,--,--,--,--,--,--,--,--,--,--,--,--,142730
2026-05-04 16:48:07.854,--,--,--,--,--,--,--,--,--,--,--,--,--,--,--,--,--,--,--,--,--,--,--,--,--,--,--,--,--,--,--,--,--,--,--,--,--,--,--,--,--,--,--,--,--,--,142735
2026-05-04 16:48:07.904,--,--,--,--,--,--,--,--,--,--,--,--,--,--,--,--,--,--,--,--,--,--,--,--,--,--,--,--,--,--,--,--,--,--,--,--,--,--,--,--,--,--,--,--,--,--,142740
2026-05-04 16:48:07.905,--,--,--,--,--,--,--,--,--,--,--,--,--,--,--,--,--,--,--,--,--,--,--,--,--,--,--,--,--,--,--,--,--,--,--,--,--,--,--,--,--,--,--,--,--,--,142745
2026-05-04 16:48:07.906,--,--,--,--,--,--,--,--,--,--,--,--,--,--,--,--,--,--,--,--,--,--,--,--,--,--,--,--,--,--,--,--,--,--,--,--,--,--,--,--,--,--,--,--,--,--,142750
2026-05-04 16:48:07.908,--,--,--,--,--,--,--,--,--,--,--,--,--,--,--,--,--,--,--,--,--,--,--,--,--,--,--,--,--,--,--,--,--,--,--,--,--,--,--,--,--,--,--,--,--,--,142755
2026-05-04 16:48:07.910,--,--,--,--,--,--,--,--,--,--,--,--,--,--,--,--,--,--,--,--,--,--,--,--,--,--,--,--,--,--,--,--,--,--,--,--,--,--,--,--,--,--,--,--,--,--,142760
2026-05-04 16:48:07.911,--,--,--,--,--,--,--,--,--,--,--,--,--,--,--,--,--,--,--,--,--,--,--,--,--,--,--,--,--,--,--,--,--,--,--,--,--,--,--,--,--,--,--,--,--,--,142765
2026-05-04 16:48:07.914,--,--,--,--,--,--,--,--,--,--,--,--,--,--,--,--,--,--,--,--,--,--,--,--,--,--,--,--,--,--,--,--,--,--,--,--,--,--,--,--,--,--,--,--,--,--,142770
2026-05-04 16:48:07.916,--,--,--,--,--,--,--,--,--,--,--,--,--,--,--,--,--,--,--,--,--,--,--,--,--,--,--,--,--,--,--,--,--,--,--,--,--,--,--,--,--,--,--,--,--,--,142775
2026-05-04 16:48:07.918,--,--,--,--,--,--,--,--,--,--,--,--,--,--,--,--,--,--,--,--,--,--,--,--,--,--,--,--,--,--,--,--,--,--,--,--,--,--,--,--,--,--,--,--,--,--,142780
2026-05-04 16:48:07.920,--,--,--,--,--,--,--,--,--,--,--,--,--,--,--,--,--,--,--,--,--,--,--,--,--,--,--,--,--,--,--,--,--,--,--,--,--,--,--,--,--,--,--,--,--,--,142785
2026-05-04 16:48:07.920,--,--,--,--,--,--,--,--,--,--,--,--,--,--,--,--,--,--,--,--,--,--,--,--,--,--,--,--,--,--,--,--,--,--,--,--,--,--,--,--,--,--,--,--,--,--,142790
2026-05-04 16:48:07.922,--,--,--,--,--,--,--,--,--,--,--,--,--,--,--,--,--,--,--,--,--,--,--,--,--,--,--,--,--,--,--,--,--,--,--,--,--,--,--,--,--,--,--,--,--,--,142795
2026-05-04 16:48:07.924,--,--,--,--,--,--,--,--,--,--,--,--,--,--,--,--,--,--,--,--,--,--,--,--,--,--,--,--,--,--,--,--,--,--,--,--,--,--,--,--,--,--,--,--,--,--,142800
2026-05-04 16:48:07.975,--,--,--,--,--,--,--,--,--,--,--,--,--,--,--,--,--,--,--,--,--,--,--,--,--,--,--,--,--,--,--,--,--,--,--,--,--,--,--,--,--,--,--,--,--,--,145323
2026-05-04 16:48:08.015,--,--,--,--,--,--,--,--,--,--,--,--,--,--,--,--,--,--,--,--,--,--,--,--,--,--,--,--,--,--,--,--,--,--,--,--,--,--,--,--,--,--,--,--,--,--,145328
2026-05-04 16:48:08.088,--,--,--,--,--,--,--,--,--,--,--,--,--,--,--,--,--,--,--,--,--,--,--,--,--,--,--,--,--,--,--,--,--,--,--,--,--,--,--,--,--,--,--,--,--,--,145333
2026-05-04 16:48:08.160,--,--,--,--,--,--,--,--,--,--,--,--,--,--,--,--,--,--,--,--,--,--,--,--,--,--,--,--,--,--,--,--,--,--,--,--,--,--,--,--,--,--,--,--,--,--,145338
2026-05-04 16:48:08.217,--,--,--,--,--,--,--,--,--,--,--,--,--,--,--,--,--,--,--,--,--,--,--,--,--,--,--,--,--,--,--,--,--,--,--,--,--,--,--,--,--,--,--,--,--,--,145343
2026-05-04 16:48:08.265,--,--,--,--,--,--,--,--,--,--,--,--,--,--,--,--,--,--,--,--,--,--,--,--,--,--,--,--,--,--,--,--,--,--,--,--,--,--,--,--,--,--,--,--,--,--,145348
2026-05-04 16:48:08.283,--,--,--,--,--,--,--,--,--,--,--,--,--,--,--,--,--,--,--,--,--,--,--,--,--,--,--,--,--,--,--,--,--,--,--,--,--,--,--,--,--,--,--,--,--,--,145353
2026-05-04 16:48:08.285,--,--,--,--,--,--,--,--,--,--,--,--,--,--,--,--,--,--,--,--,--,--,--,--,--,--,--,--,--,--,--,--,--,--,--,--,--,--,--,--,--,--,--,--,--,--,145358
2026-05-04 16:48:08.287,--,--,--,--,--,--,--,--,--,--,--,--,--,--,--,--,--,--,--,--,--,--,--,--,--,--,--,--,--,--,--,--,--,--,--,--,--,--,--,--,--,--,--,--,--,--,145363
2026-05-04 16:48:08.288,--,--,--,--,--,--,--,--,--,--,--,--,--,--,--,--,--,--,--,--,--,--,--,--,--,--,--,--,--,--,--,--,--,--,--,--,--,--,--,--,--,--,--,--,--,--,145368
2026-05-04 16:48:08.289,--,--,--,--,--,--,--,--,--,--,--,--,--,--,--,--,--,--,--,--,--,--,--,--,--,--,--,--,--,--,--,--,--,--,--,--,--,--,--,--,--,--,--,--,--,--,145373
2026-05-04 16:48:08.291,--,--,--,--,--,--,--,--,--,--,--,--,--,--,--,--,--,--,--,--,--,--,--,--,--,--,--,--,--,--,--,--,--,--,--,--,--,--,--,--,--,--,--,--,--,--,145378
2026-05-04 16:48:08.293,--,--,--,--,--,--,--,--,--,--,--,--,--,--,--,--,--,--,--,--,--,--,--,--,--,--,--,--,--,--,--,--,--,--,--,--,--,--,--,--,--,--,--,--,--,--,145383
2026-05-04 16:48:08.295,--,--,--,--,--,--,--,--,--,--,--,--,--,--,--,--,--,--,--,--,--,--,--,--,--,--,--,--,--,--,--,--,--,--,--,--,--,--,--,--,--,--,--,--,--,--,145388
2026-05-04 16:48:08.296,--,--,--,--,--,--,--,--,--,--,--,--,--,--,--,--,--,--,--,--,--,--,--,--,--,--,--,--,--,--,--,--,--,--,--,--,--,--,--,--,--,--,--,--,--,--,145393
2026-05-04 16:48:08.297,--,--,--,--,--,--,--,--,--,--,--,--,--,--,--,--,--,--,--,--,--,--,--,--,--,--,--,--,--,--,--,--,--,--,--,--,--,--,--,--,--,--,--,--,--,--,145398
2026-05-04 16:48:08.299,--,--,--,--,--,--,--,--,--,--,--,--,--,--,--,--,--,--,--,--,--,--,--,--,--,--,--,--,--,--,--,--,--,--,--,--,--,--,--,--,--,--,--,--,--,--,145403
2026-05-04 16:48:08.300,--,--,--,--,--,--,--,--,--,--,--,--,--,--,--,--,--,--,--,--,--,--,--,--,--,--,--,--,--,--,--,--,--,--,--,--,--,--,--,--,--,--,--,--,--,--,145406
2026-05-04 16:48:08.441,--,--,--,--,--,--,--,--,--,--,--,--,--,--,--,--,--,--,--,--,--,--,--,--,--,--,--,--,--,--,--,--,--,--,--,--,--,--,--,--,--,--,--,--,--,--,145407
2026-05-04 16:48:08.498,--,--,--,--,--,--,--,--,--,--,--,--,--,--,--,--,--,--,--,--,--,--,--,--,--,--,--,--,--,--,--,--,--,--,--,--,--,--,--,--,--,--,--,--,--,--,145412
2026-05-04 16:48:08.534,--,--,--,--,--,--,--,--,--,--,--,--,--,--,--,--,--,--,--,--,--,--,--,--,--,--,--,--,--,--,--,--,--,--,--,--,--,--,--,--,--,--,--,--,--,--,145417
2026-05-04 16:48:08.588,--,--,--,--,--,--,--,--,--,--,--,--,--,--,--,--,--,--,--,--,--,--,--,--,--,--,--,--,--,--,--,--,--,--,--,--,--,--,--,--,--,--,--,--,--,--,145422
2026-05-04 16:48:08.628,--,--,--,--,--,--,--,--,--,--,--,--,--,--,--,--,--,--,--,--,--,--,--,--,--,--,--,--,--,--,--,--,--,--,--,--,--,--,--,--,--,--,--,--,--,--,145427
2026-05-04 16:48:08.663,--,--,--,--,--,--,--,--,--,--,--,--,--,--,--,--,--,--,--,--,--,--,--,--,--,--,--,--,--,--,--,--,--,--,--,--,--,--,--,--,--,--,--,--,--,--,145432
2026-05-04 16:48:08.718,--,--,--,--,--,--,--,--,--,--,--,--,--,--,--,--,--,--,--,--,--,--,--,--,--,--,--,--,--,--,--,--,--,--,--,--,--,--,--,--,--,--,--,--,--,--,145437
2026-05-04 16:48:08.768,--,--,--,--,--,--,--,--,--,--,--,--,--,--,--,--,--,--,--,--,--,--,--,--,--,--,--,--,--,--,--,--,--,--,--,--,--,--,--,--,--,--,--,--,--,--,145442
2026-05-04 16:48:08.788,--,--,--,--,--,--,--,--,--,--,--,--,--,--,--,--,--,--,--,--,--,--,--,--,--,--,--,--,--,--,--,--,--,--,--,--,--,--,--,--,--,--,--,--,--,--,145447
2026-05-04 16:48:08.789,--,--,--,--,--,--,--,--,--,--,--,--,--,--,--,--,--,--,--,--,--,--,--,--,--,--,--,--,--,--,--,--,--,--,--,--,--,--,--,--,--,--,--,--,--,--,145452
2026-05-04 16:48:08.790,--,--,--,--,--,--,--,--,--,--,--,--,--,--,--,--,--,--,--,--,--,--,--,--,--,--,--,--,--,--,--,--,--,--,--,--,--,--,--,--,--,--,--,--,--,--,145457
2026-05-04 16:48:08.793,--,--,--,--,--,--,--,--,--,--,--,--,--,--,--,--,--,--,--,--,--,--,--,--,--,--,--,--,--,--,--,--,--,--,--,--,--,--,--,--,--,--,--,--,--,--,145462
2026-05-04 16:48:08.794,--,--,--,--,--,--,--,--,--,--,--,--,--,--,--,--,--,--,--,--,--,--,--,--,--,--,--,--,--,--,--,--,--,--,--,--,--,--,--,--,--,--,--,--,--,--,145467
2026-05-04 16:48:08.796,--,--,--,--,--,--,--,--,--,--,--,--,--,--,--,--,--,--,--,--,--,--,--,--,--,--,--,--,--,--,--,--,--,--,--,--,--,--,--,--,--,--,--,--,--,--,145472
2026-05-04 16:48:08.797,--,--,--,--,--,--,--,--,--,--,--,--,--,--,--,--,--,--,--,--,--,--,--,--,--,--,--,--,--,--,--,--,--,--,--,--,--,--,--,--,--,--,--,--,--,--,145477
2026-05-04 16:48:08.798,--,--,--,--,--,--,--,--,--,--,--,--,--,--,--,--,--,--,--,--,--,--,--,--,--,--,--,--,--,--,--,--,--,--,--,--,--,--,--,--,--,--,--,--,--,--,145482
2026-05-04 16:48:08.800,--,--,--,--,--,--,--,--,--,--,--,--,--,--,--,--,--,--,--,--,--,--,--,--,--,--,--,--,--,--,--,--,--,--,--,--,--,--,--,--,--,--,--,--,--,--,145487
2026-05-04 16:48:08.801,--,--,--,--,--,--,--,--,--,--,--,--,--,--,--,--,--,--,--,--,--,--,--,--,--,--,--,--,--,--,--,--,--,--,--,--,--,--,--,--,--,--,--,--,--,--,145492
2026-05-04 16:48:08.803,--,--,--,--,--,--,--,--,--,--,--,--,--,--,--,--,--,--,--,--,--,--,--,--,--,--,--,--,--,--,--,--,--,--,--,--,--,--,--,--,--,--,--,--,--,--,145497
2026-05-04 16:48:08.805,--,--,--,--,--,--,--,--,--,--,--,--,--,--,--,--,--,--,--,--,--,--,--,--,--,--,--,--,--,--,--,--,--,--,--,--,--,--,--,--,--,--,--,--,--,--,145502
2026-05-04 16:48:08.852,--,--,--,--,--,--,--,--,--,--,--,--,--,--,--,--,--,--,--,--,--,--,--,--,--,--,--,--,--,--,--,--,--,--,--,--,--,--,--,--,--,--,--,--,--,--,148279
2026-05-04 16:48:08.909,--,--,--,--,--,--,--,--,--,--,--,--,--,--,--,--,--,--,--,--,--,--,--,--,--,--,--,--,--,--,--,--,--,--,--,--,--,--,--,--,--,--,--,--,--,--,148284
2026-05-04 16:48:08.948,--,--,--,--,--,--,--,--,--,--,--,--,--,--,--,--,--,--,--,--,--,--,--,--,--,--,--,--,--,--,--,--,--,--,--,--,--,--,--,--,--,--,--,--,--,--,148289
2026-05-04 16:48:09.020,--,--,--,--,--,--,--,--,--,--,--,--,--,--,--,--,--,--,--,--,--,--,--,--,--,--,--,--,--,--,--,--,--,--,--,--,--,--,--,--,--,--,--,--,--,--,148294
2026-05-04 16:48:09.022,--,--,--,--,--,--,--,--,--,--,--,--,--,--,--,--,--,--,--,--,--,--,--,--,--,--,--,--,--,--,--,--,--,--,--,--,--,--,--,--,--,--,--,--,--,--,148299
2026-05-04 16:48:09.023,--,--,--,--,--,--,--,--,--,--,--,--,--,--,--,--,--,--,--,--,--,--,--,--,--,--,--,--,--,--,--,--,--,--,--,--,--,--,--,--,--,--,--,--,--,--,148304
2026-05-04 16:48:09.024,--,--,--,--,--,--,--,--,--,--,--,--,--,--,--,--,--,--,--,--,--,--,--,--,--,--,--,--,--,--,--,--,--,--,--,--,--,--,--,--,--,--,--,--,--,--,148309
2026-05-04 16:48:09.026,--,--,--,--,--,--,--,--,--,--,--,--,--,--,--,--,--,--,--,--,--,--,--,--,--,--,--,--,--,--,--,--,--,--,--,--,--,--,--,--,--,--,--,--,--,--,148314
2026-05-04 16:48:09.027,--,--,--,--,--,--,--,--,--,--,--,--,--,--,--,--,--,--,--,--,--,--,--,--,--,--,--,--,--,--,--,--,--,--,--,--,--,--,--,--,--,--,--,--,--,--,148319
2026-05-04 16:48:09.028,--,--,--,--,--,--,--,--,--,--,--,--,--,--,--,--,--,--,--,--,--,--,--,--,--,--,--,--,--,--,--,--,--,--,--,--,--,--,--,--,--,--,--,--,--,--,148320
2026-05-04 16:48:09.146,--,--,--,--,--,--,--,--,--,--,--,--,--,--,--,--,--,--,--,--,--,--,--,--,--,--,--,--,--,--,--,--,--,--,--,--,--,--,--,--,--,--,--,--,--,--,148321
2026-05-04 16:48:09.188,--,--,--,--,--,--,--,--,--,--,--,--,--,--,--,--,--,--,--,--,--,--,--,--,--,--,--,--,--,--,--,--,--,--,--,--,--,--,--,--,--,--,--,--,--,--,148326
2026-05-04 16:48:09.227,--,--,--,--,--,--,--,--,--,--,--,--,--,--,--,--,--,--,--,--,--,--,--,--,--,--,--,--,--,--,--,--,--,--,--,--,--,--,--,--,--,--,--,--,--,--,148331
2026-05-04 16:48:09.267,--,--,--,--,--,--,--,--,--,--,--,--,--,--,--,--,--,--,--,--,--,--,--,--,--,--,--,--,--,--,--,--,--,--,--,--,--,--,--,--,--,--,--,--,--,--,148336
2026-05-04 16:48:09.321,--,--,--,--,--,--,--,--,--,--,--,--,--,--,--,--,--,--,--,--,--,--,--,--,--,--,--,--,--,--,--,--,--,--,--,--,--,--,--,--,--,--,--,--,--,--,148341
2026-05-04 16:48:09.372,--,--,--,--,--,--,--,--,--,--,--,--,--,--,--,--,--,--,--,--,--,--,--,--,--,--,--,--,--,--,--,--,--,--,--,--,--,--,--,--,--,--,--,--,--,--,148346
2026-05-04 16:48:09.443,--,--,--,--,--,--,--,--,--,--,--,--,--,--,--,--,--,--,--,--,--,--,--,--,--,--,--,--,--,--,--,--,--,--,--,--,--,--,--,--,--,--,--,--,--,--,148351
2026-05-04 16:48:09.495,--,--,--,--,--,--,--,--,--,--,--,--,--,--,--,--,--,--,--,--,--,--,--,--,--,--,--,--,--,--,--,--,--,--,--,--,--,--,--,--,--,--,--,--,--,--,148356
2026-05-04 16:48:09.497,--,--,--,--,--,--,--,--,--,--,--,--,--,--,--,--,--,--,--,--,--,--,--,--,--,--,--,--,--,--,--,--,--,--,--,--,--,--,--,--,--,--,--,--,--,--,148361
2026-05-04 16:48:09.500,--,--,--,--,--,--,--,--,--,--,--,--,--,--,--,--,--,--,--,--,--,--,--,--,--,--,--,--,--,--,--,--,--,--,--,--,--,--,--,--,--,--,--,--,--,--,148366
2026-05-04 16:48:09.502,--,--,--,--,--,--,--,--,--,--,--,--,--,--,--,--,--,--,--,--,--,--,--,--,--,--,--,--,--,--,--,--,--,--,--,--,--,--,--,--,--,--,--,--,--,--,148371
2026-05-04 16:48:09.504,--,--,--,--,--,--,--,--,--,--,--,--,--,--,--,--,--,--,--,--,--,--,--,--,--,--,--,--,--,--,--,--,--,--,--,--,--,--,--,--,--,--,--,--,--,--,148376
2026-05-04 16:48:09.506,--,--,--,--,--,--,--,--,--,--,--,--,--,--,--,--,--,--,--,--,--,--,--,--,--,--,--,--,--,--,--,--,--,--,--,--,--,--,--,--,--,--,--,--,--,--,148381
2026-05-04 16:48:09.507,--,--,--,--,--,--,--,--,--,--,--,--,--,--,--,--,--,--,--,--,--,--,--,--,--,--,--,--,--,--,--,--,--,--,--,--,--,--,--,--,--,--,--,--,--,--,148386
2026-05-04 16:48:09.509,--,--,--,--,--,--,--,--,--,--,--,--,--,--,--,--,--,--,--,--,--,--,--,--,--,--,--,--,--,--,--,--,--,--,--,--,--,--,--,--,--,--,--,--,--,--,148391
2026-05-04 16:48:09.511,--,--,--,--,--,--,--,--,--,--,--,--,--,--,--,--,--,--,--,--,--,--,--,--,--,--,--,--,--,--,--,--,--,--,--,--,--,--,--,--,--,--,--,--,--,--,148396
2026-05-04 16:48:09.513,--,--,--,--,--,--,--,--,--,--,--,--,--,--,--,--,--,--,--,--,--,--,--,--,--,--,--,--,--,--,--,--,--,--,--,--,--,--,--,--,--,--,--,--,--,--,148401
2026-05-04 16:48:09.514,--,--,--,--,--,--,--,--,--,--,--,--,--,--,--,--,--,--,--,--,--,--,--,--,--,--,--,--,--,--,--,--,--,--,--,--,--,--,--,--,--,--,--,--,--,--,148406
2026-05-04 16:48:09.517,--,--,--,--,--,--,--,--,--,--,--,--,--,--,--,--,--,--,--,--,--,--,--,--,--,--,--,--,--,--,--,--,--,--,--,--,--,--,--,--,--,--,--,--,--,--,148411
2026-05-04 16:48:09.519,--,--,--,--,--,--,--,--,--,--,--,--,--,--,--,--,--,--,--,--,--,--,--,--,--,--,--,--,--,--,--,--,--,--,--,--,--,--,--,--,--,--,--,--,--,--,148416
2026-05-04 16:48:09.548,--,--,--,--,--,--,--,--,--,--,--,--,--,--,--,--,--,--,--,--,--,--,--,--,--,--,--,--,--,--,--,--,--,--,--,--,--,--,--,--,--,--,--,--,--,--,151066
2026-05-04 16:48:09.603,--,--,--,--,--,--,--,--,--,--,--,--,--,--,--,--,--,--,--,--,--,--,--,--,--,--,--,--,--,--,--,--,--,--,--,--,--,--,--,--,--,--,--,--,--,--,151071
2026-05-04 16:48:09.671,--,--,--,--,--,--,--,--,--,--,--,--,--,--,--,--,--,--,--,--,--,--,--,--,--,--,--,--,--,--,--,--,--,--,--,--,--,--,--,--,--,--,--,--,--,--,151076
2026-05-04 16:48:09.750,--,--,--,--,--,--,--,--,--,--,--,--,--,--,--,--,--,--,--,--,--,--,--,--,--,--,--,--,--,--,--,--,--,--,--,--,--,--,--,--,--,--,--,--,--,--,151081
2026-05-04 16:48:09.819,--,--,--,--,--,--,--,--,--,--,--,--,--,--,--,--,--,--,--,--,--,--,--,--,--,--,--,--,--,--,--,--,--,--,--,--,--,--,--,--,--,--,--,--,--,--,151086
2026-05-04 16:48:09.869,--,--,--,--,--,--,--,--,--,--,--,--,--,--,--,--,--,--,--,--,--,--,--,--,--,--,--,--,--,--,--,--,--,--,--,--,--,--,--,--,--,--,--,--,--,--,151091
2026-05-04 16:48:09.870,--,--,--,--,--,--,--,--,--,--,--,--,--,--,--,--,--,--,--,--,--,--,--,--,--,--,--,--,--,--,--,--,--,--,--,--,--,--,--,--,--,--,--,--,--,--,151096
2026-05-04 16:48:09.872,--,--,--,--,--,--,--,--,--,--,--,--,--,--,--,--,--,--,--,--,--,--,--,--,--,--,--,--,--,--,--,--,--,--,--,--,--,--,--,--,--,--,--,--,--,--,151101
2026-05-04 16:48:09.873,--,--,--,--,--,--,--,--,--,--,--,--,--,--,--,--,--,--,--,--,--,--,--,--,--,--,--,--,--,--,--,--,--,--,--,--,--,--,--,--,--,--,--,--,--,--,151106
2026-05-04 16:48:09.875,--,--,--,--,--,--,--,--,--,--,--,--,--,--,--,--,--,--,--,--,--,--,--,--,--,--,--,--,--,--,--,--,--,--,--,--,--,--,--,--,--,--,--,--,--,--,151111
2026-05-04 16:48:09.877,--,--,--,--,--,--,--,--,--,--,--,--,--,--,--,--,--,--,--,--,--,--,--,--,--,--,--,--,--,--,--,--,--,--,--,--,--,--,--,--,--,--,--,--,--,--,151116
2026-05-04 16:48:09.878,--,--,--,--,--,--,--,--,--,--,--,--,--,--,--,--,--,--,--,--,--,--,--,--,--,--,--,--,--,--,--,--,--,--,--,--,--,--,--,--,--,--,--,--,--,--,151121
2026-05-04 16:48:09.880,--,--,--,--,--,--,--,--,--,--,--,--,--,--,--,--,--,--,--,--,--,--,--,--,--,--,--,--,--,--,--,--,--,--,--,--,--,--,--,--,--,--,--,--,--,--,151126
2026-05-04 16:48:09.881,--,--,--,--,--,--,--,--,--,--,--,--,--,--,--,--,--,--,--,--,--,--,--,--,--,--,--,--,--,--,--,--,--,--,--,--,--,--,--,--,--,--,--,--,--,--,151131
2026-05-04 16:48:09.882,--,--,--,--,--,--,--,--,--,--,--,--,--,--,--,--,--,--,--,--,--,--,--,--,--,--,--,--,--,--,--,--,--,--,--,--,--,--,--,--,--,--,--,--,--,--,151136
2026-05-04 16:48:09.884,--,--,--,--,--,--,--,--,--,--,--,--,--,--,--,--,--,--,--,--,--,--,--,--,--,--,--,--,--,--,--,--,--,--,--,--,--,--,--,--,--,--,--,--,--,--,151141
2026-05-04 16:48:09.885,--,--,--,--,--,--,--,--,--,--,--,--,--,--,--,--,--,--,--,--,--,--,--,--,--,--,--,--,--,--,--,--,--,--,--,--,--,--,--,--,--,--,--,--,--,--,151146
2026-05-04 16:48:09.886,--,--,--,--,--,--,--,--,--,--,--,--,--,--,--,--,--,--,--,--,--,--,--,--,--,--,--,--,--,--,--,--,--,--,--,--,--,--,--,--,--,--,--,--,--,--,151149
2026-05-04 16:48:10.038,--,--,--,--,--,--,--,--,--,--,--,--,--,--,--,--,--,--,--,--,--,--,--,--,--,--,--,--,--,--,--,--,--,--,--,--,--,--,--,--,--,--,--,--,--,--,151150
2026-05-04 16:48:10.091,--,--,--,--,--,--,--,--,--,--,--,--,--,--,--,--,--,--,--,--,--,--,--,--,--,--,--,--,--,--,--,--,--,--,--,--,--,--,--,--,--,--,--,--,--,--,151155
2026-05-04 16:48:10.143,--,--,--,--,--,--,--,--,--,--,--,--,--,--,--,--,--,--,--,--,--,--,--,--,--,--,--,--,--,--,--,--,--,--,--,--,--,--,--,--,--,--,--,--,--,--,151160
2026-05-04 16:48:10.178,--,--,--,--,--,--,--,--,--,--,--,--,--,--,--,--,--,--,--,--,--,--,--,--,--,--,--,--,--,--,--,--,--,--,--,--,--,--,--,--,--,--,--,--,--,--,151165
2026-05-04 16:48:10.239,--,--,--,--,--,--,--,--,--,--,--,--,--,--,--,--,--,--,--,--,--,--,--,--,--,--,--,--,--,--,--,--,--,--,--,--,--,--,--,--,--,--,--,--,--,--,151170
2026-05-04 16:48:10.279,--,--,--,--,--,--,--,--,--,--,--,--,--,--,--,--,--,--,--,--,--,--,--,--,--,--,--,--,--,--,--,--,--,--,--,--,--,--,--,--,--,--,--,--,--,--,151175
2026-05-04 16:48:10.335,--,--,--,--,--,--,--,--,--,--,--,--,--,--,--,--,--,--,--,--,--,--,--,--,--,--,--,--,--,--,--,--,--,--,--,--,--,--,--,--,--,--,--,--,--,--,151180
2026-05-04 16:48:10.388,--,--,--,--,--,--,--,--,--,--,--,--,--,--,--,--,--,--,--,--,--,--,--,--,--,--,--,--,--,--,--,--,--,--,--,--,--,--,--,--,--,--,--,--,--,--,151185
2026-05-04 16:48:10.423,--,--,--,--,--,--,--,--,--,--,--,--,--,--,--,--,--,--,--,--,--,--,--,--,--,--,--,--,--,--,--,--,--,--,--,--,--,--,--,--,--,--,--,--,--,--,151190
2026-05-04 16:48:10.425,--,--,--,--,--,--,--,--,--,--,--,--,--,--,--,--,--,--,--,--,--,--,--,--,--,--,--,--,--,--,--,--,--,--,--,--,--,--,--,--,--,--,--,--,--,--,151195
2026-05-04 16:48:10.426,--,--,--,--,--,--,--,--,--,--,--,--,--,--,--,--,--,--,--,--,--,--,--,--,--,--,--,--,--,--,--,--,--,--,--,--,--,--,--,--,--,--,--,--,--,--,151200
2026-05-04 16:48:10.428,--,--,--,--,--,--,--,--,--,--,--,--,--,--,--,--,--,--,--,--,--,--,--,--,--,--,--,--,--,--,--,--,--,--,--,--,--,--,--,--,--,--,--,--,--,--,151205
2026-05-04 16:48:10.429,--,--,--,--,--,--,--,--,--,--,--,--,--,--,--,--,--,--,--,--,--,--,--,--,--,--,--,--,--,--,--,--,--,--,--,--,--,--,--,--,--,--,--,--,--,--,151210
2026-05-04 16:48:10.430,--,--,--,--,--,--,--,--,--,--,--,--,--,--,--,--,--,--,--,--,--,--,--,--,--,--,--,--,--,--,--,--,--,--,--,--,--,--,--,--,--,--,--,--,--,--,151215
2026-05-04 16:48:10.431,--,--,--,--,--,--,--,--,--,--,--,--,--,--,--,--,--,--,--,--,--,--,--,--,--,--,--,--,--,--,--,--,--,--,--,--,--,--,--,--,--,--,--,--,--,--,151220
2026-05-04 16:48:10.432,--,--,--,--,--,--,--,--,--,--,--,--,--,--,--,--,--,--,--,--,--,--,--,--,--,--,--,--,--,--,--,--,--,--,--,--,--,--,--,--,--,--,--,--,--,--,151225
2026-05-04 16:48:10.434,--,--,--,--,--,--,--,--,--,--,--,--,--,--,--,--,--,--,--,--,--,--,--,--,--,--,--,--,--,--,--,--,--,--,--,--,--,--,--,--,--,--,--,--,--,--,151230
2026-05-04 16:48:10.436,--,--,--,--,--,--,--,--,--,--,--,--,--,--,--,--,--,--,--,--,--,--,--,--,--,--,--,--,--,--,--,--,--,--,--,--,--,--,--,--,--,--,--,--,--,--,151235
2026-05-04 16:48:10.438,--,--,--,--,--,--,--,--,--,--,--,--,--,--,--,--,--,--,--,--,--,--,--,--,--,--,--,--,--,--,--,--,--,--,--,--,--,--,--,--,--,--,--,--,--,--,151240
2026-05-04 16:48:10.439,--,--,--,--,--,--,--,--,--,--,--,--,--,--,--,--,--,--,--,--,--,--,--,--,--,--,--,--,--,--,--,--,--,--,--,--,--,--,--,--,--,--,--,--,--,--,151245
2026-05-04 16:48:10.487,--,--,--,--,--,--,--,--,--,--,--,--,--,--,--,--,--,--,--,--,--,--,--,--,--,--,--,--,--,--,--,--,--,--,--,--,--,--,--,--,--,--,--,--,--,--,154782
2026-05-04 16:48:10.562,--,--,--,--,--,--,--,--,--,--,--,--,--,--,--,--,--,--,--,--,--,--,--,--,--,--,--,--,--,--,--,--,--,--,--,--,--,--,--,--,--,--,--,--,--,--,154787
2026-05-04 16:48:10.643,--,--,--,--,--,--,--,--,--,--,--,--,--,--,--,--,--,--,--,--,--,--,--,--,--,--,--,--,--,--,--,--,--,--,--,--,--,--,--,--,--,--,--,--,--,--,154792
2026-05-04 16:48:10.644,--,--,--,--,--,--,--,--,--,--,--,--,--,--,--,--,--,--,--,--,--,--,--,--,--,--,--,--,--,--,--,--,--,--,--,--,--,--,--,--,--,--,--,--,--,--,154797
2026-05-04 16:48:10.646,--,--,--,--,--,--,--,--,--,--,--,--,--,--,--,--,--,--,--,--,--,--,--,--,--,--,--,--,--,--,--,--,--,--,--,--,--,--,--,--,--,--,--,--,--,--,154802
2026-05-04 16:48:10.647,--,--,--,--,--,--,--,--,--,--,--,--,--,--,--,--,--,--,--,--,--,--,--,--,--,--,--,--,--,--,--,--,--,--,--,--,--,--,--,--,--,--,--,--,--,--,154807
2026-05-04 16:48:10.648,--,--,--,--,--,--,--,--,--,--,--,--,--,--,--,--,--,--,--,--,--,--,--,--,--,--,--,--,--,--,--,--,--,--,--,--,--,--,--,--,--,--,--,--,--,--,154812
2026-05-04 16:48:10.649,--,--,--,--,--,--,--,--,--,--,--,--,--,--,--,--,--,--,--,--,--,--,--,--,--,--,--,--,--,--,--,--,--,--,--,--,--,--,--,--,--,--,--,--,--,--,154817
2026-05-04 16:48:10.651,--,--,--,--,--,--,--,--,--,--,--,--,--,--,--,--,--,--,--,--,--,--,--,--,--,--,--,--,--,--,--,--,--,--,--,--,--,--,--,--,--,--,--,--,--,--,154822
2026-05-04 16:48:10.653,--,--,--,--,--,--,--,--,--,--,--,--,--,--,--,--,--,--,--,--,--,--,--,--,--,--,--,--,--,--,--,--,--,--,--,--,--,--,--,--,--,--,--,--,--,--,154823
2026-05-04 16:48:10.775,--,--,--,--,--,--,--,--,--,--,--,--,--,--,--,--,--,--,--,--,--,--,--,--,--,--,--,--,--,--,--,--,--,--,--,--,--,--,--,--,--,--,--,--,--,--,154824
2026-05-04 16:48:10.871,--,--,--,--,--,--,--,--,--,--,--,--,--,--,--,--,--,--,--,--,--,--,--,--,--,--,--,--,--,--,--,--,--,--,--,--,--,--,--,--,--,--,--,--,--,--,154829
2026-05-04 16:48:10.943,--,--,--,--,--,--,--,--,--,--,--,--,--,--,--,--,--,--,--,--,--,--,--,--,--,--,--,--,--,--,--,--,--,--,--,--,--,--,--,--,--,--,--,--,--,--,154834
2026-05-04 16:48:11.001,--,--,--,--,--,--,--,--,--,--,--,--,--,--,--,--,--,--,--,--,--,--,--,--,--,--,--,--,--,--,--,--,--,--,--,--,--,--,--,--,--,--,--,--,--,--,154839
2026-05-04 16:48:11.076,--,--,--,--,--,--,--,--,--,--,--,--,--,--,--,--,--,--,--,--,--,--,--,--,--,--,--,--,--,--,--,--,--,--,--,--,--,--,--,--,--,--,--,--,--,--,154844
2026-05-04 16:48:11.127,--,--,--,--,--,--,--,--,--,--,--,--,--,--,--,--,--,--,--,--,--,--,--,--,--,--,--,--,--,--,--,--,--,--,--,--,--,--,--,--,--,--,--,--,--,--,154849
2026-05-04 16:48:11.128,--,--,--,--,--,--,--,--,--,--,--,--,--,--,--,--,--,--,--,--,--,--,--,--,--,--,--,--,--,--,--,--,--,--,--,--,--,--,--,--,--,--,--,--,--,--,154854
2026-05-04 16:48:11.130,--,--,--,--,--,--,--,--,--,--,--,--,--,--,--,--,--,--,--,--,--,--,--,--,--,--,--,--,--,--,--,--,--,--,--,--,--,--,--,--,--,--,--,--,--,--,154859
2026-05-04 16:48:11.131,--,--,--,--,--,--,--,--,--,--,--,--,--,--,--,--,--,--,--,--,--,--,--,--,--,--,--,--,--,--,--,--,--,--,--,--,--,--,--,--,--,--,--,--,--,--,154864
2026-05-04 16:48:11.132,--,--,--,--,--,--,--,--,--,--,--,--,--,--,--,--,--,--,--,--,--,--,--,--,--,--,--,--,--,--,--,--,--,--,--,--,--,--,--,--,--,--,--,--,--,--,154869
2026-05-04 16:48:11.133,--,--,--,--,--,--,--,--,--,--,--,--,--,--,--,--,--,--,--,--,--,--,--,--,--,--,--,--,--,--,--,--,--,--,--,--,--,--,--,--,--,--,--,--,--,--,154874
2026-05-04 16:48:11.135,--,--,--,--,--,--,--,--,--,--,--,--,--,--,--,--,--,--,--,--,--,--,--,--,--,--,--,--,--,--,--,--,--,--,--,--,--,--,--,--,--,--,--,--,--,--,154879
2026-05-04 16:48:11.136,--,--,--,--,--,--,--,--,--,--,--,--,--,--,--,--,--,--,--,--,--,--,--,--,--,--,--,--,--,--,--,--,--,--,--,--,--,--,--,--,--,--,--,--,--,--,154884
2026-05-04 16:48:11.138,--,--,--,--,--,--,--,--,--,--,--,--,--,--,--,--,--,--,--,--,--,--,--,--,--,--,--,--,--,--,--,--,--,--,--,--,--,--,--,--,--,--,--,--,--,--,154889
2026-05-04 16:48:11.139,--,--,--,--,--,--,--,--,--,--,--,--,--,--,--,--,--,--,--,--,--,--,--,--,--,--,--,--,--,--,--,--,--,--,--,--,--,--,--,--,--,--,--,--,--,--,154894
2026-05-04 16:48:11.141,--,--,--,--,--,--,--,--,--,--,--,--,--,--,--,--,--,--,--,--,--,--,--,--,--,--,--,--,--,--,--,--,--,--,--,--,--,--,--,--,--,--,--,--,--,--,154899
2026-05-04 16:48:11.143,--,--,--,--,--,--,--,--,--,--,--,--,--,--,--,--,--,--,--,--,--,--,--,--,--,--,--,--,--,--,--,--,--,--,--,--,--,--,--,--,--,--,--,--,--,--,154904
2026-05-04 16:48:11.144,--,--,--,--,--,--,--,--,--,--,--,--,--,--,--,--,--,--,--,--,--,--,--,--,--,--,--,--,--,--,--,--,--,--,--,--,--,--,--,--,--,--,--,--,--,--,154909
2026-05-04 16:48:11.146,--,--,--,--,--,--,--,--,--,--,--,--,--,--,--,--,--,--,--,--,--,--,--,--,--,--,--,--,--,--,--,--,--,--,--,--,--,--,--,--,--,--,--,--,--,--,154914
2026-05-04 16:48:11.147,--,--,--,--,--,--,--,--,--,--,--,--,--,--,--,--,--,--,--,--,--,--,--,--,--,--,--,--,--,--,--,--,--,--,--,--,--,--,--,--,--,--,--,--,--,--,154919
2026-05-04 16:48:11.177,--,--,--,--,--,--,--,--,--,--,--,--,--,--,--,--,--,--,--,--,--,--,--,--,--,--,--,--,--,--,--,--,--,--,--,--,--,--,--,--,--,--,--,--,--,--,157527
2026-05-04 16:48:11.264,--,--,--,--,--,--,--,--,--,--,--,--,--,--,--,--,--,--,--,--,--,--,--,--,--,--,--,--,--,--,--,--,--,--,--,--,--,--,--,--,--,--,--,--,--,--,157532
2026-05-04 16:48:11.330,--,--,--,--,--,--,--,--,--,--,--,--,--,--,--,--,--,--,--,--,--,--,--,--,--,--,--,--,--,--,--,--,--,--,--,--,--,--,--,--,--,--,--,--,--,--,157537
2026-05-04 16:48:11.396,--,--,--,--,--,--,--,--,--,--,--,--,--,--,--,--,--,--,--,--,--,--,--,--,--,--,--,--,--,--,--,--,--,--,--,--,--,--,--,--,--,--,--,--,--,--,157542
2026-05-04 16:48:11.480,--,--,--,--,--,--,--,--,--,--,--,--,--,--,--,--,--,--,--,--,--,--,--,--,--,--,--,--,--,--,--,--,--,--,--,--,--,--,--,--,--,--,--,--,--,--,157547
2026-05-04 16:48:11.481,--,--,--,--,--,--,--,--,--,--,--,--,--,--,--,--,--,--,--,--,--,--,--,--,--,--,--,--,--,--,--,--,--,--,--,--,--,--,--,--,--,--,--,--,--,--,157552
2026-05-04 16:48:11.482,--,--,--,--,--,--,--,--,--,--,--,--,--,--,--,--,--,--,--,--,--,--,--,--,--,--,--,--,--,--,--,--,--,--,--,--,--,--,--,--,--,--,--,--,--,--,157557
2026-05-04 16:48:11.484,--,--,--,--,--,--,--,--,--,--,--,--,--,--,--,--,--,--,--,--,--,--,--,--,--,--,--,--,--,--,--,--,--,--,--,--,--,--,--,--,--,--,--,--,--,--,157562
2026-05-04 16:48:11.486,--,--,--,--,--,--,--,--,--,--,--,--,--,--,--,--,--,--,--,--,--,--,--,--,--,--,--,--,--,--,--,--,--,--,--,--,--,--,--,--,--,--,--,--,--,--,157567
2026-05-04 16:48:11.488,--,--,--,--,--,--,--,--,--,--,--,--,--,--,--,--,--,--,--,--,--,--,--,--,--,--,--,--,--,--,--,--,--,--,--,--,--,--,--,--,--,--,--,--,--,--,157572
2026-05-04 16:48:11.488,--,--,--,--,--,--,--,--,--,--,--,--,--,--,--,--,--,--,--,--,--,--,--,--,--,--,--,--,--,--,--,--,--,--,--,--,--,--,--,--,--,--,--,--,--,--,157577
2026-05-04 16:48:11.490,--,--,--,--,--,--,--,--,--,--,--,--,--,--,--,--,--,--,--,--,--,--,--,--,--,--,--,--,--,--,--,--,--,--,--,--,--,--,--,--,--,--,--,--,--,--,157582
2026-05-04 16:48:11.492,--,--,--,--,--,--,--,--,--,--,--,--,--,--,--,--,--,--,--,--,--,--,--,--,--,--,--,--,--,--,--,--,--,--,--,--,--,--,--,--,--,--,--,--,--,--,157587
2026-05-04 16:48:11.495,--,--,--,--,--,--,--,--,--,--,--,--,--,--,--,--,--,--,--,--,--,--,--,--,--,--,--,--,--,--,--,--,--,--,--,--,--,--,--,--,--,--,--,--,--,--,157592
2026-05-04 16:48:11.497,--,--,--,--,--,--,--,--,--,--,--,--,--,--,--,--,--,--,--,--,--,--,--,--,--,--,--,--,--,--,--,--,--,--,--,--,--,--,--,--,--,--,--,--,--,--,157597
2026-05-04 16:48:11.499,--,--,--,--,--,--,--,--,--,--,--,--,--,--,--,--,--,--,--,--,--,--,--,--,--,--,--,--,--,--,--,--,--,--,--,--,--,--,--,--,--,--,--,--,--,--,157602
2026-05-04 16:48:11.500,--,--,--,--,--,--,--,--,--,--,--,--,--,--,--,--,--,--,--,--,--,--,--,--,--,--,--,--,--,--,--,--,--,--,--,--,--,--,--,--,--,--,--,--,--,--,157607
2026-05-04 16:48:11.501,--,--,--,--,--,--,--,--,--,--,--,--,--,--,--,--,--,--,--,--,--,--,--,--,--,--,--,--,--,--,--,--,--,--,--,--,--,--,--,--,--,--,--,--,--,--,157610
2026-05-04 16:48:11.654,--,--,--,--,--,--,--,--,--,--,--,--,--,--,--,--,--,--,--,--,--,--,--,--,--,--,--,--,--,--,--,--,--,--,--,--,--,--,--,--,--,--,--,--,--,--,157611
2026-05-04 16:48:11.691,--,--,--,--,--,--,--,--,--,--,--,--,--,--,--,--,--,--,--,--,--,--,--,--,--,--,--,--,--,--,--,--,--,--,--,--,--,--,--,--,--,--,--,--,--,--,157616
2026-05-04 16:48:11.728,--,--,--,--,--,--,--,--,--,--,--,--,--,--,--,--,--,--,--,--,--,--,--,--,--,--,--,--,--,--,--,--,--,--,--,--,--,--,--,--,--,--,--,--,--,--,157621
2026-05-04 16:48:11.789,--,--,--,--,--,--,--,--,--,--,--,--,--,--,--,--,--,--,--,--,--,--,--,--,--,--,--,--,--,--,--,--,--,--,--,--,--,--,--,--,--,--,--,--,--,--,157626
2026-05-04 16:48:11.842,--,--,--,--,--,--,--,--,--,--,--,--,--,--,--,--,--,--,--,--,--,--,--,--,--,--,--,--,--,--,--,--,--,--,--,--,--,--,--,--,--,--,--,--,--,--,157631
2026-05-04 16:48:11.878,--,--,--,--,--,--,--,--,--,--,--,--,--,--,--,--,--,--,--,--,--,--,--,--,--,--,--,--,--,--,--,--,--,--,--,--,--,--,--,--,--,--,--,--,--,--,157636
2026-05-04 16:48:11.941,--,--,--,--,--,--,--,--,--,--,--,--,--,--,--,--,--,--,--,--,--,--,--,--,--,--,--,--,--,--,--,--,--,--,--,--,--,--,--,--,--,--,--,--,--,--,157641
2026-05-04 16:48:11.991,--,--,--,--,--,--,--,--,--,--,--,--,--,--,--,--,--,--,--,--,--,--,--,--,--,--,--,--,--,--,--,--,--,--,--,--,--,--,--,--,--,--,--,--,--,--,157646
2026-05-04 16:48:12.010,--,--,--,--,--,--,--,--,--,--,--,--,--,--,--,--,--,--,--,--,--,--,--,--,--,--,--,--,--,--,--,--,--,--,--,--,--,--,--,--,--,--,--,--,--,--,157651
2026-05-04 16:48:12.012,--,--,--,--,--,--,--,--,--,--,--,--,--,--,--,--,--,--,--,--,--,--,--,--,--,--,--,--,--,--,--,--,--,--,--,--,--,--,--,--,--,--,--,--,--,--,157656
2026-05-04 16:48:12.014,--,--,--,--,--,--,--,--,--,--,--,--,--,--,--,--,--,--,--,--,--,--,--,--,--,--,--,--,--,--,--,--,--,--,--,--,--,--,--,--,--,--,--,--,--,--,157661
2026-05-04 16:48:12.016,--,--,--,--,--,--,--,--,--,--,--,--,--,--,--,--,--,--,--,--,--,--,--,--,--,--,--,--,--,--,--,--,--,--,--,--,--,--,--,--,--,--,--,--,--,--,157666
2026-05-04 16:48:12.017,--,--,--,--,--,--,--,--,--,--,--,--,--,--,--,--,--,--,--,--,--,--,--,--,--,--,--,--,--,--,--,--,--,--,--,--,--,--,--,--,--,--,--,--,--,--,157671
2026-05-04 16:48:12.019,--,--,--,--,--,--,--,--,--,--,--,--,--,--,--,--,--,--,--,--,--,--,--,--,--,--,--,--,--,--,--,--,--,--,--,--,--,--,--,--,--,--,--,--,--,--,157676
2026-05-04 16:48:12.020,--,--,--,--,--,--,--,--,--,--,--,--,--,--,--,--,--,--,--,--,--,--,--,--,--,--,--,--,--,--,--,--,--,--,--,--,--,--,--,--,--,--,--,--,--,--,157681
2026-05-04 16:48:12.022,--,--,--,--,--,--,--,--,--,--,--,--,--,--,--,--,--,--,--,--,--,--,--,--,--,--,--,--,--,--,--,--,--,--,--,--,--,--,--,--,--,--,--,--,--,--,157686
2026-05-04 16:48:12.024,--,--,--,--,--,--,--,--,--,--,--,--,--,--,--,--,--,--,--,--,--,--,--,--,--,--,--,--,--,--,--,--,--,--,--,--,--,--,--,--,--,--,--,--,--,--,157691
2026-05-04 16:48:12.024,--,--,--,--,--,--,--,--,--,--,--,--,--,--,--,--,--,--,--,--,--,--,--,--,--,--,--,--,--,--,--,--,--,--,--,--,--,--,--,--,--,--,--,--,--,--,157696
2026-05-04 16:48:12.027,--,--,--,--,--,--,--,--,--,--,--,--,--,--,--,--,--,--,--,--,--,--,--,--,--,--,--,--,--,--,--,--,--,--,--,--,--,--,--,--,--,--,--,--,--,--,157701
2026-05-04 16:48:12.028,--,--,--,--,--,--,--,--,--,--,--,--,--,--,--,--,--,--,--,--,--,--,--,--,--,--,--,--,--,--,--,--,--,--,--,--,--,--,--,--,--,--,--,--,--,--,157706
2026-05-04 16:48:12.076,--,--,--,--,--,--,--,--,--,--,--,--,--,--,--,--,--,--,--,--,--,--,--,--,--,--,--,--,--,--,--,--,--,--,--,--,--,--,--,--,--,--,--,--,--,--,161031
2026-05-04 16:48:12.166,--,--,--,--,--,--,--,--,--,--,--,--,--,--,--,--,--,--,--,--,--,--,--,--,--,--,--,--,--,--,--,--,--,--,--,--,--,--,--,--,--,--,--,--,--,--,161036
2026-05-04 16:48:12.235,--,--,--,--,--,--,--,--,--,--,--,--,--,--,--,--,--,--,--,--,--,--,--,--,--,--,--,--,--,--,--,--,--,--,--,--,--,--,--,--,--,--,--,--,--,--,161041
2026-05-04 16:48:12.236,--,--,--,--,--,--,--,--,--,--,--,--,--,--,--,--,--,--,--,--,--,--,--,--,--,--,--,--,--,--,--,--,--,--,--,--,--,--,--,--,--,--,--,--,--,--,161046
2026-05-04 16:48:12.238,--,--,--,--,--,--,--,--,--,--,--,--,--,--,--,--,--,--,--,--,--,--,--,--,--,--,--,--,--,--,--,--,--,--,--,--,--,--,--,--,--,--,--,--,--,--,161051
2026-05-04 16:48:12.239,--,--,--,--,--,--,--,--,--,--,--,--,--,--,--,--,--,--,--,--,--,--,--,--,--,--,--,--,--,--,--,--,--,--,--,--,--,--,--,--,--,--,--,--,--,--,161056
2026-05-04 16:48:12.241,--,--,--,--,--,--,--,--,--,--,--,--,--,--,--,--,--,--,--,--,--,--,--,--,--,--,--,--,--,--,--,--,--,--,--,--,--,--,--,--,--,--,--,--,--,--,161061
2026-05-04 16:48:12.241,--,--,--,--,--,--,--,--,--,--,--,--,--,--,--,--,--,--,--,--,--,--,--,--,--,--,--,--,--,--,--,--,--,--,--,--,--,--,--,--,--,--,--,--,--,--,161066
2026-05-04 16:48:12.242,--,--,--,--,--,--,--,--,--,--,--,--,--,--,--,--,--,--,--,--,--,--,--,--,--,--,--,--,--,--,--,--,--,--,--,--,--,--,--,--,--,--,--,--,--,--,161071
2026-05-04 16:48:12.243,--,--,--,--,--,--,--,--,--,--,--,--,--,--,--,--,--,--,--,--,--,--,--,--,--,--,--,--,--,--,--,--,--,--,--,--,--,--,--,--,--,--,--,--,--,--,161073
2026-05-04 16:48:12.398,--,--,--,--,--,--,--,--,--,--,--,--,--,--,--,--,--,--,--,--,--,--,--,--,--,--,--,--,--,--,--,--,--,--,--,--,--,--,--,--,--,--,--,--,--,--,161074
2026-05-04 16:48:12.433,--,--,--,--,--,--,--,--,--,--,--,--,--,--,--,--,--,--,--,--,--,--,--,--,--,--,--,--,--,--,--,--,--,--,--,--,--,--,--,--,--,--,--,--,--,--,161079
2026-05-04 16:48:12.491,--,--,--,--,--,--,--,--,--,--,--,--,--,--,--,--,--,--,--,--,--,--,--,--,--,--,--,--,--,--,--,--,--,--,--,--,--,--,--,--,--,--,--,--,--,--,161084
2026-05-04 16:48:12.547,--,--,--,--,--,--,--,--,--,--,--,--,--,--,--,--,--,--,--,--,--,--,--,--,--,--,--,--,--,--,--,--,--,--,--,--,--,--,--,--,--,--,--,--,--,--,161089
2026-05-04 16:48:12.601,--,--,--,--,--,--,--,--,--,--,--,--,--,--,--,--,--,--,--,--,--,--,--,--,--,--,--,--,--,--,--,--,--,--,--,--,--,--,--,--,--,--,--,--,--,--,161094
2026-05-04 16:48:12.659,--,--,--,--,--,--,--,--,--,--,--,--,--,--,--,--,--,--,--,--,--,--,--,--,--,--,--,--,--,--,--,--,--,--,--,--,--,--,--,--,--,--,--,--,--,--,161099
2026-05-04 16:48:12.708,--,--,--,--,--,--,--,--,--,--,--,--,--,--,--,--,--,--,--,--,--,--,--,--,--,--,--,--,--,--,--,--,--,--,--,--,--,--,--,--,--,--,--,--,--,--,161104
2026-05-04 16:48:12.743,--,--,--,--,--,--,--,--,--,--,--,--,--,--,--,--,--,--,--,--,--,--,--,--,--,--,--,--,--,--,--,--,--,--,--,--,--,--,--,--,--,--,--,--,--,--,161109
2026-05-04 16:48:12.744,--,--,--,--,--,--,--,--,--,--,--,--,--,--,--,--,--,--,--,--,--,--,--,--,--,--,--,--,--,--,--,--,--,--,--,--,--,--,--,--,--,--,--,--,--,--,161114
2026-05-04 16:48:12.745,--,--,--,--,--,--,--,--,--,--,--,--,--,--,--,--,--,--,--,--,--,--,--,--,--,--,--,--,--,--,--,--,--,--,--,--,--,--,--,--,--,--,--,--,--,--,161119
2026-05-04 16:48:12.747,--,--,--,--,--,--,--,--,--,--,--,--,--,--,--,--,--,--,--,--,--,--,--,--,--,--,--,--,--,--,--,--,--,--,--,--,--,--,--,--,--,--,--,--,--,--,161124
2026-05-04 16:48:12.748,--,--,--,--,--,--,--,--,--,--,--,--,--,--,--,--,--,--,--,--,--,--,--,--,--,--,--,--,--,--,--,--,--,--,--,--,--,--,--,--,--,--,--,--,--,--,161129
2026-05-04 16:48:12.750,--,--,--,--,--,--,--,--,--,--,--,--,--,--,--,--,--,--,--,--,--,--,--,--,--,--,--,--,--,--,--,--,--,--,--,--,--,--,--,--,--,--,--,--,--,--,161134
2026-05-04 16:48:12.753,--,--,--,--,--,--,--,--,--,--,--,--,--,--,--,--,--,--,--,--,--,--,--,--,--,--,--,--,--,--,--,--,--,--,--,--,--,--,--,--,--,--,--,--,--,--,161139
2026-05-04 16:48:12.756,--,--,--,--,--,--,--,--,--,--,--,--,--,--,--,--,--,--,--,--,--,--,--,--,--,--,--,--,--,--,--,--,--,--,--,--,--,--,--,--,--,--,--,--,--,--,161144
2026-05-04 16:48:12.758,--,--,--,--,--,--,--,--,--,--,--,--,--,--,--,--,--,--,--,--,--,--,--,--,--,--,--,--,--,--,--,--,--,--,--,--,--,--,--,--,--,--,--,--,--,--,161149
2026-05-04 16:48:12.759,--,--,--,--,--,--,--,--,--,--,--,--,--,--,--,--,--,--,--,--,--,--,--,--,--,--,--,--,--,--,--,--,--,--,--,--,--,--,--,--,--,--,--,--,--,--,161154
2026-05-04 16:48:12.760,--,--,--,--,--,--,--,--,--,--,--,--,--,--,--,--,--,--,--,--,--,--,--,--,--,--,--,--,--,--,--,--,--,--,--,--,--,--,--,--,--,--,--,--,--,--,161159
2026-05-04 16:48:12.762,--,--,--,--,--,--,--,--,--,--,--,--,--,--,--,--,--,--,--,--,--,--,--,--,--,--,--,--,--,--,--,--,--,--,--,--,--,--,--,--,--,--,--,--,--,--,161164
2026-05-04 16:48:12.763,--,--,--,--,--,--,--,--,--,--,--,--,--,--,--,--,--,--,--,--,--,--,--,--,--,--,--,--,--,--,--,--,--,--,--,--,--,--,--,--,--,--,--,--,--,--,161169
2026-05-04 16:48:12.795,--,--,--,--,--,--,--,--,--,--,--,--,--,--,--,--,--,--,--,--,--,--,--,--,--,--,--,--,--,--,--,--,--,--,--,--,--,--,--,--,--,--,--,--,--,--,163987
2026-05-04 16:48:12.852,--,--,--,--,--,--,--,--,--,--,--,--,--,--,--,--,--,--,--,--,--,--,--,--,--,--,--,--,--,--,--,--,--,--,--,--,--,--,--,--,--,--,--,--,--,--,163992
2026-05-04 16:48:12.921,--,--,--,--,--,--,--,--,--,--,--,--,--,--,--,--,--,--,--,--,--,--,--,--,--,--,--,--,--,--,--,--,--,--,--,--,--,--,--,--,--,--,--,--,--,--,163997
2026-05-04 16:48:12.974,--,--,--,--,--,--,--,--,--,--,--,--,--,--,--,--,--,--,--,--,--,--,--,--,--,--,--,--,--,--,--,--,--,--,--,--,--,--,--,--,--,--,--,--,--,--,164002
2026-05-04 16:48:13.028,--,--,--,--,--,--,--,--,--,--,--,--,--,--,--,--,--,--,--,--,--,--,--,--,--,--,--,--,--,--,--,--,--,--,--,--,--,--,--,--,--,--,--,--,--,--,164007
2026-05-04 16:48:13.047,--,--,--,--,--,--,--,--,--,--,--,--,--,--,--,--,--,--,--,--,--,--,--,--,--,--,--,--,--,--,--,--,--,--,--,--,--,--,--,--,--,--,--,--,--,--,164012
2026-05-04 16:48:13.083,--,--,--,--,--,--,--,--,--,--,--,--,--,--,--,--,--,--,--,--,--,--,--,--,--,--,--,--,--,--,--,--,--,--,--,--,--,--,--,--,--,--,--,--,--,--,164017
2026-05-04 16:48:13.101,--,--,--,--,--,--,--,--,--,--,--,--,--,--,--,--,--,--,--,--,--,--,--,--,--,--,--,--,--,--,--,--,--,--,--,--,--,--,--,--,--,--,--,--,--,--,164022
2026-05-04 16:48:13.104,--,--,--,--,--,--,--,--,--,--,--,--,--,--,--,--,--,--,--,--,--,--,--,--,--,--,--,--,--,--,--,--,--,--,--,--,--,--,--,--,--,--,--,--,--,--,164027
2026-05-04 16:48:13.106,--,--,--,--,--,--,--,--,--,--,--,--,--,--,--,--,--,--,--,--,--,--,--,--,--,--,--,--,--,--,--,--,--,--,--,--,--,--,--,--,--,--,--,--,--,--,164032
2026-05-04 16:48:13.107,--,--,--,--,--,--,--,--,--,--,--,--,--,--,--,--,--,--,--,--,--,--,--,--,--,--,--,--,--,--,--,--,--,--,--,--,--,--,--,--,--,--,--,--,--,--,164037
2026-05-04 16:48:13.108,--,--,--,--,--,--,--,--,--,--,--,--,--,--,--,--,--,--,--,--,--,--,--,--,--,--,--,--,--,--,--,--,--,--,--,--,--,--,--,--,--,--,--,--,--,--,164042
2026-05-04 16:48:13.110,--,--,--,--,--,--,--,--,--,--,--,--,--,--,--,--,--,--,--,--,--,--,--,--,--,--,--,--,--,--,--,--,--,--,--,--,--,--,--,--,--,--,--,--,--,--,164047
2026-05-04 16:48:13.111,--,--,--,--,--,--,--,--,--,--,--,--,--,--,--,--,--,--,--,--,--,--,--,--,--,--,--,--,--,--,--,--,--,--,--,--,--,--,--,--,--,--,--,--,--,--,164052
2026-05-04 16:48:13.112,--,--,--,--,--,--,--,--,--,--,--,--,--,--,--,--,--,--,--,--,--,--,--,--,--,--,--,--,--,--,--,--,--,--,--,--,--,--,--,--,--,--,--,--,--,--,164057
2026-05-04 16:48:13.113,--,--,--,--,--,--,--,--,--,--,--,--,--,--,--,--,--,--,--,--,--,--,--,--,--,--,--,--,--,--,--,--,--,--,--,--,--,--,--,--,--,--,--,--,--,--,164062
2026-05-04 16:48:13.115,--,--,--,--,--,--,--,--,--,--,--,--,--,--,--,--,--,--,--,--,--,--,--,--,--,--,--,--,--,--,--,--,--,--,--,--,--,--,--,--,--,--,--,--,--,--,164067
2026-05-04 16:48:13.273,--,--,--,--,--,--,--,--,--,--,--,--,--,--,--,--,--,--,--,--,--,--,--,--,--,--,--,--,--,--,--,--,--,--,--,--,--,--,--,--,--,--,--,--,--,--,164072
2026-05-04 16:48:13.312,--,--,--,--,--,--,--,--,--,--,--,--,--,--,--,--,--,--,--,--,--,--,--,--,--,--,--,--,--,--,--,--,--,--,--,--,--,--,--,--,--,--,--,--,--,--,164077
2026-05-04 16:48:13.364,--,--,--,--,--,--,--,--,--,--,--,--,--,--,--,--,--,--,--,--,--,--,--,--,--,--,--,--,--,--,--,--,--,--,--,--,--,--,--,--,--,--,--,--,--,--,164082
2026-05-04 16:48:13.384,--,--,--,--,--,--,--,--,--,--,--,--,--,--,--,--,--,--,--,--,--,--,--,--,--,--,--,--,--,--,--,--,--,--,--,--,--,--,--,--,--,--,--,--,--,--,164087
2026-05-04 16:48:13.421,--,--,--,--,--,--,--,--,--,--,--,--,--,--,--,--,--,--,--,--,--,--,--,--,--,--,--,--,--,--,--,--,--,--,--,--,--,--,--,--,--,--,--,--,--,--,164092
2026-05-04 16:48:13.474,--,--,--,--,--,--,--,--,--,--,--,--,--,--,--,--,--,--,--,--,--,--,--,--,--,--,--,--,--,--,--,--,--,--,--,--,--,--,--,--,--,--,--,--,--,--,164097
2026-05-04 16:48:13.528,--,--,--,--,--,--,--,--,--,--,--,--,--,--,--,--,--,--,--,--,--,--,--,--,--,--,--,--,--,--,--,--,--,--,--,--,--,--,--,--,--,--,--,--,--,--,164102
2026-05-04 16:48:13.582,--,--,--,--,--,--,--,--,--,--,--,--,--,--,--,--,--,--,--,--,--,--,--,--,--,--,--,--,--,--,--,--,--,--,--,--,--,--,--,--,--,--,--,--,--,--,164107
2026-05-04 16:48:13.619,--,--,--,--,--,--,--,--,--,--,--,--,--,--,--,--,--,--,--,--,--,--,--,--,--,--,--,--,--,--,--,--,--,--,--,--,--,--,--,--,--,--,--,--,--,--,164112
2026-05-04 16:48:13.621,--,--,--,--,--,--,--,--,--,--,--,--,--,--,--,--,--,--,--,--,--,--,--,--,--,--,--,--,--,--,--,--,--,--,--,--,--,--,--,--,--,--,--,--,--,--,164117
2026-05-04 16:48:13.622,--,--,--,--,--,--,--,--,--,--,--,--,--,--,--,--,--,--,--,--,--,--,--,--,--,--,--,--,--,--,--,--,--,--,--,--,--,--,--,--,--,--,--,--,--,--,164122
2026-05-04 16:48:13.623,--,--,--,--,--,--,--,--,--,--,--,--,--,--,--,--,--,--,--,--,--,--,--,--,--,--,--,--,--,--,--,--,--,--,--,--,--,--,--,--,--,--,--,--,--,--,164127
2026-05-04 16:48:13.625,--,--,--,--,--,--,--,--,--,--,--,--,--,--,--,--,--,--,--,--,--,--,--,--,--,--,--,--,--,--,--,--,--,--,--,--,--,--,--,--,--,--,--,--,--,--,164132
2026-05-04 16:48:13.626,--,--,--,--,--,--,--,--,--,--,--,--,--,--,--,--,--,--,--,--,--,--,--,--,--,--,--,--,--,--,--,--,--,--,--,--,--,--,--,--,--,--,--,--,--,--,164137
2026-05-04 16:48:13.627,--,--,--,--,--,--,--,--,--,--,--,--,--,--,--,--,--,--,--,--,--,--,--,--,--,--,--,--,--,--,--,--,--,--,--,--,--,--,--,--,--,--,--,--,--,--,164142
2026-05-04 16:48:13.629,--,--,--,--,--,--,--,--,--,--,--,--,--,--,--,--,--,--,--,--,--,--,--,--,--,--,--,--,--,--,--,--,--,--,--,--,--,--,--,--,--,--,--,--,--,--,164147
2026-05-04 16:48:13.631,--,--,--,--,--,--,--,--,--,--,--,--,--,--,--,--,--,--,--,--,--,--,--,--,--,--,--,--,--,--,--,--,--,--,--,--,--,--,--,--,--,--,--,--,--,--,164152
2026-05-04 16:48:13.632,--,--,--,--,--,--,--,--,--,--,--,--,--,--,--,--,--,--,--,--,--,--,--,--,--,--,--,--,--,--,--,--,--,--,--,--,--,--,--,--,--,--,--,--,--,--,164157
2026-05-04 16:48:13.633,--,--,--,--,--,--,--,--,--,--,--,--,--,--,--,--,--,--,--,--,--,--,--,--,--,--,--,--,--,--,--,--,--,--,--,--,--,--,--,--,--,--,--,--,--,--,164162
2026-05-04 16:48:13.635,--,--,--,--,--,--,--,--,--,--,--,--,--,--,--,--,--,--,--,--,--,--,--,--,--,--,--,--,--,--,--,--,--,--,--,--,--,--,--,--,--,--,--,--,--,--,164167
2026-05-04 16:48:13.663,--,--,--,--,--,--,--,--,--,--,--,--,--,--,--,--,--,--,--,--,--,--,--,--,--,--,--,--,--,--,--,--,--,--,--,--,--,--,--,--,--,--,--,--,--,--,167450
2026-05-04 16:48:13.697,--,--,--,--,--,--,--,--,--,--,--,--,--,--,--,--,--,--,--,--,--,--,--,--,--,--,--,--,--,--,--,--,--,--,--,--,--,--,--,--,--,--,--,--,--,--,167455
2026-05-04 16:48:13.767,--,--,--,--,--,--,--,--,--,--,--,--,--,--,--,--,--,--,--,--,--,--,--,--,--,--,--,--,--,--,--,--,--,--,--,--,--,--,--,--,--,--,--,--,--,--,167460
2026-05-04 16:48:13.841,--,--,--,--,--,--,--,--,--,--,--,--,--,--,--,--,--,--,--,--,--,--,--,--,--,--,--,--,--,--,--,--,--,--,--,--,--,--,--,--,--,--,--,--,--,--,167465
2026-05-04 16:48:13.914,--,--,--,--,--,--,--,--,--,--,--,--,--,--,--,--,--,--,--,--,--,--,--,--,--,--,--,--,--,--,--,--,--,--,--,--,--,--,--,--,--,--,--,--,--,--,167470
2026-05-04 16:48:13.979,--,--,--,--,--,--,--,--,--,--,--,--,--,--,--,--,--,--,--,--,--,--,--,--,--,--,--,--,--,--,--,--,--,--,--,--,--,--,--,--,--,--,--,--,--,--,167475
2026-05-04 16:48:13.980,--,--,--,--,--,--,--,--,--,--,--,--,--,--,--,--,--,--,--,--,--,--,--,--,--,--,--,--,--,--,--,--,--,--,--,--,--,--,--,--,--,--,--,--,--,--,167480
2026-05-04 16:48:13.982,--,--,--,--,--,--,--,--,--,--,--,--,--,--,--,--,--,--,--,--,--,--,--,--,--,--,--,--,--,--,--,--,--,--,--,--,--,--,--,--,--,--,--,--,--,--,167485
2026-05-04 16:48:13.983,--,--,--,--,--,--,--,--,--,--,--,--,--,--,--,--,--,--,--,--,--,--,--,--,--,--,--,--,--,--,--,--,--,--,--,--,--,--,--,--,--,--,--,--,--,--,167490
2026-05-04 16:48:13.984,--,--,--,--,--,--,--,--,--,--,--,--,--,--,--,--,--,--,--,--,--,--,--,--,--,--,--,--,--,--,--,--,--,--,--,--,--,--,--,--,--,--,--,--,--,--,167495
2026-05-04 16:48:13.986,--,--,--,--,--,--,--,--,--,--,--,--,--,--,--,--,--,--,--,--,--,--,--,--,--,--,--,--,--,--,--,--,--,--,--,--,--,--,--,--,--,--,--,--,--,--,167500
2026-05-04 16:48:13.987,--,--,--,--,--,--,--,--,--,--,--,--,--,--,--,--,--,--,--,--,--,--,--,--,--,--,--,--,--,--,--,--,--,--,--,--,--,--,--,--,--,--,--,--,--,--,167505
2026-05-04 16:48:13.988,--,--,--,--,--,--,--,--,--,--,--,--,--,--,--,--,--,--,--,--,--,--,--,--,--,--,--,--,--,--,--,--,--,--,--,--,--,--,--,--,--,--,--,--,--,--,167510
2026-05-04 16:48:13.989,--,--,--,--,--,--,--,--,--,--,--,--,--,--,--,--,--,--,--,--,--,--,--,--,--,--,--,--,--,--,--,--,--,--,--,--,--,--,--,--,--,--,--,--,--,--,167515
2026-05-04 16:48:13.990,--,--,--,--,--,--,--,--,--,--,--,--,--,--,--,--,--,--,--,--,--,--,--,--,--,--,--,--,--,--,--,--,--,--,--,--,--,--,--,--,--,--,--,--,--,--,167520
2026-05-04 16:48:13.991,--,--,--,--,--,--,--,--,--,--,--,--,--,--,--,--,--,--,--,--,--,--,--,--,--,--,--,--,--,--,--,--,--,--,--,--,--,--,--,--,--,--,--,--,--,--,167525
2026-05-04 16:48:13.992,--,--,--,--,--,--,--,--,--,--,--,--,--,--,--,--,--,--,--,--,--,--,--,--,--,--,--,--,--,--,--,--,--,--,--,--,--,--,--,--,--,--,--,--,--,--,167530
2026-05-04 16:48:13.994,--,--,--,--,--,--,--,--,--,--,--,--,--,--,--,--,--,--,--,--,--,--,--,--,--,--,--,--,--,--,--,--,--,--,--,--,--,--,--,--,--,--,--,--,--,--,167533
2026-05-04 16:48:14.161,--,--,--,--,--,--,--,--,--,--,--,--,--,--,--,--,--,--,--,--,--,--,--,--,--,--,--,--,--,--,--,--,--,--,--,--,--,--,--,--,--,--,--,--,--,--,167534
2026-05-04 16:48:14.196,--,--,--,--,--,--,--,--,--,--,--,--,--,--,--,--,--,--,--,--,--,--,--,--,--,--,--,--,--,--,--,--,--,--,--,--,--,--,--,--,--,--,--,--,--,--,167539
2026-05-04 16:48:14.231,--,--,--,--,--,--,--,--,--,--,--,--,--,--,--,--,--,--,--,--,--,--,--,--,--,--,--,--,--,--,--,--,--,--,--,--,--,--,--,--,--,--,--,--,--,--,167544
2026-05-04 16:48:14.267,--,--,--,--,--,--,--,--,--,--,--,--,--,--,--,--,--,--,--,--,--,--,--,--,--,--,--,--,--,--,--,--,--,--,--,--,--,--,--,--,--,--,--,--,--,--,167549
2026-05-04 16:48:14.318,--,--,--,--,--,--,--,--,--,--,--,--,--,--,--,--,--,--,--,--,--,--,--,--,--,--,--,--,--,--,--,--,--,--,--,--,--,--,--,--,--,--,--,--,--,--,167554
2026-05-04 16:48:14.370,--,--,--,--,--,--,--,--,--,--,--,--,--,--,--,--,--,--,--,--,--,--,--,--,--,--,--,--,--,--,--,--,--,--,--,--,--,--,--,--,--,--,--,--,--,--,167559
2026-05-04 16:48:14.427,--,--,--,--,--,--,--,--,--,--,--,--,--,--,--,--,--,--,--,--,--,--,--,--,--,--,--,--,--,--,--,--,--,--,--,--,--,--,--,--,--,--,--,--,--,--,167564
2026-05-04 16:48:14.481,--,--,--,--,--,--,--,--,--,--,--,--,--,--,--,--,--,--,--,--,--,--,--,--,--,--,--,--,--,--,--,--,--,--,--,--,--,--,--,--,--,--,--,--,--,--,167569
2026-05-04 16:48:14.482,--,--,--,--,--,--,--,--,--,--,--,--,--,--,--,--,--,--,--,--,--,--,--,--,--,--,--,--,--,--,--,--,--,--,--,--,--,--,--,--,--,--,--,--,--,--,167574
2026-05-04 16:48:14.484,--,--,--,--,--,--,--,--,--,--,--,--,--,--,--,--,--,--,--,--,--,--,--,--,--,--,--,--,--,--,--,--,--,--,--,--,--,--,--,--,--,--,--,--,--,--,167579
2026-05-04 16:48:14.486,--,--,--,--,--,--,--,--,--,--,--,--,--,--,--,--,--,--,--,--,--,--,--,--,--,--,--,--,--,--,--,--,--,--,--,--,--,--,--,--,--,--,--,--,--,--,167584
2026-05-04 16:48:14.487,--,--,--,--,--,--,--,--,--,--,--,--,--,--,--,--,--,--,--,--,--,--,--,--,--,--,--,--,--,--,--,--,--,--,--,--,--,--,--,--,--,--,--,--,--,--,167589
2026-05-04 16:48:14.488,--,--,--,--,--,--,--,--,--,--,--,--,--,--,--,--,--,--,--,--,--,--,--,--,--,--,--,--,--,--,--,--,--,--,--,--,--,--,--,--,--,--,--,--,--,--,167594
2026-05-04 16:48:14.490,--,--,--,--,--,--,--,--,--,--,--,--,--,--,--,--,--,--,--,--,--,--,--,--,--,--,--,--,--,--,--,--,--,--,--,--,--,--,--,--,--,--,--,--,--,--,167599
2026-05-04 16:48:14.491,--,--,--,--,--,--,--,--,--,--,--,--,--,--,--,--,--,--,--,--,--,--,--,--,--,--,--,--,--,--,--,--,--,--,--,--,--,--,--,--,--,--,--,--,--,--,167604
2026-05-04 16:48:14.492,--,--,--,--,--,--,--,--,--,--,--,--,--,--,--,--,--,--,--,--,--,--,--,--,--,--,--,--,--,--,--,--,--,--,--,--,--,--,--,--,--,--,--,--,--,--,167609
2026-05-04 16:48:14.493,--,--,--,--,--,--,--,--,--,--,--,--,--,--,--,--,--,--,--,--,--,--,--,--,--,--,--,--,--,--,--,--,--,--,--,--,--,--,--,--,--,--,--,--,--,--,167614
2026-05-04 16:48:14.495,--,--,--,--,--,--,--,--,--,--,--,--,--,--,--,--,--,--,--,--,--,--,--,--,--,--,--,--,--,--,--,--,--,--,--,--,--,--,--,--,--,--,--,--,--,--,167619
2026-05-04 16:48:14.496,--,--,--,--,--,--,--,--,--,--,--,--,--,--,--,--,--,--,--,--,--,--,--,--,--,--,--,--,--,--,--,--,--,--,--,--,--,--,--,--,--,--,--,--,--,--,167624
2026-05-04 16:48:14.497,--,--,--,--,--,--,--,--,--,--,--,--,--,--,--,--,--,--,--,--,--,--,--,--,--,--,--,--,--,--,--,--,--,--,--,--,--,--,--,--,--,--,--,--,--,--,167629
2026-05-04 16:48:14.538,--,--,--,--,--,--,--,--,--,--,--,--,--,--,--,--,--,--,--,--,--,--,--,--,--,--,--,--,--,--,--,--,--,--,--,--,--,--,--,--,--,--,--,--,--,--,170912
2026-05-04 16:48:14.614,--,--,--,--,--,--,--,--,--,--,--,--,--,--,--,--,--,--,--,--,--,--,--,--,--,--,--,--,--,--,--,--,--,--,--,--,--,--,--,--,--,--,--,--,--,--,170917
2026-05-04 16:48:14.669,--,--,--,--,--,--,--,--,--,--,--,--,--,--,--,--,--,--,--,--,--,--,--,--,--,--,--,--,--,--,--,--,--,--,--,--,--,--,--,--,--,--,--,--,--,--,170922
2026-05-04 16:48:14.715,--,--,--,--,--,--,--,--,--,--,--,--,--,--,--,--,--,--,--,--,--,--,--,--,--,--,--,--,--,--,--,--,--,--,--,--,--,--,--,--,--,--,--,--,--,--,170927
2026-05-04 16:48:14.819,--,--,--,--,--,--,--,--,--,--,--,--,--,--,--,--,--,--,--,--,--,--,--,--,--,--,--,--,--,--,--,--,--,--,--,--,--,--,--,--,--,--,--,--,--,--,170932
2026-05-04 16:48:14.858,--,--,--,--,--,--,--,--,--,--,--,--,--,--,--,--,--,--,--,--,--,--,--,--,--,--,--,--,--,--,--,--,--,--,--,--,--,--,--,--,--,--,--,--,--,--,170937
2026-05-04 16:48:14.861,--,--,--,--,--,--,--,--,--,--,--,--,--,--,--,--,--,--,--,--,--,--,--,--,--,--,--,--,--,--,--,--,--,--,--,--,--,--,--,--,--,--,--,--,--,--,170942
2026-05-04 16:48:14.865,--,--,--,--,--,--,--,--,--,--,--,--,--,--,--,--,--,--,--,--,--,--,--,--,--,--,--,--,--,--,--,--,--,--,--,--,--,--,--,--,--,--,--,--,--,--,170947
2026-05-04 16:48:14.867,--,--,--,--,--,--,--,--,--,--,--,--,--,--,--,--,--,--,--,--,--,--,--,--,--,--,--,--,--,--,--,--,--,--,--,--,--,--,--,--,--,--,--,--,--,--,170952
2026-05-04 16:48:14.872,--,--,--,--,--,--,--,--,--,--,--,--,--,--,--,--,--,--,--,--,--,--,--,--,--,--,--,--,--,--,--,--,--,--,--,--,--,--,--,--,--,--,--,--,--,--,170957
2026-05-04 16:48:14.875,--,--,--,--,--,--,--,--,--,--,--,--,--,--,--,--,--,--,--,--,--,--,--,--,--,--,--,--,--,--,--,--,--,--,--,--,--,--,--,--,--,--,--,--,--,--,170962
2026-05-04 16:48:14.877,--,--,--,--,--,--,--,--,--,--,--,--,--,--,--,--,--,--,--,--,--,--,--,--,--,--,--,--,--,--,--,--,--,--,--,--,--,--,--,--,--,--,--,--,--,--,170967
2026-05-04 16:48:14.897,--,--,--,--,--,--,--,--,--,--,--,--,--,--,--,--,--,--,--,--,--,--,--,--,--,--,--,--,--,--,--,--,--,--,--,--,--,--,--,--,--,--,--,--,--,--,170972
2026-05-04 16:48:14.899,--,--,--,--,--,--,--,--,--,--,--,--,--,--,--,--,--,--,--,--,--,--,--,--,--,--,--,--,--,--,--,--,--,--,--,--,--,--,--,--,--,--,--,--,--,--,170977
2026-05-04 16:48:14.900,--,--,--,--,--,--,--,--,--,--,--,--,--,--,--,--,--,--,--,--,--,--,--,--,--,--,--,--,--,--,--,--,--,--,--,--,--,--,--,--,--,--,--,--,--,--,170982
2026-05-04 16:48:14.902,--,--,--,--,--,--,--,--,--,--,--,--,--,--,--,--,--,--,--,--,--,--,--,--,--,--,--,--,--,--,--,--,--,--,--,--,--,--,--,--,--,--,--,--,--,--,170987
2026-05-04 16:48:14.903,--,--,--,--,--,--,--,--,--,--,--,--,--,--,--,--,--,--,--,--,--,--,--,--,--,--,--,--,--,--,--,--,--,--,--,--,--,--,--,--,--,--,--,--,--,--,170992
2026-05-04 16:48:15.023,--,--,--,--,--,--,--,--,--,--,--,--,--,--,--,--,--,--,--,--,--,--,--,--,--,--,--,--,--,--,--,--,--,--,--,--,--,--,--,--,--,--,--,--,--,--,170997
2026-05-04 16:48:15.077,--,--,--,--,--,--,--,--,--,--,--,--,--,--,--,--,--,--,--,--,--,--,--,--,--,--,--,--,--,--,--,--,--,--,--,--,--,--,--,--,--,--,--,--,--,--,171002
2026-05-04 16:48:15.110,--,--,--,--,--,--,--,--,--,--,--,--,--,--,--,--,--,--,--,--,--,--,--,--,--,--,--,--,--,--,--,--,--,--,--,--,--,--,--,--,--,--,--,--,--,--,171007
2026-05-04 16:48:15.144,--,--,--,--,--,--,--,--,--,--,--,--,--,--,--,--,--,--,--,--,--,--,--,--,--,--,--,--,--,--,--,--,--,--,--,--,--,--,--,--,--,--,--,--,--,--,171012
2026-05-04 16:48:15.201,--,--,--,--,--,--,--,--,--,--,--,--,--,--,--,--,--,--,--,--,--,--,--,--,--,--,--,--,--,--,--,--,--,--,--,--,--,--,--,--,--,--,--,--,--,--,171017
2026-05-04 16:48:15.251,--,--,--,--,--,--,--,--,--,--,--,--,--,--,--,--,--,--,--,--,--,--,--,--,--,--,--,--,--,--,--,--,--,--,--,--,--,--,--,--,--,--,--,--,--,--,171022
2026-05-04 16:48:15.287,--,--,--,--,--,--,--,--,--,--,--,--,--,--,--,--,--,--,--,--,--,--,--,--,--,--,--,--,--,--,--,--,--,--,--,--,--,--,--,--,--,--,--,--,--,--,171027
2026-05-04 16:48:15.341,--,--,--,--,--,--,--,--,--,--,--,--,--,--,--,--,--,--,--,--,--,--,--,--,--,--,--,--,--,--,--,--,--,--,--,--,--,--,--,--,--,--,--,--,--,--,171032
2026-05-04 16:48:15.343,--,--,--,--,--,--,--,--,--,--,--,--,--,--,--,--,--,--,--,--,--,--,--,--,--,--,--,--,--,--,--,--,--,--,--,--,--,--,--,--,--,--,--,--,--,--,171037
2026-05-04 16:48:15.345,--,--,--,--,--,--,--,--,--,--,--,--,--,--,--,--,--,--,--,--,--,--,--,--,--,--,--,--,--,--,--,--,--,--,--,--,--,--,--,--,--,--,--,--,--,--,171042
2026-05-04 16:48:15.346,--,--,--,--,--,--,--,--,--,--,--,--,--,--,--,--,--,--,--,--,--,--,--,--,--,--,--,--,--,--,--,--,--,--,--,--,--,--,--,--,--,--,--,--,--,--,171047
2026-05-04 16:48:15.346,--,--,--,--,--,--,--,--,--,--,--,--,--,--,--,--,--,--,--,--,--,--,--,--,--,--,--,--,--,--,--,--,--,--,--,--,--,--,--,--,--,--,--,--,--,--,171052
2026-05-04 16:48:15.348,--,--,--,--,--,--,--,--,--,--,--,--,--,--,--,--,--,--,--,--,--,--,--,--,--,--,--,--,--,--,--,--,--,--,--,--,--,--,--,--,--,--,--,--,--,--,171057
2026-05-04 16:48:15.349,--,--,--,--,--,--,--,--,--,--,--,--,--,--,--,--,--,--,--,--,--,--,--,--,--,--,--,--,--,--,--,--,--,--,--,--,--,--,--,--,--,--,--,--,--,--,171062
2026-05-04 16:48:15.350,--,--,--,--,--,--,--,--,--,--,--,--,--,--,--,--,--,--,--,--,--,--,--,--,--,--,--,--,--,--,--,--,--,--,--,--,--,--,--,--,--,--,--,--,--,--,171067
2026-05-04 16:48:15.352,--,--,--,--,--,--,--,--,--,--,--,--,--,--,--,--,--,--,--,--,--,--,--,--,--,--,--,--,--,--,--,--,--,--,--,--,--,--,--,--,--,--,--,--,--,--,171072
2026-05-04 16:48:15.353,--,--,--,--,--,--,--,--,--,--,--,--,--,--,--,--,--,--,--,--,--,--,--,--,--,--,--,--,--,--,--,--,--,--,--,--,--,--,--,--,--,--,--,--,--,--,171077
2026-05-04 16:48:15.355,--,--,--,--,--,--,--,--,--,--,--,--,--,--,--,--,--,--,--,--,--,--,--,--,--,--,--,--,--,--,--,--,--,--,--,--,--,--,--,--,--,--,--,--,--,--,171082
2026-05-04 16:48:15.357,--,--,--,--,--,--,--,--,--,--,--,--,--,--,--,--,--,--,--,--,--,--,--,--,--,--,--,--,--,--,--,--,--,--,--,--,--,--,--,--,--,--,--,--,--,--,171087
2026-05-04 16:48:15.358,--,--,--,--,--,--,--,--,--,--,--,--,--,--,--,--,--,--,--,--,--,--,--,--,--,--,--,--,--,--,--,--,--,--,--,--,--,--,--,--,--,--,--,--,--,--,171092
2026-05-04 16:48:15.405,--,--,--,--,--,--,--,--,--,--,--,--,--,--,--,--,--,--,--,--,--,--,--,--,--,--,--,--,--,--,--,--,--,--,--,--,--,--,--,--,--,--,--,--,--,--,174333
2026-05-04 16:48:15.474,--,--,--,--,--,--,--,--,--,--,--,--,--,--,--,--,--,--,--,--,--,--,--,--,--,--,--,--,--,--,--,--,--,--,--,--,--,--,--,--,--,--,--,--,--,--,174338
2026-05-04 16:48:15.556,--,--,--,--,--,--,--,--,--,--,--,--,--,--,--,--,--,--,--,--,--,--,--,--,--,--,--,--,--,--,--,--,--,--,--,--,--,--,--,--,--,--,--,--,--,--,174343
2026-05-04 16:48:15.557,--,--,--,--,--,--,--,--,--,--,--,--,--,--,--,--,--,--,--,--,--,--,--,--,--,--,--,--,--,--,--,--,--,--,--,--,--,--,--,--,--,--,--,--,--,--,174348
2026-05-04 16:48:15.558,--,--,--,--,--,--,--,--,--,--,--,--,--,--,--,--,--,--,--,--,--,--,--,--,--,--,--,--,--,--,--,--,--,--,--,--,--,--,--,--,--,--,--,--,--,--,174353
2026-05-04 16:48:15.560,--,--,--,--,--,--,--,--,--,--,--,--,--,--,--,--,--,--,--,--,--,--,--,--,--,--,--,--,--,--,--,--,--,--,--,--,--,--,--,--,--,--,--,--,--,--,174358
2026-05-04 16:48:15.561,--,--,--,--,--,--,--,--,--,--,--,--,--,--,--,--,--,--,--,--,--,--,--,--,--,--,--,--,--,--,--,--,--,--,--,--,--,--,--,--,--,--,--,--,--,--,174363
2026-05-04 16:48:15.562,--,--,--,--,--,--,--,--,--,--,--,--,--,--,--,--,--,--,--,--,--,--,--,--,--,--,--,--,--,--,--,--,--,--,--,--,--,--,--,--,--,--,--,--,--,--,174368
2026-05-04 16:48:15.563,--,--,--,--,--,--,--,--,--,--,--,--,--,--,--,--,--,--,--,--,--,--,--,--,--,--,--,--,--,--,--,--,--,--,--,--,--,--,--,--,--,--,--,--,--,--,174373
2026-05-04 16:48:15.564,--,--,--,--,--,--,--,--,--,--,--,--,--,--,--,--,--,--,--,--,--,--,--,--,--,--,--,--,--,--,--,--,--,--,--,--,--,--,--,--,--,--,--,--,--,--,174374
2026-05-04 16:48:15.680,--,--,--,--,--,--,--,--,--,--,--,--,--,--,--,--,--,--,--,--,--,--,--,--,--,--,--,--,--,--,--,--,--,--,--,--,--,--,--,--,--,--,--,--,--,--,174375
2026-05-04 16:48:15.752,--,--,--,--,--,--,--,--,--,--,--,--,--,--,--,--,--,--,--,--,--,--,--,--,--,--,--,--,--,--,--,--,--,--,--,--,--,--,--,--,--,--,--,--,--,--,174380
2026-05-04 16:48:15.822,--,--,--,--,--,--,--,--,--,--,--,--,--,--,--,--,--,--,--,--,--,--,--,--,--,--,--,--,--,--,--,--,--,--,--,--,--,--,--,--,--,--,--,--,--,--,174385
2026-05-04 16:48:15.875,--,--,--,--,--,--,--,--,--,--,--,--,--,--,--,--,--,--,--,--,--,--,--,--,--,--,--,--,--,--,--,--,--,--,--,--,--,--,--,--,--,--,--,--,--,--,174390
2026-05-04 16:48:15.911,--,--,--,--,--,--,--,--,--,--,--,--,--,--,--,--,--,--,--,--,--,--,--,--,--,--,--,--,--,--,--,--,--,--,--,--,--,--,--,--,--,--,--,--,--,--,174395
2026-05-04 16:48:15.999,--,--,--,--,--,--,--,--,--,--,--,--,--,--,--,--,--,--,--,--,--,--,--,--,--,--,--,--,--,--,--,--,--,--,--,--,--,--,--,--,--,--,--,--,--,--,174400
2026-05-04 16:48:16.052,--,--,--,--,--,--,--,--,--,--,--,--,--,--,--,--,--,--,--,--,--,--,--,--,--,--,--,--,--,--,--,--,--,--,--,--,--,--,--,--,--,--,--,--,--,--,174405
2026-05-04 16:48:16.053,--,--,--,--,--,--,--,--,--,--,--,--,--,--,--,--,--,--,--,--,--,--,--,--,--,--,--,--,--,--,--,--,--,--,--,--,--,--,--,--,--,--,--,--,--,--,174410
2026-05-04 16:48:16.054,--,--,--,--,--,--,--,--,--,--,--,--,--,--,--,--,--,--,--,--,--,--,--,--,--,--,--,--,--,--,--,--,--,--,--,--,--,--,--,--,--,--,--,--,--,--,174415
2026-05-04 16:48:16.056,--,--,--,--,--,--,--,--,--,--,--,--,--,--,--,--,--,--,--,--,--,--,--,--,--,--,--,--,--,--,--,--,--,--,--,--,--,--,--,--,--,--,--,--,--,--,174420
2026-05-04 16:48:16.057,--,--,--,--,--,--,--,--,--,--,--,--,--,--,--,--,--,--,--,--,--,--,--,--,--,--,--,--,--,--,--,--,--,--,--,--,--,--,--,--,--,--,--,--,--,--,174425
2026-05-04 16:48:16.058,--,--,--,--,--,--,--,--,--,--,--,--,--,--,--,--,--,--,--,--,--,--,--,--,--,--,--,--,--,--,--,--,--,--,--,--,--,--,--,--,--,--,--,--,--,--,174430
2026-05-04 16:48:16.060,--,--,--,--,--,--,--,--,--,--,--,--,--,--,--,--,--,--,--,--,--,--,--,--,--,--,--,--,--,--,--,--,--,--,--,--,--,--,--,--,--,--,--,--,--,--,174435
2026-05-04 16:48:16.062,--,--,--,--,--,--,--,--,--,--,--,--,--,--,--,--,--,--,--,--,--,--,--,--,--,--,--,--,--,--,--,--,--,--,--,--,--,--,--,--,--,--,--,--,--,--,174440
2026-05-04 16:48:16.063,--,--,--,--,--,--,--,--,--,--,--,--,--,--,--,--,--,--,--,--,--,--,--,--,--,--,--,--,--,--,--,--,--,--,--,--,--,--,--,--,--,--,--,--,--,--,174445
2026-05-04 16:48:16.065,--,--,--,--,--,--,--,--,--,--,--,--,--,--,--,--,--,--,--,--,--,--,--,--,--,--,--,--,--,--,--,--,--,--,--,--,--,--,--,--,--,--,--,--,--,--,174450
2026-05-04 16:48:16.066,--,--,--,--,--,--,--,--,--,--,--,--,--,--,--,--,--,--,--,--,--,--,--,--,--,--,--,--,--,--,--,--,--,--,--,--,--,--,--,--,--,--,--,--,--,--,174455
2026-05-04 16:48:16.068,--,--,--,--,--,--,--,--,--,--,--,--,--,--,--,--,--,--,--,--,--,--,--,--,--,--,--,--,--,--,--,--,--,--,--,--,--,--,--,--,--,--,--,--,--,--,174460
2026-05-04 16:48:16.070,--,--,--,--,--,--,--,--,--,--,--,--,--,--,--,--,--,--,--,--,--,--,--,--,--,--,--,--,--,--,--,--,--,--,--,--,--,--,--,--,--,--,--,--,--,--,174465
2026-05-04 16:48:16.071,--,--,--,--,--,--,--,--,--,--,--,--,--,--,--,--,--,--,--,--,--,--,--,--,--,--,--,--,--,--,--,--,--,--,--,--,--,--,--,--,--,--,--,--,--,--,174470
2026-05-04 16:48:16.127,--,--,--,--,--,--,--,--,--,--,--,--,--,--,--,--,--,--,--,--,--,--,--,--,--,--,--,--,--,--,--,--,--,--,--,--,--,--,--,--,--,--,--,--,--,--,177078
2026-05-04 16:48:16.183,--,--,--,--,--,--,--,--,--,--,--,--,--,--,--,--,--,--,--,--,--,--,--,--,--,--,--,--,--,--,--,--,--,--,--,--,--,--,--,--,--,--,--,--,--,--,177083
2026-05-04 16:48:16.256,--,--,--,--,--,--,--,--,--,--,--,--,--,--,--,--,--,--,--,--,--,--,--,--,--,--,--,--,--,--,--,--,--,--,--,--,--,--,--,--,--,--,--,--,--,--,177088
2026-05-04 16:48:16.320,--,--,--,--,--,--,--,--,--,--,--,--,--,--,--,--,--,--,--,--,--,--,--,--,--,--,--,--,--,--,--,--,--,--,--,--,--,--,--,--,--,--,--,--,--,--,177093
2026-05-04 16:48:16.391,--,--,--,--,--,--,--,--,--,--,--,--,--,--,--,--,--,--,--,--,--,--,--,--,--,--,--,--,--,--,--,--,--,--,--,--,--,--,--,--,--,--,--,--,--,--,177098
2026-05-04 16:48:16.424,--,--,--,--,--,--,--,--,--,--,--,--,--,--,--,--,--,--,--,--,--,--,--,--,--,--,--,--,--,--,--,--,--,--,--,--,--,--,--,--,--,--,--,--,--,--,177103
2026-05-04 16:48:16.425,--,--,--,--,--,--,--,--,--,--,--,--,--,--,--,--,--,--,--,--,--,--,--,--,--,--,--,--,--,--,--,--,--,--,--,--,--,--,--,--,--,--,--,--,--,--,177108
2026-05-04 16:48:16.426,--,--,--,--,--,--,--,--,--,--,--,--,--,--,--,--,--,--,--,--,--,--,--,--,--,--,--,--,--,--,--,--,--,--,--,--,--,--,--,--,--,--,--,--,--,--,177113
2026-05-04 16:48:16.428,--,--,--,--,--,--,--,--,--,--,--,--,--,--,--,--,--,--,--,--,--,--,--,--,--,--,--,--,--,--,--,--,--,--,--,--,--,--,--,--,--,--,--,--,--,--,177118
2026-05-04 16:48:16.430,--,--,--,--,--,--,--,--,--,--,--,--,--,--,--,--,--,--,--,--,--,--,--,--,--,--,--,--,--,--,--,--,--,--,--,--,--,--,--,--,--,--,--,--,--,--,177123
2026-05-04 16:48:16.431,--,--,--,--,--,--,--,--,--,--,--,--,--,--,--,--,--,--,--,--,--,--,--,--,--,--,--,--,--,--,--,--,--,--,--,--,--,--,--,--,--,--,--,--,--,--,177128
2026-05-04 16:48:16.432,--,--,--,--,--,--,--,--,--,--,--,--,--,--,--,--,--,--,--,--,--,--,--,--,--,--,--,--,--,--,--,--,--,--,--,--,--,--,--,--,--,--,--,--,--,--,177133
2026-05-04 16:48:16.434,--,--,--,--,--,--,--,--,--,--,--,--,--,--,--,--,--,--,--,--,--,--,--,--,--,--,--,--,--,--,--,--,--,--,--,--,--,--,--,--,--,--,--,--,--,--,177138
2026-05-04 16:48:16.435,--,--,--,--,--,--,--,--,--,--,--,--,--,--,--,--,--,--,--,--,--,--,--,--,--,--,--,--,--,--,--,--,--,--,--,--,--,--,--,--,--,--,--,--,--,--,177143
2026-05-04 16:48:16.436,--,--,--,--,--,--,--,--,--,--,--,--,--,--,--,--,--,--,--,--,--,--,--,--,--,--,--,--,--,--,--,--,--,--,--,--,--,--,--,--,--,--,--,--,--,--,177148
2026-05-04 16:48:16.438,--,--,--,--,--,--,--,--,--,--,--,--,--,--,--,--,--,--,--,--,--,--,--,--,--,--,--,--,--,--,--,--,--,--,--,--,--,--,--,--,--,--,--,--,--,--,177153
2026-05-04 16:48:16.440,--,--,--,--,--,--,--,--,--,--,--,--,--,--,--,--,--,--,--,--,--,--,--,--,--,--,--,--,--,--,--,--,--,--,--,--,--,--,--,--,--,--,--,--,--,--,177158
2026-05-04 16:48:16.440,--,--,--,--,--,--,--,--,--,--,--,--,--,--,--,--,--,--,--,--,--,--,--,--,--,--,--,--,--,--,--,--,--,--,--,--,--,--,--,--,--,--,--,--,--,--,177161
2026-05-04 16:48:16.573,--,--,--,--,--,--,--,--,--,--,--,--,--,--,--,--,--,--,--,--,--,--,--,--,--,--,--,--,--,--,--,--,--,--,--,--,--,--,--,--,--,--,--,--,--,--,177162
2026-05-04 16:48:16.608,--,--,--,--,--,--,--,--,--,--,--,--,--,--,--,--,--,--,--,--,--,--,--,--,--,--,--,--,--,--,--,--,--,--,--,--,--,--,--,--,--,--,--,--,--,--,177167
2026-05-04 16:48:16.662,--,--,--,--,--,--,--,--,--,--,--,--,--,--,--,--,--,--,--,--,--,--,--,--,--,--,--,--,--,--,--,--,--,--,--,--,--,--,--,--,--,--,--,--,--,--,177172
2026-05-04 16:48:16.712,--,--,--,--,--,--,--,--,--,--,--,--,--,--,--,--,--,--,--,--,--,--,--,--,--,--,--,--,--,--,--,--,--,--,--,--,--,--,--,--,--,--,--,--,--,--,177177
2026-05-04 16:48:16.765,--,--,--,--,--,--,--,--,--,--,--,--,--,--,--,--,--,--,--,--,--,--,--,--,--,--,--,--,--,--,--,--,--,--,--,--,--,--,--,--,--,--,--,--,--,--,177182
2026-05-04 16:48:16.815,--,--,--,--,--,--,--,--,--,--,--,--,--,--,--,--,--,--,--,--,--,--,--,--,--,--,--,--,--,--,--,--,--,--,--,--,--,--,--,--,--,--,--,--,--,--,177187
2026-05-04 16:48:16.869,--,--,--,--,--,--,--,--,--,--,--,--,--,--,--,--,--,--,--,--,--,--,--,--,--,--,--,--,--,--,--,--,--,--,--,--,--,--,--,--,--,--,--,--,--,--,177192
2026-05-04 16:48:16.905,--,--,--,--,--,--,--,--,--,--,--,--,--,--,--,--,--,--,--,--,--,--,--,--,--,--,--,--,--,--,--,--,--,--,--,--,--,--,--,--,--,--,--,--,--,--,177197
2026-05-04 16:48:16.907,--,--,--,--,--,--,--,--,--,--,--,--,--,--,--,--,--,--,--,--,--,--,--,--,--,--,--,--,--,--,--,--,--,--,--,--,--,--,--,--,--,--,--,--,--,--,177202
2026-05-04 16:48:16.909,--,--,--,--,--,--,--,--,--,--,--,--,--,--,--,--,--,--,--,--,--,--,--,--,--,--,--,--,--,--,--,--,--,--,--,--,--,--,--,--,--,--,--,--,--,--,177207
2026-05-04 16:48:16.910,--,--,--,--,--,--,--,--,--,--,--,--,--,--,--,--,--,--,--,--,--,--,--,--,--,--,--,--,--,--,--,--,--,--,--,--,--,--,--,--,--,--,--,--,--,--,177212
2026-05-04 16:48:16.913,--,--,--,--,--,--,--,--,--,--,--,--,--,--,--,--,--,--,--,--,--,--,--,--,--,--,--,--,--,--,--,--,--,--,--,--,--,--,--,--,--,--,--,--,--,--,177217
2026-05-04 16:48:16.914,--,--,--,--,--,--,--,--,--,--,--,--,--,--,--,--,--,--,--,--,--,--,--,--,--,--,--,--,--,--,--,--,--,--,--,--,--,--,--,--,--,--,--,--,--,--,177222
2026-05-04 16:48:16.915,--,--,--,--,--,--,--,--,--,--,--,--,--,--,--,--,--,--,--,--,--,--,--,--,--,--,--,--,--,--,--,--,--,--,--,--,--,--,--,--,--,--,--,--,--,--,177227
2026-05-04 16:48:16.917,--,--,--,--,--,--,--,--,--,--,--,--,--,--,--,--,--,--,--,--,--,--,--,--,--,--,--,--,--,--,--,--,--,--,--,--,--,--,--,--,--,--,--,--,--,--,177232
2026-05-04 16:48:16.919,--,--,--,--,--,--,--,--,--,--,--,--,--,--,--,--,--,--,--,--,--,--,--,--,--,--,--,--,--,--,--,--,--,--,--,--,--,--,--,--,--,--,--,--,--,--,177237
2026-05-04 16:48:16.920,--,--,--,--,--,--,--,--,--,--,--,--,--,--,--,--,--,--,--,--,--,--,--,--,--,--,--,--,--,--,--,--,--,--,--,--,--,--,--,--,--,--,--,--,--,--,177242
2026-05-04 16:48:16.922,--,--,--,--,--,--,--,--,--,--,--,--,--,--,--,--,--,--,--,--,--,--,--,--,--,--,--,--,--,--,--,--,--,--,--,--,--,--,--,--,--,--,--,--,--,--,177247
2026-05-04 16:48:16.923,--,--,--,--,--,--,--,--,--,--,--,--,--,--,--,--,--,--,--,--,--,--,--,--,--,--,--,--,--,--,--,--,--,--,--,--,--,--,--,--,--,--,--,--,--,--,177252
2026-05-04 16:48:16.924,--,--,--,--,--,--,--,--,--,--,--,--,--,--,--,--,--,--,--,--,--,--,--,--,--,--,--,--,--,--,--,--,--,--,--,--,--,--,--,--,--,--,--,--,--,--,177257
2026-05-04 16:48:16.969,--,--,--,--,--,--,--,--,--,--,--,--,--,--,--,--,--,--,--,--,--,--,--,--,--,--,--,--,--,--,--,--,--,--,--,--,--,--,--,--,--,--,--,--,--,--,180582
2026-05-04 16:48:17.003,--,--,--,--,--,--,--,--,--,--,--,--,--,--,--,--,--,--,--,--,--,--,--,--,--,--,--,--,--,--,--,--,--,--,--,--,--,--,--,--,--,--,--,--,--,--,180587
2026-05-04 16:48:17.073,--,--,--,--,--,--,--,--,--,--,--,--,--,--,--,--,--,--,--,--,--,--,--,--,--,--,--,--,--,--,--,--,--,--,--,--,--,--,--,--,--,--,--,--,--,--,180592
2026-05-04 16:48:17.125,--,--,--,--,--,--,--,--,--,--,--,--,--,--,--,--,--,--,--,--,--,--,--,--,--,--,--,--,--,--,--,--,--,--,--,--,--,--,--,--,--,--,--,--,--,--,180597
2026-05-04 16:48:17.126,--,--,--,--,--,--,--,--,--,--,--,--,--,--,--,--,--,--,--,--,--,--,--,--,--,--,--,--,--,--,--,--,--,--,--,--,--,--,--,--,--,--,--,--,--,--,180602
2026-05-04 16:48:17.127,--,--,--,--,--,--,--,--,--,--,--,--,--,--,--,--,--,--,--,--,--,--,--,--,--,--,--,--,--,--,--,--,--,--,--,--,--,--,--,--,--,--,--,--,--,--,180607
2026-05-04 16:48:17.130,--,--,--,--,--,--,--,--,--,--,--,--,--,--,--,--,--,--,--,--,--,--,--,--,--,--,--,--,--,--,--,--,--,--,--,--,--,--,--,--,--,--,--,--,--,--,180612
2026-05-04 16:48:17.131,--,--,--,--,--,--,--,--,--,--,--,--,--,--,--,--,--,--,--,--,--,--,--,--,--,--,--,--,--,--,--,--,--,--,--,--,--,--,--,--,--,--,--,--,--,--,180617
2026-05-04 16:48:17.133,--,--,--,--,--,--,--,--,--,--,--,--,--,--,--,--,--,--,--,--,--,--,--,--,--,--,--,--,--,--,--,--,--,--,--,--,--,--,--,--,--,--,--,--,--,--,180622
2026-05-04 16:48:17.134,--,--,--,--,--,--,--,--,--,--,--,--,--,--,--,--,--,--,--,--,--,--,--,--,--,--,--,--,--,--,--,--,--,--,--,--,--,--,--,--,--,--,--,--,--,--,180624
2026-05-04 16:48:17.228,--,--,--,--,--,--,--,--,--,--,--,--,--,--,--,--,--,--,--,--,--,--,--,--,--,--,--,--,--,--,--,--,--,--,--,--,--,--,--,--,--,--,--,--,--,--,180625
2026-05-04 16:48:17.273,--,--,--,--,--,--,--,--,--,--,--,--,--,--,--,--,--,--,--,--,--,--,--,--,--,--,--,--,--,--,--,--,--,--,--,--,--,--,--,--,--,--,--,--,--,--,180630
2026-05-04 16:48:17.312,--,--,--,--,--,--,--,--,--,--,--,--,--,--,--,--,--,--,--,--,--,--,--,--,--,--,--,--,--,--,--,--,--,--,--,--,--,--,--,--,--,--,--,--,--,--,180635
2026-05-04 16:48:17.364,--,--,--,--,--,--,--,--,--,--,--,--,--,--,--,--,--,--,--,--,--,--,--,--,--,--,--,--,--,--,--,--,--,--,--,--,--,--,--,--,--,--,--,--,--,--,180640
2026-05-04 16:48:17.404,--,--,--,--,--,--,--,--,--,--,--,--,--,--,--,--,--,--,--,--,--,--,--,--,--,--,--,--,--,--,--,--,--,--,--,--,--,--,--,--,--,--,--,--,--,--,180645
2026-05-04 16:48:17.473,--,--,--,--,--,--,--,--,--,--,--,--,--,--,--,--,--,--,--,--,--,--,--,--,--,--,--,--,--,--,--,--,--,--,--,--,--,--,--,--,--,--,--,--,--,--,180650
2026-05-04 16:48:17.523,--,--,--,--,--,--,--,--,--,--,--,--,--,--,--,--,--,--,--,--,--,--,--,--,--,--,--,--,--,--,--,--,--,--,--,--,--,--,--,--,--,--,--,--,--,--,180655
2026-05-04 16:48:17.594,--,--,--,--,--,--,--,--,--,--,--,--,--,--,--,--,--,--,--,--,--,--,--,--,--,--,--,--,--,--,--,--,--,--,--,--,--,--,--,--,--,--,--,--,--,--,180660
2026-05-04 16:48:17.611,--,--,--,--,--,--,--,--,--,--,--,--,--,--,--,--,--,--,--,--,--,--,--,--,--,--,--,--,--,--,--,--,--,--,--,--,--,--,--,--,--,--,--,--,--,--,180665
2026-05-04 16:48:17.612,--,--,--,--,--,--,--,--,--,--,--,--,--,--,--,--,--,--,--,--,--,--,--,--,--,--,--,--,--,--,--,--,--,--,--,--,--,--,--,--,--,--,--,--,--,--,180670
2026-05-04 16:48:17.614,--,--,--,--,--,--,--,--,--,--,--,--,--,--,--,--,--,--,--,--,--,--,--,--,--,--,--,--,--,--,--,--,--,--,--,--,--,--,--,--,--,--,--,--,--,--,180675
2026-05-04 16:48:17.615,--,--,--,--,--,--,--,--,--,--,--,--,--,--,--,--,--,--,--,--,--,--,--,--,--,--,--,--,--,--,--,--,--,--,--,--,--,--,--,--,--,--,--,--,--,--,180680
2026-05-04 16:48:17.617,--,--,--,--,--,--,--,--,--,--,--,--,--,--,--,--,--,--,--,--,--,--,--,--,--,--,--,--,--,--,--,--,--,--,--,--,--,--,--,--,--,--,--,--,--,--,180685
2026-05-04 16:48:17.618,--,--,--,--,--,--,--,--,--,--,--,--,--,--,--,--,--,--,--,--,--,--,--,--,--,--,--,--,--,--,--,--,--,--,--,--,--,--,--,--,--,--,--,--,--,--,180690
2026-05-04 16:48:17.620,--,--,--,--,--,--,--,--,--,--,--,--,--,--,--,--,--,--,--,--,--,--,--,--,--,--,--,--,--,--,--,--,--,--,--,--,--,--,--,--,--,--,--,--,--,--,180695
2026-05-04 16:48:17.621,--,--,--,--,--,--,--,--,--,--,--,--,--,--,--,--,--,--,--,--,--,--,--,--,--,--,--,--,--,--,--,--,--,--,--,--,--,--,--,--,--,--,--,--,--,--,180700
2026-05-04 16:48:17.622,--,--,--,--,--,--,--,--,--,--,--,--,--,--,--,--,--,--,--,--,--,--,--,--,--,--,--,--,--,--,--,--,--,--,--,--,--,--,--,--,--,--,--,--,--,--,180705
2026-05-04 16:48:17.623,--,--,--,--,--,--,--,--,--,--,--,--,--,--,--,--,--,--,--,--,--,--,--,--,--,--,--,--,--,--,--,--,--,--,--,--,--,--,--,--,--,--,--,--,--,--,180710
2026-05-04 16:48:17.624,--,--,--,--,--,--,--,--,--,--,--,--,--,--,--,--,--,--,--,--,--,--,--,--,--,--,--,--,--,--,--,--,--,--,--,--,--,--,--,--,--,--,--,--,--,--,180715
2026-05-04 16:48:17.626,--,--,--,--,--,--,--,--,--,--,--,--,--,--,--,--,--,--,--,--,--,--,--,--,--,--,--,--,--,--,--,--,--,--,--,--,--,--,--,--,--,--,--,--,--,--,180720
2026-05-04 16:48:17.682,--,--,--,--,--,--,--,--,--,--,--,--,--,--,--,--,--,--,--,--,--,--,--,--,--,--,--,--,--,--,--,--,--,--,--,--,--,--,--,--,--,--,--,--,--,--,183285
2026-05-04 16:48:17.733,--,--,--,--,--,--,--,--,--,--,--,--,--,--,--,--,--,--,--,--,--,--,--,--,--,--,--,--,--,--,--,--,--,--,--,--,--,--,--,--,--,--,--,--,--,--,183290
2026-05-04 16:48:17.790,--,--,--,--,--,--,--,--,--,--,--,--,--,--,--,--,--,--,--,--,--,--,--,--,--,--,--,--,--,--,--,--,--,--,--,--,--,--,--,--,--,--,--,--,--,--,183295
2026-05-04 16:48:17.845,--,--,--,--,--,--,--,--,--,--,--,--,--,--,--,--,--,--,--,--,--,--,--,--,--,--,--,--,--,--,--,--,--,--,--,--,--,--,--,--,--,--,--,--,--,--,183300
2026-05-04 16:48:17.848,--,--,--,--,--,--,--,--,--,--,--,--,--,--,--,--,--,--,--,--,--,--,--,--,--,--,--,--,--,--,--,--,--,--,--,--,--,--,--,--,--,--,--,--,--,--,183305
2026-05-04 16:48:17.849,--,--,--,--,--,--,--,--,--,--,--,--,--,--,--,--,--,--,--,--,--,--,--,--,--,--,--,--,--,--,--,--,--,--,--,--,--,--,--,--,--,--,--,--,--,--,183310
2026-05-04 16:48:17.850,--,--,--,--,--,--,--,--,--,--,--,--,--,--,--,--,--,--,--,--,--,--,--,--,--,--,--,--,--,--,--,--,--,--,--,--,--,--,--,--,--,--,--,--,--,--,183315
2026-05-04 16:48:17.851,--,--,--,--,--,--,--,--,--,--,--,--,--,--,--,--,--,--,--,--,--,--,--,--,--,--,--,--,--,--,--,--,--,--,--,--,--,--,--,--,--,--,--,--,--,--,183320
2026-05-04 16:48:17.853,--,--,--,--,--,--,--,--,--,--,--,--,--,--,--,--,--,--,--,--,--,--,--,--,--,--,--,--,--,--,--,--,--,--,--,--,--,--,--,--,--,--,--,--,--,--,183325
2026-05-04 16:48:17.854,--,--,--,--,--,--,--,--,--,--,--,--,--,--,--,--,--,--,--,--,--,--,--,--,--,--,--,--,--,--,--,--,--,--,--,--,--,--,--,--,--,--,--,--,--,--,183326
2026-05-04 16:48:17.966,--,--,--,--,--,--,--,--,--,--,--,--,--,--,--,--,--,--,--,--,--,--,--,--,--,--,--,--,--,--,--,--,--,--,--,--,--,--,--,--,--,--,--,--,--,--,183327
2026-05-04 16:48:18.004,--,--,--,--,--,--,--,--,--,--,--,--,--,--,--,--,--,--,--,--,--,--,--,--,--,--,--,--,--,--,--,--,--,--,--,--,--,--,--,--,--,--,--,--,--,--,183332
2026-05-04 16:48:18.075,--,--,--,--,--,--,--,--,--,--,--,--,--,--,--,--,--,--,--,--,--,--,--,--,--,--,--,--,--,--,--,--,--,--,--,--,--,--,--,--,--,--,--,--,--,--,183337
2026-05-04 16:48:18.112,--,--,--,--,--,--,--,--,--,--,--,--,--,--,--,--,--,--,--,--,--,--,--,--,--,--,--,--,--,--,--,--,--,--,--,--,--,--,--,--,--,--,--,--,--,--,183342
2026-05-04 16:48:18.150,--,--,--,--,--,--,--,--,--,--,--,--,--,--,--,--,--,--,--,--,--,--,--,--,--,--,--,--,--,--,--,--,--,--,--,--,--,--,--,--,--,--,--,--,--,--,183347
2026-05-04 16:48:18.205,--,--,--,--,--,--,--,--,--,--,--,--,--,--,--,--,--,--,--,--,--,--,--,--,--,--,--,--,--,--,--,--,--,--,--,--,--,--,--,--,--,--,--,--,--,--,183352
2026-05-04 16:48:18.258,--,--,--,--,--,--,--,--,--,--,--,--,--,--,--,--,--,--,--,--,--,--,--,--,--,--,--,--,--,--,--,--,--,--,--,--,--,--,--,--,--,--,--,--,--,--,183357
2026-05-04 16:48:18.313,--,--,--,--,--,--,--,--,--,--,--,--,--,--,--,--,--,--,--,--,--,--,--,--,--,--,--,--,--,--,--,--,--,--,--,--,--,--,--,--,--,--,--,--,--,--,183362
2026-05-04 16:48:18.314,--,--,--,--,--,--,--,--,--,--,--,--,--,--,--,--,--,--,--,--,--,--,--,--,--,--,--,--,--,--,--,--,--,--,--,--,--,--,--,--,--,--,--,--,--,--,183367
2026-05-04 16:48:18.316,--,--,--,--,--,--,--,--,--,--,--,--,--,--,--,--,--,--,--,--,--,--,--,--,--,--,--,--,--,--,--,--,--,--,--,--,--,--,--,--,--,--,--,--,--,--,183372
2026-05-04 16:48:18.317,--,--,--,--,--,--,--,--,--,--,--,--,--,--,--,--,--,--,--,--,--,--,--,--,--,--,--,--,--,--,--,--,--,--,--,--,--,--,--,--,--,--,--,--,--,--,183377
2026-05-04 16:48:18.319,--,--,--,--,--,--,--,--,--,--,--,--,--,--,--,--,--,--,--,--,--,--,--,--,--,--,--,--,--,--,--,--,--,--,--,--,--,--,--,--,--,--,--,--,--,--,183382
2026-05-04 16:48:18.322,--,--,--,--,--,--,--,--,--,--,--,--,--,--,--,--,--,--,--,--,--,--,--,--,--,--,--,--,--,--,--,--,--,--,--,--,--,--,--,--,--,--,--,--,--,--,183387
2026-05-04 16:48:18.323,--,--,--,--,--,--,--,--,--,--,--,--,--,--,--,--,--,--,--,--,--,--,--,--,--,--,--,--,--,--,--,--,--,--,--,--,--,--,--,--,--,--,--,--,--,--,183392
2026-05-04 16:48:18.324,--,--,--,--,--,--,--,--,--,--,--,--,--,--,--,--,--,--,--,--,--,--,--,--,--,--,--,--,--,--,--,--,--,--,--,--,--,--,--,--,--,--,--,--,--,--,183397
2026-05-04 16:48:18.325,--,--,--,--,--,--,--,--,--,--,--,--,--,--,--,--,--,--,--,--,--,--,--,--,--,--,--,--,--,--,--,--,--,--,--,--,--,--,--,--,--,--,--,--,--,--,183402
2026-05-04 16:48:18.326,--,--,--,--,--,--,--,--,--,--,--,--,--,--,--,--,--,--,--,--,--,--,--,--,--,--,--,--,--,--,--,--,--,--,--,--,--,--,--,--,--,--,--,--,--,--,183407
2026-05-04 16:48:18.328,--,--,--,--,--,--,--,--,--,--,--,--,--,--,--,--,--,--,--,--,--,--,--,--,--,--,--,--,--,--,--,--,--,--,--,--,--,--,--,--,--,--,--,--,--,--,183412
2026-05-04 16:48:18.329,--,--,--,--,--,--,--,--,--,--,--,--,--,--,--,--,--,--,--,--,--,--,--,--,--,--,--,--,--,--,--,--,--,--,--,--,--,--,--,--,--,--,--,--,--,--,183417
2026-05-04 16:48:18.331,--,--,--,--,--,--,--,--,--,--,--,--,--,--,--,--,--,--,--,--,--,--,--,--,--,--,--,--,--,--,--,--,--,--,--,--,--,--,--,--,--,--,--,--,--,--,183422
2026-05-04 16:48:18.359,--,--,--,--,--,--,--,--,--,--,--,--,--,--,--,--,--,--,--,--,--,--,--,--,--,--,--,--,--,--,--,--,--,--,--,--,--,--,--,--,--,--,--,--,--,--,186114
2026-05-04 16:48:18.447,--,--,--,--,--,--,--,--,--,--,--,--,--,--,--,--,--,--,--,--,--,--,--,--,--,--,--,--,--,--,--,--,--,--,--,--,--,--,--,--,--,--,--,--,--,--,186119
2026-05-04 16:48:18.531,--,--,--,--,--,--,--,--,--,--,--,--,--,--,--,--,--,--,--,--,--,--,--,--,--,--,--,--,--,--,--,--,--,--,--,--,--,--,--,--,--,--,--,--,--,--,186124
2026-05-04 16:48:18.533,--,--,--,--,--,--,--,--,--,--,--,--,--,--,--,--,--,--,--,--,--,--,--,--,--,--,--,--,--,--,--,--,--,--,--,--,--,--,--,--,--,--,--,--,--,--,186129
2026-05-04 16:48:18.534,--,--,--,--,--,--,--,--,--,--,--,--,--,--,--,--,--,--,--,--,--,--,--,--,--,--,--,--,--,--,--,--,--,--,--,--,--,--,--,--,--,--,--,--,--,--,186134
2026-05-04 16:48:18.535,--,--,--,--,--,--,--,--,--,--,--,--,--,--,--,--,--,--,--,--,--,--,--,--,--,--,--,--,--,--,--,--,--,--,--,--,--,--,--,--,--,--,--,--,--,--,186139
2026-05-04 16:48:18.537,--,--,--,--,--,--,--,--,--,--,--,--,--,--,--,--,--,--,--,--,--,--,--,--,--,--,--,--,--,--,--,--,--,--,--,--,--,--,--,--,--,--,--,--,--,--,186144
2026-05-04 16:48:18.538,--,--,--,--,--,--,--,--,--,--,--,--,--,--,--,--,--,--,--,--,--,--,--,--,--,--,--,--,--,--,--,--,--,--,--,--,--,--,--,--,--,--,--,--,--,--,186149
2026-05-04 16:48:18.540,--,--,--,--,--,--,--,--,--,--,--,--,--,--,--,--,--,--,--,--,--,--,--,--,--,--,--,--,--,--,--,--,--,--,--,--,--,--,--,--,--,--,--,--,--,--,186154
2026-05-04 16:48:18.541,--,--,--,--,--,--,--,--,--,--,--,--,--,--,--,--,--,--,--,--,--,--,--,--,--,--,--,--,--,--,--,--,--,--,--,--,--,--,--,--,--,--,--,--,--,--,186155
2026-05-04 16:48:18.646,--,--,--,--,--,--,--,--,--,--,--,--,--,--,--,--,--,--,--,--,--,--,--,--,--,--,--,--,--,--,--,--,--,--,--,--,--,--,--,--,--,--,--,--,--,--,186156
2026-05-04 16:48:18.705,--,--,--,--,--,--,--,--,--,--,--,--,--,--,--,--,--,--,--,--,--,--,--,--,--,--,--,--,--,--,--,--,--,--,--,--,--,--,--,--,--,--,--,--,--,--,186161
2026-05-04 16:48:18.760,--,--,--,--,--,--,--,--,--,--,--,--,--,--,--,--,--,--,--,--,--,--,--,--,--,--,--,--,--,--,--,--,--,--,--,--,--,--,--,--,--,--,--,--,--,--,186166
2026-05-04 16:48:18.796,--,--,--,--,--,--,--,--,--,--,--,--,--,--,--,--,--,--,--,--,--,--,--,--,--,--,--,--,--,--,--,--,--,--,--,--,--,--,--,--,--,--,--,--,--,--,186171
2026-05-04 16:48:18.871,--,--,--,--,--,--,--,--,--,--,--,--,--,--,--,--,--,--,--,--,--,--,--,--,--,--,--,--,--,--,--,--,--,--,--,--,--,--,--,--,--,--,--,--,--,--,186176
2026-05-04 16:48:18.926,--,--,--,--,--,--,--,--,--,--,--,--,--,--,--,--,--,--,--,--,--,--,--,--,--,--,--,--,--,--,--,--,--,--,--,--,--,--,--,--,--,--,--,--,--,--,186181
2026-05-04 16:48:18.966,--,--,--,--,--,--,--,--,--,--,--,--,--,--,--,--,--,--,--,--,--,--,--,--,--,--,--,--,--,--,--,--,--,--,--,--,--,--,--,--,--,--,--,--,--,--,186186
2026-05-04 16:48:19.019,--,--,--,--,--,--,--,--,--,--,--,--,--,--,--,--,--,--,--,--,--,--,--,--,--,--,--,--,--,--,--,--,--,--,--,--,--,--,--,--,--,--,--,--,--,--,186191
2026-05-04 16:48:19.021,--,--,--,--,--,--,--,--,--,--,--,--,--,--,--,--,--,--,--,--,--,--,--,--,--,--,--,--,--,--,--,--,--,--,--,--,--,--,--,--,--,--,--,--,--,--,186196
2026-05-04 16:48:19.022,--,--,--,--,--,--,--,--,--,--,--,--,--,--,--,--,--,--,--,--,--,--,--,--,--,--,--,--,--,--,--,--,--,--,--,--,--,--,--,--,--,--,--,--,--,--,186201
2026-05-04 16:48:19.023,--,--,--,--,--,--,--,--,--,--,--,--,--,--,--,--,--,--,--,--,--,--,--,--,--,--,--,--,--,--,--,--,--,--,--,--,--,--,--,--,--,--,--,--,--,--,186206
2026-05-04 16:48:19.024,--,--,--,--,--,--,--,--,--,--,--,--,--,--,--,--,--,--,--,--,--,--,--,--,--,--,--,--,--,--,--,--,--,--,--,--,--,--,--,--,--,--,--,--,--,--,186211
2026-05-04 16:48:19.025,--,--,--,--,--,--,--,--,--,--,--,--,--,--,--,--,--,--,--,--,--,--,--,--,--,--,--,--,--,--,--,--,--,--,--,--,--,--,--,--,--,--,--,--,--,--,186216
2026-05-04 16:48:19.027,--,--,--,--,--,--,--,--,--,--,--,--,--,--,--,--,--,--,--,--,--,--,--,--,--,--,--,--,--,--,--,--,--,--,--,--,--,--,--,--,--,--,--,--,--,--,186221
2026-05-04 16:48:19.028,--,--,--,--,--,--,--,--,--,--,--,--,--,--,--,--,--,--,--,--,--,--,--,--,--,--,--,--,--,--,--,--,--,--,--,--,--,--,--,--,--,--,--,--,--,--,186226
2026-05-04 16:48:19.032,--,--,--,--,--,--,--,--,--,--,--,--,--,--,--,--,--,--,--,--,--,--,--,--,--,--,--,--,--,--,--,--,--,--,--,--,--,--,--,--,--,--,--,--,--,--,186231
2026-05-04 16:48:19.033,--,--,--,--,--,--,--,--,--,--,--,--,--,--,--,--,--,--,--,--,--,--,--,--,--,--,--,--,--,--,--,--,--,--,--,--,--,--,--,--,--,--,--,--,--,--,186236
2026-05-04 16:48:19.034,--,--,--,--,--,--,--,--,--,--,--,--,--,--,--,--,--,--,--,--,--,--,--,--,--,--,--,--,--,--,--,--,--,--,--,--,--,--,--,--,--,--,--,--,--,--,186241
2026-05-04 16:48:19.036,--,--,--,--,--,--,--,--,--,--,--,--,--,--,--,--,--,--,--,--,--,--,--,--,--,--,--,--,--,--,--,--,--,--,--,--,--,--,--,--,--,--,--,--,--,--,186246
2026-05-04 16:48:19.037,--,--,--,--,--,--,--,--,--,--,--,--,--,--,--,--,--,--,--,--,--,--,--,--,--,--,--,--,--,--,--,--,--,--,--,--,--,--,--,--,--,--,--,--,--,--,186251
2026-05-04 16:48:19.090,--,--,--,--,--,--,--,--,--,--,--,--,--,--,--,--,--,--,--,--,--,--,--,--,--,--,--,--,--,--,--,--,--,--,--,--,--,--,--,--,--,--,--,--,--,--,188859
2026-05-04 16:48:19.150,--,--,--,--,--,--,--,--,--,--,--,--,--,--,--,--,--,--,--,--,--,--,--,--,--,--,--,--,--,--,--,--,--,--,--,--,--,--,--,--,--,--,--,--,--,--,188864
2026-05-04 16:48:19.218,--,--,--,--,--,--,--,--,--,--,--,--,--,--,--,--,--,--,--,--,--,--,--,--,--,--,--,--,--,--,--,--,--,--,--,--,--,--,--,--,--,--,--,--,--,--,188869
2026-05-04 16:48:19.278,--,--,--,--,--,--,--,--,--,--,--,--,--,--,--,--,--,--,--,--,--,--,--,--,--,--,--,--,--,--,--,--,--,--,--,--,--,--,--,--,--,--,--,--,--,--,188874
2026-05-04 16:48:19.331,--,--,--,--,--,--,--,--,--,--,--,--,--,--,--,--,--,--,--,--,--,--,--,--,--,--,--,--,--,--,--,--,--,--,--,--,--,--,--,--,--,--,--,--,--,--,188879
2026-05-04 16:48:19.398,--,--,--,--,--,--,--,--,--,--,--,--,--,--,--,--,--,--,--,--,--,--,--,--,--,--,--,--,--,--,--,--,--,--,--,--,--,--,--,--,--,--,--,--,--,--,188884
2026-05-04 16:48:19.399,--,--,--,--,--,--,--,--,--,--,--,--,--,--,--,--,--,--,--,--,--,--,--,--,--,--,--,--,--,--,--,--,--,--,--,--,--,--,--,--,--,--,--,--,--,--,188889
2026-05-04 16:48:19.401,--,--,--,--,--,--,--,--,--,--,--,--,--,--,--,--,--,--,--,--,--,--,--,--,--,--,--,--,--,--,--,--,--,--,--,--,--,--,--,--,--,--,--,--,--,--,188894
2026-05-04 16:48:19.403,--,--,--,--,--,--,--,--,--,--,--,--,--,--,--,--,--,--,--,--,--,--,--,--,--,--,--,--,--,--,--,--,--,--,--,--,--,--,--,--,--,--,--,--,--,--,188899
2026-05-04 16:48:19.404,--,--,--,--,--,--,--,--,--,--,--,--,--,--,--,--,--,--,--,--,--,--,--,--,--,--,--,--,--,--,--,--,--,--,--,--,--,--,--,--,--,--,--,--,--,--,188904
2026-05-04 16:48:19.406,--,--,--,--,--,--,--,--,--,--,--,--,--,--,--,--,--,--,--,--,--,--,--,--,--,--,--,--,--,--,--,--,--,--,--,--,--,--,--,--,--,--,--,--,--,--,188909
2026-05-04 16:48:19.408,--,--,--,--,--,--,--,--,--,--,--,--,--,--,--,--,--,--,--,--,--,--,--,--,--,--,--,--,--,--,--,--,--,--,--,--,--,--,--,--,--,--,--,--,--,--,188914
2026-05-04 16:48:19.409,--,--,--,--,--,--,--,--,--,--,--,--,--,--,--,--,--,--,--,--,--,--,--,--,--,--,--,--,--,--,--,--,--,--,--,--,--,--,--,--,--,--,--,--,--,--,188919
2026-05-04 16:48:19.411,--,--,--,--,--,--,--,--,--,--,--,--,--,--,--,--,--,--,--,--,--,--,--,--,--,--,--,--,--,--,--,--,--,--,--,--,--,--,--,--,--,--,--,--,--,--,188924
2026-05-04 16:48:19.412,--,--,--,--,--,--,--,--,--,--,--,--,--,--,--,--,--,--,--,--,--,--,--,--,--,--,--,--,--,--,--,--,--,--,--,--,--,--,--,--,--,--,--,--,--,--,188929
2026-05-04 16:48:19.413,--,--,--,--,--,--,--,--,--,--,--,--,--,--,--,--,--,--,--,--,--,--,--,--,--,--,--,--,--,--,--,--,--,--,--,--,--,--,--,--,--,--,--,--,--,--,188934
2026-05-04 16:48:19.415,--,--,--,--,--,--,--,--,--,--,--,--,--,--,--,--,--,--,--,--,--,--,--,--,--,--,--,--,--,--,--,--,--,--,--,--,--,--,--,--,--,--,--,--,--,--,188939
2026-05-04 16:48:19.416,--,--,--,--,--,--,--,--,--,--,--,--,--,--,--,--,--,--,--,--,--,--,--,--,--,--,--,--,--,--,--,--,--,--,--,--,--,--,--,--,--,--,--,--,--,--,188942
2026-05-04 16:48:19.612,--,--,--,--,--,--,--,--,--,--,--,--,--,--,--,--,--,--,--,--,--,--,--,--,--,--,--,--,--,--,--,--,--,--,--,--,--,--,--,--,--,--,--,--,--,--,188943
2026-05-04 16:48:19.650,--,--,--,--,--,--,--,--,--,--,--,--,--,--,--,--,--,--,--,--,--,--,--,--,--,--,--,--,--,--,--,--,--,--,--,--,--,--,--,--,--,--,--,--,--,--,188948
2026-05-04 16:48:19.688,--,--,--,--,--,--,--,--,--,--,--,--,--,--,--,--,--,--,--,--,--,--,--,--,--,--,--,--,--,--,--,--,--,--,--,--,--,--,--,--,--,--,--,--,--,--,188953
2026-05-04 16:48:19.718,--,--,--,--,--,--,--,--,--,--,--,--,--,--,--,--,--,--,--,--,--,--,--,--,--,--,--,--,--,--,--,--,--,--,--,--,--,--,--,--,--,--,--,--,--,--,188958
2026-05-04 16:48:19.768,--,--,--,--,--,--,--,--,--,--,--,--,--,--,--,--,--,--,--,--,--,--,--,--,--,--,--,--,--,--,--,--,--,--,--,--,--,--,--,--,--,--,--,--,--,--,188963
2026-05-04 16:48:19.822,--,--,--,--,--,--,--,--,--,--,--,--,--,--,--,--,--,--,--,--,--,--,--,--,--,--,--,--,--,--,--,--,--,--,--,--,--,--,--,--,--,--,--,--,--,--,188968
2026-05-04 16:48:19.859,--,--,--,--,--,--,--,--,--,--,--,--,--,--,--,--,--,--,--,--,--,--,--,--,--,--,--,--,--,--,--,--,--,--,--,--,--,--,--,--,--,--,--,--,--,--,188973
2026-05-04 16:48:19.912,--,--,--,--,--,--,--,--,--,--,--,--,--,--,--,--,--,--,--,--,--,--,--,--,--,--,--,--,--,--,--,--,--,--,--,--,--,--,--,--,--,--,--,--,--,--,188978
2026-05-04 16:48:19.948,--,--,--,--,--,--,--,--,--,--,--,--,--,--,--,--,--,--,--,--,--,--,--,--,--,--,--,--,--,--,--,--,--,--,--,--,--,--,--,--,--,--,--,--,--,--,188983
2026-05-04 16:48:19.949,--,--,--,--,--,--,--,--,--,--,--,--,--,--,--,--,--,--,--,--,--,--,--,--,--,--,--,--,--,--,--,--,--,--,--,--,--,--,--,--,--,--,--,--,--,--,188988
2026-05-04 16:48:19.951,--,--,--,--,--,--,--,--,--,--,--,--,--,--,--,--,--,--,--,--,--,--,--,--,--,--,--,--,--,--,--,--,--,--,--,--,--,--,--,--,--,--,--,--,--,--,188993
2026-05-04 16:48:19.953,--,--,--,--,--,--,--,--,--,--,--,--,--,--,--,--,--,--,--,--,--,--,--,--,--,--,--,--,--,--,--,--,--,--,--,--,--,--,--,--,--,--,--,--,--,--,188998
2026-05-04 16:48:19.955,--,--,--,--,--,--,--,--,--,--,--,--,--,--,--,--,--,--,--,--,--,--,--,--,--,--,--,--,--,--,--,--,--,--,--,--,--,--,--,--,--,--,--,--,--,--,189003
2026-05-04 16:48:19.956,--,--,--,--,--,--,--,--,--,--,--,--,--,--,--,--,--,--,--,--,--,--,--,--,--,--,--,--,--,--,--,--,--,--,--,--,--,--,--,--,--,--,--,--,--,--,189008
2026-05-04 16:48:19.958,--,--,--,--,--,--,--,--,--,--,--,--,--,--,--,--,--,--,--,--,--,--,--,--,--,--,--,--,--,--,--,--,--,--,--,--,--,--,--,--,--,--,--,--,--,--,189013
2026-05-04 16:48:19.960,--,--,--,--,--,--,--,--,--,--,--,--,--,--,--,--,--,--,--,--,--,--,--,--,--,--,--,--,--,--,--,--,--,--,--,--,--,--,--,--,--,--,--,--,--,--,189018
2026-05-04 16:48:19.961,--,--,--,--,--,--,--,--,--,--,--,--,--,--,--,--,--,--,--,--,--,--,--,--,--,--,--,--,--,--,--,--,--,--,--,--,--,--,--,--,--,--,--,--,--,--,189023
2026-05-04 16:48:19.963,--,--,--,--,--,--,--,--,--,--,--,--,--,--,--,--,--,--,--,--,--,--,--,--,--,--,--,--,--,--,--,--,--,--,--,--,--,--,--,--,--,--,--,--,--,--,189028
2026-05-04 16:48:19.982,--,--,--,--,--,--,--,--,--,--,--,--,--,--,--,--,--,--,--,--,--,--,--,--,--,--,--,--,--,--,--,--,--,--,--,--,--,--,--,--,--,--,--,--,--,--,189033
2026-05-04 16:48:19.984,--,--,--,--,--,--,--,--,--,--,--,--,--,--,--,--,--,--,--,--,--,--,--,--,--,--,--,--,--,--,--,--,--,--,--,--,--,--,--,--,--,--,--,--,--,--,189038
2026-05-04 16:48:20.012,--,--,--,--,--,--,--,--,--,--,--,--,--,--,--,--,--,--,--,--,--,--,--,--,--,--,--,--,--,--,--,--,--,--,--,--,--,--,--,--,--,--,--,--,--,--,192575
2026-05-04 16:48:20.050,--,--,--,--,--,--,--,--,--,--,--,--,--,--,--,--,--,--,--,--,--,--,--,--,--,--,--,--,--,--,--,--,--,--,--,--,--,--,--,--,--,--,--,--,--,--,192580
2026-05-04 16:48:20.103,--,--,--,--,--,--,--,--,--,--,--,--,--,--,--,--,--,--,--,--,--,--,--,--,--,--,--,--,--,--,--,--,--,--,--,--,--,--,--,--,--,--,--,--,--,--,192585
2026-05-04 16:48:20.170,--,--,--,--,--,--,--,--,--,--,--,--,--,--,--,--,--,--,--,--,--,--,--,--,--,--,--,--,--,--,--,--,--,--,--,--,--,--,--,--,--,--,--,--,--,--,192590
2026-05-04 16:48:20.171,--,--,--,--,--,--,--,--,--,--,--,--,--,--,--,--,--,--,--,--,--,--,--,--,--,--,--,--,--,--,--,--,--,--,--,--,--,--,--,--,--,--,--,--,--,--,192595
2026-05-04 16:48:20.173,--,--,--,--,--,--,--,--,--,--,--,--,--,--,--,--,--,--,--,--,--,--,--,--,--,--,--,--,--,--,--,--,--,--,--,--,--,--,--,--,--,--,--,--,--,--,192600
2026-05-04 16:48:20.173,--,--,--,--,--,--,--,--,--,--,--,--,--,--,--,--,--,--,--,--,--,--,--,--,--,--,--,--,--,--,--,--,--,--,--,--,--,--,--,--,--,--,--,--,--,--,192605
2026-05-04 16:48:20.176,--,--,--,--,--,--,--,--,--,--,--,--,--,--,--,--,--,--,--,--,--,--,--,--,--,--,--,--,--,--,--,--,--,--,--,--,--,--,--,--,--,--,--,--,--,--,192610
2026-05-04 16:48:20.178,--,--,--,--,--,--,--,--,--,--,--,--,--,--,--,--,--,--,--,--,--,--,--,--,--,--,--,--,--,--,--,--,--,--,--,--,--,--,--,--,--,--,--,--,--,--,192615
2026-05-04 16:48:20.179,--,--,--,--,--,--,--,--,--,--,--,--,--,--,--,--,--,--,--,--,--,--,--,--,--,--,--,--,--,--,--,--,--,--,--,--,--,--,--,--,--,--,--,--,--,--,192616
2026-05-04 16:48:20.286,--,--,--,--,--,--,--,--,--,--,--,--,--,--,--,--,--,--,--,--,--,--,--,--,--,--,--,--,--,--,--,--,--,--,--,--,--,--,--,--,--,--,--,--,--,--,192617
2026-05-04 16:48:20.338,--,--,--,--,--,--,--,--,--,--,--,--,--,--,--,--,--,--,--,--,--,--,--,--,--,--,--,--,--,--,--,--,--,--,--,--,--,--,--,--,--,--,--,--,--,--,192622
2026-05-04 16:48:20.407,--,--,--,--,--,--,--,--,--,--,--,--,--,--,--,--,--,--,--,--,--,--,--,--,--,--,--,--,--,--,--,--,--,--,--,--,--,--,--,--,--,--,--,--,--,--,192627
2026-05-04 16:48:20.441,--,--,--,--,--,--,--,--,--,--,--,--,--,--,--,--,--,--,--,--,--,--,--,--,--,--,--,--,--,--,--,--,--,--,--,--,--,--,--,--,--,--,--,--,--,--,192632
2026-05-04 16:48:20.497,--,--,--,--,--,--,--,--,--,--,--,--,--,--,--,--,--,--,--,--,--,--,--,--,--,--,--,--,--,--,--,--,--,--,--,--,--,--,--,--,--,--,--,--,--,--,192637
2026-05-04 16:48:20.565,--,--,--,--,--,--,--,--,--,--,--,--,--,--,--,--,--,--,--,--,--,--,--,--,--,--,--,--,--,--,--,--,--,--,--,--,--,--,--,--,--,--,--,--,--,--,192642
2026-05-04 16:48:20.615,--,--,--,--,--,--,--,--,--,--,--,--,--,--,--,--,--,--,--,--,--,--,--,--,--,--,--,--,--,--,--,--,--,--,--,--,--,--,--,--,--,--,--,--,--,--,192647
2026-05-04 16:48:20.616,--,--,--,--,--,--,--,--,--,--,--,--,--,--,--,--,--,--,--,--,--,--,--,--,--,--,--,--,--,--,--,--,--,--,--,--,--,--,--,--,--,--,--,--,--,--,192652
2026-05-04 16:48:20.618,--,--,--,--,--,--,--,--,--,--,--,--,--,--,--,--,--,--,--,--,--,--,--,--,--,--,--,--,--,--,--,--,--,--,--,--,--,--,--,--,--,--,--,--,--,--,192657
2026-05-04 16:48:20.620,--,--,--,--,--,--,--,--,--,--,--,--,--,--,--,--,--,--,--,--,--,--,--,--,--,--,--,--,--,--,--,--,--,--,--,--,--,--,--,--,--,--,--,--,--,--,192662
2026-05-04 16:48:20.622,--,--,--,--,--,--,--,--,--,--,--,--,--,--,--,--,--,--,--,--,--,--,--,--,--,--,--,--,--,--,--,--,--,--,--,--,--,--,--,--,--,--,--,--,--,--,192667
2026-05-04 16:48:20.623,--,--,--,--,--,--,--,--,--,--,--,--,--,--,--,--,--,--,--,--,--,--,--,--,--,--,--,--,--,--,--,--,--,--,--,--,--,--,--,--,--,--,--,--,--,--,192672
2026-05-04 16:48:20.625,--,--,--,--,--,--,--,--,--,--,--,--,--,--,--,--,--,--,--,--,--,--,--,--,--,--,--,--,--,--,--,--,--,--,--,--,--,--,--,--,--,--,--,--,--,--,192677
2026-05-04 16:48:20.626,--,--,--,--,--,--,--,--,--,--,--,--,--,--,--,--,--,--,--,--,--,--,--,--,--,--,--,--,--,--,--,--,--,--,--,--,--,--,--,--,--,--,--,--,--,--,192682
2026-05-04 16:48:20.627,--,--,--,--,--,--,--,--,--,--,--,--,--,--,--,--,--,--,--,--,--,--,--,--,--,--,--,--,--,--,--,--,--,--,--,--,--,--,--,--,--,--,--,--,--,--,192687
2026-05-04 16:48:20.629,--,--,--,--,--,--,--,--,--,--,--,--,--,--,--,--,--,--,--,--,--,--,--,--,--,--,--,--,--,--,--,--,--,--,--,--,--,--,--,--,--,--,--,--,--,--,192692
2026-05-04 16:48:20.631,--,--,--,--,--,--,--,--,--,--,--,--,--,--,--,--,--,--,--,--,--,--,--,--,--,--,--,--,--,--,--,--,--,--,--,--,--,--,--,--,--,--,--,--,--,--,192697
2026-05-04 16:48:20.632,--,--,--,--,--,--,--,--,--,--,--,--,--,--,--,--,--,--,--,--,--,--,--,--,--,--,--,--,--,--,--,--,--,--,--,--,--,--,--,--,--,--,--,--,--,--,192702
2026-05-04 16:48:20.633,--,--,--,--,--,--,--,--,--,--,--,--,--,--,--,--,--,--,--,--,--,--,--,--,--,--,--,--,--,--,--,--,--,--,--,--,--,--,--,--,--,--,--,--,--,--,192707
2026-05-04 16:48:20.634,--,--,--,--,--,--,--,--,--,--,--,--,--,--,--,--,--,--,--,--,--,--,--,--,--,--,--,--,--,--,--,--,--,--,--,--,--,--,--,--,--,--,--,--,--,--,192712
2026-05-04 16:48:20.683,--,--,--,--,--,--,--,--,--,--,--,--,--,--,--,--,--,--,--,--,--,--,--,--,--,--,--,--,--,--,--,--,--,--,--,--,--,--,--,--,--,--,--,--,--,--,195235
2026-05-04 16:48:20.736,--,--,--,--,--,--,--,--,--,--,--,--,--,--,--,--,--,--,--,--,--,--,--,--,--,--,--,--,--,--,--,--,--,--,--,--,--,--,--,--,--,--,--,--,--,--,195240
2026-05-04 16:48:20.790,--,--,--,--,--,--,--,--,--,--,--,--,--,--,--,--,--,--,--,--,--,--,--,--,--,--,--,--,--,--,--,--,--,--,--,--,--,--,--,--,--,--,--,--,--,--,195245
2026-05-04 16:48:20.858,--,--,--,--,--,--,--,--,--,--,--,--,--,--,--,--,--,--,--,--,--,--,--,--,--,--,--,--,--,--,--,--,--,--,--,--,--,--,--,--,--,--,--,--,--,--,195250
2026-05-04 16:48:20.910,--,--,--,--,--,--,--,--,--,--,--,--,--,--,--,--,--,--,--,--,--,--,--,--,--,--,--,--,--,--,--,--,--,--,--,--,--,--,--,--,--,--,--,--,--,--,195255
2026-05-04 16:48:20.965,--,--,--,--,--,--,--,--,--,--,--,--,--,--,--,--,--,--,--,--,--,--,--,--,--,--,--,--,--,--,--,--,--,--,--,--,--,--,--,--,--,--,--,--,--,--,195260
2026-05-04 16:48:20.966,--,--,--,--,--,--,--,--,--,--,--,--,--,--,--,--,--,--,--,--,--,--,--,--,--,--,--,--,--,--,--,--,--,--,--,--,--,--,--,--,--,--,--,--,--,--,195265
2026-05-04 16:48:20.968,--,--,--,--,--,--,--,--,--,--,--,--,--,--,--,--,--,--,--,--,--,--,--,--,--,--,--,--,--,--,--,--,--,--,--,--,--,--,--,--,--,--,--,--,--,--,195270
2026-05-04 16:48:20.970,--,--,--,--,--,--,--,--,--,--,--,--,--,--,--,--,--,--,--,--,--,--,--,--,--,--,--,--,--,--,--,--,--,--,--,--,--,--,--,--,--,--,--,--,--,--,195275
2026-05-04 16:48:20.972,--,--,--,--,--,--,--,--,--,--,--,--,--,--,--,--,--,--,--,--,--,--,--,--,--,--,--,--,--,--,--,--,--,--,--,--,--,--,--,--,--,--,--,--,--,--,195280
2026-05-04 16:48:20.974,--,--,--,--,--,--,--,--,--,--,--,--,--,--,--,--,--,--,--,--,--,--,--,--,--,--,--,--,--,--,--,--,--,--,--,--,--,--,--,--,--,--,--,--,--,--,195285
2026-05-04 16:48:20.975,--,--,--,--,--,--,--,--,--,--,--,--,--,--,--,--,--,--,--,--,--,--,--,--,--,--,--,--,--,--,--,--,--,--,--,--,--,--,--,--,--,--,--,--,--,--,195290
2026-05-04 16:48:20.976,--,--,--,--,--,--,--,--,--,--,--,--,--,--,--,--,--,--,--,--,--,--,--,--,--,--,--,--,--,--,--,--,--,--,--,--,--,--,--,--,--,--,--,--,--,--,195295
2026-05-04 16:48:20.978,--,--,--,--,--,--,--,--,--,--,--,--,--,--,--,--,--,--,--,--,--,--,--,--,--,--,--,--,--,--,--,--,--,--,--,--,--,--,--,--,--,--,--,--,--,--,195300
2026-05-04 16:48:20.980,--,--,--,--,--,--,--,--,--,--,--,--,--,--,--,--,--,--,--,--,--,--,--,--,--,--,--,--,--,--,--,--,--,--,--,--,--,--,--,--,--,--,--,--,--,--,195305
2026-05-04 16:48:20.982,--,--,--,--,--,--,--,--,--,--,--,--,--,--,--,--,--,--,--,--,--,--,--,--,--,--,--,--,--,--,--,--,--,--,--,--,--,--,--,--,--,--,--,--,--,--,195310
2026-05-04 16:48:20.983,--,--,--,--,--,--,--,--,--,--,--,--,--,--,--,--,--,--,--,--,--,--,--,--,--,--,--,--,--,--,--,--,--,--,--,--,--,--,--,--,--,--,--,--,--,--,195315
2026-05-04 16:48:21.126,--,--,--,--,--,--,--,--,--,--,--,--,--,--,--,--,--,--,--,--,--,--,--,--,--,--,--,--,--,--,--,--,--,--,--,--,--,--,--,--,--,--,--,--,--,--,195320
2026-05-04 16:48:21.178,--,--,--,--,--,--,--,--,--,--,--,--,--,--,--,--,--,--,--,--,--,--,--,--,--,--,--,--,--,--,--,--,--,--,--,--,--,--,--,--,--,--,--,--,--,--,195325
2026-05-04 16:48:21.233,--,--,--,--,--,--,--,--,--,--,--,--,--,--,--,--,--,--,--,--,--,--,--,--,--,--,--,--,--,--,--,--,--,--,--,--,--,--,--,--,--,--,--,--,--,--,195330
2026-05-04 16:48:21.285,--,--,--,--,--,--,--,--,--,--,--,--,--,--,--,--,--,--,--,--,--,--,--,--,--,--,--,--,--,--,--,--,--,--,--,--,--,--,--,--,--,--,--,--,--,--,195335
2026-05-04 16:48:21.341,--,--,--,--,--,--,--,--,--,--,--,--,--,--,--,--,--,--,--,--,--,--,--,--,--,--,--,--,--,--,--,--,--,--,--,--,--,--,--,--,--,--,--,--,--,--,195340
2026-05-04 16:48:21.396,--,--,--,--,--,--,--,--,--,--,--,--,--,--,--,--,--,--,--,--,--,--,--,--,--,--,--,--,--,--,--,--,--,--,--,--,--,--,--,--,--,--,--,--,--,--,195345
2026-05-04 16:48:21.449,--,--,--,--,--,--,--,--,--,--,--,--,--,--,--,--,--,--,--,--,--,--,--,--,--,--,--,--,--,--,--,--,--,--,--,--,--,--,--,--,--,--,--,--,--,--,195350
2026-05-04 16:48:21.482,--,--,--,--,--,--,--,--,--,--,--,--,--,--,--,--,--,--,--,--,--,--,--,--,--,--,--,--,--,--,--,--,--,--,--,--,--,--,--,--,--,--,--,--,--,--,195355
2026-05-04 16:48:21.484,--,--,--,--,--,--,--,--,--,--,--,--,--,--,--,--,--,--,--,--,--,--,--,--,--,--,--,--,--,--,--,--,--,--,--,--,--,--,--,--,--,--,--,--,--,--,195360
2026-05-04 16:48:21.485,--,--,--,--,--,--,--,--,--,--,--,--,--,--,--,--,--,--,--,--,--,--,--,--,--,--,--,--,--,--,--,--,--,--,--,--,--,--,--,--,--,--,--,--,--,--,195365
2026-05-04 16:48:21.487,--,--,--,--,--,--,--,--,--,--,--,--,--,--,--,--,--,--,--,--,--,--,--,--,--,--,--,--,--,--,--,--,--,--,--,--,--,--,--,--,--,--,--,--,--,--,195370
2026-05-04 16:48:21.489,--,--,--,--,--,--,--,--,--,--,--,--,--,--,--,--,--,--,--,--,--,--,--,--,--,--,--,--,--,--,--,--,--,--,--,--,--,--,--,--,--,--,--,--,--,--,195375
2026-05-04 16:48:21.490,--,--,--,--,--,--,--,--,--,--,--,--,--,--,--,--,--,--,--,--,--,--,--,--,--,--,--,--,--,--,--,--,--,--,--,--,--,--,--,--,--,--,--,--,--,--,195380
2026-05-04 16:48:21.492,--,--,--,--,--,--,--,--,--,--,--,--,--,--,--,--,--,--,--,--,--,--,--,--,--,--,--,--,--,--,--,--,--,--,--,--,--,--,--,--,--,--,--,--,--,--,195385
2026-05-04 16:48:21.494,--,--,--,--,--,--,--,--,--,--,--,--,--,--,--,--,--,--,--,--,--,--,--,--,--,--,--,--,--,--,--,--,--,--,--,--,--,--,--,--,--,--,--,--,--,--,195390
2026-05-04 16:48:21.496,--,--,--,--,--,--,--,--,--,--,--,--,--,--,--,--,--,--,--,--,--,--,--,--,--,--,--,--,--,--,--,--,--,--,--,--,--,--,--,--,--,--,--,--,--,--,195395
2026-05-04 16:48:21.497,--,--,--,--,--,--,--,--,--,--,--,--,--,--,--,--,--,--,--,--,--,--,--,--,--,--,--,--,--,--,--,--,--,--,--,--,--,--,--,--,--,--,--,--,--,--,195400
2026-05-04 16:48:21.498,--,--,--,--,--,--,--,--,--,--,--,--,--,--,--,--,--,--,--,--,--,--,--,--,--,--,--,--,--,--,--,--,--,--,--,--,--,--,--,--,--,--,--,--,--,--,195405
2026-05-04 16:48:21.500,--,--,--,--,--,--,--,--,--,--,--,--,--,--,--,--,--,--,--,--,--,--,--,--,--,--,--,--,--,--,--,--,--,--,--,--,--,--,--,--,--,--,--,--,--,--,195410
2026-05-04 16:48:21.501,--,--,--,--,--,--,--,--,--,--,--,--,--,--,--,--,--,--,--,--,--,--,--,--,--,--,--,--,--,--,--,--,--,--,--,--,--,--,--,--,--,--,--,--,--,--,195415
2026-05-04 16:48:21.548,--,--,--,--,--,--,--,--,--,--,--,--,--,--,--,--,--,--,--,--,--,--,--,--,--,--,--,--,--,--,--,--,--,--,--,--,--,--,--,--,--,--,--,--,--,--,198613
2026-05-04 16:48:21.607,--,--,--,--,--,--,--,--,--,--,--,--,--,--,--,--,--,--,--,--,--,--,--,--,--,--,--,--,--,--,--,--,--,--,--,--,--,--,--,--,--,--,--,--,--,--,198618
2026-05-04 16:48:21.677,--,--,--,--,--,--,--,--,--,--,--,--,--,--,--,--,--,--,--,--,--,--,--,--,--,--,--,--,--,--,--,--,--,--,--,--,--,--,--,--,--,--,--,--,--,--,198623
2026-05-04 16:48:21.713,--,--,--,--,--,--,--,--,--,--,--,--,--,--,--,--,--,--,--,--,--,--,--,--,--,--,--,--,--,--,--,--,--,--,--,--,--,--,--,--,--,--,--,--,--,--,198628
2026-05-04 16:48:21.715,--,--,--,--,--,--,--,--,--,--,--,--,--,--,--,--,--,--,--,--,--,--,--,--,--,--,--,--,--,--,--,--,--,--,--,--,--,--,--,--,--,--,--,--,--,--,198633
2026-05-04 16:48:21.717,--,--,--,--,--,--,--,--,--,--,--,--,--,--,--,--,--,--,--,--,--,--,--,--,--,--,--,--,--,--,--,--,--,--,--,--,--,--,--,--,--,--,--,--,--,--,198638
2026-05-04 16:48:21.718,--,--,--,--,--,--,--,--,--,--,--,--,--,--,--,--,--,--,--,--,--,--,--,--,--,--,--,--,--,--,--,--,--,--,--,--,--,--,--,--,--,--,--,--,--,--,198643
2026-05-04 16:48:21.719,--,--,--,--,--,--,--,--,--,--,--,--,--,--,--,--,--,--,--,--,--,--,--,--,--,--,--,--,--,--,--,--,--,--,--,--,--,--,--,--,--,--,--,--,--,--,198648
2026-05-04 16:48:21.720,--,--,--,--,--,--,--,--,--,--,--,--,--,--,--,--,--,--,--,--,--,--,--,--,--,--,--,--,--,--,--,--,--,--,--,--,--,--,--,--,--,--,--,--,--,--,198653
2026-05-04 16:48:21.721,--,--,--,--,--,--,--,--,--,--,--,--,--,--,--,--,--,--,--,--,--,--,--,--,--,--,--,--,--,--,--,--,--,--,--,--,--,--,--,--,--,--,--,--,--,--,198654
2026-05-04 16:48:21.822,--,--,--,--,--,--,--,--,--,--,--,--,--,--,--,--,--,--,--,--,--,--,--,--,--,--,--,--,--,--,--,--,--,--,--,--,--,--,--,--,--,--,--,--,--,--,198655
2026-05-04 16:48:21.880,--,--,--,--,--,--,--,--,--,--,--,--,--,--,--,--,--,--,--,--,--,--,--,--,--,--,--,--,--,--,--,--,--,--,--,--,--,--,--,--,--,--,--,--,--,--,198660
2026-05-04 16:48:21.951,--,--,--,--,--,--,--,--,--,--,--,--,--,--,--,--,--,--,--,--,--,--,--,--,--,--,--,--,--,--,--,--,--,--,--,--,--,--,--,--,--,--,--,--,--,--,198665
2026-05-04 16:48:22.001,--,--,--,--,--,--,--,--,--,--,--,--,--,--,--,--,--,--,--,--,--,--,--,--,--,--,--,--,--,--,--,--,--,--,--,--,--,--,--,--,--,--,--,--,--,--,198670
2026-05-04 16:48:22.056,--,--,--,--,--,--,--,--,--,--,--,--,--,--,--,--,--,--,--,--,--,--,--,--,--,--,--,--,--,--,--,--,--,--,--,--,--,--,--,--,--,--,--,--,--,--,198675
2026-05-04 16:48:22.107,--,--,--,--,--,--,--,--,--,--,--,--,--,--,--,--,--,--,--,--,--,--,--,--,--,--,--,--,--,--,--,--,--,--,--,--,--,--,--,--,--,--,--,--,--,--,198680
2026-05-04 16:48:22.174,--,--,--,--,--,--,--,--,--,--,--,--,--,--,--,--,--,--,--,--,--,--,--,--,--,--,--,--,--,--,--,--,--,--,--,--,--,--,--,--,--,--,--,--,--,--,198685
2026-05-04 16:48:22.194,--,--,--,--,--,--,--,--,--,--,--,--,--,--,--,--,--,--,--,--,--,--,--,--,--,--,--,--,--,--,--,--,--,--,--,--,--,--,--,--,--,--,--,--,--,--,198690
2026-05-04 16:48:22.195,--,--,--,--,--,--,--,--,--,--,--,--,--,--,--,--,--,--,--,--,--,--,--,--,--,--,--,--,--,--,--,--,--,--,--,--,--,--,--,--,--,--,--,--,--,--,198695
2026-05-04 16:48:22.197,--,--,--,--,--,--,--,--,--,--,--,--,--,--,--,--,--,--,--,--,--,--,--,--,--,--,--,--,--,--,--,--,--,--,--,--,--,--,--,--,--,--,--,--,--,--,198700
2026-05-04 16:48:22.197,--,--,--,--,--,--,--,--,--,--,--,--,--,--,--,--,--,--,--,--,--,--,--,--,--,--,--,--,--,--,--,--,--,--,--,--,--,--,--,--,--,--,--,--,--,--,198705
2026-05-04 16:48:22.200,--,--,--,--,--,--,--,--,--,--,--,--,--,--,--,--,--,--,--,--,--,--,--,--,--,--,--,--,--,--,--,--,--,--,--,--,--,--,--,--,--,--,--,--,--,--,198710
2026-05-04 16:48:22.201,--,--,--,--,--,--,--,--,--,--,--,--,--,--,--,--,--,--,--,--,--,--,--,--,--,--,--,--,--,--,--,--,--,--,--,--,--,--,--,--,--,--,--,--,--,--,198715
2026-05-04 16:48:22.202,--,--,--,--,--,--,--,--,--,--,--,--,--,--,--,--,--,--,--,--,--,--,--,--,--,--,--,--,--,--,--,--,--,--,--,--,--,--,--,--,--,--,--,--,--,--,198720
2026-05-04 16:48:22.203,--,--,--,--,--,--,--,--,--,--,--,--,--,--,--,--,--,--,--,--,--,--,--,--,--,--,--,--,--,--,--,--,--,--,--,--,--,--,--,--,--,--,--,--,--,--,198725
2026-05-04 16:48:22.206,--,--,--,--,--,--,--,--,--,--,--,--,--,--,--,--,--,--,--,--,--,--,--,--,--,--,--,--,--,--,--,--,--,--,--,--,--,--,--,--,--,--,--,--,--,--,198730
2026-05-04 16:48:22.207,--,--,--,--,--,--,--,--,--,--,--,--,--,--,--,--,--,--,--,--,--,--,--,--,--,--,--,--,--,--,--,--,--,--,--,--,--,--,--,--,--,--,--,--,--,--,198735
2026-05-04 16:48:22.209,--,--,--,--,--,--,--,--,--,--,--,--,--,--,--,--,--,--,--,--,--,--,--,--,--,--,--,--,--,--,--,--,--,--,--,--,--,--,--,--,--,--,--,--,--,--,198740
2026-05-04 16:48:22.211,--,--,--,--,--,--,--,--,--,--,--,--,--,--,--,--,--,--,--,--,--,--,--,--,--,--,--,--,--,--,--,--,--,--,--,--,--,--,--,--,--,--,--,--,--,--,198745
2026-05-04 16:48:22.212,--,--,--,--,--,--,--,--,--,--,--,--,--,--,--,--,--,--,--,--,--,--,--,--,--,--,--,--,--,--,--,--,--,--,--,--,--,--,--,--,--,--,--,--,--,--,198750
2026-05-04 16:48:22.259,--,--,--,--,--,--,--,--,--,--,--,--,--,--,--,--,--,--,--,--,--,--,--,--,--,--,--,--,--,--,--,--,--,--,--,--,--,--,--,--,--,--,--,--,--,--,201358
2026-05-04 16:48:22.295,--,--,--,--,--,--,--,--,--,--,--,--,--,--,--,--,--,--,--,--,--,--,--,--,--,--,--,--,--,--,--,--,--,--,--,--,--,--,--,--,--,--,--,--,--,--,201363
2026-05-04 16:48:22.380,--,--,--,--,--,--,--,--,--,--,--,--,--,--,--,--,--,--,--,--,--,--,--,--,--,--,--,--,--,--,--,--,--,--,--,--,--,--,--,--,--,--,--,--,--,--,201368
2026-05-04 16:48:22.415,--,--,--,--,--,--,--,--,--,--,--,--,--,--,--,--,--,--,--,--,--,--,--,--,--,--,--,--,--,--,--,--,--,--,--,--,--,--,--,--,--,--,--,--,--,--,201373
2026-05-04 16:48:22.416,--,--,--,--,--,--,--,--,--,--,--,--,--,--,--,--,--,--,--,--,--,--,--,--,--,--,--,--,--,--,--,--,--,--,--,--,--,--,--,--,--,--,--,--,--,--,201378
2026-05-04 16:48:22.417,--,--,--,--,--,--,--,--,--,--,--,--,--,--,--,--,--,--,--,--,--,--,--,--,--,--,--,--,--,--,--,--,--,--,--,--,--,--,--,--,--,--,--,--,--,--,201383
2026-05-04 16:48:22.419,--,--,--,--,--,--,--,--,--,--,--,--,--,--,--,--,--,--,--,--,--,--,--,--,--,--,--,--,--,--,--,--,--,--,--,--,--,--,--,--,--,--,--,--,--,--,201388
2026-05-04 16:48:22.420,--,--,--,--,--,--,--,--,--,--,--,--,--,--,--,--,--,--,--,--,--,--,--,--,--,--,--,--,--,--,--,--,--,--,--,--,--,--,--,--,--,--,--,--,--,--,201393
2026-05-04 16:48:22.421,--,--,--,--,--,--,--,--,--,--,--,--,--,--,--,--,--,--,--,--,--,--,--,--,--,--,--,--,--,--,--,--,--,--,--,--,--,--,--,--,--,--,--,--,--,--,201398
2026-05-04 16:48:22.422,--,--,--,--,--,--,--,--,--,--,--,--,--,--,--,--,--,--,--,--,--,--,--,--,--,--,--,--,--,--,--,--,--,--,--,--,--,--,--,--,--,--,--,--,--,--,201399
2026-05-04 16:48:22.549,--,--,--,--,--,--,--,--,--,--,--,--,--,--,--,--,--,--,--,--,--,--,--,--,--,--,--,--,--,--,--,--,--,--,--,--,--,--,--,--,--,--,--,--,--,--,201400
2026-05-04 16:48:22.601,--,--,--,--,--,--,--,--,--,--,--,--,--,--,--,--,--,--,--,--,--,--,--,--,--,--,--,--,--,--,--,--,--,--,--,--,--,--,--,--,--,--,--,--,--,--,201405
2026-05-04 16:48:22.637,--,--,--,--,--,--,--,--,--,--,--,--,--,--,--,--,--,--,--,--,--,--,--,--,--,--,--,--,--,--,--,--,--,--,--,--,--,--,--,--,--,--,--,--,--,--,201410
2026-05-04 16:48:22.688,--,--,--,--,--,--,--,--,--,--,--,--,--,--,--,--,--,--,--,--,--,--,--,--,--,--,--,--,--,--,--,--,--,--,--,--,--,--,--,--,--,--,--,--,--,--,201415
2026-05-04 16:48:22.758,--,--,--,--,--,--,--,--,--,--,--,--,--,--,--,--,--,--,--,--,--,--,--,--,--,--,--,--,--,--,--,--,--,--,--,--,--,--,--,--,--,--,--,--,--,--,201420
2026-05-04 16:48:22.825,--,--,--,--,--,--,--,--,--,--,--,--,--,--,--,--,--,--,--,--,--,--,--,--,--,--,--,--,--,--,--,--,--,--,--,--,--,--,--,--,--,--,--,--,--,--,201425
2026-05-04 16:48:22.858,--,--,--,--,--,--,--,--,--,--,--,--,--,--,--,--,--,--,--,--,--,--,--,--,--,--,--,--,--,--,--,--,--,--,--,--,--,--,--,--,--,--,--,--,--,--,201430
2026-05-04 16:48:22.859,--,--,--,--,--,--,--,--,--,--,--,--,--,--,--,--,--,--,--,--,--,--,--,--,--,--,--,--,--,--,--,--,--,--,--,--,--,--,--,--,--,--,--,--,--,--,201435
2026-05-04 16:48:22.861,--,--,--,--,--,--,--,--,--,--,--,--,--,--,--,--,--,--,--,--,--,--,--,--,--,--,--,--,--,--,--,--,--,--,--,--,--,--,--,--,--,--,--,--,--,--,201440
2026-05-04 16:48:22.862,--,--,--,--,--,--,--,--,--,--,--,--,--,--,--,--,--,--,--,--,--,--,--,--,--,--,--,--,--,--,--,--,--,--,--,--,--,--,--,--,--,--,--,--,--,--,201445
2026-05-04 16:48:22.863,--,--,--,--,--,--,--,--,--,--,--,--,--,--,--,--,--,--,--,--,--,--,--,--,--,--,--,--,--,--,--,--,--,--,--,--,--,--,--,--,--,--,--,--,--,--,201450
2026-05-04 16:48:22.864,--,--,--,--,--,--,--,--,--,--,--,--,--,--,--,--,--,--,--,--,--,--,--,--,--,--,--,--,--,--,--,--,--,--,--,--,--,--,--,--,--,--,--,--,--,--,201455
2026-05-04 16:48:22.865,--,--,--,--,--,--,--,--,--,--,--,--,--,--,--,--,--,--,--,--,--,--,--,--,--,--,--,--,--,--,--,--,--,--,--,--,--,--,--,--,--,--,--,--,--,--,201460
2026-05-04 16:48:22.867,--,--,--,--,--,--,--,--,--,--,--,--,--,--,--,--,--,--,--,--,--,--,--,--,--,--,--,--,--,--,--,--,--,--,--,--,--,--,--,--,--,--,--,--,--,--,201465
2026-05-04 16:48:22.869,--,--,--,--,--,--,--,--,--,--,--,--,--,--,--,--,--,--,--,--,--,--,--,--,--,--,--,--,--,--,--,--,--,--,--,--,--,--,--,--,--,--,--,--,--,--,201470
2026-05-04 16:48:22.871,--,--,--,--,--,--,--,--,--,--,--,--,--,--,--,--,--,--,--,--,--,--,--,--,--,--,--,--,--,--,--,--,--,--,--,--,--,--,--,--,--,--,--,--,--,--,201475
2026-05-04 16:48:22.873,--,--,--,--,--,--,--,--,--,--,--,--,--,--,--,--,--,--,--,--,--,--,--,--,--,--,--,--,--,--,--,--,--,--,--,--,--,--,--,--,--,--,--,--,--,--,201480
2026-05-04 16:48:22.875,--,--,--,--,--,--,--,--,--,--,--,--,--,--,--,--,--,--,--,--,--,--,--,--,--,--,--,--,--,--,--,--,--,--,--,--,--,--,--,--,--,--,--,--,--,--,201485
2026-05-04 16:48:22.877,--,--,--,--,--,--,--,--,--,--,--,--,--,--,--,--,--,--,--,--,--,--,--,--,--,--,--,--,--,--,--,--,--,--,--,--,--,--,--,--,--,--,--,--,--,--,201490
2026-05-04 16:48:22.879,--,--,--,--,--,--,--,--,--,--,--,--,--,--,--,--,--,--,--,--,--,--,--,--,--,--,--,--,--,--,--,--,--,--,--,--,--,--,--,--,--,--,--,--,--,--,201495
2026-05-04 16:48:22.930,--,--,--,--,--,--,--,--,--,--,--,--,--,--,--,--,--,--,--,--,--,--,--,--,--,--,--,--,--,--,--,--,--,--,--,--,--,--,--,--,--,--,--,--,--,--,204060
2026-05-04 16:48:23.000,--,--,--,--,--,--,--,--,--,--,--,--,--,--,--,--,--,--,--,--,--,--,--,--,--,--,--,--,--,--,--,--,--,--,--,--,--,--,--,--,--,--,--,--,--,--,204065
2026-05-04 16:48:23.081,--,--,--,--,--,--,--,--,--,--,--,--,--,--,--,--,--,--,--,--,--,--,--,--,--,--,--,--,--,--,--,--,--,--,--,--,--,--,--,--,--,--,--,--,--,--,204070
2026-05-04 16:48:23.082,--,--,--,--,--,--,--,--,--,--,--,--,--,--,--,--,--,--,--,--,--,--,--,--,--,--,--,--,--,--,--,--,--,--,--,--,--,--,--,--,--,--,--,--,--,--,204075
2026-05-04 16:48:23.084,--,--,--,--,--,--,--,--,--,--,--,--,--,--,--,--,--,--,--,--,--,--,--,--,--,--,--,--,--,--,--,--,--,--,--,--,--,--,--,--,--,--,--,--,--,--,204080
2026-05-04 16:48:23.085,--,--,--,--,--,--,--,--,--,--,--,--,--,--,--,--,--,--,--,--,--,--,--,--,--,--,--,--,--,--,--,--,--,--,--,--,--,--,--,--,--,--,--,--,--,--,204085
2026-05-04 16:48:23.087,--,--,--,--,--,--,--,--,--,--,--,--,--,--,--,--,--,--,--,--,--,--,--,--,--,--,--,--,--,--,--,--,--,--,--,--,--,--,--,--,--,--,--,--,--,--,204090
2026-05-04 16:48:23.088,--,--,--,--,--,--,--,--,--,--,--,--,--,--,--,--,--,--,--,--,--,--,--,--,--,--,--,--,--,--,--,--,--,--,--,--,--,--,--,--,--,--,--,--,--,--,204095
2026-05-04 16:48:23.091,--,--,--,--,--,--,--,--,--,--,--,--,--,--,--,--,--,--,--,--,--,--,--,--,--,--,--,--,--,--,--,--,--,--,--,--,--,--,--,--,--,--,--,--,--,--,204100
2026-05-04 16:48:23.092,--,--,--,--,--,--,--,--,--,--,--,--,--,--,--,--,--,--,--,--,--,--,--,--,--,--,--,--,--,--,--,--,--,--,--,--,--,--,--,--,--,--,--,--,--,--,204102
2026-05-04 16:48:23.232,--,--,--,--,--,--,--,--,--,--,--,--,--,--,--,--,--,--,--,--,--,--,--,--,--,--,--,--,--,--,--,--,--,--,--,--,--,--,--,--,--,--,--,--,--,--,204103
2026-05-04 16:48:23.286,--,--,--,--,--,--,--,--,--,--,--,--,--,--,--,--,--,--,--,--,--,--,--,--,--,--,--,--,--,--,--,--,--,--,--,--,--,--,--,--,--,--,--,--,--,--,204108
2026-05-04 16:48:23.321,--,--,--,--,--,--,--,--,--,--,--,--,--,--,--,--,--,--,--,--,--,--,--,--,--,--,--,--,--,--,--,--,--,--,--,--,--,--,--,--,--,--,--,--,--,--,204113
2026-05-04 16:48:23.376,--,--,--,--,--,--,--,--,--,--,--,--,--,--,--,--,--,--,--,--,--,--,--,--,--,--,--,--,--,--,--,--,--,--,--,--,--,--,--,--,--,--,--,--,--,--,204118
2026-05-04 16:48:23.446,--,--,--,--,--,--,--,--,--,--,--,--,--,--,--,--,--,--,--,--,--,--,--,--,--,--,--,--,--,--,--,--,--,--,--,--,--,--,--,--,--,--,--,--,--,--,204123
2026-05-04 16:48:23.501,--,--,--,--,--,--,--,--,--,--,--,--,--,--,--,--,--,--,--,--,--,--,--,--,--,--,--,--,--,--,--,--,--,--,--,--,--,--,--,--,--,--,--,--,--,--,204128
2026-05-04 16:48:23.552,--,--,--,--,--,--,--,--,--,--,--,--,--,--,--,--,--,--,--,--,--,--,--,--,--,--,--,--,--,--,--,--,--,--,--,--,--,--,--,--,--,--,--,--,--,--,204133
2026-05-04 16:48:23.554,--,--,--,--,--,--,--,--,--,--,--,--,--,--,--,--,--,--,--,--,--,--,--,--,--,--,--,--,--,--,--,--,--,--,--,--,--,--,--,--,--,--,--,--,--,--,204138
2026-05-04 16:48:23.555,--,--,--,--,--,--,--,--,--,--,--,--,--,--,--,--,--,--,--,--,--,--,--,--,--,--,--,--,--,--,--,--,--,--,--,--,--,--,--,--,--,--,--,--,--,--,204143
2026-05-04 16:48:23.557,--,--,--,--,--,--,--,--,--,--,--,--,--,--,--,--,--,--,--,--,--,--,--,--,--,--,--,--,--,--,--,--,--,--,--,--,--,--,--,--,--,--,--,--,--,--,204148
2026-05-04 16:48:23.558,--,--,--,--,--,--,--,--,--,--,--,--,--,--,--,--,--,--,--,--,--,--,--,--,--,--,--,--,--,--,--,--,--,--,--,--,--,--,--,--,--,--,--,--,--,--,204153
2026-05-04 16:48:23.560,--,--,--,--,--,--,--,--,--,--,--,--,--,--,--,--,--,--,--,--,--,--,--,--,--,--,--,--,--,--,--,--,--,--,--,--,--,--,--,--,--,--,--,--,--,--,204158
2026-05-04 16:48:23.561,--,--,--,--,--,--,--,--,--,--,--,--,--,--,--,--,--,--,--,--,--,--,--,--,--,--,--,--,--,--,--,--,--,--,--,--,--,--,--,--,--,--,--,--,--,--,204163
2026-05-04 16:48:23.562,--,--,--,--,--,--,--,--,--,--,--,--,--,--,--,--,--,--,--,--,--,--,--,--,--,--,--,--,--,--,--,--,--,--,--,--,--,--,--,--,--,--,--,--,--,--,204168
2026-05-04 16:48:23.564,--,--,--,--,--,--,--,--,--,--,--,--,--,--,--,--,--,--,--,--,--,--,--,--,--,--,--,--,--,--,--,--,--,--,--,--,--,--,--,--,--,--,--,--,--,--,204173
2026-05-04 16:48:23.565,--,--,--,--,--,--,--,--,--,--,--,--,--,--,--,--,--,--,--,--,--,--,--,--,--,--,--,--,--,--,--,--,--,--,--,--,--,--,--,--,--,--,--,--,--,--,204178
2026-05-04 16:48:23.567,--,--,--,--,--,--,--,--,--,--,--,--,--,--,--,--,--,--,--,--,--,--,--,--,--,--,--,--,--,--,--,--,--,--,--,--,--,--,--,--,--,--,--,--,--,--,204183
2026-05-04 16:48:23.568,--,--,--,--,--,--,--,--,--,--,--,--,--,--,--,--,--,--,--,--,--,--,--,--,--,--,--,--,--,--,--,--,--,--,--,--,--,--,--,--,--,--,--,--,--,--,204188
2026-05-04 16:48:23.569,--,--,--,--,--,--,--,--,--,--,--,--,--,--,--,--,--,--,--,--,--,--,--,--,--,--,--,--,--,--,--,--,--,--,--,--,--,--,--,--,--,--,--,--,--,--,204193
2026-05-04 16:48:23.572,--,--,--,--,--,--,--,--,--,--,--,--,--,--,--,--,--,--,--,--,--,--,--,--,--,--,--,--,--,--,--,--,--,--,--,--,--,--,--,--,--,--,--,--,--,--,204198
2026-05-04 16:48:23.603,--,--,--,--,--,--,--,--,--,--,--,--,--,--,--,--,--,--,--,--,--,--,--,--,--,--,--,--,--,--,--,--,--,--,--,--,--,--,--,--,--,--,--,--,--,--,206721
2026-05-04 16:48:23.660,--,--,--,--,--,--,--,--,--,--,--,--,--,--,--,--,--,--,--,--,--,--,--,--,--,--,--,--,--,--,--,--,--,--,--,--,--,--,--,--,--,--,--,--,--,--,206726
2026-05-04 16:48:23.718,--,--,--,--,--,--,--,--,--,--,--,--,--,--,--,--,--,--,--,--,--,--,--,--,--,--,--,--,--,--,--,--,--,--,--,--,--,--,--,--,--,--,--,--,--,--,206731
2026-05-04 16:48:23.789,--,--,--,--,--,--,--,--,--,--,--,--,--,--,--,--,--,--,--,--,--,--,--,--,--,--,--,--,--,--,--,--,--,--,--,--,--,--,--,--,--,--,--,--,--,--,206736
2026-05-04 16:48:23.790,--,--,--,--,--,--,--,--,--,--,--,--,--,--,--,--,--,--,--,--,--,--,--,--,--,--,--,--,--,--,--,--,--,--,--,--,--,--,--,--,--,--,--,--,--,--,206741
2026-05-04 16:48:23.791,--,--,--,--,--,--,--,--,--,--,--,--,--,--,--,--,--,--,--,--,--,--,--,--,--,--,--,--,--,--,--,--,--,--,--,--,--,--,--,--,--,--,--,--,--,--,206746
2026-05-04 16:48:23.792,--,--,--,--,--,--,--,--,--,--,--,--,--,--,--,--,--,--,--,--,--,--,--,--,--,--,--,--,--,--,--,--,--,--,--,--,--,--,--,--,--,--,--,--,--,--,206751
2026-05-04 16:48:23.793,--,--,--,--,--,--,--,--,--,--,--,--,--,--,--,--,--,--,--,--,--,--,--,--,--,--,--,--,--,--,--,--,--,--,--,--,--,--,--,--,--,--,--,--,--,--,206756
2026-05-04 16:48:23.795,--,--,--,--,--,--,--,--,--,--,--,--,--,--,--,--,--,--,--,--,--,--,--,--,--,--,--,--,--,--,--,--,--,--,--,--,--,--,--,--,--,--,--,--,--,--,206761
2026-05-04 16:48:23.796,--,--,--,--,--,--,--,--,--,--,--,--,--,--,--,--,--,--,--,--,--,--,--,--,--,--,--,--,--,--,--,--,--,--,--,--,--,--,--,--,--,--,--,--,--,--,206762
2026-05-04 16:48:23.934,--,--,--,--,--,--,--,--,--,--,--,--,--,--,--,--,--,--,--,--,--,--,--,--,--,--,--,--,--,--,--,--,--,--,--,--,--,--,--,--,--,--,--,--,--,--,206763
2026-05-04 16:48:23.985,--,--,--,--,--,--,--,--,--,--,--,--,--,--,--,--,--,--,--,--,--,--,--,--,--,--,--,--,--,--,--,--,--,--,--,--,--,--,--,--,--,--,--,--,--,--,206768
2026-05-04 16:48:24.044,--,--,--,--,--,--,--,--,--,--,--,--,--,--,--,--,--,--,--,--,--,--,--,--,--,--,--,--,--,--,--,--,--,--,--,--,--,--,--,--,--,--,--,--,--,--,206773
2026-05-04 16:48:24.087,--,--,--,--,--,--,--,--,--,--,--,--,--,--,--,--,--,--,--,--,--,--,--,--,--,--,--,--,--,--,--,--,--,--,--,--,--,--,--,--,--,--,--,--,--,--,206778
2026-05-04 16:48:24.124,--,--,--,--,--,--,--,--,--,--,--,--,--,--,--,--,--,--,--,--,--,--,--,--,--,--,--,--,--,--,--,--,--,--,--,--,--,--,--,--,--,--,--,--,--,--,206783
2026-05-04 16:48:24.161,--,--,--,--,--,--,--,--,--,--,--,--,--,--,--,--,--,--,--,--,--,--,--,--,--,--,--,--,--,--,--,--,--,--,--,--,--,--,--,--,--,--,--,--,--,--,206788
2026-05-04 16:48:24.218,--,--,--,--,--,--,--,--,--,--,--,--,--,--,--,--,--,--,--,--,--,--,--,--,--,--,--,--,--,--,--,--,--,--,--,--,--,--,--,--,--,--,--,--,--,--,206793
2026-05-04 16:48:24.268,--,--,--,--,--,--,--,--,--,--,--,--,--,--,--,--,--,--,--,--,--,--,--,--,--,--,--,--,--,--,--,--,--,--,--,--,--,--,--,--,--,--,--,--,--,--,206798
2026-05-04 16:48:24.304,--,--,--,--,--,--,--,--,--,--,--,--,--,--,--,--,--,--,--,--,--,--,--,--,--,--,--,--,--,--,--,--,--,--,--,--,--,--,--,--,--,--,--,--,--,--,206803
2026-05-04 16:48:24.304,--,--,--,--,--,--,--,--,--,--,--,--,--,--,--,--,--,--,--,--,--,--,--,--,--,--,--,--,--,--,--,--,--,--,--,--,--,--,--,--,--,--,--,--,--,--,206808
2026-05-04 16:48:24.306,--,--,--,--,--,--,--,--,--,--,--,--,--,--,--,--,--,--,--,--,--,--,--,--,--,--,--,--,--,--,--,--,--,--,--,--,--,--,--,--,--,--,--,--,--,--,206813
2026-05-04 16:48:24.307,--,--,--,--,--,--,--,--,--,--,--,--,--,--,--,--,--,--,--,--,--,--,--,--,--,--,--,--,--,--,--,--,--,--,--,--,--,--,--,--,--,--,--,--,--,--,206818
2026-05-04 16:48:24.308,--,--,--,--,--,--,--,--,--,--,--,--,--,--,--,--,--,--,--,--,--,--,--,--,--,--,--,--,--,--,--,--,--,--,--,--,--,--,--,--,--,--,--,--,--,--,206823
2026-05-04 16:48:24.310,--,--,--,--,--,--,--,--,--,--,--,--,--,--,--,--,--,--,--,--,--,--,--,--,--,--,--,--,--,--,--,--,--,--,--,--,--,--,--,--,--,--,--,--,--,--,206828
2026-05-04 16:48:24.312,--,--,--,--,--,--,--,--,--,--,--,--,--,--,--,--,--,--,--,--,--,--,--,--,--,--,--,--,--,--,--,--,--,--,--,--,--,--,--,--,--,--,--,--,--,--,206833
2026-05-04 16:48:24.314,--,--,--,--,--,--,--,--,--,--,--,--,--,--,--,--,--,--,--,--,--,--,--,--,--,--,--,--,--,--,--,--,--,--,--,--,--,--,--,--,--,--,--,--,--,--,206838
2026-05-04 16:48:24.316,--,--,--,--,--,--,--,--,--,--,--,--,--,--,--,--,--,--,--,--,--,--,--,--,--,--,--,--,--,--,--,--,--,--,--,--,--,--,--,--,--,--,--,--,--,--,206843
2026-05-04 16:48:24.316,--,--,--,--,--,--,--,--,--,--,--,--,--,--,--,--,--,--,--,--,--,--,--,--,--,--,--,--,--,--,--,--,--,--,--,--,--,--,--,--,--,--,--,--,--,--,206848
2026-05-04 16:48:24.319,--,--,--,--,--,--,--,--,--,--,--,--,--,--,--,--,--,--,--,--,--,--,--,--,--,--,--,--,--,--,--,--,--,--,--,--,--,--,--,--,--,--,--,--,--,--,206853
2026-05-04 16:48:24.320,--,--,--,--,--,--,--,--,--,--,--,--,--,--,--,--,--,--,--,--,--,--,--,--,--,--,--,--,--,--,--,--,--,--,--,--,--,--,--,--,--,--,--,--,--,--,206858
2026-05-04 16:48:24.371,--,--,--,--,--,--,--,--,--,--,--,--,--,--,--,--,--,--,--,--,--,--,--,--,--,--,--,--,--,--,--,--,--,--,--,--,--,--,--,--,--,--,--,--,--,--,209592
2026-05-04 16:48:24.445,--,--,--,--,--,--,--,--,--,--,--,--,--,--,--,--,--,--,--,--,--,--,--,--,--,--,--,--,--,--,--,--,--,--,--,--,--,--,--,--,--,--,--,--,--,--,209597
2026-05-04 16:48:24.526,--,--,--,--,--,--,--,--,--,--,--,--,--,--,--,--,--,--,--,--,--,--,--,--,--,--,--,--,--,--,--,--,--,--,--,--,--,--,--,--,--,--,--,--,--,--,209602
2026-05-04 16:48:24.528,--,--,--,--,--,--,--,--,--,--,--,--,--,--,--,--,--,--,--,--,--,--,--,--,--,--,--,--,--,--,--,--,--,--,--,--,--,--,--,--,--,--,--,--,--,--,209607
2026-05-04 16:48:24.530,--,--,--,--,--,--,--,--,--,--,--,--,--,--,--,--,--,--,--,--,--,--,--,--,--,--,--,--,--,--,--,--,--,--,--,--,--,--,--,--,--,--,--,--,--,--,209612
2026-05-04 16:48:24.531,--,--,--,--,--,--,--,--,--,--,--,--,--,--,--,--,--,--,--,--,--,--,--,--,--,--,--,--,--,--,--,--,--,--,--,--,--,--,--,--,--,--,--,--,--,--,209617
2026-05-04 16:48:24.532,--,--,--,--,--,--,--,--,--,--,--,--,--,--,--,--,--,--,--,--,--,--,--,--,--,--,--,--,--,--,--,--,--,--,--,--,--,--,--,--,--,--,--,--,--,--,209622
2026-05-04 16:48:24.534,--,--,--,--,--,--,--,--,--,--,--,--,--,--,--,--,--,--,--,--,--,--,--,--,--,--,--,--,--,--,--,--,--,--,--,--,--,--,--,--,--,--,--,--,--,--,209627
2026-05-04 16:48:24.534,--,--,--,--,--,--,--,--,--,--,--,--,--,--,--,--,--,--,--,--,--,--,--,--,--,--,--,--,--,--,--,--,--,--,--,--,--,--,--,--,--,--,--,--,--,--,209632
2026-05-04 16:48:24.535,--,--,--,--,--,--,--,--,--,--,--,--,--,--,--,--,--,--,--,--,--,--,--,--,--,--,--,--,--,--,--,--,--,--,--,--,--,--,--,--,--,--,--,--,--,--,209633
2026-05-04 16:48:24.679,--,--,--,--,--,--,--,--,--,--,--,--,--,--,--,--,--,--,--,--,--,--,--,--,--,--,--,--,--,--,--,--,--,--,--,--,--,--,--,--,--,--,--,--,--,--,209634
2026-05-04 16:48:24.751,--,--,--,--,--,--,--,--,--,--,--,--,--,--,--,--,--,--,--,--,--,--,--,--,--,--,--,--,--,--,--,--,--,--,--,--,--,--,--,--,--,--,--,--,--,--,209639
2026-05-04 16:48:24.787,--,--,--,--,--,--,--,--,--,--,--,--,--,--,--,--,--,--,--,--,--,--,--,--,--,--,--,--,--,--,--,--,--,--,--,--,--,--,--,--,--,--,--,--,--,--,209644
2026-05-04 16:48:24.824,--,--,--,--,--,--,--,--,--,--,--,--,--,--,--,--,--,--,--,--,--,--,--,--,--,--,--,--,--,--,--,--,--,--,--,--,--,--,--,--,--,--,--,--,--,--,209649
2026-05-04 16:48:24.880,--,--,--,--,--,--,--,--,--,--,--,--,--,--,--,--,--,--,--,--,--,--,--,--,--,--,--,--,--,--,--,--,--,--,--,--,--,--,--,--,--,--,--,--,--,--,209654
2026-05-04 16:48:24.916,--,--,--,--,--,--,--,--,--,--,--,--,--,--,--,--,--,--,--,--,--,--,--,--,--,--,--,--,--,--,--,--,--,--,--,--,--,--,--,--,--,--,--,--,--,--,209659
2026-05-04 16:48:24.968,--,--,--,--,--,--,--,--,--,--,--,--,--,--,--,--,--,--,--,--,--,--,--,--,--,--,--,--,--,--,--,--,--,--,--,--,--,--,--,--,--,--,--,--,--,--,209664
2026-05-04 16:48:25.020,--,--,--,--,--,--,--,--,--,--,--,--,--,--,--,--,--,--,--,--,--,--,--,--,--,--,--,--,--,--,--,--,--,--,--,--,--,--,--,--,--,--,--,--,--,--,209669
2026-05-04 16:48:25.021,--,--,--,--,--,--,--,--,--,--,--,--,--,--,--,--,--,--,--,--,--,--,--,--,--,--,--,--,--,--,--,--,--,--,--,--,--,--,--,--,--,--,--,--,--,--,209674
2026-05-04 16:48:25.024,--,--,--,--,--,--,--,--,--,--,--,--,--,--,--,--,--,--,--,--,--,--,--,--,--,--,--,--,--,--,--,--,--,--,--,--,--,--,--,--,--,--,--,--,--,--,209679
2026-05-04 16:48:25.025,--,--,--,--,--,--,--,--,--,--,--,--,--,--,--,--,--,--,--,--,--,--,--,--,--,--,--,--,--,--,--,--,--,--,--,--,--,--,--,--,--,--,--,--,--,--,209684
2026-05-04 16:48:25.028,--,--,--,--,--,--,--,--,--,--,--,--,--,--,--,--,--,--,--,--,--,--,--,--,--,--,--,--,--,--,--,--,--,--,--,--,--,--,--,--,--,--,--,--,--,--,209689
2026-05-04 16:48:25.029,--,--,--,--,--,--,--,--,--,--,--,--,--,--,--,--,--,--,--,--,--,--,--,--,--,--,--,--,--,--,--,--,--,--,--,--,--,--,--,--,--,--,--,--,--,--,209694
2026-05-04 16:48:25.030,--,--,--,--,--,--,--,--,--,--,--,--,--,--,--,--,--,--,--,--,--,--,--,--,--,--,--,--,--,--,--,--,--,--,--,--,--,--,--,--,--,--,--,--,--,--,209699
2026-05-04 16:48:25.031,--,--,--,--,--,--,--,--,--,--,--,--,--,--,--,--,--,--,--,--,--,--,--,--,--,--,--,--,--,--,--,--,--,--,--,--,--,--,--,--,--,--,--,--,--,--,209704
2026-05-04 16:48:25.032,--,--,--,--,--,--,--,--,--,--,--,--,--,--,--,--,--,--,--,--,--,--,--,--,--,--,--,--,--,--,--,--,--,--,--,--,--,--,--,--,--,--,--,--,--,--,209709
2026-05-04 16:48:25.033,--,--,--,--,--,--,--,--,--,--,--,--,--,--,--,--,--,--,--,--,--,--,--,--,--,--,--,--,--,--,--,--,--,--,--,--,--,--,--,--,--,--,--,--,--,--,209714
2026-05-04 16:48:25.035,--,--,--,--,--,--,--,--,--,--,--,--,--,--,--,--,--,--,--,--,--,--,--,--,--,--,--,--,--,--,--,--,--,--,--,--,--,--,--,--,--,--,--,--,--,--,209719
2026-05-04 16:48:25.057,--,--,--,--,--,--,--,--,--,--,--,--,--,--,--,--,--,--,--,--,--,--,--,--,--,--,--,--,--,--,--,--,--,--,--,--,--,--,--,--,--,--,--,--,--,--,209724
2026-05-04 16:48:25.059,--,--,--,--,--,--,--,--,--,--,--,--,--,--,--,--,--,--,--,--,--,--,--,--,--,--,--,--,--,--,--,--,--,--,--,--,--,--,--,--,--,--,--,--,--,--,209729
2026-05-04 16:48:25.090,--,--,--,--,--,--,--,--,--,--,--,--,--,--,--,--,--,--,--,--,--,--,--,--,--,--,--,--,--,--,--,--,--,--,--,--,--,--,--,--,--,--,--,--,--,--,212548
2026-05-04 16:48:25.143,--,--,--,--,--,--,--,--,--,--,--,--,--,--,--,--,--,--,--,--,--,--,--,--,--,--,--,--,--,--,--,--,--,--,--,--,--,--,--,--,--,--,--,--,--,--,212553
2026-05-04 16:48:25.195,--,--,--,--,--,--,--,--,--,--,--,--,--,--,--,--,--,--,--,--,--,--,--,--,--,--,--,--,--,--,--,--,--,--,--,--,--,--,--,--,--,--,--,--,--,--,212558
2026-05-04 16:48:25.244,--,--,--,--,--,--,--,--,--,--,--,--,--,--,--,--,--,--,--,--,--,--,--,--,--,--,--,--,--,--,--,--,--,--,--,--,--,--,--,--,--,--,--,--,--,--,212563
2026-05-04 16:48:25.246,--,--,--,--,--,--,--,--,--,--,--,--,--,--,--,--,--,--,--,--,--,--,--,--,--,--,--,--,--,--,--,--,--,--,--,--,--,--,--,--,--,--,--,--,--,--,212568
2026-05-04 16:48:25.248,--,--,--,--,--,--,--,--,--,--,--,--,--,--,--,--,--,--,--,--,--,--,--,--,--,--,--,--,--,--,--,--,--,--,--,--,--,--,--,--,--,--,--,--,--,--,212573
2026-05-04 16:48:25.249,--,--,--,--,--,--,--,--,--,--,--,--,--,--,--,--,--,--,--,--,--,--,--,--,--,--,--,--,--,--,--,--,--,--,--,--,--,--,--,--,--,--,--,--,--,--,212578
2026-05-04 16:48:25.250,--,--,--,--,--,--,--,--,--,--,--,--,--,--,--,--,--,--,--,--,--,--,--,--,--,--,--,--,--,--,--,--,--,--,--,--,--,--,--,--,--,--,--,--,--,--,212583
2026-05-04 16:48:25.251,--,--,--,--,--,--,--,--,--,--,--,--,--,--,--,--,--,--,--,--,--,--,--,--,--,--,--,--,--,--,--,--,--,--,--,--,--,--,--,--,--,--,--,--,--,--,212588
2026-05-04 16:48:25.252,--,--,--,--,--,--,--,--,--,--,--,--,--,--,--,--,--,--,--,--,--,--,--,--,--,--,--,--,--,--,--,--,--,--,--,--,--,--,--,--,--,--,--,--,--,--,212589
2026-05-04 16:48:25.343,--,--,--,--,--,--,--,--,--,--,--,--,--,--,--,--,--,--,--,--,--,--,--,--,--,--,--,--,--,--,--,--,--,--,--,--,--,--,--,--,--,--,--,--,--,--,212590
2026-05-04 16:48:25.415,--,--,--,--,--,--,--,--,--,--,--,--,--,--,--,--,--,--,--,--,--,--,--,--,--,--,--,--,--,--,--,--,--,--,--,--,--,--,--,--,--,--,--,--,--,--,212595
2026-05-04 16:48:25.483,--,--,--,--,--,--,--,--,--,--,--,--,--,--,--,--,--,--,--,--,--,--,--,--,--,--,--,--,--,--,--,--,--,--,--,--,--,--,--,--,--,--,--,--,--,--,212600
2026-05-04 16:48:25.559,--,--,--,--,--,--,--,--,--,--,--,--,--,--,--,--,--,--,--,--,--,--,--,--,--,--,--,--,--,--,--,--,--,--,--,--,--,--,--,--,--,--,--,--,--,--,212605
2026-05-04 16:48:25.647,--,--,--,--,--,--,--,--,--,--,--,--,--,--,--,--,--,--,--,--,--,--,--,--,--,--,--,--,--,--,--,--,--,--,--,--,--,--,--,--,--,--,--,--,--,--,212610
2026-05-04 16:48:25.702,--,--,--,--,--,--,--,--,--,--,--,--,--,--,--,--,--,--,--,--,--,--,--,--,--,--,--,--,--,--,--,--,--,--,--,--,--,--,--,--,--,--,--,--,--,--,212615
2026-05-04 16:48:25.718,--,--,--,--,--,--,--,--,--,--,--,--,--,--,--,--,--,--,--,--,--,--,--,--,--,--,--,--,--,--,--,--,--,--,--,--,--,--,--,--,--,--,--,--,--,--,212620
2026-05-04 16:48:25.719,--,--,--,--,--,--,--,--,--,--,--,--,--,--,--,--,--,--,--,--,--,--,--,--,--,--,--,--,--,--,--,--,--,--,--,--,--,--,--,--,--,--,--,--,--,--,212625
2026-05-04 16:48:25.720,--,--,--,--,--,--,--,--,--,--,--,--,--,--,--,--,--,--,--,--,--,--,--,--,--,--,--,--,--,--,--,--,--,--,--,--,--,--,--,--,--,--,--,--,--,--,212630
2026-05-04 16:48:25.721,--,--,--,--,--,--,--,--,--,--,--,--,--,--,--,--,--,--,--,--,--,--,--,--,--,--,--,--,--,--,--,--,--,--,--,--,--,--,--,--,--,--,--,--,--,--,212635
2026-05-04 16:48:25.723,--,--,--,--,--,--,--,--,--,--,--,--,--,--,--,--,--,--,--,--,--,--,--,--,--,--,--,--,--,--,--,--,--,--,--,--,--,--,--,--,--,--,--,--,--,--,212640
2026-05-04 16:48:25.725,--,--,--,--,--,--,--,--,--,--,--,--,--,--,--,--,--,--,--,--,--,--,--,--,--,--,--,--,--,--,--,--,--,--,--,--,--,--,--,--,--,--,--,--,--,--,212645
2026-05-04 16:48:25.726,--,--,--,--,--,--,--,--,--,--,--,--,--,--,--,--,--,--,--,--,--,--,--,--,--,--,--,--,--,--,--,--,--,--,--,--,--,--,--,--,--,--,--,--,--,--,212650
2026-05-04 16:48:25.727,--,--,--,--,--,--,--,--,--,--,--,--,--,--,--,--,--,--,--,--,--,--,--,--,--,--,--,--,--,--,--,--,--,--,--,--,--,--,--,--,--,--,--,--,--,--,212655
2026-05-04 16:48:25.728,--,--,--,--,--,--,--,--,--,--,--,--,--,--,--,--,--,--,--,--,--,--,--,--,--,--,--,--,--,--,--,--,--,--,--,--,--,--,--,--,--,--,--,--,--,--,212660
2026-05-04 16:48:25.730,--,--,--,--,--,--,--,--,--,--,--,--,--,--,--,--,--,--,--,--,--,--,--,--,--,--,--,--,--,--,--,--,--,--,--,--,--,--,--,--,--,--,--,--,--,--,212665
2026-05-04 16:48:25.731,--,--,--,--,--,--,--,--,--,--,--,--,--,--,--,--,--,--,--,--,--,--,--,--,--,--,--,--,--,--,--,--,--,--,--,--,--,--,--,--,--,--,--,--,--,--,212670
2026-05-04 16:48:25.732,--,--,--,--,--,--,--,--,--,--,--,--,--,--,--,--,--,--,--,--,--,--,--,--,--,--,--,--,--,--,--,--,--,--,--,--,--,--,--,--,--,--,--,--,--,--,212675
2026-05-04 16:48:25.734,--,--,--,--,--,--,--,--,--,--,--,--,--,--,--,--,--,--,--,--,--,--,--,--,--,--,--,--,--,--,--,--,--,--,--,--,--,--,--,--,--,--,--,--,--,--,212680
2026-05-04 16:48:25.735,--,--,--,--,--,--,--,--,--,--,--,--,--,--,--,--,--,--,--,--,--,--,--,--,--,--,--,--,--,--,--,--,--,--,--,--,--,--,--,--,--,--,--,--,--,--,212685
2026-05-04 16:48:25.785,--,--,--,--,--,--,--,--,--,--,--,--,--,--,--,--,--,--,--,--,--,--,--,--,--,--,--,--,--,--,--,--,--,--,--,--,--,--,--,--,--,--,--,--,--,--,215251
2026-05-04 16:48:25.839,--,--,--,--,--,--,--,--,--,--,--,--,--,--,--,--,--,--,--,--,--,--,--,--,--,--,--,--,--,--,--,--,--,--,--,--,--,--,--,--,--,--,--,--,--,--,215256
2026-05-04 16:48:25.906,--,--,--,--,--,--,--,--,--,--,--,--,--,--,--,--,--,--,--,--,--,--,--,--,--,--,--,--,--,--,--,--,--,--,--,--,--,--,--,--,--,--,--,--,--,--,215261
2026-05-04 16:48:25.938,--,--,--,--,--,--,--,--,--,--,--,--,--,--,--,--,--,--,--,--,--,--,--,--,--,--,--,--,--,--,--,--,--,--,--,--,--,--,--,--,--,--,--,--,--,--,215266
2026-05-04 16:48:25.940,--,--,--,--,--,--,--,--,--,--,--,--,--,--,--,--,--,--,--,--,--,--,--,--,--,--,--,--,--,--,--,--,--,--,--,--,--,--,--,--,--,--,--,--,--,--,215271
2026-05-04 16:48:25.942,--,--,--,--,--,--,--,--,--,--,--,--,--,--,--,--,--,--,--,--,--,--,--,--,--,--,--,--,--,--,--,--,--,--,--,--,--,--,--,--,--,--,--,--,--,--,215276
2026-05-04 16:48:25.943,--,--,--,--,--,--,--,--,--,--,--,--,--,--,--,--,--,--,--,--,--,--,--,--,--,--,--,--,--,--,--,--,--,--,--,--,--,--,--,--,--,--,--,--,--,--,215281
2026-05-04 16:48:25.945,--,--,--,--,--,--,--,--,--,--,--,--,--,--,--,--,--,--,--,--,--,--,--,--,--,--,--,--,--,--,--,--,--,--,--,--,--,--,--,--,--,--,--,--,--,--,215286
2026-05-04 16:48:25.946,--,--,--,--,--,--,--,--,--,--,--,--,--,--,--,--,--,--,--,--,--,--,--,--,--,--,--,--,--,--,--,--,--,--,--,--,--,--,--,--,--,--,--,--,--,--,215291
2026-05-04 16:48:25.948,--,--,--,--,--,--,--,--,--,--,--,--,--,--,--,--,--,--,--,--,--,--,--,--,--,--,--,--,--,--,--,--,--,--,--,--,--,--,--,--,--,--,--,--,--,--,215292
2026-05-04 16:48:26.074,--,--,--,--,--,--,--,--,--,--,--,--,--,--,--,--,--,--,--,--,--,--,--,--,--,--,--,--,--,--,--,--,--,--,--,--,--,--,--,--,--,--,--,--,--,--,215293
2026-05-04 16:48:26.119,--,--,--,--,--,--,--,--,--,--,--,--,--,--,--,--,--,--,--,--,--,--,--,--,--,--,--,--,--,--,--,--,--,--,--,--,--,--,--,--,--,--,--,--,--,--,215298
2026-05-04 16:48:26.152,--,--,--,--,--,--,--,--,--,--,--,--,--,--,--,--,--,--,--,--,--,--,--,--,--,--,--,--,--,--,--,--,--,--,--,--,--,--,--,--,--,--,--,--,--,--,215303
2026-05-04 16:48:26.204,--,--,--,--,--,--,--,--,--,--,--,--,--,--,--,--,--,--,--,--,--,--,--,--,--,--,--,--,--,--,--,--,--,--,--,--,--,--,--,--,--,--,--,--,--,--,215308
2026-05-04 16:48:26.240,--,--,--,--,--,--,--,--,--,--,--,--,--,--,--,--,--,--,--,--,--,--,--,--,--,--,--,--,--,--,--,--,--,--,--,--,--,--,--,--,--,--,--,--,--,--,215313
2026-05-04 16:48:26.292,--,--,--,--,--,--,--,--,--,--,--,--,--,--,--,--,--,--,--,--,--,--,--,--,--,--,--,--,--,--,--,--,--,--,--,--,--,--,--,--,--,--,--,--,--,--,215318
2026-05-04 16:48:26.346,--,--,--,--,--,--,--,--,--,--,--,--,--,--,--,--,--,--,--,--,--,--,--,--,--,--,--,--,--,--,--,--,--,--,--,--,--,--,--,--,--,--,--,--,--,--,215323
2026-05-04 16:48:26.419,--,--,--,--,--,--,--,--,--,--,--,--,--,--,--,--,--,--,--,--,--,--,--,--,--,--,--,--,--,--,--,--,--,--,--,--,--,--,--,--,--,--,--,--,--,--,215328
2026-05-04 16:48:26.438,--,--,--,--,--,--,--,--,--,--,--,--,--,--,--,--,--,--,--,--,--,--,--,--,--,--,--,--,--,--,--,--,--,--,--,--,--,--,--,--,--,--,--,--,--,--,215333
2026-05-04 16:48:26.440,--,--,--,--,--,--,--,--,--,--,--,--,--,--,--,--,--,--,--,--,--,--,--,--,--,--,--,--,--,--,--,--,--,--,--,--,--,--,--,--,--,--,--,--,--,--,215338
2026-05-04 16:48:26.441,--,--,--,--,--,--,--,--,--,--,--,--,--,--,--,--,--,--,--,--,--,--,--,--,--,--,--,--,--,--,--,--,--,--,--,--,--,--,--,--,--,--,--,--,--,--,215343
2026-05-04 16:48:26.442,--,--,--,--,--,--,--,--,--,--,--,--,--,--,--,--,--,--,--,--,--,--,--,--,--,--,--,--,--,--,--,--,--,--,--,--,--,--,--,--,--,--,--,--,--,--,215348
2026-05-04 16:48:26.444,--,--,--,--,--,--,--,--,--,--,--,--,--,--,--,--,--,--,--,--,--,--,--,--,--,--,--,--,--,--,--,--,--,--,--,--,--,--,--,--,--,--,--,--,--,--,215353
2026-05-04 16:48:26.445,--,--,--,--,--,--,--,--,--,--,--,--,--,--,--,--,--,--,--,--,--,--,--,--,--,--,--,--,--,--,--,--,--,--,--,--,--,--,--,--,--,--,--,--,--,--,215358
2026-05-04 16:48:26.447,--,--,--,--,--,--,--,--,--,--,--,--,--,--,--,--,--,--,--,--,--,--,--,--,--,--,--,--,--,--,--,--,--,--,--,--,--,--,--,--,--,--,--,--,--,--,215363
2026-05-04 16:48:26.448,--,--,--,--,--,--,--,--,--,--,--,--,--,--,--,--,--,--,--,--,--,--,--,--,--,--,--,--,--,--,--,--,--,--,--,--,--,--,--,--,--,--,--,--,--,--,215368
2026-05-04 16:48:26.449,--,--,--,--,--,--,--,--,--,--,--,--,--,--,--,--,--,--,--,--,--,--,--,--,--,--,--,--,--,--,--,--,--,--,--,--,--,--,--,--,--,--,--,--,--,--,215373
2026-05-04 16:48:26.450,--,--,--,--,--,--,--,--,--,--,--,--,--,--,--,--,--,--,--,--,--,--,--,--,--,--,--,--,--,--,--,--,--,--,--,--,--,--,--,--,--,--,--,--,--,--,215378
2026-05-04 16:48:26.452,--,--,--,--,--,--,--,--,--,--,--,--,--,--,--,--,--,--,--,--,--,--,--,--,--,--,--,--,--,--,--,--,--,--,--,--,--,--,--,--,--,--,--,--,--,--,215383
2026-05-04 16:48:26.454,--,--,--,--,--,--,--,--,--,--,--,--,--,--,--,--,--,--,--,--,--,--,--,--,--,--,--,--,--,--,--,--,--,--,--,--,--,--,--,--,--,--,--,--,--,--,215388
2026-05-04 16:48:26.510,--,--,--,--,--,--,--,--,--,--,--,--,--,--,--,--,--,--,--,--,--,--,--,--,--,--,--,--,--,--,--,--,--,--,--,--,--,--,--,--,--,--,--,--,--,--,218080
2026-05-04 16:48:26.581,--,--,--,--,--,--,--,--,--,--,--,--,--,--,--,--,--,--,--,--,--,--,--,--,--,--,--,--,--,--,--,--,--,--,--,--,--,--,--,--,--,--,--,--,--,--,218085
2026-05-04 16:48:26.652,--,--,--,--,--,--,--,--,--,--,--,--,--,--,--,--,--,--,--,--,--,--,--,--,--,--,--,--,--,--,--,--,--,--,--,--,--,--,--,--,--,--,--,--,--,--,218090
2026-05-04 16:48:26.720,--,--,--,--,--,--,--,--,--,--,--,--,--,--,--,--,--,--,--,--,--,--,--,--,--,--,--,--,--,--,--,--,--,--,--,--,--,--,--,--,--,--,--,--,--,--,218095
2026-05-04 16:48:26.811,--,--,--,--,--,--,--,--,--,--,--,--,--,--,--,--,--,--,--,--,--,--,--,--,--,--,--,--,--,--,--,--,--,--,--,--,--,--,--,--,--,--,--,--,--,--,218100
2026-05-04 16:48:26.813,--,--,--,--,--,--,--,--,--,--,--,--,--,--,--,--,--,--,--,--,--,--,--,--,--,--,--,--,--,--,--,--,--,--,--,--,--,--,--,--,--,--,--,--,--,--,218105
2026-05-04 16:48:26.814,--,--,--,--,--,--,--,--,--,--,--,--,--,--,--,--,--,--,--,--,--,--,--,--,--,--,--,--,--,--,--,--,--,--,--,--,--,--,--,--,--,--,--,--,--,--,218110
2026-05-04 16:48:26.816,--,--,--,--,--,--,--,--,--,--,--,--,--,--,--,--,--,--,--,--,--,--,--,--,--,--,--,--,--,--,--,--,--,--,--,--,--,--,--,--,--,--,--,--,--,--,218115
2026-05-04 16:48:26.817,--,--,--,--,--,--,--,--,--,--,--,--,--,--,--,--,--,--,--,--,--,--,--,--,--,--,--,--,--,--,--,--,--,--,--,--,--,--,--,--,--,--,--,--,--,--,218120
2026-05-04 16:48:26.818,--,--,--,--,--,--,--,--,--,--,--,--,--,--,--,--,--,--,--,--,--,--,--,--,--,--,--,--,--,--,--,--,--,--,--,--,--,--,--,--,--,--,--,--,--,--,218125
2026-05-04 16:48:26.819,--,--,--,--,--,--,--,--,--,--,--,--,--,--,--,--,--,--,--,--,--,--,--,--,--,--,--,--,--,--,--,--,--,--,--,--,--,--,--,--,--,--,--,--,--,--,218130
2026-05-04 16:48:26.820,--,--,--,--,--,--,--,--,--,--,--,--,--,--,--,--,--,--,--,--,--,--,--,--,--,--,--,--,--,--,--,--,--,--,--,--,--,--,--,--,--,--,--,--,--,--,218135
2026-05-04 16:48:26.823,--,--,--,--,--,--,--,--,--,--,--,--,--,--,--,--,--,--,--,--,--,--,--,--,--,--,--,--,--,--,--,--,--,--,--,--,--,--,--,--,--,--,--,--,--,--,218140
2026-05-04 16:48:26.824,--,--,--,--,--,--,--,--,--,--,--,--,--,--,--,--,--,--,--,--,--,--,--,--,--,--,--,--,--,--,--,--,--,--,--,--,--,--,--,--,--,--,--,--,--,--,218145
2026-05-04 16:48:26.825,--,--,--,--,--,--,--,--,--,--,--,--,--,--,--,--,--,--,--,--,--,--,--,--,--,--,--,--,--,--,--,--,--,--,--,--,--,--,--,--,--,--,--,--,--,--,218150
2026-05-04 16:48:26.826,--,--,--,--,--,--,--,--,--,--,--,--,--,--,--,--,--,--,--,--,--,--,--,--,--,--,--,--,--,--,--,--,--,--,--,--,--,--,--,--,--,--,--,--,--,--,218155
2026-05-04 16:48:26.827,--,--,--,--,--,--,--,--,--,--,--,--,--,--,--,--,--,--,--,--,--,--,--,--,--,--,--,--,--,--,--,--,--,--,--,--,--,--,--,--,--,--,--,--,--,--,218160
2026-05-04 16:48:26.828,--,--,--,--,--,--,--,--,--,--,--,--,--,--,--,--,--,--,--,--,--,--,--,--,--,--,--,--,--,--,--,--,--,--,--,--,--,--,--,--,--,--,--,--,--,--,218163
2026-05-04 16:48:26.969,--,--,--,--,--,--,--,--,--,--,--,--,--,--,--,--,--,--,--,--,--,--,--,--,--,--,--,--,--,--,--,--,--,--,--,--,--,--,--,--,--,--,--,--,--,--,218164
2026-05-04 16:48:26.991,--,--,--,--,--,--,--,--,--,--,--,--,--,--,--,--,--,--,--,--,--,--,--,--,--,--,--,--,--,--,--,--,--,--,--,--,--,--,--,--,--,--,--,--,--,--,218169
2026-05-04 16:48:27.042,--,--,--,--,--,--,--,--,--,--,--,--,--,--,--,--,--,--,--,--,--,--,--,--,--,--,--,--,--,--,--,--,--,--,--,--,--,--,--,--,--,--,--,--,--,--,218174
2026-05-04 16:48:27.076,--,--,--,--,--,--,--,--,--,--,--,--,--,--,--,--,--,--,--,--,--,--,--,--,--,--,--,--,--,--,--,--,--,--,--,--,--,--,--,--,--,--,--,--,--,--,218179
2026-05-04 16:48:27.117,--,--,--,--,--,--,--,--,--,--,--,--,--,--,--,--,--,--,--,--,--,--,--,--,--,--,--,--,--,--,--,--,--,--,--,--,--,--,--,--,--,--,--,--,--,--,218184
2026-05-04 16:48:27.172,--,--,--,--,--,--,--,--,--,--,--,--,--,--,--,--,--,--,--,--,--,--,--,--,--,--,--,--,--,--,--,--,--,--,--,--,--,--,--,--,--,--,--,--,--,--,218189
2026-05-04 16:48:27.223,--,--,--,--,--,--,--,--,--,--,--,--,--,--,--,--,--,--,--,--,--,--,--,--,--,--,--,--,--,--,--,--,--,--,--,--,--,--,--,--,--,--,--,--,--,--,218194
2026-05-04 16:48:27.274,--,--,--,--,--,--,--,--,--,--,--,--,--,--,--,--,--,--,--,--,--,--,--,--,--,--,--,--,--,--,--,--,--,--,--,--,--,--,--,--,--,--,--,--,--,--,218199
2026-05-04 16:48:27.310,--,--,--,--,--,--,--,--,--,--,--,--,--,--,--,--,--,--,--,--,--,--,--,--,--,--,--,--,--,--,--,--,--,--,--,--,--,--,--,--,--,--,--,--,--,--,218204
2026-05-04 16:48:27.311,--,--,--,--,--,--,--,--,--,--,--,--,--,--,--,--,--,--,--,--,--,--,--,--,--,--,--,--,--,--,--,--,--,--,--,--,--,--,--,--,--,--,--,--,--,--,218209
2026-05-04 16:48:27.312,--,--,--,--,--,--,--,--,--,--,--,--,--,--,--,--,--,--,--,--,--,--,--,--,--,--,--,--,--,--,--,--,--,--,--,--,--,--,--,--,--,--,--,--,--,--,218214
2026-05-04 16:48:27.313,--,--,--,--,--,--,--,--,--,--,--,--,--,--,--,--,--,--,--,--,--,--,--,--,--,--,--,--,--,--,--,--,--,--,--,--,--,--,--,--,--,--,--,--,--,--,218219
2026-05-04 16:48:27.315,--,--,--,--,--,--,--,--,--,--,--,--,--,--,--,--,--,--,--,--,--,--,--,--,--,--,--,--,--,--,--,--,--,--,--,--,--,--,--,--,--,--,--,--,--,--,218224
2026-05-04 16:48:27.316,--,--,--,--,--,--,--,--,--,--,--,--,--,--,--,--,--,--,--,--,--,--,--,--,--,--,--,--,--,--,--,--,--,--,--,--,--,--,--,--,--,--,--,--,--,--,218229
2026-05-04 16:48:27.318,--,--,--,--,--,--,--,--,--,--,--,--,--,--,--,--,--,--,--,--,--,--,--,--,--,--,--,--,--,--,--,--,--,--,--,--,--,--,--,--,--,--,--,--,--,--,218234
2026-05-04 16:48:27.318,--,--,--,--,--,--,--,--,--,--,--,--,--,--,--,--,--,--,--,--,--,--,--,--,--,--,--,--,--,--,--,--,--,--,--,--,--,--,--,--,--,--,--,--,--,--,218239
2026-05-04 16:48:27.320,--,--,--,--,--,--,--,--,--,--,--,--,--,--,--,--,--,--,--,--,--,--,--,--,--,--,--,--,--,--,--,--,--,--,--,--,--,--,--,--,--,--,--,--,--,--,218244
2026-05-04 16:48:27.321,--,--,--,--,--,--,--,--,--,--,--,--,--,--,--,--,--,--,--,--,--,--,--,--,--,--,--,--,--,--,--,--,--,--,--,--,--,--,--,--,--,--,--,--,--,--,218249
2026-05-04 16:48:27.323,--,--,--,--,--,--,--,--,--,--,--,--,--,--,--,--,--,--,--,--,--,--,--,--,--,--,--,--,--,--,--,--,--,--,--,--,--,--,--,--,--,--,--,--,--,--,218254
2026-05-04 16:48:27.325,--,--,--,--,--,--,--,--,--,--,--,--,--,--,--,--,--,--,--,--,--,--,--,--,--,--,--,--,--,--,--,--,--,--,--,--,--,--,--,--,--,--,--,--,--,--,218259
2026-05-04 16:48:27.376,--,--,--,--,--,--,--,--,--,--,--,--,--,--,--,--,--,--,--,--,--,--,--,--,--,--,--,--,--,--,--,--,--,--,--,--,--,--,--,--,--,--,--,--,--,--,221500
2026-05-04 16:48:27.433,--,--,--,--,--,--,--,--,--,--,--,--,--,--,--,--,--,--,--,--,--,--,--,--,--,--,--,--,--,--,--,--,--,--,--,--,--,--,--,--,--,--,--,--,--,--,221505
2026-05-04 16:48:27.491,--,--,--,--,--,--,--,--,--,--,--,--,--,--,--,--,--,--,--,--,--,--,--,--,--,--,--,--,--,--,--,--,--,--,--,--,--,--,--,--,--,--,--,--,--,--,221510
2026-05-04 16:48:27.541,--,--,--,--,--,--,--,--,--,--,--,--,--,--,--,--,--,--,--,--,--,--,--,--,--,--,--,--,--,--,--,--,--,--,--,--,--,--,--,--,--,--,--,--,--,--,221515
2026-05-04 16:48:27.610,--,--,--,--,--,--,--,--,--,--,--,--,--,--,--,--,--,--,--,--,--,--,--,--,--,--,--,--,--,--,--,--,--,--,--,--,--,--,--,--,--,--,--,--,--,--,221520
2026-05-04 16:48:27.664,--,--,--,--,--,--,--,--,--,--,--,--,--,--,--,--,--,--,--,--,--,--,--,--,--,--,--,--,--,--,--,--,--,--,--,--,--,--,--,--,--,--,--,--,--,--,221525
2026-05-04 16:48:27.666,--,--,--,--,--,--,--,--,--,--,--,--,--,--,--,--,--,--,--,--,--,--,--,--,--,--,--,--,--,--,--,--,--,--,--,--,--,--,--,--,--,--,--,--,--,--,221530
2026-05-04 16:48:27.667,--,--,--,--,--,--,--,--,--,--,--,--,--,--,--,--,--,--,--,--,--,--,--,--,--,--,--,--,--,--,--,--,--,--,--,--,--,--,--,--,--,--,--,--,--,--,221535
2026-05-04 16:48:27.668,--,--,--,--,--,--,--,--,--,--,--,--,--,--,--,--,--,--,--,--,--,--,--,--,--,--,--,--,--,--,--,--,--,--,--,--,--,--,--,--,--,--,--,--,--,--,221540
2026-05-04 16:48:27.669,--,--,--,--,--,--,--,--,--,--,--,--,--,--,--,--,--,--,--,--,--,--,--,--,--,--,--,--,--,--,--,--,--,--,--,--,--,--,--,--,--,--,--,--,--,--,221545
2026-05-04 16:48:27.671,--,--,--,--,--,--,--,--,--,--,--,--,--,--,--,--,--,--,--,--,--,--,--,--,--,--,--,--,--,--,--,--,--,--,--,--,--,--,--,--,--,--,--,--,--,--,221550
2026-05-04 16:48:27.672,--,--,--,--,--,--,--,--,--,--,--,--,--,--,--,--,--,--,--,--,--,--,--,--,--,--,--,--,--,--,--,--,--,--,--,--,--,--,--,--,--,--,--,--,--,--,221555
2026-05-04 16:48:27.674,--,--,--,--,--,--,--,--,--,--,--,--,--,--,--,--,--,--,--,--,--,--,--,--,--,--,--,--,--,--,--,--,--,--,--,--,--,--,--,--,--,--,--,--,--,--,221560
2026-05-04 16:48:27.675,--,--,--,--,--,--,--,--,--,--,--,--,--,--,--,--,--,--,--,--,--,--,--,--,--,--,--,--,--,--,--,--,--,--,--,--,--,--,--,--,--,--,--,--,--,--,221565
2026-05-04 16:48:27.677,--,--,--,--,--,--,--,--,--,--,--,--,--,--,--,--,--,--,--,--,--,--,--,--,--,--,--,--,--,--,--,--,--,--,--,--,--,--,--,--,--,--,--,--,--,--,221570
2026-05-04 16:48:27.678,--,--,--,--,--,--,--,--,--,--,--,--,--,--,--,--,--,--,--,--,--,--,--,--,--,--,--,--,--,--,--,--,--,--,--,--,--,--,--,--,--,--,--,--,--,--,221575
2026-05-04 16:48:27.681,--,--,--,--,--,--,--,--,--,--,--,--,--,--,--,--,--,--,--,--,--,--,--,--,--,--,--,--,--,--,--,--,--,--,--,--,--,--,--,--,--,--,--,--,--,--,221580
2026-05-04 16:48:27.795,--,--,--,--,--,--,--,--,--,--,--,--,--,--,--,--,--,--,--,--,--,--,--,--,--,--,--,--,--,--,--,--,--,--,--,--,--,--,--,--,--,--,--,--,--,--,221585
2026-05-04 16:48:27.867,--,--,--,--,--,--,--,--,--,--,--,--,--,--,--,--,--,--,--,--,--,--,--,--,--,--,--,--,--,--,--,--,--,--,--,--,--,--,--,--,--,--,--,--,--,--,221590
2026-05-04 16:48:27.904,--,--,--,--,--,--,--,--,--,--,--,--,--,--,--,--,--,--,--,--,--,--,--,--,--,--,--,--,--,--,--,--,--,--,--,--,--,--,--,--,--,--,--,--,--,--,221595
2026-05-04 16:48:27.923,--,--,--,--,--,--,--,--,--,--,--,--,--,--,--,--,--,--,--,--,--,--,--,--,--,--,--,--,--,--,--,--,--,--,--,--,--,--,--,--,--,--,--,--,--,--,221600
2026-05-04 16:48:27.977,--,--,--,--,--,--,--,--,--,--,--,--,--,--,--,--,--,--,--,--,--,--,--,--,--,--,--,--,--,--,--,--,--,--,--,--,--,--,--,--,--,--,--,--,--,--,221605
2026-05-04 16:48:28.012,--,--,--,--,--,--,--,--,--,--,--,--,--,--,--,--,--,--,--,--,--,--,--,--,--,--,--,--,--,--,--,--,--,--,--,--,--,--,--,--,--,--,--,--,--,--,221610
2026-05-04 16:48:28.066,--,--,--,--,--,--,--,--,--,--,--,--,--,--,--,--,--,--,--,--,--,--,--,--,--,--,--,--,--,--,--,--,--,--,--,--,--,--,--,--,--,--,--,--,--,--,221615
2026-05-04 16:48:28.104,--,--,--,--,--,--,--,--,--,--,--,--,--,--,--,--,--,--,--,--,--,--,--,--,--,--,--,--,--,--,--,--,--,--,--,--,--,--,--,--,--,--,--,--,--,--,221620
2026-05-04 16:48:28.156,--,--,--,--,--,--,--,--,--,--,--,--,--,--,--,--,--,--,--,--,--,--,--,--,--,--,--,--,--,--,--,--,--,--,--,--,--,--,--,--,--,--,--,--,--,--,221625
2026-05-04 16:48:28.177,--,--,--,--,--,--,--,--,--,--,--,--,--,--,--,--,--,--,--,--,--,--,--,--,--,--,--,--,--,--,--,--,--,--,--,--,--,--,--,--,--,--,--,--,--,--,221630
2026-05-04 16:48:28.179,--,--,--,--,--,--,--,--,--,--,--,--,--,--,--,--,--,--,--,--,--,--,--,--,--,--,--,--,--,--,--,--,--,--,--,--,--,--,--,--,--,--,--,--,--,--,221635
2026-05-04 16:48:28.180,--,--,--,--,--,--,--,--,--,--,--,--,--,--,--,--,--,--,--,--,--,--,--,--,--,--,--,--,--,--,--,--,--,--,--,--,--,--,--,--,--,--,--,--,--,--,221640
2026-05-04 16:48:28.182,--,--,--,--,--,--,--,--,--,--,--,--,--,--,--,--,--,--,--,--,--,--,--,--,--,--,--,--,--,--,--,--,--,--,--,--,--,--,--,--,--,--,--,--,--,--,221645
2026-05-04 16:48:28.183,--,--,--,--,--,--,--,--,--,--,--,--,--,--,--,--,--,--,--,--,--,--,--,--,--,--,--,--,--,--,--,--,--,--,--,--,--,--,--,--,--,--,--,--,--,--,221650
2026-05-04 16:48:28.185,--,--,--,--,--,--,--,--,--,--,--,--,--,--,--,--,--,--,--,--,--,--,--,--,--,--,--,--,--,--,--,--,--,--,--,--,--,--,--,--,--,--,--,--,--,--,221655
2026-05-04 16:48:28.186,--,--,--,--,--,--,--,--,--,--,--,--,--,--,--,--,--,--,--,--,--,--,--,--,--,--,--,--,--,--,--,--,--,--,--,--,--,--,--,--,--,--,--,--,--,--,221660
2026-05-04 16:48:28.188,--,--,--,--,--,--,--,--,--,--,--,--,--,--,--,--,--,--,--,--,--,--,--,--,--,--,--,--,--,--,--,--,--,--,--,--,--,--,--,--,--,--,--,--,--,--,221665
2026-05-04 16:48:28.190,--,--,--,--,--,--,--,--,--,--,--,--,--,--,--,--,--,--,--,--,--,--,--,--,--,--,--,--,--,--,--,--,--,--,--,--,--,--,--,--,--,--,--,--,--,--,221670
2026-05-04 16:48:28.192,--,--,--,--,--,--,--,--,--,--,--,--,--,--,--,--,--,--,--,--,--,--,--,--,--,--,--,--,--,--,--,--,--,--,--,--,--,--,--,--,--,--,--,--,--,--,221675
2026-05-04 16:48:28.194,--,--,--,--,--,--,--,--,--,--,--,--,--,--,--,--,--,--,--,--,--,--,--,--,--,--,--,--,--,--,--,--,--,--,--,--,--,--,--,--,--,--,--,--,--,--,221680
2026-05-04 16:48:28.241,--,--,--,--,--,--,--,--,--,--,--,--,--,--,--,--,--,--,--,--,--,--,--,--,--,--,--,--,--,--,--,--,--,--,--,--,--,--,--,--,--,--,--,--,--,--,224921
2026-05-04 16:48:28.276,--,--,--,--,--,--,--,--,--,--,--,--,--,--,--,--,--,--,--,--,--,--,--,--,--,--,--,--,--,--,--,--,--,--,--,--,--,--,--,--,--,--,--,--,--,--,224926
2026-05-04 16:48:28.331,--,--,--,--,--,--,--,--,--,--,--,--,--,--,--,--,--,--,--,--,--,--,--,--,--,--,--,--,--,--,--,--,--,--,--,--,--,--,--,--,--,--,--,--,--,--,224931
2026-05-04 16:48:28.400,--,--,--,--,--,--,--,--,--,--,--,--,--,--,--,--,--,--,--,--,--,--,--,--,--,--,--,--,--,--,--,--,--,--,--,--,--,--,--,--,--,--,--,--,--,--,224936
2026-05-04 16:48:28.401,--,--,--,--,--,--,--,--,--,--,--,--,--,--,--,--,--,--,--,--,--,--,--,--,--,--,--,--,--,--,--,--,--,--,--,--,--,--,--,--,--,--,--,--,--,--,224941
2026-05-04 16:48:28.402,--,--,--,--,--,--,--,--,--,--,--,--,--,--,--,--,--,--,--,--,--,--,--,--,--,--,--,--,--,--,--,--,--,--,--,--,--,--,--,--,--,--,--,--,--,--,224946
2026-05-04 16:48:28.405,--,--,--,--,--,--,--,--,--,--,--,--,--,--,--,--,--,--,--,--,--,--,--,--,--,--,--,--,--,--,--,--,--,--,--,--,--,--,--,--,--,--,--,--,--,--,224951
2026-05-04 16:48:28.407,--,--,--,--,--,--,--,--,--,--,--,--,--,--,--,--,--,--,--,--,--,--,--,--,--,--,--,--,--,--,--,--,--,--,--,--,--,--,--,--,--,--,--,--,--,--,224956
2026-05-04 16:48:28.408,--,--,--,--,--,--,--,--,--,--,--,--,--,--,--,--,--,--,--,--,--,--,--,--,--,--,--,--,--,--,--,--,--,--,--,--,--,--,--,--,--,--,--,--,--,--,224961
2026-05-04 16:48:28.410,--,--,--,--,--,--,--,--,--,--,--,--,--,--,--,--,--,--,--,--,--,--,--,--,--,--,--,--,--,--,--,--,--,--,--,--,--,--,--,--,--,--,--,--,--,--,224962
2026-05-04 16:48:28.506,--,--,--,--,--,--,--,--,--,--,--,--,--,--,--,--,--,--,--,--,--,--,--,--,--,--,--,--,--,--,--,--,--,--,--,--,--,--,--,--,--,--,--,--,--,--,224963
2026-05-04 16:48:28.566,--,--,--,--,--,--,--,--,--,--,--,--,--,--,--,--,--,--,--,--,--,--,--,--,--,--,--,--,--,--,--,--,--,--,--,--,--,--,--,--,--,--,--,--,--,--,224968
2026-05-04 16:48:28.619,--,--,--,--,--,--,--,--,--,--,--,--,--,--,--,--,--,--,--,--,--,--,--,--,--,--,--,--,--,--,--,--,--,--,--,--,--,--,--,--,--,--,--,--,--,--,224973
2026-05-04 16:48:28.673,--,--,--,--,--,--,--,--,--,--,--,--,--,--,--,--,--,--,--,--,--,--,--,--,--,--,--,--,--,--,--,--,--,--,--,--,--,--,--,--,--,--,--,--,--,--,224978
2026-05-04 16:48:28.730,--,--,--,--,--,--,--,--,--,--,--,--,--,--,--,--,--,--,--,--,--,--,--,--,--,--,--,--,--,--,--,--,--,--,--,--,--,--,--,--,--,--,--,--,--,--,224983
2026-05-04 16:48:28.767,--,--,--,--,--,--,--,--,--,--,--,--,--,--,--,--,--,--,--,--,--,--,--,--,--,--,--,--,--,--,--,--,--,--,--,--,--,--,--,--,--,--,--,--,--,--,224988
2026-05-04 16:48:28.835,--,--,--,--,--,--,--,--,--,--,--,--,--,--,--,--,--,--,--,--,--,--,--,--,--,--,--,--,--,--,--,--,--,--,--,--,--,--,--,--,--,--,--,--,--,--,224993
2026-05-04 16:48:28.869,--,--,--,--,--,--,--,--,--,--,--,--,--,--,--,--,--,--,--,--,--,--,--,--,--,--,--,--,--,--,--,--,--,--,--,--,--,--,--,--,--,--,--,--,--,--,224998
2026-05-04 16:48:28.871,--,--,--,--,--,--,--,--,--,--,--,--,--,--,--,--,--,--,--,--,--,--,--,--,--,--,--,--,--,--,--,--,--,--,--,--,--,--,--,--,--,--,--,--,--,--,225003
2026-05-04 16:48:28.872,--,--,--,--,--,--,--,--,--,--,--,--,--,--,--,--,--,--,--,--,--,--,--,--,--,--,--,--,--,--,--,--,--,--,--,--,--,--,--,--,--,--,--,--,--,--,225008
2026-05-04 16:48:28.873,--,--,--,--,--,--,--,--,--,--,--,--,--,--,--,--,--,--,--,--,--,--,--,--,--,--,--,--,--,--,--,--,--,--,--,--,--,--,--,--,--,--,--,--,--,--,225013
2026-05-04 16:48:28.875,--,--,--,--,--,--,--,--,--,--,--,--,--,--,--,--,--,--,--,--,--,--,--,--,--,--,--,--,--,--,--,--,--,--,--,--,--,--,--,--,--,--,--,--,--,--,225018
2026-05-04 16:48:28.876,--,--,--,--,--,--,--,--,--,--,--,--,--,--,--,--,--,--,--,--,--,--,--,--,--,--,--,--,--,--,--,--,--,--,--,--,--,--,--,--,--,--,--,--,--,--,225023
2026-05-04 16:48:28.877,--,--,--,--,--,--,--,--,--,--,--,--,--,--,--,--,--,--,--,--,--,--,--,--,--,--,--,--,--,--,--,--,--,--,--,--,--,--,--,--,--,--,--,--,--,--,225028
2026-05-04 16:48:28.879,--,--,--,--,--,--,--,--,--,--,--,--,--,--,--,--,--,--,--,--,--,--,--,--,--,--,--,--,--,--,--,--,--,--,--,--,--,--,--,--,--,--,--,--,--,--,225033
2026-05-04 16:48:28.880,--,--,--,--,--,--,--,--,--,--,--,--,--,--,--,--,--,--,--,--,--,--,--,--,--,--,--,--,--,--,--,--,--,--,--,--,--,--,--,--,--,--,--,--,--,--,225038
2026-05-04 16:48:28.882,--,--,--,--,--,--,--,--,--,--,--,--,--,--,--,--,--,--,--,--,--,--,--,--,--,--,--,--,--,--,--,--,--,--,--,--,--,--,--,--,--,--,--,--,--,--,225043
2026-05-04 16:48:28.883,--,--,--,--,--,--,--,--,--,--,--,--,--,--,--,--,--,--,--,--,--,--,--,--,--,--,--,--,--,--,--,--,--,--,--,--,--,--,--,--,--,--,--,--,--,--,225048
2026-05-04 16:48:28.886,--,--,--,--,--,--,--,--,--,--,--,--,--,--,--,--,--,--,--,--,--,--,--,--,--,--,--,--,--,--,--,--,--,--,--,--,--,--,--,--,--,--,--,--,--,--,225053
2026-05-04 16:48:28.887,--,--,--,--,--,--,--,--,--,--,--,--,--,--,--,--,--,--,--,--,--,--,--,--,--,--,--,--,--,--,--,--,--,--,--,--,--,--,--,--,--,--,--,--,--,--,225058
2026-05-04 16:48:28.939,--,--,--,--,--,--,--,--,--,--,--,--,--,--,--,--,--,--,--,--,--,--,--,--,--,--,--,--,--,--,--,--,--,--,--,--,--,--,--,--,--,--,--,--,--,--,227665
2026-05-04 16:48:29.027,--,--,--,--,--,--,--,--,--,--,--,--,--,--,--,--,--,--,--,--,--,--,--,--,--,--,--,--,--,--,--,--,--,--,--,--,--,--,--,--,--,--,--,--,--,--,227670
2026-05-04 16:48:29.096,--,--,--,--,--,--,--,--,--,--,--,--,--,--,--,--,--,--,--,--,--,--,--,--,--,--,--,--,--,--,--,--,--,--,--,--,--,--,--,--,--,--,--,--,--,--,227675
2026-05-04 16:48:29.097,--,--,--,--,--,--,--,--,--,--,--,--,--,--,--,--,--,--,--,--,--,--,--,--,--,--,--,--,--,--,--,--,--,--,--,--,--,--,--,--,--,--,--,--,--,--,227680
2026-05-04 16:48:29.099,--,--,--,--,--,--,--,--,--,--,--,--,--,--,--,--,--,--,--,--,--,--,--,--,--,--,--,--,--,--,--,--,--,--,--,--,--,--,--,--,--,--,--,--,--,--,227685
2026-05-04 16:48:29.101,--,--,--,--,--,--,--,--,--,--,--,--,--,--,--,--,--,--,--,--,--,--,--,--,--,--,--,--,--,--,--,--,--,--,--,--,--,--,--,--,--,--,--,--,--,--,227690
2026-05-04 16:48:29.102,--,--,--,--,--,--,--,--,--,--,--,--,--,--,--,--,--,--,--,--,--,--,--,--,--,--,--,--,--,--,--,--,--,--,--,--,--,--,--,--,--,--,--,--,--,--,227695
2026-05-04 16:48:29.103,--,--,--,--,--,--,--,--,--,--,--,--,--,--,--,--,--,--,--,--,--,--,--,--,--,--,--,--,--,--,--,--,--,--,--,--,--,--,--,--,--,--,--,--,--,--,227700
2026-05-04 16:48:29.104,--,--,--,--,--,--,--,--,--,--,--,--,--,--,--,--,--,--,--,--,--,--,--,--,--,--,--,--,--,--,--,--,--,--,--,--,--,--,--,--,--,--,--,--,--,--,227705
2026-05-04 16:48:29.105,--,--,--,--,--,--,--,--,--,--,--,--,--,--,--,--,--,--,--,--,--,--,--,--,--,--,--,--,--,--,--,--,--,--,--,--,--,--,--,--,--,--,--,--,--,--,227707
2026-05-04 16:48:29.531,--,--,--,--,--,--,--,--,--,--,--,--,--,--,--,--,--,--,--,--,--,--,--,--,--,--,--,--,--,--,--,--,--,--,--,--,--,--,--,--,--,--,--,--,--,--,227708
2026-05-04 16:48:29.532,--,--,--,--,--,--,--,--,--,--,--,--,--,--,--,--,--,--,--,--,--,--,--,--,--,--,--,--,--,--,--,--,--,--,--,--,--,--,--,--,--,--,--,--,--,--,227713
2026-05-04 16:48:29.533,--,--,--,--,--,--,--,--,--,--,--,--,--,--,--,--,--,--,--,--,--,--,--,--,--,--,--,--,--,--,--,--,--,--,--,--,--,--,--,--,--,--,--,--,--,--,227718
2026-05-04 16:48:29.534,--,--,--,--,--,--,--,--,--,--,--,--,--,--,--,--,--,--,--,--,--,--,--,--,--,--,--,--,--,--,--,--,--,--,--,--,--,--,--,--,--,--,--,--,--,--,227723
2026-05-04 16:48:29.536,--,--,--,--,--,--,--,--,--,--,--,--,--,--,--,--,--,--,--,--,--,--,--,--,--,--,--,--,--,--,--,--,--,--,--,--,--,--,--,--,--,--,--,--,--,--,227728
2026-05-04 16:48:29.538,--,--,--,--,--,--,--,--,--,--,--,--,--,--,--,--,--,--,--,--,--,--,--,--,--,--,--,--,--,--,--,--,--,--,--,--,--,--,--,--,--,--,--,--,--,--,227733
2026-05-04 16:48:29.540,--,--,--,--,--,--,--,--,--,--,--,--,--,--,--,--,--,--,--,--,--,--,--,--,--,--,--,--,--,--,--,--,--,--,--,--,--,--,--,--,--,--,--,--,--,--,227738
2026-05-04 16:48:29.542,--,--,--,--,--,--,--,--,--,--,--,--,--,--,--,--,--,--,--,--,--,--,--,--,--,--,--,--,--,--,--,--,--,--,--,--,--,--,--,--,--,--,--,--,--,--,227743
2026-05-04 16:48:29.543,--,--,--,--,--,--,--,--,--,--,--,--,--,--,--,--,--,--,--,--,--,--,--,--,--,--,--,--,--,--,--,--,--,--,--,--,--,--,--,--,--,--,--,--,--,--,227748
2026-05-04 16:48:29.545,--,--,--,--,--,--,--,--,--,--,--,--,--,--,--,--,--,--,--,--,--,--,--,--,--,--,--,--,--,--,--,--,--,--,--,--,--,--,--,--,--,--,--,--,--,--,227753
2026-05-04 16:48:29.546,--,--,--,--,--,--,--,--,--,--,--,--,--,--,--,--,--,--,--,--,--,--,--,--,--,--,--,--,--,--,--,--,--,--,--,--,--,--,--,--,--,--,--,--,--,--,227758
2026-05-04 16:48:29.548,--,--,--,--,--,--,--,--,--,--,--,--,--,--,--,--,--,--,--,--,--,--,--,--,--,--,--,--,--,--,--,--,--,--,--,--,--,--,--,--,--,--,--,--,--,--,227763
2026-05-04 16:48:29.549,--,--,--,--,--,--,--,--,--,--,--,--,--,--,--,--,--,--,--,--,--,--,--,--,--,--,--,--,--,--,--,--,--,--,--,--,--,--,--,--,--,--,--,--,--,--,227768
2026-05-04 16:48:29.550,--,--,--,--,--,--,--,--,--,--,--,--,--,--,--,--,--,--,--,--,--,--,--,--,--,--,--,--,--,--,--,--,--,--,--,--,--,--,--,--,--,--,--,--,--,--,227773
2026-05-04 16:48:29.551,--,--,--,--,--,--,--,--,--,--,--,--,--,--,--,--,--,--,--,--,--,--,--,--,--,--,--,--,--,--,--,--,--,--,--,--,--,--,--,--,--,--,--,--,--,--,227778
2026-05-04 16:48:29.586,--,--,--,--,--,--,--,--,--,--,--,--,--,--,--,--,--,--,--,--,--,--,--,--,--,--,--,--,--,--,--,--,--,--,--,--,--,--,--,--,--,--,--,--,--,--,227783
2026-05-04 16:48:29.588,--,--,--,--,--,--,--,--,--,--,--,--,--,--,--,--,--,--,--,--,--,--,--,--,--,--,--,--,--,--,--,--,--,--,--,--,--,--,--,--,--,--,--,--,--,--,227788
2026-05-04 16:48:29.589,--,--,--,--,--,--,--,--,--,--,--,--,--,--,--,--,--,--,--,--,--,--,--,--,--,--,--,--,--,--,--,--,--,--,--,--,--,--,--,--,--,--,--,--,--,--,227793
2026-05-04 16:48:29.591,--,--,--,--,--,--,--,--,--,--,--,--,--,--,--,--,--,--,--,--,--,--,--,--,--,--,--,--,--,--,--,--,--,--,--,--,--,--,--,--,--,--,--,--,--,--,227798
2026-05-04 16:48:29.593,--,--,--,--,--,--,--,--,--,--,--,--,--,--,--,--,--,--,--,--,--,--,--,--,--,--,--,--,--,--,--,--,--,--,--,--,--,--,--,--,--,--,--,--,--,--,227803
2026-05-04 16:48:29.919,--,--,--,--,--,--,--,--,-137.71,55.37,-71.53,-228.04,--,--,--,--,--,--,--,--,25.59,25.54,24.75,25.26,2017,2017,2017,2017,2017,2017,2017,2017,0,0,0,0,0,0,0,0,27.24,31.78,51.45,4.981,5.04,4.98,2560
2026-05-04 16:48:30.050,--,--,--,--,--,--,--,--,-137.71,55.35,-71.52,-228.05,--,--,--,--,--,--,--,--,25.59,25.54,24.68,25.26,2017,2017,2017,2017,2017,2017,2017,2017,0,0,0,0,0,0,0,0,27.24,31.78,51.45,4.981,5.04,4.98,2565
2026-05-04 16:48:30.149,--,--,--,--,--,--,--,--,-137.72,55.36,-71.52,-228.05,--,--,--,--,--,--,--,--,25.59,25.54,24.68,25.26,2017,2017,2017,2017,2017,2017,2017,2017,0,0,0,0,0,0,0,0,27.24,31.78,51.45,4.981,5.01,4.98,2570
2026-05-04 16:48:30.224,--,--,--,--,--,--,--,--,-137.71,55.35,-71.53,-228.05,--,--,--,--,--,--,--,--,25.59,25.54,24.68,25.26,2017,2017,2017,2017,2017,2017,2017,2017,0,0,0,0,0,0,0,0,27.24,31.78,51.45,4.981,5.04,4.98,2575
2026-05-04 16:48:30.318,--,--,--,--,--,--,--,--,-137.70,55.36,-71.52,-228.05,--,--,--,--,--,--,--,--,25.59,25.54,24.68,25.26,2017,2017,2017,2017,2017,2017,2017,2017,0,0,0,0,0,0,0,0,27.24,31.78,51.45,4.981,5.01,4.98,2580
2026-05-04 16:48:30.403,--,--,--,--,--,--,--,--,-137.71,55.36,-71.52,-228.05,--,--,--,--,--,--,--,--,25.59,25.54,24.75,25.26,2017,2017,2017,2017,2017,2017,2017,2017,0,0,0,0,0,0,0,0,27.24,31.78,51.45,4.981,5.01,4.98,2585
2026-05-04 16:48:30.495,--,--,--,--,--,--,--,--,-137.71,55.35,-71.52,-228.05,--,--,--,--,--,--,--,--,25.59,25.54,24.68,25.26,2017,2017,2017,2017,2017,2017,2017,2017,0,0,0,0,0,0,0,0,27.24,31.78,51.45,4.981,5.04,5.01,2590
2026-05-04 16:48:30.584,--,--,--,--,--,--,--,--,-137.70,55.35,-71.52,-228.05,--,--,--,--,--,--,--,--,25.59,25.54,24.68,25.26,2017,2017,2017,2017,2017,2017,2017,2017,0,0,0,0,0,0,0,0,27.24,31.78,51.45,4.981,4.98,5.01,2595
2026-05-04 16:48:30.652,--,--,--,--,--,--,--,--,-137.71,55.35,-71.52,-228.07,--,--,--,--,--,--,--,--,25.59,25.54,24.68,25.26,2017,2017,2017,2017,2017,2017,2017,2017,0,0,0,0,0,0,0,0,27.24,31.78,51.45,4.981,5.01,4.98,2600
2026-05-04 16:48:30.741,--,--,--,--,--,--,--,--,-137.72,55.36,-71.53,-228.05,--,--,--,--,--,--,--,--,25.59,25.54,24.68,25.26,2017,2017,2017,2017,2017,2017,2017,2017,0,0,0,0,0,0,0,0,27.24,31.78,51.45,4.981,5.04,5.01,2605
2026-05-04 16:48:30.829,--,--,--,--,--,--,--,--,-137.72,55.35,-71.52,-228.07,--,--,--,--,--,--,--,--,25.59,25.54,24.68,25.26,2017,2017,2017,2017,2017,2017,2017,2017,0,0,0,0,0,0,0,0,27.24,31.78,51.45,4.981,5.01,4.98,2610
2026-05-04 16:48:30.898,--,--,--,--,--,--,--,--,-137.72,55.36,-71.52,-228.04,--,--,--,--,--,--,--,--,25.59,25.54,24.75,25.26,2017,2017,2017,2017,2017,2017,2017,2017,0,0,0,0,0,0,0,0,27.24,31.78,51.45,4.981,5.01,4.98,2615
2026-05-04 16:48:31.025,--,--,--,--,--,--,--,--,-137.71,55.36,-71.52,-228.07,--,--,--,--,--,--,--,--,25.59,25.54,24.68,25.26,2017,2017,2017,2017,2017,2017,2017,2017,0,0,0,0,0,0,0,0,27.24,31.78,51.45,4.981,5.01,4.98,2620
2026-05-04 16:48:31.110,--,--,--,--,--,--,--,--,-137.71,55.36,-71.52,-228.07,--,--,--,--,--,--,--,--,25.59,25.54,24.75,25.26,2017,2017,2017,2017,2017,2017,2017,2017,0,0,0,0,0,0,0,0,27.24,31.78,51.45,4.981,5.01,4.98,2625
2026-05-04 16:48:31.173,--,--,--,--,--,--,--,--,-137.70,55.36,-71.51,-228.05,--,--,--,--,--,--,--,--,25.59,25.54,24.68,25.26,2017,2017,2017,2017,2017,2017,2017,2017,0,0,0,0,0,0,0,0,27.24,31.78,51.45,4.981,5.01,4.98,2630
2026-05-04 16:48:31.267,--,--,--,--,--,--,--,--,-137.71,55.36,-71.52,-228.05,--,--,--,--,--,--,--,--,25.59,25.54,24.75,25.26,2017,2017,2017,2017,2017,2017,2017,2017,0,0,0,0,0,0,0,0,27.24,31.78,51.45,4.981,4.98,5.01,2635
2026-05-04 16:48:31.352,--,--,--,--,--,--,--,--,-137.71,55.35,-71.52,-228.07,--,--,--,--,--,--,--,--,25.59,25.54,24.75,25.26,2017,2017,2017,2017,2017,2017,2017,2017,0,0,0,0,0,0,0,0,27.24,31.78,51.45,4.981,5.01,4.98,2640
2026-05-04 16:48:31.419,--,--,--,--,--,--,--,--,-137.71,55.35,-71.52,-228.05,--,--,--,--,--,--,--,--,25.59,25.54,24.68,25.26,2017,2017,2017,2017,2017,2017,2017,2017,0,0,0,0,0,0,0,0,27.24,31.78,51.45,4.981,5.01,4.98,2645
2026-05-04 16:48:31.512,--,--,--,--,--,--,--,--,-137.72,55.35,-71.52,-228.05,--,--,--,--,--,--,--,--,25.59,25.54,24.75,25.26,2017,2017,2017,2017,2017,2017,2017,2017,0,0,0,0,0,0,0,0,27.24,31.78,52.20,4.981,5.04,4.98,2650
2026-05-04 16:48:31.597,--,--,--,--,--,--,--,--,-137.71,55.35,-71.52,-228.05,--,--,--,--,--,--,--,--,25.59,25.54,24.75,25.26,2017,2017,2017,2017,2017,2017,2017,2017,0,0,0,0,0,0,0,0,27.24,31.78,51.45,4.981,5.01,4.98,2655
2026-05-04 16:48:31.663,--,--,--,--,--,--,--,--,-137.71,55.35,-71.52,-228.05,--,--,--,--,--,--,--,--,25.59,25.54,24.68,25.26,2017,2017,2017,2017,2017,2017,2017,2017,0,0,0,0,0,0,0,0,27.24,31.78,51.45,4.981,5.01,4.98,3125
2026-05-04 16:48:31.759,--,--,--,--,--,--,--,--,-137.71,55.35,-71.52,-228.05,--,--,--,--,--,--,--,--,25.59,25.54,24.75,25.26,2017,2017,2017,2017,2017,2017,2017,2017,0,0,0,0,0,0,0,0,27.24,31.78,51.45,4.981,5.01,5.01,3130
2026-05-04 16:48:31.846,--,--,--,--,--,--,--,--,-137.71,55.35,-71.51,-228.05,--,--,--,--,--,--,--,--,25.59,25.54,24.68,25.26,2017,2017,2017,2017,2017,2017,2017,2017,0,0,0,0,0,0,0,0,27.24,31.78,51.45,4.981,5.01,5.01,3135
2026-05-04 16:48:31.918,--,--,--,--,--,--,--,--,-137.70,55.36,-71.53,-228.07,--,--,--,--,--,--,--,--,25.59,25.54,24.75,25.26,2017,2017,2017,2017,2017,2017,2017,2017,0,0,0,0,0,0,0,0,27.24,31.78,51.45,4.981,4.98,5.01,3140
2026-05-04 16:48:32.022,--,--,--,--,--,--,--,--,-137.72,55.35,-71.53,-228.07,--,--,--,--,--,--,--,--,25.59,25.54,24.75,25.26,2017,2017,2017,2017,2017,2017,2017,2017,0,0,0,0,0,0,0,0,27.24,31.78,51.45,4.981,4.98,4.98,3145
2026-05-04 16:48:32.092,--,--,--,--,--,--,--,--,-137.71,55.36,-71.52,-228.05,--,--,--,--,--,--,--,--,25.59,25.54,24.68,25.26,2017,2017,2017,2017,2017,2017,2017,2017,0,0,0,0,0,0,0,0,27.24,31.78,52.20,4.981,4.98,5.01,3150
2026-05-04 16:48:32.180,--,--,--,--,--,--,--,--,-137.72,55.36,-71.52,-228.05,--,--,--,--,--,--,--,--,25.59,25.54,24.75,25.26,2017,2017,2017,2017,2017,2017,2017,2017,0,0,0,0,0,0,0,0,27.24,31.78,51.45,4.981,5.01,4.98,3155
2026-05-04 16:48:32.267,--,--,--,--,--,--,--,--,-137.72,55.35,-71.52,-228.07,--,--,--,--,--,--,--,--,25.59,25.54,24.75,25.26,2017,2017,2017,2017,2017,2017,2017,2017,0,0,0,0,0,0,0,0,27.24,31.78,51.45,4.981,4.98,4.98,3160
2026-05-04 16:48:32.358,--,--,--,--,--,--,--,--,-137.70,55.36,-71.52,-228.05,--,--,--,--,--,--,--,--,25.59,25.54,24.75,25.26,2017,2017,2017,2017,2017,2017,2017,2017,0,0,0,0,0,0,0,0,27.24,31.78,51.45,4.981,5.01,4.98,3162
2026-05-04 16:48:32.371,--,--,--,--,--,--,--,--,-137.71,55.35,-71.53,-228.07,--,--,--,--,--,--,--,--,25.59,25.54,24.75,25.26,2017,2017,2017,2017,2017,2017,2017,2017,0,0,0,0,0,0,0,0,27.24,31.78,51.45,4.981,4.95,5.01,3163
2026-05-04 16:48:32.427,--,--,--,--,--,--,--,--,-137.71,55.35,-71.51,-228.05,--,--,--,--,--,--,--,--,25.59,25.54,24.75,25.26,2017,2017,2017,2017,2017,2017,2017,2017,0,0,0,0,0,0,0,0,27.24,31.78,51.45,4.981,5.04,4.98,3168
2026-05-04 16:48:32.818,--,--,--,--,--,--,--,--,-137.71,55.35,-71.52,-228.05,--,--,--,--,--,--,--,--,25.59,25.54,24.75,25.26,2017,2017,2017,2017,2017,2017,2017,2017,0,0,0,0,0,0,0,0,27.24,31.78,51.45,4.981,5.01,4.98,3173
2026-05-04 16:48:32.934,--,--,--,--,--,--,--,--,-137.72,55.36,-71.52,-228.05,--,--,--,--,--,--,--,--,25.59,25.61,24.68,25.26,2017,2017,2017,2017,2017,2017,2017,2017,0,0,0,0,0,0,0,0,27.24,31.78,52.20,4.981,4.98,4.98,3178
2026-05-04 16:48:33.058,--,--,--,--,--,--,--,--,-137.71,55.36,-71.52,-228.04,--,--,--,--,--,--,--,--,25.59,25.54,24.68,25.26,2017,2017,2017,2017,2017,2017,2017,2017,0,0,0,0,0,0,0,0,27.24,31.78,51.45,4.981,5.01,4.98,3183
2026-05-04 16:48:33.151,--,--,--,--,--,--,--,--,-137.72,55.36,-71.52,-228.05,--,--,--,--,--,--,--,--,25.59,25.54,24.75,25.26,2017,2017,2017,2017,2017,2017,2017,2017,0,0,0,0,0,0,0,0,27.24,31.78,51.45,4.981,5.01,4.98,3188
2026-05-04 16:48:33.261,--,--,--,--,--,--,--,--,-137.72,55.36,-71.53,-228.04,--,--,--,--,--,--,--,--,25.59,25.54,24.75,25.26,2017,2017,2017,2017,2017,2017,2017,2017,0,0,0,0,0,0,0,0,27.24,31.78,51.45,4.981,5.01,5.01,3193
2026-05-04 16:48:33.388,--,--,--,--,--,--,--,--,-137.71,55.37,-71.52,-228.05,--,--,--,--,--,--,--,--,25.59,25.54,24.68,25.26,2017,2017,2017,2017,2017,2017,2017,2017,0,0,0,0,0,0,0,0,27.24,31.78,51.45,4.981,5.01,4.98,3198
2026-05-04 16:48:33.460,--,--,--,--,--,--,--,--,-137.71,55.36,-71.51,-228.05,--,--,--,--,--,--,--,--,25.59,25.54,24.75,25.26,2017,2017,2017,2017,2017,2017,2017,2017,0,0,0,0,0,0,0,0,27.24,31.78,51.45,4.981,4.98,4.98,3203
2026-05-04 16:48:33.561,--,--,--,--,--,--,--,--,-137.72,55.36,-71.53,-228.04,--,--,--,--,--,--,--,--,25.59,25.54,24.75,25.26,2017,2017,2017,2017,2017,2017,2017,2017,0,0,0,0,0,0,0,0,27.24,31.78,51.45,4.981,4.98,4.98,3208
2026-05-04 16:48:33.632,--,--,--,--,--,--,--,--,-137.72,55.36,-71.52,-228.05,--,--,--,--,--,--,--,--,25.59,25.54,24.75,25.26,2017,2017,2017,2017,2017,2017,2017,2017,0,0,0,0,0,0,0,0,27.24,31.78,51.45,4.981,4.98,4.98,3213
2026-05-04 16:48:33.726,--,--,--,--,--,--,--,--,-137.71,55.36,-71.51,-228.05,--,--,--,--,--,--,--,--,25.59,25.54,24.68,25.26,2017,2017,2017,2017,2017,2017,2017,2017,0,0,0,0,0,0,0,0,27.24,31.78,51.45,4.981,5.01,4.98,3218
2026-05-04 16:48:33.797,--,--,--,--,--,--,--,--,-137.70,55.36,-71.52,-228.04,--,--,--,--,--,--,--,--,25.59,25.61,24.75,25.26,2017,2017,2017,2017,2017,2017,2017,2017,0,0,0,0,0,0,0,0,27.24,31.78,51.45,4.981,4.98,4.98,3223
2026-05-04 16:48:33.900,--,--,--,--,--,--,--,--,-137.71,55.35,-71.52,-228.08,--,--,--,--,--,--,--,--,25.59,25.54,24.75,25.26,2017,2017,2017,2017,2017,2017,2017,2017,0,0,0,0,0,0,0,0,27.24,31.78,51.45,4.981,4.98,4.98,3228
2026-05-04 16:48:33.998,--,--,--,--,--,--,--,--,-137.72,55.35,-71.52,-228.05,--,--,--,--,--,--,--,--,25.59,25.54,24.68,25.26,2017,2017,2017,2017,2017,2017,2017,2017,0,0,0,0,0,0,0,0,27.24,31.78,51.45,4.981,5.04,4.98,3233
2026-05-04 16:48:34.072,--,--,--,--,--,--,--,--,-137.70,55.34,-71.53,-228.04,--,--,--,--,--,--,--,--,25.59,25.54,24.75,25.26,2017,2017,2017,2017,2017,2017,2017,2017,0,0,0,0,0,0,0,0,27.24,31.78,51.45,4.981,4.98,4.98,3238
2026-05-04 16:48:34.175,--,--,--,--,--,--,--,--,-137.72,55.36,-71.52,-228.05,--,--,--,--,--,--,--,--,25.59,25.54,24.75,25.26,2017,2017,2017,2017,2017,2017,2017,2017,0,0,0,0,0,0,0,0,27.24,31.78,51.45,4.981,5.01,4.98,3243
2026-05-04 16:48:34.270,--,--,--,--,--,--,--,--,-137.72,55.36,-71.52,-228.07,--,--,--,--,--,--,--,--,25.59,25.54,24.75,25.26,2017,2017,2017,2017,2017,2017,2017,2017,0,0,0,0,0,0,0,0,27.24,31.78,51.45,4.981,5.04,5.01,3248
2026-05-04 16:48:34.345,--,--,--,--,--,--,--,--,-137.71,55.36,-71.52,-228.05,--,--,--,--,--,--,--,--,25.59,25.61,24.75,25.26,2017,2017,2017,2017,2017,2017,2017,2017,0,0,0,0,0,0,0,0,27.24,31.78,51.45,4.981,5.01,4.98,3253
2026-05-04 16:48:34.480,--,--,--,--,--,--,--,--,-137.71,55.36,-71.52,-228.05,--,--,--,--,--,--,--,--,25.59,25.54,24.68,25.26,2017,2017,2017,2017,2017,2017,2017,2017,0,0,0,0,0,0,0,0,27.24,31.78,51.45,4.981,5.04,4.98,3258
2026-05-04 16:48:34.574,--,--,--,--,--,--,--,--,-137.72,55.36,-71.53,-228.05,--,--,--,--,--,--,--,--,25.59,25.54,24.68,25.26,2017,2017,2017,2017,2017,2017,2017,2017,0,0,0,0,0,0,0,0,27.24,31.78,51.45,4.981,5.04,4.98,3263
2026-05-04 16:48:34.679,--,--,--,--,--,--,--,--,-137.72,55.35,-71.52,-228.07,--,--,--,--,--,--,--,--,25.59,25.54,24.75,25.26,2017,2017,2017,2017,2017,2017,2017,2017,0,0,0,0,0,0,0,0,27.24,31.78,51.45,4.981,5.04,4.98,3268
2026-05-04 16:48:34.753,--,--,--,--,--,--,--,--,-137.72,55.36,-71.53,-228.05,--,--,--,--,--,--,--,--,25.59,25.61,24.75,25.33,2017,2017,2017,2017,2017,2017,2017,2017,0,0,0,0,0,0,0,0,27.24,31.78,51.45,4.981,5.01,5.01,5680
2026-05-04 16:48:34.851,--,--,--,--,--,--,--,--,-137.71,55.36,-71.52,-228.05,--,--,--,--,--,--,--,--,25.59,25.61,24.75,25.33,2017,2017,2017,2017,2017,2017,2017,2017,0,0,0,0,0,0,0,0,27.24,31.78,51.45,4.981,4.95,4.98,5685
2026-05-04 16:48:34.955,--,--,--,--,--,--,--,--,-137.71,55.36,-71.52,-228.07,--,--,--,--,--,--,--,--,25.67,25.61,24.75,25.26,2017,2017,2017,2017,2017,2017,2017,2017,0,0,0,0,0,0,0,0,27.24,31.78,51.45,4.981,5.01,5.01,5690
2026-05-04 16:48:35.031,--,--,--,--,--,--,--,--,-137.70,55.35,-71.52,-228.04,--,--,--,--,--,--,--,--,25.59,25.61,24.75,25.33,2017,2017,2017,2017,2017,2017,2017,2017,0,0,0,0,0,0,0,0,27.24,31.78,51.45,4.981,5.01,4.98,5695
2026-05-04 16:48:35.123,--,--,--,--,--,--,--,--,-137.71,55.35,-71.52,-228.05,--,--,--,--,--,--,--,--,25.67,25.61,24.75,25.33,2017,2017,2017,2017,2017,2017,2017,2017,0,0,0,0,0,0,0,0,27.24,31.78,51.45,4.981,5.01,4.98,5700
2026-05-04 16:48:35.223,--,--,--,--,--,--,--,--,-137.72,55.34,-71.52,-228.05,--,--,--,--,--,--,--,--,25.59,25.61,24.75,25.26,2017,2017,2017,2017,2017,2017,2017,2017,0,0,0,0,0,0,0,0,27.24,31.78,51.45,4.981,5.04,5.01,5705
2026-05-04 16:48:35.297,--,--,--,--,--,--,--,--,-137.71,55.36,-71.52,-228.05,--,--,--,--,--,--,--,--,25.67,25.61,24.75,25.33,2017,2017,2017,2017,2017,2017,2017,2017,0,0,0,0,0,0,0,0,27.24,31.78,51.45,4.981,5.01,4.98,5710
2026-05-04 16:48:35.390,--,--,--,--,--,--,--,--,-137.71,55.35,-71.52,-228.04,--,--,--,--,--,--,--,--,25.67,25.61,24.75,25.33,2017,2017,2017,2017,2017,2017,2017,2017,0,0,0,0,0,0,0,0,27.24,31.78,51.45,4.981,4.98,4.98,5715
2026-05-04 16:48:35.479,--,--,--,--,--,--,--,--,-137.72,55.35,-71.52,-228.05,--,--,--,--,--,--,--,--,25.67,25.61,24.75,25.26,2017,2017,2017,2017,2017,2017,2017,2017,0,0,0,0,0,0,0,0,27.24,31.78,51.45,4.981,5.01,4.98,5720
2026-05-04 16:48:35.551,--,--,--,--,--,--,--,--,-137.72,55.36,-71.52,-228.05,--,--,--,--,--,--,--,--,25.67,25.61,24.75,25.33,2017,2017,2017,2017,2017,2017,2017,2017,0,0,0,0,0,0,0,0,27.24,31.78,52.20,4.981,5.01,4.98,5725
2026-05-04 16:48:35.564,--,--,--,--,--,--,--,--,-137.72,55.37,-71.52,-228.05,--,--,--,--,--,--,--,--,25.67,25.61,24.75,25.33,2017,2017,2017,2017,2017,2017,2017,2017,0,0,0,0,0,0,0,0,27.24,31.78,51.45,4.981,4.98,5.01,5727
2026-05-04 16:48:35.859,--,--,--,--,--,--,--,--,-137.72,55.35,-71.52,-228.05,--,--,--,--,--,--,--,--,25.67,25.61,24.75,25.33,2017,2017,2017,2017,2017,2017,2017,2017,0,0,0,0,0,0,0,0,27.24,31.78,51.45,4.981,4.98,5.01,5728
2026-05-04 16:48:36.031,--,--,--,--,--,--,--,--,-137.71,55.35,-71.52,-228.07,--,--,--,--,--,--,--,--,25.59,25.61,24.75,25.33,2017,2017,2017,2017,2017,2017,2017,2017,0,0,0,0,0,0,0,0,27.24,31.78,51.45,4.981,5.01,4.98,5733
2026-05-04 16:48:36.155,--,--,--,--,--,--,--,--,-137.72,55.36,-71.53,-228.05,--,--,--,--,--,--,--,--,25.59,25.61,24.75,25.33,2017,2017,2017,2017,2017,2017,2017,2017,0,0,0,0,0,0,0,0,27.24,31.78,51.45,4.981,4.98,4.98,5738
2026-05-04 16:48:36.250,--,--,--,--,--,--,--,--,-137.71,55.36,-71.52,-228.05,--,--,--,--,--,--,--,--,25.67,25.61,24.75,25.33,2017,2017,2017,2017,2017,2017,2017,2017,0,0,0,0,0,0,0,0,27.24,31.78,51.45,4.981,5.01,5.01,5743
2026-05-04 16:48:36.322,--,--,--,--,--,--,--,--,-137.70,55.36,-71.52,-228.05,--,--,--,--,--,--,--,--,25.67,25.61,24.75,25.26,2017,2017,2017,2017,2017,2017,2017,2017,0,0,0,0,0,0,0,0,27.24,31.78,51.45,4.981,5.04,4.98,5748
2026-05-04 16:48:36.430,--,--,--,--,--,--,--,--,-137.72,55.35,-71.52,-228.05,--,--,--,--,--,--,--,--,25.59,25.61,24.75,25.33,2017,2017,2017,2017,2017,2017,2017,2017,0,0,0,0,0,0,0,0,27.24,31.78,52.20,4.981,5.01,4.98,5753
2026-05-04 16:48:36.525,--,--,--,--,--,--,--,--,-137.72,55.36,-71.52,-228.05,--,--,--,--,--,--,--,--,25.67,25.61,24.75,25.33,2017,2017,2017,2017,2017,2017,2017,2017,0,0,0,0,0,0,0,0,27.24,31.78,51.45,4.981,4.98,5.01,5758
2026-05-04 16:48:36.599,--,--,--,--,--,--,--,--,-137.71,55.35,-71.51,-228.05,--,--,--,--,--,--,--,--,25.59,25.61,24.75,25.26,2017,2017,2017,2017,2017,2017,2017,2017,0,0,0,0,0,0,0,0,27.24,31.78,51.45,4.981,5.04,4.98,5763
2026-05-04 16:48:36.701,--,--,--,--,--,--,--,--,-137.70,55.36,-71.52,-228.05,--,--,--,--,--,--,--,--,25.67,25.61,24.75,25.33,2017,2017,2017,2017,2017,2017,2017,2017,0,0,0,0,0,0,0,0,27.24,31.78,51.45,4.981,4.98,4.98,5768
2026-05-04 16:48:36.795,--,--,--,--,--,--,--,--,-137.72,55.35,-71.52,-228.07,--,--,--,--,--,--,--,--,25.67,25.61,24.75,25.33,2017,2017,2017,2017,2017,2017,2017,2017,0,0,0,0,0,0,0,0,27.24,31.78,51.45,4.981,5.04,5.01,5773
2026-05-04 16:48:36.902,--,--,--,--,--,--,--,--,-137.71,55.35,-71.52,-228.05,--,--,--,--,--,--,--,--,25.67,25.61,24.75,25.26,2017,2017,2017,2017,2017,2017,2017,2017,0,0,0,0,0,0,0,0,27.24,31.78,51.45,4.981,5.01,4.98,5778
2026-05-04 16:48:36.977,--,--,--,--,--,--,--,--,-137.72,55.36,-71.52,-228.04,--,--,--,--,--,--,--,--,25.59,25.61,24.75,25.33,2017,2017,2017,2017,2017,2017,2017,2017,0,0,0,0,0,0,0,0,27.24,31.78,51.45,4.981,5.01,4.98,5783
2026-05-04 16:48:37.072,--,--,--,--,--,--,--,--,-137.70,55.35,-71.52,-228.05,--,--,--,--,--,--,--,--,25.67,25.61,24.75,25.33,2017,2017,2017,2017,2017,2017,2017,2017,0,0,0,0,0,0,0,0,27.24,31.78,51.45,4.981,5.04,4.98,5788
2026-05-04 16:48:37.214,--,--,--,--,--,--,--,--,-137.71,55.35,-71.53,-228.07,--,--,--,--,--,--,--,--,25.59,25.61,24.75,25.33,2017,2017,2017,2017,2017,2017,2017,2017,0,0,0,0,0,0,0,0,27.24,31.78,51.45,4.981,5.01,4.98,5793
2026-05-04 16:48:37.284,--,--,--,--,--,--,--,--,-137.71,55.36,-71.52,-228.05,--,--,--,--,--,--,--,--,25.67,25.61,24.75,25.33,2017,2017,2017,2017,2017,2017,2017,2017,0,0,0,0,0,0,0,0,27.24,31.78,51.45,4.981,5.01,5.01,5798
2026-05-04 16:48:37.377,--,--,--,--,--,--,--,--,-137.71,55.36,-71.52,-228.05,--,--,--,--,--,--,--,--,25.67,25.61,24.75,25.33,2017,2017,2017,2017,2017,2017,2017,2017,0,0,0,0,0,0,0,0,27.24,31.78,51.45,4.981,5.01,4.98,5803
2026-05-04 16:48:37.487,--,--,--,--,--,--,--,--,-137.72,55.36,-71.51,-228.05,--,--,--,--,--,--,--,--,25.59,25.61,24.75,25.26,2017,2017,2017,2017,2017,2017,2017,2017,0,0,0,0,0,0,0,0,27.24,31.78,51.45,4.981,5.01,4.98,5808
2026-05-04 16:48:37.566,--,--,--,--,--,--,--,--,-137.72,55.36,-71.52,-228.05,--,--,--,--,--,--,--,--,25.59,25.61,24.75,25.33,2017,2017,2017,2017,2017,2017,2017,2017,0,0,0,0,0,0,0,0,27.24,31.78,51.45,4.981,5.01,4.98,5813
2026-05-04 16:48:37.663,--,--,--,--,--,--,--,--,-137.72,55.35,-71.52,-228.05,--,--,--,--,--,--,--,--,25.67,25.61,24.75,25.33,2017,2017,2017,2017,2017,2017,2017,2017,0,0,0,0,0,0,0,0,27.24,31.78,51.45,4.981,5.01,4.98,5818
2026-05-04 16:48:37.767,--,--,--,--,--,--,--,--,-137.71,55.36,-71.52,-228.04,--,--,--,--,--,--,--,--,25.67,25.61,24.75,25.26,2017,2017,2017,2017,2017,2017,2017,2017,0,0,0,0,0,0,0,0,27.24,31.78,51.45,4.981,5.01,4.98,5823
2026-05-04 16:48:37.857,--,--,--,--,--,--,--,--,-137.72,55.37,-71.52,-228.05,--,--,--,--,--,--,--,--,25.67,25.61,24.75,25.33,2017,2017,2017,2017,2017,2017,2017,2017,0,0,0,0,0,0,0,0,27.24,31.78,51.45,4.981,4.98,4.98,8427
2026-05-04 16:48:37.921,--,--,--,--,--,--,--,--,-137.72,55.36,-71.52,-228.07,--,--,--,--,--,--,--,--,25.67,25.61,24.75,25.33,2017,2017,2017,2017,2017,2017,2017,2017,0,0,0,0,0,0,0,0,27.24,31.78,51.45,4.981,5.01,5.01,8432
2026-05-04 16:48:38.019,--,--,--,--,--,--,--,--,-137.71,55.36,-71.52,-228.05,--,--,--,--,--,--,--,--,25.67,25.61,24.75,25.33,2017,2017,2017,2017,2017,2017,2017,2017,0,0,0,0,0,0,0,0,27.24,31.78,51.45,4.981,4.98,4.98,8437
2026-05-04 16:48:38.103,--,--,--,--,--,--,--,--,-137.72,55.36,-71.53,-228.05,--,--,--,--,--,--,--,--,25.67,25.61,24.75,25.33,2017,2017,2017,2017,2017,2017,2017,2017,0,0,0,0,0,0,0,0,27.24,31.78,51.45,4.981,4.98,4.98,8442
2026-05-04 16:48:38.171,--,--,--,--,--,--,--,--,-137.72,55.35,-71.52,-228.05,--,--,--,--,--,--,--,--,25.67,25.61,24.75,25.33,2017,2017,2017,2017,2017,2017,2017,2017,0,0,0,0,0,0,0,0,27.24,31.78,52.20,4.981,5.01,4.98,8447
2026-05-04 16:48:38.267,--,--,--,--,--,--,--,--,-137.72,55.35,-71.52,-228.05,--,--,--,--,--,--,--,--,25.67,25.61,24.75,25.33,2017,2017,2017,2017,2017,2017,2017,2017,0,0,0,0,0,0,0,0,27.24,31.78,51.45,4.981,5.01,4.98,8452
2026-05-04 16:48:38.351,--,--,--,--,--,--,--,--,-137.71,55.35,-71.52,-228.05,--,--,--,--,--,--,--,--,25.67,25.61,24.75,25.33,2017,2017,2017,2017,2017,2017,2017,2017,0,0,0,0,0,0,0,0,27.24,31.78,51.45,4.981,5.01,4.98,8457
2026-05-04 16:48:38.416,--,--,--,--,--,--,--,--,-137.71,55.35,-71.52,-228.07,--,--,--,--,--,--,--,--,25.67,25.61,24.75,25.33,2017,2017,2017,2017,2017,2017,2017,2017,0,0,0,0,0,0,0,0,27.24,31.78,51.45,4.981,5.01,4.98,8462
2026-05-04 16:48:38.511,--,--,--,--,--,--,--,--,-137.71,55.35,-71.52,-228.05,--,--,--,--,--,--,--,--,25.67,25.61,24.75,25.33,2017,2017,2017,2017,2017,2017,2017,2017,0,0,0,0,0,0,0,0,27.24,31.78,51.45,4.981,5.04,4.98,8467
2026-05-04 16:48:38.594,--,--,--,--,--,--,--,--,-137.71,55.35,-71.53,-228.05,--,--,--,--,--,--,--,--,25.67,25.61,24.75,25.33,2017,2017,2017,2017,2017,2017,2017,2017,0,0,0,0,0,0,0,0,27.24,31.78,51.45,4.981,5.01,4.98,8472
2026-05-04 16:48:38.650,--,--,--,--,--,--,--,--,-137.71,55.35,-71.52,-228.05,--,--,--,--,--,--,--,--,25.67,25.61,24.75,25.33,2017,2017,2017,2017,2017,2017,2017,2017,0,0,0,0,0,0,0,0,27.24,31.78,51.45,4.981,4.98,4.98,8477
2026-05-04 16:48:38.782,--,--,--,--,--,--,--,--,-137.72,55.35,-71.51,-228.05,--,--,--,--,--,--,--,--,25.67,25.61,24.75,25.33,2017,2017,2017,2017,2017,2017,2017,2017,0,0,0,0,0,0,0,0,27.24,31.78,51.45,4.981,5.04,4.98,8482
2026-05-04 16:48:38.799,--,--,--,--,--,--,--,--,-137.70,55.36,-71.52,-228.05,--,--,--,--,--,--,--,--,25.67,25.61,24.75,25.33,2017,2017,2017,2017,2017,2017,2017,2017,0,0,0,0,0,0,0,0,27.24,31.78,51.45,4.981,5.01,4.98,8483
2026-05-04 16:48:38.963,--,--,--,--,--,--,--,--,-137.70,55.35,-71.53,-228.05,--,--,--,--,--,--,--,--,25.67,25.61,24.75,25.33,2017,2017,2017,2017,2017,2017,2017,2017,0,0,0,0,0,0,0,0,27.24,31.78,52.20,4.981,5.01,4.98,8484
2026-05-04 16:48:39.072,--,--,--,--,--,--,--,--,-137.71,55.35,-71.52,-228.05,--,--,--,--,--,--,--,--,25.67,25.61,24.75,25.33,2017,2017,2017,2017,2017,2017,2017,2017,0,0,0,0,0,0,0,0,27.24,31.78,52.20,4.981,4.98,4.98,8489
2026-05-04 16:48:39.171,--,--,--,--,--,--,--,--,-137.70,55.36,-71.52,-228.05,--,--,--,--,--,--,--,--,25.67,25.61,24.75,25.33,2017,2017,2017,2017,2017,2017,2017,2017,0,0,0,0,0,0,0,0,27.24,31.78,51.45,4.981,5.01,4.98,8494
2026-05-04 16:48:39.255,--,--,--,--,--,--,--,--,-137.71,55.35,-71.52,-228.05,--,--,--,--,--,--,--,--,25.67,25.61,24.75,25.33,2017,2017,2017,2017,2017,2017,2017,2017,0,0,0,0,0,0,0,0,27.24,31.78,52.20,4.981,5.01,4.98,8499
2026-05-04 16:48:39.352,--,--,--,--,--,--,--,--,-137.72,55.35,-71.51,-228.07,--,--,--,--,--,--,--,--,25.67,25.61,24.75,25.33,2017,2017,2017,2017,2017,2017,2017,2017,0,0,0,0,0,0,0,0,27.24,31.78,51.45,4.981,4.95,4.98,8504
2026-05-04 16:48:39.440,--,--,--,--,--,--,--,--,-137.71,55.36,-71.52,-228.05,--,--,--,--,--,--,--,--,25.67,25.61,24.75,25.33,2017,2017,2017,2017,2017,2017,2017,2017,0,0,0,0,0,0,0,0,27.24,31.78,52.20,4.981,5.01,4.98,8509
2026-05-04 16:48:39.541,--,--,--,--,--,--,--,--,-137.71,55.35,-71.51,-228.05,--,--,--,--,--,--,--,--,25.67,25.61,24.75,25.33,2017,2017,2017,2017,2017,2017,2017,2017,0,0,0,0,0,0,0,0,27.24,31.78,51.45,4.981,5.04,4.98,8514
2026-05-04 16:48:39.625,--,--,--,--,--,--,--,--,-137.72,55.35,-71.52,-228.05,--,--,--,--,--,--,--,--,25.67,25.61,24.75,25.33,2017,2017,2017,2017,2017,2017,2017,2017,0,0,0,0,0,0,0,0,27.24,31.78,51.45,4.981,5.01,4.98,8519
2026-05-04 16:48:39.703,--,--,--,--,--,--,--,--,-137.72,55.36,-71.52,-228.05,--,--,--,--,--,--,--,--,25.67,25.61,24.75,25.33,2017,2017,2017,2017,2017,2017,2017,2017,0,0,0,0,0,0,0,0,27.24,31.78,51.45,4.981,5.04,5.01,8524
2026-05-04 16:48:39.799,--,--,--,--,--,--,--,--,-137.70,55.35,-71.52,-228.07,--,--,--,--,--,--,--,--,25.67,25.61,24.75,25.33,2017,2017,2017,2017,2017,2017,2017,2017,0,0,0,0,0,0,0,0,27.24,31.78,51.45,4.981,5.04,4.98,8529
2026-05-04 16:48:39.887,--,--,--,--,--,--,--,--,-137.70,55.35,-71.52,-228.05,--,--,--,--,--,--,--,--,25.67,25.61,24.75,25.33,2017,2017,2017,2017,2017,2017,2017,2017,0,0,0,0,0,0,0,0,27.24,31.78,51.45,4.981,4.98,4.98,8534
2026-05-04 16:48:39.954,--,--,--,--,--,--,--,--,-137.71,55.35,-71.52,-228.05,--,--,--,--,--,--,--,--,25.67,25.61,24.75,25.33,2017,2017,2017,2017,2017,2017,2017,2017,0,0,0,0,0,0,0,0,27.24,31.78,52.20,4.981,5.04,4.98,8539
2026-05-04 16:48:40.045,--,--,--,--,--,--,--,--,-137.72,55.35,-71.52,-228.05,--,--,--,--,--,--,--,--,25.67,25.61,24.75,25.33,2017,2017,2017,2017,2017,2017,2017,2017,0,0,0,0,0,0,0,0,27.24,31.78,51.45,4.981,4.98,4.98,8544
2026-05-04 16:48:40.135,--,--,--,--,--,--,--,--,-137.70,55.35,-71.52,-228.05,--,--,--,--,--,--,--,--,25.67,25.61,24.75,25.33,2017,2017,2017,2017,2017,2017,2017,2017,0,0,0,0,0,0,0,0,27.24,31.78,51.45,4.981,4.98,4.98,8549
2026-05-04 16:48:40.204,--,--,--,--,--,--,--,--,-137.72,55.35,-71.52,-228.05,--,--,--,--,--,--,--,--,25.67,25.61,24.75,25.33,2017,2017,2017,2017,2017,2017,2017,2017,0,0,0,0,0,0,0,0,27.24,31.78,51.45,4.981,5.04,5.01,8554
2026-05-04 16:48:40.298,--,--,--,--,--,--,--,--,-137.70,55.35,-71.52,-228.07,--,--,--,--,--,--,--,--,25.67,25.61,24.75,25.33,2017,2017,2017,2017,2017,2017,2017,2017,0,0,0,0,0,0,0,0,27.24,31.78,51.45,4.981,5.01,5.01,8559
2026-05-04 16:48:40.383,--,--,--,--,--,--,--,--,-137.72,55.35,-71.52,-228.05,--,--,--,--,--,--,--,--,25.67,25.61,24.75,25.33,2017,2017,2017,2017,2017,2017,2017,2017,0,0,0,0,0,0,0,0,27.24,31.78,51.45,4.981,5.01,4.98,8564
2026-05-04 16:48:40.452,--,--,--,--,--,--,--,--,-137.71,55.35,-71.53,-228.07,--,--,--,--,--,--,--,--,25.67,25.61,24.75,25.33,2017,2017,2017,2017,2017,2017,2017,2017,0,0,0,0,0,0,0,0,27.24,31.78,51.45,4.981,5.01,4.98,8569
2026-05-04 16:48:40.542,--,--,--,--,--,--,--,--,-137.71,55.35,-71.52,-228.05,--,--,--,--,--,--,--,--,25.67,25.61,24.75,25.33,2017,2017,2017,2017,2017,2017,2017,2017,0,0,0,0,0,0,0,0,27.24,31.78,52.20,4.981,5.04,4.98,8574
2026-05-04 16:48:40.628,--,--,--,--,--,--,--,--,-137.71,55.37,-71.52,-228.04,--,--,--,--,--,--,--,--,25.67,25.61,24.75,25.33,2017,2017,2017,2017,2017,2017,2017,2017,0,0,0,0,0,0,0,0,27.24,31.78,51.45,4.981,4.98,4.98,8579
2026-05-04 16:48:40.700,--,--,--,--,--,--,--,--,-137.71,55.35,-71.53,-228.07,--,--,--,--,--,--,--,--,25.67,25.61,24.75,25.40,2017,2017,2017,2017,2017,2017,2017,2017,0,0,0,0,0,0,0,0,27.24,31.78,51.45,4.981,5.01,5.01,11231
2026-05-04 16:48:40.794,--,--,--,--,--,--,--,--,-137.72,55.35,-71.52,-228.07,--,--,--,--,--,--,--,--,25.67,25.61,24.75,25.40,2017,2017,2017,2017,2017,2017,2017,2017,0,0,0,0,0,0,0,0,27.24,31.02,51.45,4.981,4.98,4.98,11236
2026-05-04 16:48:40.880,--,--,--,--,--,--,--,--,-137.71,55.35,-71.53,-228.05,--,--,--,--,--,--,--,--,25.67,25.61,24.75,25.40,2017,2017,2017,2017,2017,2017,2017,2017,0,0,0,0,0,0,0,0,27.24,31.78,51.45,4.981,5.01,4.98,11241
2026-05-04 16:48:40.935,--,--,--,--,--,--,--,--,-137.72,55.34,-71.52,-228.05,--,--,--,--,--,--,--,--,25.67,25.61,24.75,25.33,2017,2017,2017,2017,2017,2017,2017,2017,0,0,0,0,0,0,0,0,27.24,31.78,51.45,4.981,5.01,4.98,11246
2026-05-04 16:48:41.018,--,--,--,--,--,--,--,--,-137.70,55.35,-71.52,-228.05,--,--,--,--,--,--,--,--,25.67,25.61,24.75,25.33,2017,2017,2017,2017,2017,2017,2017,2017,0,0,0,0,0,0,0,0,27.24,31.78,51.45,4.981,4.98,4.98,11249
2026-05-04 16:48:41.181,--,--,--,--,--,--,--,--,-137.71,55.35,-71.52,-228.05,--,--,--,--,--,--,--,--,25.67,25.61,24.75,25.40,2017,2017,2017,2017,2017,2017,2017,2017,0,0,0,0,0,0,0,0,27.24,31.78,51.45,4.981,4.98,4.98,11250
2026-05-04 16:48:41.304,--,--,--,--,--,--,--,--,-137.70,55.35,-71.53,-228.04,--,--,--,--,--,--,--,--,25.67,25.61,24.75,25.40,2017,2017,2017,2017,2017,2017,2017,2017,0,0,0,0,0,0,0,0,27.24,31.78,51.45,4.981,4.98,4.98,11255
2026-05-04 16:48:41.395,--,--,--,--,--,--,--,--,-137.71,55.35,-71.53,-228.05,--,--,--,--,--,--,--,--,25.67,25.61,24.75,25.40,2017,2017,2017,2017,2017,2017,2017,2017,0,0,0,0,0,0,0,0,27.24,31.78,51.45,4.981,4.98,4.98,11260
2026-05-04 16:48:41.489,--,--,--,--,--,--,--,--,-137.71,55.36,-71.52,-228.05,--,--,--,--,--,--,--,--,25.67,25.61,24.75,25.40,2017,2017,2017,2017,2017,2017,2017,2017,0,0,0,0,0,0,0,0,27.24,31.78,51.45,4.981,5.01,4.98,11265
2026-05-04 16:48:41.579,--,--,--,--,--,--,--,--,-137.71,55.36,-71.51,-228.05,--,--,--,--,--,--,--,--,25.67,25.61,24.75,25.40,2017,2017,2017,2017,2017,2017,2017,2017,0,0,0,0,0,0,0,0,27.24,31.78,51.45,4.981,5.04,4.98,11270
2026-05-04 16:48:41.673,--,--,--,--,--,--,--,--,-137.71,55.35,-71.51,-228.04,--,--,--,--,--,--,--,--,25.67,25.61,24.75,25.40,2017,2017,2017,2017,2017,2017,2017,2017,0,0,0,0,0,0,0,0,27.24,31.78,51.45,4.981,5.01,4.98,11275
2026-05-04 16:48:41.762,--,--,--,--,--,--,--,--,-137.72,55.35,-71.53,-228.07,--,--,--,--,--,--,--,--,25.67,25.61,24.75,25.40,2017,2017,2017,2017,2017,2017,2017,2017,0,0,0,0,0,0,0,0,27.24,31.78,51.45,4.981,5.01,4.98,11280
2026-05-04 16:48:41.851,--,--,--,--,--,--,--,--,-137.72,55.34,-71.52,-228.05,--,--,--,--,--,--,--,--,25.67,25.61,24.75,25.40,2017,2017,2017,2017,2017,2017,2017,2017,0,0,0,0,0,0,0,0,27.24,31.78,51.45,4.981,5.01,4.98,11285
2026-05-04 16:48:41.918,--,--,--,--,--,--,--,--,-137.71,55.36,-71.53,-228.04,--,--,--,--,--,--,--,--,25.67,25.61,24.75,25.40,2017,2017,2017,2017,2017,2017,2017,2017,0,0,0,0,0,0,0,0,27.24,31.78,51.45,4.981,4.98,4.98,11290
2026-05-04 16:48:42.009,--,--,--,--,--,--,--,--,-137.71,55.35,-71.53,-228.07,--,--,--,--,--,--,--,--,25.67,25.61,24.75,25.40,2017,2017,2017,2017,2017,2017,2017,2017,0,0,0,0,0,0,0,0,27.24,31.78,51.45,4.981,5.04,4.98,11295
2026-05-04 16:48:42.104,--,--,--,--,--,--,--,--,-137.70,55.34,-71.52,-228.05,--,--,--,--,--,--,--,--,25.67,25.61,24.75,25.40,2017,2017,2017,2017,2017,2017,2017,2017,0,0,0,0,0,0,0,0,27.24,31.78,51.45,4.981,4.98,4.98,11300
2026-05-04 16:48:42.171,--,--,--,--,--,--,--,--,-137.71,55.35,-71.52,-228.07,--,--,--,--,--,--,--,--,25.67,25.61,24.75,25.40,2017,2017,2017,2017,2017,2017,2017,2017,0,0,0,0,0,0,0,0,27.24,31.02,51.45,4.981,5.01,4.98,11305
2026-05-04 16:48:42.260,--,--,--,--,--,--,--,--,-137.72,55.36,-71.51,-228.05,--,--,--,--,--,--,--,--,25.67,25.61,24.75,25.40,2017,2017,2017,2017,2017,2017,2017,2017,0,0,0,0,0,0,0,0,27.24,31.78,51.45,4.981,5.04,4.98,11310
2026-05-04 16:48:42.348,--,--,--,--,--,--,--,--,-137.72,55.36,-71.52,-228.05,--,--,--,--,--,--,--,--,25.67,25.61,24.75,25.40,2017,2017,2017,2017,2017,2017,2017,2017,0,0,0,0,0,0,0,0,27.24,31.78,51.45,4.981,4.98,4.98,11315
2026-05-04 16:48:42.416,--,--,--,--,--,--,--,--,-137.71,55.36,-71.51,-228.04,--,--,--,--,--,--,--,--,25.67,25.61,24.75,25.40,2017,2017,2017,2017,2017,2017,2017,2017,0,0,0,0,0,0,0,0,27.24,31.78,51.45,4.981,4.98,4.98,11320
2026-05-04 16:48:42.508,--,--,--,--,--,--,--,--,-137.71,55.35,-71.52,-228.05,--,--,--,--,--,--,--,--,25.67,25.61,24.75,25.40,2017,2017,2017,2017,2017,2017,2017,2017,0,0,0,0,0,0,0,0,27.24,31.78,51.45,4.981,5.04,4.98,11325
2026-05-04 16:48:42.603,--,--,--,--,--,--,--,--,-137.72,55.35,-71.52,-228.05,--,--,--,--,--,--,--,--,25.67,25.61,24.75,25.40,2017,2017,2017,2017,2017,2017,2017,2017,0,0,0,0,0,0,0,0,27.24,31.78,51.45,4.981,5.01,5.01,11330
2026-05-04 16:48:42.699,--,--,--,--,--,--,--,--,-137.70,55.36,-71.53,-228.05,--,--,--,--,--,--,--,--,25.67,25.61,24.75,25.40,2017,2017,2017,2017,2017,2017,2017,2017,0,0,0,0,0,0,0,0,27.24,31.78,51.45,4.981,5.04,4.98,11335
2026-05-04 16:48:42.771,--,--,--,--,--,--,--,--,-137.71,55.35,-71.53,-228.07,--,--,--,--,--,--,--,--,25.67,25.61,24.75,25.40,2017,2017,2017,2017,2017,2017,2017,2017,0,0,0,0,0,0,0,0,27.24,31.78,51.45,4.981,5.01,4.98,11340
2026-05-04 16:48:42.868,--,--,--,--,--,--,--,--,-137.70,55.36,-71.52,-228.05,--,--,--,--,--,--,--,--,25.67,25.61,24.75,25.40,2017,2017,2017,2017,2017,2017,2017,2017,0,0,0,0,0,0,0,0,27.24,31.78,52.20,4.981,5.04,4.98,11345
2026-05-04 16:48:42.958,--,--,--,--,--,--,--,--,-137.72,55.36,-71.51,-228.05,--,--,--,--,--,--,--,--,25.67,25.61,24.75,25.40,2017,2017,2017,2017,2017,2017,2017,2017,0,0,0,0,0,0,0,0,27.24,31.78,51.45,4.981,4.95,4.98,13202
2026-05-04 16:48:43.024,--,--,--,--,--,--,--,--,-137.71,55.35,-71.52,-228.07,--,--,--,--,--,--,--,--,25.74,25.61,24.75,25.40,2017,2017,2017,2017,2017,2017,2017,2017,0,0,0,0,0,0,0,0,27.24,31.78,51.45,4.981,5.04,5.01,13207
2026-05-04 16:48:43.121,--,--,--,--,--,--,--,--,-137.71,55.36,-71.52,-228.04,--,--,--,--,--,--,--,--,25.67,25.61,24.75,25.40,2017,2017,2017,2017,2017,2017,2017,2017,0,0,0,0,0,0,0,0,27.24,31.78,51.45,4.981,5.01,5.01,13212
2026-05-04 16:48:43.214,--,--,--,--,--,--,--,--,-137.71,55.35,-71.52,-228.05,--,--,--,--,--,--,--,--,25.67,25.61,24.75,25.40,2017,2017,2017,2017,2017,2017,2017,2017,0,0,0,0,0,0,0,0,27.24,31.02,51.45,4.981,4.98,4.98,13217
2026-05-04 16:48:43.326,--,--,--,--,--,--,--,--,-137.71,55.35,-71.52,-228.05,--,--,--,--,--,--,--,--,25.67,25.61,24.75,25.40,2017,2017,2017,2017,2017,2017,2017,2017,0,0,0,0,0,0,0,0,27.24,31.78,51.45,4.981,4.98,4.98,13220
2026-05-04 16:48:43.339,--,--,--,--,--,--,--,--,-137.71,55.36,-71.53,-228.07,--,--,--,--,--,--,--,--,25.67,25.61,24.75,25.40,2017,2017,2017,2017,2017,2017,2017,2017,0,0,0,0,0,0,0,0,27.24,31.78,51.45,4.981,5.04,4.98,13221
2026-05-04 16:48:43.425,--,--,--,--,--,--,--,--,-137.72,55.36,-71.52,-228.05,--,--,--,--,--,--,--,--,25.67,25.61,24.75,25.40,2017,2017,2017,2017,2017,2017,2017,2017,0,0,0,0,0,0,0,0,27.24,31.78,51.45,4.981,4.98,4.98,13226
2026-05-04 16:48:43.604,--,--,--,--,--,--,--,--,-137.71,55.35,-71.51,-228.07,--,--,--,--,--,--,--,--,25.67,25.68,24.75,25.40,2017,2017,2017,2017,2017,2017,2017,2017,0,0,0,0,0,0,0,0,27.24,31.78,51.45,4.981,4.98,4.98,13231
2026-05-04 16:48:43.693,--,--,--,--,--,--,--,--,-137.71,55.35,-71.52,-228.07,--,--,--,--,--,--,--,--,25.67,25.61,24.75,25.40,2017,2017,2017,2017,2017,2017,2017,2017,0,0,0,0,0,0,0,0,27.24,31.78,51.45,4.981,5.04,4.98,13236
2026-05-04 16:48:43.788,--,--,--,--,--,--,--,--,-137.70,55.35,-71.52,-228.05,--,--,--,--,--,--,--,--,25.67,25.61,24.75,25.40,2017,2017,2017,2017,2017,2017,2017,2017,0,0,0,0,0,0,0,0,27.24,31.78,52.20,4.981,5.04,4.98,13241
2026-05-04 16:48:43.909,--,--,--,--,--,--,--,--,-137.70,55.35,-71.53,-228.05,--,--,--,--,--,--,--,--,25.67,25.68,24.75,25.40,2017,2017,2017,2017,2017,2017,2017,2017,0,0,0,0,0,0,0,0,27.24,31.78,52.20,4.981,4.98,4.98,13246
2026-05-04 16:48:43.999,--,--,--,--,--,--,--,--,-137.72,55.36,-71.52,-228.05,--,--,--,--,--,--,--,--,25.67,25.61,24.75,25.40,2017,2017,2017,2017,2017,2017,2017,2017,0,0,0,0,0,0,0,0,27.24,31.02,52.20,4.981,4.98,4.98,13251
2026-05-04 16:48:44.100,--,--,--,--,--,--,--,--,-137.72,55.36,-71.52,-228.05,--,--,--,--,--,--,--,--,25.67,25.61,24.75,25.40,2017,2017,2017,2017,2017,2017,2017,2017,0,0,0,0,0,0,0,0,27.24,31.78,51.45,4.981,4.95,4.98,13256
2026-05-04 16:48:44.170,--,--,--,--,--,--,--,--,-137.70,55.35,-71.52,-228.05,--,--,--,--,--,--,--,--,25.67,25.61,24.75,25.40,2017,2017,2017,2017,2017,2017,2017,2017,0,0,0,0,0,0,0,0,27.24,31.78,51.45,4.981,4.98,4.98,13261
2026-05-04 16:48:44.262,--,--,--,--,--,--,--,--,-137.71,55.36,-71.52,-228.07,--,--,--,--,--,--,--,--,25.67,25.61,24.75,25.40,2017,2017,2017,2017,2017,2017,2017,2017,0,0,0,0,0,0,0,0,27.24,31.78,51.45,4.981,5.01,5.01,13266
2026-05-04 16:48:44.364,--,--,--,--,--,--,--,--,-137.71,55.35,-71.52,-228.05,--,--,--,--,--,--,--,--,25.74,25.61,24.75,25.40,2017,2017,2017,2017,2017,2017,2017,2017,0,0,0,0,0,0,0,0,27.24,31.78,51.45,4.981,4.98,4.98,13271
2026-05-04 16:48:44.435,--,--,--,--,--,--,--,--,-137.72,55.35,-71.52,-228.05,--,--,--,--,--,--,--,--,25.67,25.61,24.75,25.40,2017,2017,2017,2017,2017,2017,2017,2017,0,0,0,0,0,0,0,0,27.24,31.78,51.45,4.981,5.01,5.01,13276
2026-05-04 16:48:44.527,--,--,--,--,--,--,--,--,-137.71,55.35,-71.52,-228.05,--,--,--,--,--,--,--,--,25.67,25.61,24.75,25.40,2017,2017,2017,2017,2017,2017,2017,2017,0,0,0,0,0,0,0,0,27.24,31.02,51.45,4.981,5.04,4.98,13281
2026-05-04 16:48:44.603,--,--,--,--,--,--,--,--,-137.71,55.35,-71.52,-228.05,--,--,--,--,--,--,--,--,25.67,25.61,24.75,25.40,2017,2017,2017,2017,2017,2017,2017,2017,0,0,0,0,0,0,0,0,27.24,31.78,51.45,4.981,5.01,4.98,13286
2026-05-04 16:48:44.740,--,--,--,--,--,--,--,--,-137.72,55.35,-71.53,-228.05,--,--,--,--,--,--,--,--,25.74,25.68,24.75,25.40,2017,2017,2017,2017,2017,2017,2017,2017,0,0,0,0,0,0,0,0,27.24,31.78,51.45,4.981,5.01,4.98,13291
2026-05-04 16:48:44.815,--,--,--,--,--,--,--,--,-137.71,55.36,-71.53,-228.04,--,--,--,--,--,--,--,--,25.67,25.61,24.75,25.40,2017,2017,2017,2017,2017,2017,2017,2017,0,0,0,0,0,0,0,0,27.24,31.78,51.45,4.981,5.04,4.98,13296
2026-05-04 16:48:44.905,--,--,--,--,--,--,--,--,-137.72,55.35,-71.52,-228.07,--,--,--,--,--,--,--,--,25.67,25.61,24.75,25.40,2017,2017,2017,2017,2017,2017,2017,2017,0,0,0,0,0,0,0,0,27.24,31.78,51.45,4.981,5.01,4.98,13301
2026-05-04 16:48:45.004,--,--,--,--,--,--,--,--,-137.71,55.36,-71.52,-228.07,--,--,--,--,--,--,--,--,25.67,25.68,24.75,25.40,2017,2017,2017,2017,2017,2017,2017,2017,0,0,0,0,0,0,0,0,27.24,31.78,51.45,4.981,5.01,4.98,13306
2026-05-04 16:48:45.093,--,--,--,--,--,--,--,--,-137.70,55.35,-71.52,-228.05,--,--,--,--,--,--,--,--,25.67,25.61,24.75,25.40,2017,2017,2017,2017,2017,2017,2017,2017,0,0,0,0,0,0,0,0,27.24,31.02,51.45,4.981,4.98,4.98,13311
2026-05-04 16:48:45.179,--,--,--,--,--,--,--,--,-137.71,55.35,-71.52,-228.05,--,--,--,--,--,--,--,--,25.67,25.61,24.75,25.40,2017,2017,2017,2017,2017,2017,2017,2017,0,0,0,0,0,0,0,0,27.24,31.78,51.45,4.981,5.01,4.98,13316
2026-05-04 16:48:45.244,--,--,--,--,--,--,--,--,-137.71,55.36,-71.52,-228.05,--,--,--,--,--,--,--,--,25.67,25.61,24.75,25.40,2017,2017,2017,2017,2017,2017,2017,2017,0,0,0,0,0,0,0,0,27.24,31.78,51.45,4.981,5.04,4.98,13321
2026-05-04 16:48:45.377,--,--,--,--,--,--,--,--,-137.71,55.35,-71.53,-228.07,--,--,--,--,--,--,--,--,25.67,25.61,24.75,25.40,2017,2017,2017,2017,2017,2017,2017,2017,0,0,0,0,0,0,0,0,27.24,31.78,51.45,4.981,5.01,4.98,13326
2026-05-04 16:48:45.444,--,--,--,--,--,--,--,--,-137.71,55.36,-71.53,-228.05,--,--,--,--,--,--,--,--,25.74,25.68,24.75,25.40,1880,1880,1880,1880,1880,1880,1880,1880,0,0,0,0,0,0,0,0,27.24,31.78,51.45,4.981,4.98,4.98,15355
2026-05-04 16:48:45.531,--,--,--,--,--,--,--,--,-137.72,55.35,-71.52,-228.05,--,--,--,--,--,--,--,--,25.74,25.68,24.75,25.40,1880,1880,1880,1880,1880,1880,1880,1880,0,0,0,0,0,0,0,0,27.24,31.78,52.20,4.981,5.04,4.98,15360
2026-05-04 16:48:45.627,--,--,--,--,--,--,--,--,-137.71,55.35,-71.51,-228.07,--,--,--,--,--,--,--,--,25.74,25.68,24.75,25.40,1880,1880,1880,1880,1880,1880,1880,1880,0,0,0,0,0,0,0,0,27.24,31.78,51.45,4.981,5.01,4.98,15365
2026-05-04 16:48:45.684,--,--,--,--,--,--,--,--,-137.70,55.35,-71.52,-228.05,--,--,--,--,--,--,--,--,25.74,25.68,24.75,25.40,1880,1880,1880,1880,1880,1880,1880,1880,0,0,0,0,0,0,0,0,27.24,31.78,51.45,4.981,5.01,4.98,15370
2026-05-04 16:48:45.777,--,--,--,--,--,--,--,--,-137.71,55.36,-71.52,-228.05,--,--,--,--,--,--,--,--,25.74,25.61,24.75,25.40,1880,1880,1880,1880,1880,1880,1880,1880,0,0,0,0,0,0,0,0,27.24,31.78,51.45,4.981,5.04,4.98,15375
2026-05-04 16:48:45.793,--,--,--,--,--,--,--,--,-137.71,55.35,-71.52,-228.05,--,--,--,--,--,--,--,--,25.74,25.68,24.75,25.40,1880,1880,1880,1880,1880,1880,1880,1880,0,0,0,0,0,0,0,0,27.24,31.78,51.45,4.981,4.98,4.98,15380
2026-05-04 16:48:45.832,--,--,--,--,--,--,--,--,-137.72,55.36,-71.53,-228.05,--,--,--,--,--,--,--,--,25.74,25.68,24.75,25.40,1880,1880,1880,1880,1880,1880,1880,1880,0,0,0,0,0,0,0,0,27.24,31.78,51.45,4.981,4.98,4.98,15383
2026-05-04 16:48:45.978,--,--,--,--,--,--,--,--,-137.71,55.35,-71.52,-228.05,--,--,--,--,--,--,--,--,25.74,25.68,24.75,25.40,1880,1880,1880,1880,1880,1880,1880,1880,0,0,0,0,0,0,0,0,27.24,31.78,51.45,4.981,5.04,4.98,15384
2026-05-04 16:48:46.072,--,--,--,--,--,--,--,--,-137.71,55.36,-71.53,-228.07,--,--,--,--,--,--,--,--,25.74,25.68,24.75,25.40,1880,1880,1880,1880,1880,1880,1880,1880,0,0,0,0,0,0,0,0,27.24,31.78,51.45,4.981,5.01,5.01,15389
2026-05-04 16:48:46.173,--,--,--,--,--,--,--,--,-137.71,55.35,-71.52,-228.05,--,--,--,--,--,--,--,--,25.74,25.68,24.75,25.40,1880,1880,1880,1880,1880,1880,1880,1880,0,0,0,0,0,0,0,0,27.24,31.78,52.20,4.981,5.04,4.98,15394
2026-05-04 16:48:46.260,--,--,--,--,--,--,--,--,-137.72,55.36,-71.52,-228.05,--,--,--,--,--,--,--,--,25.74,25.68,24.75,25.40,1880,1880,1880,1880,1880,1880,1880,1880,0,0,0,0,0,0,0,0,27.24,31.78,52.20,4.981,4.98,4.98,15399
2026-05-04 16:48:46.357,--,--,--,--,--,--,--,--,-137.72,55.36,-71.52,-228.05,--,--,--,--,--,--,--,--,25.74,25.68,24.75,25.40,1880,1880,1880,1880,1880,1880,1880,1880,0,0,0,0,0,0,0,0,27.24,31.02,52.20,4.981,4.98,4.98,15404
2026-05-04 16:48:46.445,--,--,--,--,--,--,--,--,-137.70,55.36,-71.52,-228.05,--,--,--,--,--,--,--,--,25.74,25.68,24.75,25.40,1880,1880,1880,1880,1880,1880,1880,1880,0,0,0,0,0,0,0,0,27.24,31.78,51.45,4.981,4.98,4.98,15409
2026-05-04 16:48:46.543,--,--,--,--,--,--,--,--,-137.72,55.35,-71.52,-228.07,--,--,--,--,--,--,--,--,25.74,25.68,24.75,25.40,1880,1880,1880,1880,1880,1880,1880,1880,0,0,0,0,0,0,0,0,27.24,31.78,51.45,4.981,5.04,4.98,15414
2026-05-04 16:48:46.629,--,--,--,--,--,--,--,--,-137.72,55.35,-71.52,-228.05,--,--,--,--,--,--,--,--,25.74,25.61,24.75,25.40,1880,1880,1880,1880,1880,1880,1880,1880,0,0,0,0,0,0,0,0,27.24,31.78,52.20,4.981,5.04,4.98,15419
2026-05-04 16:48:46.697,--,--,--,--,--,--,--,--,-137.71,55.36,-71.53,-228.05,--,--,--,--,--,--,--,--,25.74,25.68,24.75,25.40,1880,1880,1880,1880,1880,1880,1880,1880,0,0,0,0,0,0,0,0,27.24,31.78,51.45,4.981,5.01,4.98,15424
2026-05-04 16:48:46.791,--,--,--,--,--,--,--,--,-137.72,55.35,-71.52,-228.07,--,--,--,--,--,--,--,--,25.74,25.68,24.75,25.40,1880,1880,1880,1880,1880,1880,1880,1880,0,0,0,0,0,0,0,0,27.24,31.78,51.45,4.981,5.01,4.98,15429
2026-05-04 16:48:46.877,--,--,--,--,--,--,--,--,-137.71,55.35,-71.52,-228.05,--,--,--,--,--,--,--,--,25.74,25.68,24.75,25.40,1880,1880,1880,1880,1880,1880,1880,1880,0,0,0,0,0,0,0,0,27.24,31.78,51.45,4.981,4.98,4.98,15434
2026-05-04 16:48:46.941,--,--,--,--,--,--,--,--,-137.71,55.36,-71.52,-228.05,--,--,--,--,--,--,--,--,25.74,25.68,24.75,25.40,1880,1880,1880,1880,1880,1880,1880,1880,0,0,0,0,0,0,0,0,27.24,31.78,51.45,4.981,4.95,4.98,15439
2026-05-04 16:48:47.037,--,--,--,--,--,--,--,--,-137.72,55.36,-71.52,-228.05,--,--,--,--,--,--,--,--,25.74,25.68,24.75,25.40,1880,1880,1880,1880,1880,1880,1880,1880,0,0,0,0,0,0,0,0,27.24,31.78,51.45,4.981,4.98,4.98,15444
2026-05-04 16:48:47.123,--,--,--,--,--,--,--,--,-137.72,55.35,-71.52,-228.05,--,--,--,--,--,--,--,--,25.74,25.68,24.75,25.40,1880,1880,1880,1880,1880,1880,1880,1880,0,0,0,0,0,0,0,0,27.24,31.78,51.45,4.981,4.98,4.98,15449
2026-05-04 16:48:47.192,--,--,--,--,--,--,--,--,-137.71,55.36,-71.53,-228.05,--,--,--,--,--,--,--,--,25.74,25.68,24.75,25.40,1880,1880,1880,1880,1880,1880,1880,1880,0,0,0,0,0,0,0,0,27.24,31.78,51.45,4.981,4.95,4.98,15454
2026-05-04 16:48:47.290,--,--,--,--,--,--,--,--,-137.71,55.35,-71.52,-228.05,--,--,--,--,--,--,--,--,25.74,25.68,24.75,25.40,1880,1880,1880,1880,1880,1880,1880,1880,0,0,0,0,0,0,0,0,27.24,31.02,52.20,4.981,5.01,4.98,15459
2026-05-04 16:48:47.375,--,--,--,--,--,--,--,--,-137.72,55.35,-71.53,-228.05,--,--,--,--,--,--,--,--,25.74,25.68,24.75,25.40,1880,1880,1880,1880,1880,1880,1880,1880,0,0,0,0,0,0,0,0,27.24,31.78,51.45,4.981,5.01,4.98,15464
2026-05-04 16:48:47.441,--,--,--,--,--,--,--,--,-137.71,55.35,-71.52,-228.05,--,--,--,--,--,--,--,--,25.74,25.68,24.75,25.40,1880,1880,1880,1880,1880,1880,1880,1880,0,0,0,0,0,0,0,0,27.24,31.78,51.45,4.981,4.98,4.98,15469
2026-05-04 16:48:47.539,--,--,--,--,--,--,--,--,-137.71,55.36,-71.53,-228.05,--,--,--,--,--,--,--,--,25.74,25.68,24.75,25.40,1880,1880,1880,1880,1880,1880,1880,1880,0,0,0,0,0,0,0,0,27.24,31.78,51.45,4.981,5.04,4.98,15474
2026-05-04 16:48:47.667,--,--,--,--,--,--,--,--,-137.71,55.36,-71.52,-228.05,--,--,--,--,--,--,--,--,25.74,25.68,24.75,25.40,1880,1880,1880,1880,1880,1880,1880,1880,0,0,0,0,0,0,0,0,27.24,31.78,51.45,4.981,4.98,4.98,15479
2026-05-04 16:48:47.738,--,--,--,--,--,--,--,--,-137.71,55.35,-71.53,-228.05,--,--,--,--,--,--,--,--,25.74,25.68,24.75,25.47,1629,1629,1629,1629,1629,1629,1629,1629,0,0,0,0,0,0,0,0,27.24,31.78,51.45,4.981,4.98,4.98,17489
2026-05-04 16:48:47.832,--,--,--,--,--,--,--,--,-137.72,55.35,-71.53,-228.05,--,--,--,--,--,--,--,--,25.74,25.68,24.75,25.47,1629,1629,1629,1629,1629,1629,1629,1629,0,0,0,0,0,0,0,0,27.24,31.78,51.45,4.981,5.04,4.98,17494
2026-05-04 16:48:47.912,--,--,--,--,--,--,--,--,-137.72,55.36,-71.52,-228.05,--,--,--,--,--,--,--,--,25.74,25.68,24.75,25.40,1629,1629,1629,1629,1629,1629,1629,1629,0,0,0,0,0,0,0,0,27.24,31.78,51.45,4.981,4.98,5.01,17499
2026-05-04 16:48:47.966,--,--,--,--,--,--,--,--,-137.71,55.35,-71.52,-228.05,--,--,--,--,--,--,--,--,25.74,25.68,24.75,25.47,1629,1629,1629,1629,1629,1629,1629,1629,0,0,0,0,0,0,0,0,27.24,31.78,51.45,4.981,4.98,4.98,17504
2026-05-04 16:48:48.107,--,--,--,--,--,--,--,--,-137.71,55.36,-71.52,-228.05,--,--,--,--,--,--,--,--,25.74,25.68,24.75,25.40,1629,1629,1629,1629,1629,1629,1629,1629,0,0,0,0,0,0,0,0,27.24,31.78,51.45,4.981,4.95,4.98,17509
2026-05-04 16:48:48.249,--,--,--,--,--,--,--,--,-137.72,55.36,-71.52,-228.05,--,--,--,--,--,--,--,--,25.74,25.68,24.75,25.40,1629,1629,1629,1629,1629,1629,1629,1629,0,0,0,0,0,0,0,0,27.24,31.78,52.20,4.981,5.04,4.98,17514
2026-05-04 16:48:48.340,--,--,--,--,--,--,--,--,-137.71,55.35,-71.52,-228.05,--,--,--,--,--,--,--,--,25.74,25.68,24.75,25.47,1629,1629,1629,1629,1629,1629,1629,1629,0,0,0,0,0,0,0,0,27.24,31.78,51.45,4.981,5.04,5.01,17519
2026-05-04 16:48:48.439,--,--,--,--,--,--,--,--,-137.71,55.36,-71.53,-228.05,--,--,--,--,--,--,--,--,25.74,25.68,24.75,25.47,1629,1629,1629,1629,1629,1629,1629,1629,0,0,0,0,0,0,0,0,27.24,31.78,52.20,4.981,4.98,4.98,17524
2026-05-04 16:48:48.506,--,--,--,--,--,--,--,--,-137.72,55.36,-71.52,-228.07,--,--,--,--,--,--,--,--,25.74,25.68,24.75,25.47,1629,1629,1629,1629,1629,1629,1629,1629,0,0,0,0,0,0,0,0,27.24,31.78,51.45,4.981,5.01,5.01,17529
2026-05-04 16:48:48.595,--,--,--,--,--,--,--,--,-137.72,55.36,-71.51,-228.07,--,--,--,--,--,--,--,--,25.74,25.68,24.75,25.47,1629,1629,1629,1629,1629,1629,1629,1629,0,0,0,0,0,0,0,0,27.24,31.02,51.45,4.981,5.04,4.98,17534
2026-05-04 16:48:48.692,--,--,--,--,--,--,--,--,-137.70,55.35,-71.52,-228.05,--,--,--,--,--,--,--,--,25.74,25.68,24.75,25.40,1629,1629,1629,1629,1629,1629,1629,1629,0,0,0,0,0,0,0,0,27.24,31.78,51.45,4.981,4.98,4.98,17539
2026-05-04 16:48:48.779,--,--,--,--,--,--,--,--,-137.72,55.35,-71.52,-228.04,--,--,--,--,--,--,--,--,25.74,25.68,24.75,25.40,1629,1629,1629,1629,1629,1629,1629,1629,0,0,0,0,0,0,0,0,27.24,31.78,52.20,4.981,5.01,4.98,17544
2026-05-04 16:48:48.874,--,--,--,--,--,--,--,--,-137.71,55.35,-71.52,-228.07,--,--,--,--,--,--,--,--,25.74,25.68,24.75,25.47,1629,1629,1629,1629,1629,1629,1629,1629,0,0,0,0,0,0,0,0,27.24,31.78,51.45,4.981,4.98,4.98,17549
2026-05-04 16:48:48.940,--,--,--,--,--,--,--,--,-137.72,55.36,-71.52,-228.05,--,--,--,--,--,--,--,--,25.74,25.68,24.75,25.47,1629,1629,1629,1629,1629,1629,1629,1629,0,0,0,0,0,0,0,0,27.24,31.78,51.45,4.981,4.98,4.98,17554
2026-05-04 16:48:49.026,--,--,--,--,--,--,--,--,-137.70,55.35,-71.53,-228.05,--,--,--,--,--,--,--,--,25.74,25.68,24.75,25.40,1629,1629,1629,1629,1629,1629,1629,1629,0,0,0,0,0,0,0,0,27.24,31.78,51.45,4.981,5.04,4.98,17559
2026-05-04 16:48:49.121,--,--,--,--,--,--,--,--,-137.72,55.35,-71.53,-228.05,--,--,--,--,--,--,--,--,25.74,25.68,24.75,25.47,1629,1629,1629,1629,1629,1629,1629,1629,0,0,0,0,0,0,0,0,27.24,31.78,51.45,4.981,4.95,5.01,17564
2026-05-04 16:48:49.221,--,--,--,--,--,--,--,--,-137.72,55.36,-71.52,-228.07,--,--,--,--,--,--,--,--,25.74,25.68,24.75,25.47,1629,1629,1629,1629,1629,1629,1629,1629,0,0,0,0,0,0,0,0,27.24,31.78,51.45,4.981,5.01,4.98,17569
2026-05-04 16:48:49.308,--,--,--,--,--,--,--,--,-137.71,55.35,-71.53,-228.05,--,--,--,--,--,--,--,--,25.74,25.68,24.75,25.40,1629,1629,1629,1629,1629,1629,1629,1629,0,0,0,0,0,0,0,0,27.24,31.78,52.20,4.981,5.04,4.98,17574
2026-05-04 16:48:49.408,--,--,--,--,--,--,--,--,-137.72,55.35,-71.52,-228.04,--,--,--,--,--,--,--,--,25.74,25.68,24.75,25.47,1629,1629,1629,1629,1629,1629,1629,1629,0,0,0,0,0,0,0,0,27.24,31.78,51.45,4.981,5.01,4.98,17579
2026-05-04 16:48:49.497,--,--,--,--,--,--,--,--,-137.72,55.34,-71.52,-228.07,--,--,--,--,--,--,--,--,25.74,25.68,24.75,25.47,1629,1629,1629,1629,1629,1629,1629,1629,0,0,0,0,0,0,0,0,27.24,31.78,51.45,4.981,5.04,4.98,17584
2026-05-04 16:48:49.562,--,--,--,--,--,--,--,--,-137.72,55.35,-71.52,-228.05,--,--,--,--,--,--,--,--,25.74,25.68,24.75,25.40,1629,1629,1629,1629,1629,1629,1629,1629,0,0,0,0,0,0,0,0,27.24,31.78,51.45,4.981,5.01,4.98,17589
2026-05-04 16:48:49.658,--,--,--,--,--,--,--,--,-137.72,55.35,-71.52,-228.07,--,--,--,--,--,--,--,--,25.74,25.68,24.75,25.47,1629,1629,1629,1629,1629,1629,1629,1629,0,0,0,0,0,0,0,0,27.24,31.78,51.45,4.981,5.01,4.98,17594
2026-05-04 16:48:49.755,--,--,--,--,--,--,--,--,-137.71,55.35,-71.52,-228.05,--,--,--,--,--,--,--,--,25.74,25.68,24.75,25.47,1629,1629,1629,1629,1629,1629,1629,1629,0,0,0,0,0,0,0,0,27.24,31.02,51.45,4.981,5.01,4.98,17599
2026-05-04 16:48:49.822,--,--,--,--,--,--,--,--,-137.71,55.34,-71.52,-228.05,--,--,--,--,--,--,--,--,25.74,25.68,24.75,25.40,1629,1629,1629,1629,1629,1629,1629,1629,0,0,0,0,0,0,0,0,27.24,31.78,51.45,4.981,5.04,4.98,17604
2026-05-04 16:48:49.917,--,--,--,--,--,--,--,--,-137.72,55.36,-71.52,-228.05,--,--,--,--,--,--,--,--,25.74,25.68,24.75,25.47,1629,1629,1629,1629,1629,1629,1629,1629,0,0,0,0,0,0,0,0,27.24,31.78,51.45,4.981,5.04,4.98,19394
2026-05-04 16:48:50.056,--,--,--,--,--,--,--,--,-137.72,55.36,-71.53,-228.05,--,--,--,--,--,--,--,--,25.74,25.68,24.75,25.47,1629,1629,1629,1629,1629,1629,1629,1629,0,0,0,0,0,0,0,0,27.24,31.78,51.45,4.981,4.95,4.98,19399
2026-05-04 16:48:50.099,--,--,--,--,--,--,--,--,-137.71,55.36,-71.52,-228.05,--,--,--,--,--,--,--,--,25.74,25.68,24.75,25.47,1629,1629,1629,1629,1629,1629,1629,1629,0,0,0,0,0,0,0,0,27.24,31.78,51.45,4.981,4.98,4.98,19402
2026-05-04 16:48:50.112,--,--,--,--,--,--,--,--,-137.72,55.35,-71.52,-228.05,--,--,--,--,--,--,--,--,25.74,25.68,24.75,25.47,1629,1629,1629,1629,1629,1629,1629,1629,0,0,0,0,0,0,0,0,27.24,31.78,51.45,4.981,5.01,5.01,19403
2026-05-04 16:48:50.168,--,--,--,--,--,--,--,--,-137.72,55.36,-71.52,-228.08,--,--,--,--,--,--,--,--,25.74,25.68,24.75,25.47,1629,1629,1629,1629,1629,1629,1629,1629,0,0,0,0,0,0,0,0,27.24,31.78,52.20,4.981,5.04,5.01,19408
2026-05-04 16:48:50.296,--,--,--,--,--,--,--,--,-137.72,55.35,-71.52,-228.07,--,--,--,--,--,--,--,--,25.74,25.68,24.75,25.47,1629,1629,1629,1629,1629,1629,1629,1629,0,0,0,0,0,0,0,0,27.24,31.78,51.45,4.981,4.98,5.01,19413
2026-05-04 16:48:50.401,--,--,--,--,--,--,--,--,-137.71,55.35,-71.52,-228.05,--,--,--,--,--,--,--,--,25.74,25.68,24.75,25.47,1629,1629,1629,1629,1629,1629,1629,1629,0,0,0,0,0,0,0,0,27.24,31.78,52.20,4.981,5.04,4.98,19418
2026-05-04 16:48:50.515,--,--,--,--,--,--,--,--,-137.72,55.35,-71.52,-228.05,--,--,--,--,--,--,--,--,25.74,25.68,24.75,25.47,1629,1629,1629,1629,1629,1629,1629,1629,0,0,0,0,0,0,0,0,27.24,31.78,52.20,4.981,5.04,5.01,19423
2026-05-04 16:48:50.618,--,--,--,--,--,--,--,--,-137.71,55.36,-71.52,-228.05,--,--,--,--,--,--,--,--,25.74,25.68,24.75,25.47,1629,1629,1629,1629,1629,1629,1629,1629,0,0,0,0,0,0,0,0,27.24,31.78,51.45,4.981,5.04,4.98,19428
2026-05-04 16:48:50.714,--,--,--,--,--,--,--,--,-137.71,55.35,-71.52,-228.05,--,--,--,--,--,--,--,--,25.74,25.68,24.75,25.47,1629,1629,1629,1629,1629,1629,1629,1629,0,0,0,0,0,0,0,0,27.24,31.78,52.20,4.981,4.98,4.98,19433
2026-05-04 16:48:50.813,--,--,--,--,--,--,--,--,-137.71,55.35,-71.52,-228.05,--,--,--,--,--,--,--,--,25.74,25.68,24.75,25.47,1629,1629,1629,1629,1629,1629,1629,1629,0,0,0,0,0,0,0,0,27.24,31.78,51.45,4.981,5.01,4.98,19438
2026-05-04 16:48:50.938,--,--,--,--,--,--,--,--,-137.71,55.35,-71.52,-228.05,--,--,--,--,--,--,--,--,25.74,25.68,24.75,25.47,1629,1629,1629,1629,1629,1629,1629,1629,0,0,0,0,0,0,0,0,27.24,31.78,51.45,4.981,4.98,4.98,19443
2026-05-04 16:48:51.045,--,--,--,--,--,--,--,--,-137.71,55.36,-71.53,-228.05,--,--,--,--,--,--,--,--,25.74,25.68,24.75,25.47,1629,1629,1629,1629,1629,1629,1629,1629,0,0,0,0,0,0,0,0,27.24,31.78,51.45,4.981,5.01,4.98,19448
2026-05-04 16:48:51.134,--,--,--,--,--,--,--,--,-137.71,55.36,-71.52,-228.05,--,--,--,--,--,--,--,--,25.74,25.68,24.75,25.47,1629,1629,1629,1629,1629,1629,1629,1629,0,0,0,0,0,0,0,0,27.24,31.78,51.45,4.981,5.01,5.01,19453
2026-05-04 16:48:51.229,--,--,--,--,--,--,--,--,-137.71,55.36,-71.52,-228.05,--,--,--,--,--,--,--,--,25.74,25.68,24.75,25.47,1629,1629,1629,1629,1629,1629,1629,1629,0,0,0,0,0,0,0,0,27.24,31.78,51.45,4.981,5.01,4.98,19458
2026-05-04 16:48:51.353,--,--,--,--,--,--,--,--,-137.71,55.36,-71.52,-228.05,--,--,--,--,--,--,--,--,25.74,25.68,24.75,25.47,1629,1629,1629,1629,1629,1629,1629,1629,0,0,0,0,0,0,0,0,27.24,31.78,51.45,4.981,5.01,4.98,19463
2026-05-04 16:48:51.445,--,--,--,--,--,--,--,--,-137.71,55.36,-71.51,-228.05,--,--,--,--,--,--,--,--,25.74,25.68,24.75,25.47,1629,1629,1629,1629,1629,1629,1629,1629,0,0,0,0,0,0,0,0,27.24,31.78,51.45,4.981,5.01,4.98,19468
2026-05-04 16:48:51.531,--,--,--,--,--,--,--,--,-137.70,55.36,-71.52,-228.05,--,--,--,--,--,--,--,--,25.74,25.68,24.75,25.47,1629,1629,1629,1629,1629,1629,1629,1629,0,0,0,0,0,0,0,0,27.24,31.78,51.45,4.981,5.04,4.98,19473
2026-05-04 16:48:51.618,--,--,--,--,--,--,--,--,-137.71,55.35,-71.52,-228.05,--,--,--,--,--,--,--,--,25.74,25.68,24.75,25.47,1629,1629,1629,1629,1629,1629,1629,1629,0,0,0,0,0,0,0,0,27.24,31.78,51.45,4.981,5.01,4.98,19478
2026-05-04 16:48:51.743,--,--,--,--,--,--,--,--,-137.72,55.36,-71.52,-228.05,--,--,--,--,--,--,--,--,25.74,25.68,24.75,25.47,1629,1629,1629,1629,1629,1629,1629,1629,0,0,0,0,0,0,0,0,27.24,31.78,51.45,4.981,4.98,4.98,19483
2026-05-04 16:48:51.831,--,--,--,--,--,--,--,--,-137.72,55.36,-71.52,-228.05,--,--,--,--,--,--,--,--,25.74,25.68,24.75,25.47,1629,1629,1629,1629,1629,1629,1629,1629,0,0,0,0,0,0,0,0,27.24,31.78,51.45,4.981,5.01,4.98,19488
2026-05-04 16:48:51.930,--,--,--,--,--,--,--,--,-137.70,55.35,-71.53,-228.05,--,--,--,--,--,--,--,--,25.74,25.68,24.75,25.47,1629,1629,1629,1629,1629,1629,1629,1629,0,0,0,0,0,0,0,0,27.24,31.78,52.20,4.981,5.01,4.98,19493
2026-05-04 16:48:52.038,--,--,--,--,--,--,--,--,-137.71,55.35,-71.52,-228.07,--,--,--,--,--,--,--,--,25.74,25.68,24.75,25.47,1629,1629,1629,1629,1629,1629,1629,1629,0,0,0,0,0,0,0,0,27.24,31.02,51.45,4.981,4.95,4.98,19498
2026-05-04 16:48:52.172,--,--,--,--,--,--,--,--,-137.72,55.36,-71.52,-228.05,--,--,--,--,--,--,--,--,25.74,25.68,24.75,25.47,1629,1629,1629,1629,1629,1629,1629,1629,0,0,0,0,0,0,0,0,27.24,31.78,51.45,4.981,5.04,4.98,19503
2026-05-04 16:48:52.262,--,--,--,--,--,--,--,--,-137.71,55.35,-71.51,-228.05,--,--,--,--,--,--,--,--,25.74,25.68,24.75,25.47,1629,1629,1629,1629,1629,1629,1629,1629,0,0,0,0,0,0,0,0,27.24,31.78,52.20,4.981,5.01,5.01,19508
2026-05-04 16:48:52.355,--,--,--,--,--,--,--,--,-137.71,55.36,-71.53,-228.04,--,--,--,--,--,--,--,--,25.81,25.68,24.82,25.47,1629,1629,1629,1629,1629,1629,1629,1629,0,0,0,0,0,0,0,0,27.24,31.78,51.45,4.981,5.04,4.98,21317
2026-05-04 16:48:52.445,--,--,--,--,--,--,--,--,-137.72,55.35,-71.52,-228.05,--,--,--,--,--,--,--,--,25.74,25.68,24.82,25.47,1629,1629,1629,1629,1629,1629,1629,1629,0,0,0,0,0,0,0,0,27.24,31.78,51.45,4.981,5.01,5.01,21322
2026-05-04 16:48:52.508,--,--,--,--,--,--,--,--,-137.71,55.36,-71.53,-228.05,--,--,--,--,--,--,--,--,25.74,25.68,24.75,25.47,1629,1629,1629,1629,1629,1629,1629,1629,0,0,0,0,0,0,0,0,27.24,31.78,51.45,4.981,5.01,4.98,21327
2026-05-04 16:48:52.550,--,--,--,--,--,--,--,--,-137.71,55.35,-71.52,-228.05,--,--,--,--,--,--,--,--,25.74,25.68,24.75,25.47,1629,1629,1629,1629,1629,1629,1629,1629,0,0,0,0,0,0,0,0,27.24,31.78,51.45,4.981,5.04,4.98,21332
2026-05-04 16:48:52.605,--,--,--,--,--,--,--,--,-137.71,55.35,-71.52,-228.07,--,--,--,--,--,--,--,--,25.74,25.68,24.82,25.47,1629,1629,1629,1629,1629,1629,1629,1629,0,0,0,0,0,0,0,0,27.24,31.78,51.45,4.981,5.01,4.98,21337
2026-05-04 16:48:52.704,--,--,--,--,--,--,--,--,-137.71,55.35,-71.52,-228.05,--,--,--,--,--,--,--,--,25.74,25.68,24.82,25.47,1629,1629,1629,1629,1629,1629,1629,1629,0,0,0,0,0,0,0,0,27.24,31.78,51.45,4.981,5.01,4.98,21342
2026-05-04 16:48:52.816,--,--,--,--,--,--,--,--,-137.71,55.36,-71.52,-228.05,--,--,--,--,--,--,--,--,25.81,25.68,24.82,25.47,1629,1629,1629,1629,1629,1629,1629,1629,0,0,0,0,0,0,0,0,27.24,31.78,51.45,4.981,5.01,5.01,21345
2026-05-04 16:48:52.832,--,--,--,--,--,--,--,--,-137.71,55.36,-71.52,-228.05,--,--,--,--,--,--,--,--,25.74,25.68,24.82,25.47,1629,1629,1629,1629,1629,1629,1629,1629,0,0,0,0,0,0,0,0,27.24,31.78,52.20,4.981,4.98,4.98,21346
2026-05-04 16:48:52.929,--,--,--,--,--,--,--,--,-137.72,55.36,-71.53,-228.07,--,--,--,--,--,--,--,--,25.74,25.68,24.82,25.47,1629,1629,1629,1629,1629,1629,1629,1629,0,0,0,0,0,0,0,0,27.24,31.78,51.45,4.981,4.98,4.98,21351
2026-05-04 16:48:53.047,--,--,--,--,--,--,--,--,-137.71,55.36,-71.51,-228.07,--,--,--,--,--,--,--,--,25.74,25.68,24.82,25.47,1629,1629,1629,1629,1629,1629,1629,1629,0,0,0,0,0,0,0,0,27.24,31.78,51.45,4.981,5.04,4.98,21356
2026-05-04 16:48:53.158,--,--,--,--,--,--,--,--,-137.70,55.36,-71.52,-228.05,--,--,--,--,--,--,--,--,25.74,25.68,24.75,25.47,1629,1629,1629,1629,1629,1629,1629,1629,0,0,0,0,0,0,0,0,27.24,31.78,51.45,4.981,4.98,4.98,21361
2026-05-04 16:48:53.244,--,--,--,--,--,--,--,--,-137.72,55.35,-71.52,-228.05,--,--,--,--,--,--,--,--,25.74,25.68,24.82,25.47,1629,1629,1629,1629,1629,1629,1629,1629,0,0,0,0,0,0,0,0,27.24,31.78,51.45,4.981,4.98,4.98,21366
2026-05-04 16:48:53.345,--,--,--,--,--,--,--,--,-137.72,55.36,-71.52,-228.05,--,--,--,--,--,--,--,--,25.74,25.68,24.82,25.47,1629,1629,1629,1629,1629,1629,1629,1629,0,0,0,0,0,0,0,0,27.24,31.78,51.45,4.981,5.04,5.01,21371
2026-05-04 16:48:53.464,--,--,--,--,--,--,--,--,-137.72,55.36,-71.52,-228.05,--,--,--,--,--,--,--,--,25.74,25.68,24.82,25.47,1629,1629,1629,1629,1629,1629,1629,1629,0,0,0,0,0,0,0,0,27.24,31.78,51.45,4.981,5.04,4.98,21376
2026-05-04 16:48:53.564,--,--,--,--,--,--,--,--,-137.72,55.35,-71.53,-228.05,--,--,--,--,--,--,--,--,25.74,25.68,24.82,25.47,1629,1629,1629,1629,1629,1629,1629,1629,0,0,0,0,0,0,0,0,27.24,31.78,51.45,4.981,4.95,4.98,21381
2026-05-04 16:48:53.650,--,--,--,--,--,--,--,--,-137.72,55.35,-71.52,-228.05,--,--,--,--,--,--,--,--,25.74,25.68,24.82,25.47,1629,1629,1629,1629,1629,1629,1629,1629,0,0,0,0,0,0,0,0,27.24,31.02,52.20,4.981,5.01,4.98,21386
2026-05-04 16:48:53.737,--,--,--,--,--,--,--,--,-137.71,55.36,-71.52,-228.04,--,--,--,--,--,--,--,--,25.74,25.68,24.82,25.47,1629,1629,1629,1629,1629,1629,1629,1629,0,0,0,0,0,0,0,0,27.24,31.78,51.45,4.981,5.01,5.01,21391
2026-05-04 16:48:53.859,--,--,--,--,--,--,--,--,-137.71,55.35,-71.53,-228.07,--,--,--,--,--,--,--,--,25.74,25.68,24.75,25.47,1629,1629,1629,1629,1629,1629,1629,1629,0,0,0,0,0,0,0,0,27.24,31.78,52.20,4.981,4.98,4.98,21396
2026-05-04 16:48:53.948,--,--,--,--,--,--,--,--,-137.71,55.35,-71.52,-228.05,--,--,--,--,--,--,--,--,25.74,25.68,24.82,25.47,1629,1629,1629,1629,1629,1629,1629,1629,0,0,0,0,0,0,0,0,27.24,31.78,51.45,4.981,5.04,4.98,21401
2026-05-04 16:48:54.056,--,--,--,--,--,--,--,--,-137.71,55.35,-71.52,-228.05,--,--,--,--,--,--,--,--,25.74,25.68,24.75,25.47,1629,1629,1629,1629,1629,1629,1629,1629,0,0,0,0,0,0,0,0,27.24,31.78,51.45,4.981,5.04,4.98,21406
2026-05-04 16:48:54.146,--,--,--,--,--,--,--,--,-137.71,55.35,-71.51,-228.05,--,--,--,--,--,--,--,--,25.74,25.68,24.82,25.47,1629,1629,1629,1629,1629,1629,1629,1629,0,0,0,0,0,0,0,0,27.24,31.78,51.45,4.981,4.95,4.98,21411
2026-05-04 16:48:54.263,--,--,--,--,--,--,--,--,-137.72,55.35,-71.52,-228.05,--,--,--,--,--,--,--,--,25.74,25.68,24.82,25.47,1629,1629,1629,1629,1629,1629,1629,1629,0,0,0,0,0,0,0,0,27.24,31.78,51.45,4.981,5.01,4.98,21416
2026-05-04 16:48:54.312,--,--,--,--,--,--,--,--,-137.71,55.36,-71.52,-228.07,--,--,--,--,--,--,--,--,25.74,25.68,24.82,25.47,1629,1629,1629,1629,1629,1629,1629,1629,0,0,0,0,0,0,0,0,27.24,31.78,51.45,4.981,5.04,4.98,21421
2026-05-04 16:48:54.349,--,--,--,--,--,--,--,--,-137.72,55.35,-71.53,-228.05,--,--,--,--,--,--,--,--,25.74,25.68,24.75,25.47,1629,1629,1629,1629,1629,1629,1629,1629,0,0,0,0,0,0,0,0,27.24,31.02,51.45,4.981,4.95,4.98,21426
2026-05-04 16:48:54.457,--,--,--,--,--,--,--,--,-137.72,55.35,-71.52,-228.05,--,--,--,--,--,--,--,--,25.74,25.68,24.82,25.47,1629,1629,1629,1629,1629,1629,1629,1629,0,0,0,0,0,0,0,0,27.24,31.78,51.45,4.981,5.01,4.98,21431
2026-05-04 16:48:54.577,--,--,--,--,--,--,--,--,-137.70,55.35,-71.52,-228.07,--,--,--,--,--,--,--,--,25.74,25.68,24.82,25.47,1629,1629,1629,1629,1629,1629,1629,1629,0,0,0,0,0,0,0,0,27.24,31.78,51.45,4.981,5.01,5.01,21436
2026-05-04 16:48:54.675,--,--,--,--,--,--,--,--,-137.71,55.36,-71.53,-228.05,--,--,--,--,--,--,--,--,25.74,25.68,24.82,25.47,1629,1629,1629,1629,1629,1629,1629,1629,0,0,0,0,0,0,0,0,27.24,31.78,51.45,4.981,5.01,4.98,21441
2026-05-04 16:48:54.776,--,--,--,--,--,--,--,--,-137.71,55.36,-71.52,-228.04,--,--,--,--,--,--,--,--,25.81,25.68,24.82,25.47,1629,1629,1629,1629,1629,1629,1629,1629,0,0,0,0,0,0,0,0,27.24,31.78,51.45,4.981,5.01,4.98,23432
2026-05-04 16:48:54.921,--,--,--,--,--,--,--,--,-137.72,55.35,-71.53,-228.05,--,--,--,--,--,--,--,--,25.81,25.68,24.82,25.47,1629,1629,1629,1629,1629,1629,1629,1629,0,0,0,0,0,0,0,0,27.24,31.78,52.20,4.981,4.95,4.98,23437
2026-05-04 16:48:55.032,--,--,--,--,--,--,--,--,-137.72,55.35,-71.52,-228.07,--,--,--,--,--,--,--,--,25.74,25.68,24.82,25.54,1629,1629,1629,1629,1629,1629,1629,1629,0,0,0,0,0,0,0,0,27.24,31.78,51.45,4.981,4.98,4.98,23442
2026-05-04 16:48:55.143,--,--,--,--,--,--,--,--,-137.72,55.36,-71.52,-228.05,--,--,--,--,--,--,--,--,25.81,25.68,24.82,25.47,1629,1629,1629,1629,1629,1629,1629,1629,0,0,0,0,0,0,0,0,27.24,31.78,52.20,4.981,4.98,4.98,23447
2026-05-04 16:48:55.241,--,--,--,--,--,--,--,--,-137.70,55.35,-71.52,-228.05,--,--,--,--,--,--,--,--,25.81,25.68,24.82,25.47,1629,1629,1629,1629,1629,1629,1629,1629,0,0,0,0,0,0,0,0,27.24,31.78,51.45,4.981,4.98,4.98,23452
2026-05-04 16:48:55.389,--,--,--,--,--,--,--,--,-137.71,55.35,-71.53,-228.05,--,--,--,--,--,--,--,--,25.74,25.68,24.82,25.54,1629,1629,1629,1629,1629,1629,1629,1629,0,0,0,0,0,0,0,0,27.24,31.78,51.45,4.981,4.98,4.98,23457
2026-05-04 16:48:55.488,--,--,--,--,--,--,--,--,-137.71,55.36,-71.52,-228.05,--,--,--,--,--,--,--,--,25.81,25.68,24.82,25.54,1629,1629,1629,1629,1629,1629,1629,1629,0,0,0,0,0,0,0,0,27.24,31.78,51.45,4.981,5.01,4.98,23462
2026-05-04 16:48:55.598,--,--,--,--,--,--,--,--,-137.72,55.36,-71.52,-228.05,--,--,--,--,--,--,--,--,25.81,25.68,24.82,25.47,1629,1629,1629,1629,1629,1629,1629,1629,0,0,0,0,0,0,0,0,27.24,31.78,51.45,4.981,4.98,4.98,23467
2026-05-04 16:48:55.715,--,--,--,--,--,--,--,--,-137.71,55.35,-71.52,-228.05,--,--,--,--,--,--,--,--,25.81,25.68,24.82,25.54,1629,1629,1629,1629,1629,1629,1629,1629,0,0,0,0,0,0,0,0,27.24,31.78,51.45,4.981,5.04,4.98,23472
2026-05-04 16:48:55.811,--,--,--,--,--,--,--,--,-137.71,55.36,-71.53,-228.05,--,--,--,--,--,--,--,--,25.81,25.68,24.82,25.54,1629,1629,1629,1629,1629,1629,1629,1629,0,0,0,0,0,0,0,0,27.24,31.78,51.45,4.981,4.98,4.98,23477
2026-05-04 16:48:55.930,--,--,--,--,--,--,--,--,-137.72,55.35,-71.52,-228.05,--,--,--,--,--,--,--,--,25.81,25.68,24.82,25.47,1629,1629,1629,1629,1629,1629,1629,1629,0,0,0,0,0,0,0,0,27.24,31.78,51.45,4.981,5.04,4.98,23482
2026-05-04 16:48:56.023,--,--,--,--,--,--,--,--,-137.70,55.35,-71.53,-228.05,--,--,--,--,--,--,--,--,25.74,25.68,24.82,25.47,1629,1629,1629,1629,1629,1629,1629,1629,0,0,0,0,0,0,0,0,27.24,31.78,51.45,4.981,5.04,4.98,23487
2026-05-04 16:48:56.114,--,--,--,--,--,--,--,--,-137.72,55.35,-71.52,-228.05,--,--,--,--,--,--,--,--,25.81,25.68,24.82,25.47,1629,1629,1629,1629,1629,1629,1629,1629,0,0,0,0,0,0,0,0,27.24,31.02,51.45,4.981,4.98,4.98,23492
2026-05-04 16:48:56.209,--,--,--,--,--,--,--,--,-137.72,55.35,-71.53,-228.05,--,--,--,--,--,--,--,--,25.81,25.68,24.82,25.47,1629,1629,1629,1629,1629,1629,1629,1629,0,0,0,0,0,0,0,0,26.48,31.78,51.45,4.981,5.01,4.98,23497
2026-05-04 16:48:56.279,--,--,--,--,--,--,--,--,-137.72,55.36,-71.53,-228.05,--,--,--,--,--,--,--,--,25.81,25.68,24.82,25.47,1629,1629,1629,1629,1629,1629,1629,1629,0,0,0,0,0,0,0,0,27.24,31.78,52.20,4.981,4.98,4.98,23502
2026-05-04 16:48:56.369,--,--,--,--,--,--,--,--,-137.72,55.36,-71.52,-228.05,--,--,--,--,--,--,--,--,25.81,25.68,24.82,25.54,1629,1629,1629,1629,1629,1629,1629,1629,0,0,0,0,0,0,0,0,27.24,31.78,52.20,4.981,5.01,4.98,23507
2026-05-04 16:48:56.461,--,--,--,--,--,--,--,--,-137.71,55.35,-71.53,-228.05,--,--,--,--,--,--,--,--,25.81,25.68,24.82,25.47,1629,1629,1629,1629,1629,1629,1629,1629,0,0,0,0,0,0,0,0,27.24,31.78,51.45,4.981,5.01,4.98,23512
2026-05-04 16:48:56.550,--,--,--,--,--,--,--,--,-137.71,55.36,-71.52,-228.05,--,--,--,--,--,--,--,--,25.81,25.68,24.82,25.47,1629,1629,1629,1629,1629,1629,1629,1629,0,0,0,0,0,0,0,0,27.24,31.78,51.45,4.981,5.04,4.98,23517
2026-05-04 16:48:56.619,--,--,--,--,--,--,--,--,-137.71,55.35,-71.52,-228.05,--,--,--,--,--,--,--,--,25.81,25.68,24.82,25.47,1629,1629,1629,1629,1629,1629,1629,1629,0,0,0,0,0,0,0,0,27.24,31.78,51.45,4.981,4.95,4.98,23522
2026-05-04 16:48:56.769,--,--,--,--,--,--,--,--,-137.72,55.36,-71.52,-228.05,--,--,--,--,--,--,--,--,25.81,25.68,24.82,25.47,1629,1629,1629,1629,1629,1629,1629,1629,0,0,0,0,0,0,0,0,27.24,31.78,51.45,4.981,4.98,4.98,23527
2026-05-04 16:48:56.898,--,--,--,--,--,--,--,--,-137.71,55.36,-71.52,-228.05,--,--,--,--,--,--,--,--,25.81,25.68,24.82,25.54,1746,1746,1746,1746,1746,1746,1746,1746,0,0,0,0,0,0,0,0,27.24,31.78,51.45,4.981,5.01,4.98,25011
2026-05-04 16:48:56.930,--,--,--,--,--,--,--,--,-137.71,55.35,-71.52,-228.05,--,--,--,--,--,--,--,--,25.81,25.68,24.82,25.54,1746,1746,1746,1746,1746,1746,1746,1746,0,0,0,0,0,0,0,0,27.24,31.78,51.45,4.981,5.01,4.98,25016
2026-05-04 16:48:56.973,--,--,--,--,--,--,--,--,-137.71,55.35,-71.52,-228.05,--,--,--,--,--,--,--,--,25.81,25.68,24.82,25.54,1746,1746,1746,1746,1746,1746,1746,1746,0,0,0,0,0,0,0,0,27.24,31.02,51.45,4.981,5.01,4.98,25021
2026-05-04 16:48:56.993,--,--,--,--,--,--,--,--,-137.70,55.35,-71.52,-228.07,--,--,--,--,--,--,--,--,25.81,25.68,24.82,25.54,1746,1746,1746,1746,1746,1746,1746,1746,0,0,0,0,0,0,0,0,27.24,31.78,51.45,4.981,4.98,4.98,25026
2026-05-04 16:48:57.081,--,--,--,--,--,--,--,--,-137.71,55.35,-71.52,-228.04,--,--,--,--,--,--,--,--,25.81,25.68,24.82,25.54,1746,1746,1746,1746,1746,1746,1746,1746,0,0,0,0,0,0,0,0,27.24,31.78,51.45,4.981,5.04,4.98,25031
2026-05-04 16:48:57.185,--,--,--,--,--,--,--,--,-137.72,55.35,-71.52,-228.05,--,--,--,--,--,--,--,--,25.81,25.68,24.82,25.54,1746,1746,1746,1746,1746,1746,1746,1746,0,0,0,0,0,0,0,0,27.24,31.78,51.45,4.981,5.01,4.98,25036
2026-05-04 16:48:57.285,--,--,--,--,--,--,--,--,-137.70,55.35,-71.51,-228.07,--,--,--,--,--,--,--,--,25.81,25.68,24.82,25.54,1746,1746,1746,1746,1746,1746,1746,1746,0,0,0,0,0,0,0,0,27.24,31.78,51.45,4.981,5.01,4.98,25039
2026-05-04 16:48:57.302,--,--,--,--,--,--,--,--,-137.71,55.36,-71.51,-228.05,--,--,--,--,--,--,--,--,25.81,25.68,24.82,25.54,1746,1746,1746,1746,1746,1746,1746,1746,0,0,0,0,0,0,0,0,27.24,31.78,52.20,4.981,5.01,5.01,25040
2026-05-04 16:48:57.390,--,--,--,--,--,--,--,--,-137.71,55.36,-71.51,-228.05,--,--,--,--,--,--,--,--,25.81,25.68,24.82,25.54,1746,1746,1746,1746,1746,1746,1746,1746,0,0,0,0,0,0,0,0,27.24,31.78,51.45,4.981,5.01,4.98,25045
2026-05-04 16:48:57.487,--,--,--,--,--,--,--,--,-137.71,55.36,-71.52,-228.07,--,--,--,--,--,--,--,--,25.81,25.68,24.82,25.54,1746,1746,1746,1746,1746,1746,1746,1746,0,0,0,0,0,0,0,0,27.24,31.02,51.45,4.981,5.01,4.98,25050
2026-05-04 16:48:57.573,--,--,--,--,--,--,--,--,-137.71,55.35,-71.51,-228.05,--,--,--,--,--,--,--,--,25.81,25.68,24.82,25.54,1746,1746,1746,1746,1746,1746,1746,1746,0,0,0,0,0,0,0,0,27.24,31.78,51.45,4.981,4.98,4.98,25055
2026-05-04 16:48:57.670,--,--,--,--,--,--,--,--,-137.72,55.36,-71.52,-228.05,--,--,--,--,--,--,--,--,25.81,25.68,24.82,25.54,1746,1746,1746,1746,1746,1746,1746,1746,0,0,0,0,0,0,0,0,27.24,31.78,51.45,4.981,5.01,4.98,25060
2026-05-04 16:48:57.799,--,--,--,--,--,--,--,--,-137.71,55.35,-71.53,-228.07,--,--,--,--,--,--,--,--,25.81,25.68,24.82,25.54,1746,1746,1746,1746,1746,1746,1746,1746,0,0,0,0,0,0,0,0,27.24,31.78,51.45,4.981,4.98,4.98,25065
2026-05-04 16:48:57.868,--,--,--,--,--,--,--,--,-137.71,55.35,-71.52,-228.05,--,--,--,--,--,--,--,--,25.81,25.68,24.82,25.54,1746,1746,1746,1746,1746,1746,1746,1746,0,0,0,0,0,0,0,0,27.24,31.78,51.45,4.981,5.04,4.98,25070
2026-05-04 16:48:57.963,--,--,--,--,--,--,--,--,-137.71,55.36,-71.52,-228.05,--,--,--,--,--,--,--,--,25.81,25.68,24.82,25.54,1746,1746,1746,1746,1746,1746,1746,1746,0,0,0,0,0,0,0,0,27.24,31.78,51.45,4.981,4.98,4.98,25075
2026-05-04 16:48:58.065,--,--,--,--,--,--,--,--,-137.72,55.35,-71.52,-228.05,--,--,--,--,--,--,--,--,25.81,25.68,24.82,25.54,1746,1746,1746,1746,1746,1746,1746,1746,0,0,0,0,0,0,0,0,27.24,31.78,51.45,4.981,4.98,4.98,25080
2026-05-04 16:48:58.134,--,--,--,--,--,--,--,--,-137.71,55.35,-71.52,-228.07,--,--,--,--,--,--,--,--,25.81,25.68,24.82,25.54,1746,1746,1746,1746,1746,1746,1746,1746,0,0,0,0,0,0,0,0,27.24,31.78,51.45,4.981,5.01,4.98,25085
2026-05-04 16:48:58.230,--,--,--,--,--,--,--,--,-137.71,55.35,-71.52,-228.05,--,--,--,--,--,--,--,--,25.81,25.68,24.82,25.54,1746,1746,1746,1746,1746,1746,1746,1746,0,0,0,0,0,0,0,0,27.24,31.02,51.45,4.981,5.01,4.98,25090
2026-05-04 16:48:58.315,--,--,--,--,--,--,--,--,-137.71,55.36,-71.53,-228.05,--,--,--,--,--,--,--,--,25.81,25.68,24.82,25.54,1746,1746,1746,1746,1746,1746,1746,1746,0,0,0,0,0,0,0,0,27.24,31.78,51.45,4.981,5.04,5.01,25095
2026-05-04 16:48:58.379,--,--,--,--,--,--,--,--,-137.71,55.36,-71.53,-228.05,--,--,--,--,--,--,--,--,25.81,25.68,24.82,25.54,1746,1746,1746,1746,1746,1746,1746,1746,0,0,0,0,0,0,0,0,27.24,31.78,51.45,4.981,5.01,5.01,25100
2026-05-04 16:48:58.479,--,--,--,--,--,--,--,--,-137.70,55.35,-71.52,-228.04,--,--,--,--,--,--,--,--,25.81,25.68,24.82,25.54,1746,1746,1746,1746,1746,1746,1746,1746,0,0,0,0,0,0,0,0,27.24,31.78,52.20,4.981,4.98,4.98,25105
2026-05-04 16:48:58.565,--,--,--,--,--,--,--,--,-137.71,55.35,-71.53,-228.05,--,--,--,--,--,--,--,--,25.81,25.68,24.82,25.54,1746,1746,1746,1746,1746,1746,1746,1746,0,0,0,0,0,0,0,0,27.24,31.78,51.45,4.981,4.98,4.98,25110
2026-05-04 16:48:58.663,--,--,--,--,--,--,--,--,-137.71,55.35,-71.52,-228.05,--,--,--,--,--,--,--,--,25.81,25.68,24.82,25.54,1746,1746,1746,1746,1746,1746,1746,1746,0,0,0,0,0,0,0,0,27.24,31.78,51.45,4.981,4.95,4.98,25115
2026-05-04 16:48:58.731,--,--,--,--,--,--,--,--,-137.71,55.36,-71.53,-228.05,--,--,--,--,--,--,--,--,25.81,25.68,24.82,25.54,1746,1746,1746,1746,1746,1746,1746,1746,0,0,0,0,0,0,0,0,27.24,31.78,51.45,4.981,4.98,4.98,25120
2026-05-04 16:48:58.815,--,--,--,--,--,--,--,--,-137.71,55.36,-71.52,-228.05,--,--,--,--,--,--,--,--,25.81,25.68,24.82,25.54,1746,1746,1746,1746,1746,1746,1746,1746,0,0,0,0,0,0,0,0,27.24,31.78,52.20,4.981,5.04,4.98,25125
2026-05-04 16:48:58.919,--,--,--,--,--,--,--,--,-137.71,55.35,-71.53,-228.05,--,--,--,--,--,--,--,--,25.81,25.68,24.82,25.54,1746,1746,1746,1746,1746,1746,1746,1746,0,0,0,0,0,0,0,0,27.24,31.78,51.45,4.981,4.98,4.98,25130
2026-05-04 16:48:58.983,--,--,--,--,--,--,--,--,-137.72,55.36,-71.52,-228.05,--,--,--,--,--,--,--,--,25.81,25.68,24.82,25.54,1746,1746,1746,1746,1746,1746,1746,1746,0,0,0,0,0,0,0,0,27.24,31.78,51.45,4.981,5.01,5.01,25135
2026-05-04 16:48:59.066,--,--,--,--,--,--,--,--,-137.71,55.36,-71.52,-228.05,--,--,--,--,--,--,--,--,25.81,25.68,24.82,25.54,1746,1746,1746,1746,1746,1746,1746,1746,0,0,0,0,0,0,0,0,27.24,31.78,51.45,4.981,5.01,5.01,25140
2026-05-04 16:48:59.178,--,--,--,--,--,--,--,--,-137.72,55.35,-71.51,-228.05,--,--,--,--,--,--,--,--,25.81,25.68,24.82,25.54,1746,1746,1746,1746,1746,1746,1746,1746,0,0,0,0,0,0,0,0,27.24,31.78,51.45,4.981,5.01,4.98,25145
2026-05-04 16:48:59.208,--,--,--,--,--,--,--,--,-137.71,55.36,-71.53,-228.05,--,--,--,--,--,--,--,--,25.81,25.68,24.82,25.54,1430,1430,1430,1430,1430,1430,1430,1430,0,0,0,0,0,0,0,0,27.24,31.78,51.45,4.981,5.01,4.98,27414
2026-05-04 16:48:59.241,--,--,--,--,--,--,--,--,-137.72,55.35,-71.53,-228.05,--,--,--,--,--,--,--,--,25.81,25.68,24.82,25.54,1430,1430,1430,1430,1430,1430,1430,1430,0,0,0,0,0,0,0,0,27.24,31.78,51.45,4.981,4.98,5.01,27419
2026-05-04 16:48:59.298,--,--,--,--,--,--,--,--,-137.72,55.35,-71.51,-228.08,--,--,--,--,--,--,--,--,25.81,25.68,24.82,25.54,1430,1430,1430,1430,1430,1430,1430,1430,0,0,0,0,0,0,0,0,27.24,31.78,51.45,4.981,5.01,4.98,27424
2026-05-04 16:48:59.413,--,--,--,--,--,--,--,--,-137.71,55.35,-71.52,-228.05,--,--,--,--,--,--,--,--,25.81,25.68,24.82,25.54,1430,1430,1430,1430,1430,1430,1430,1430,0,0,0,0,0,0,0,0,27.24,31.78,51.45,4.981,5.01,4.98,27429
2026-05-04 16:48:59.514,--,--,--,--,--,--,--,--,-137.71,55.35,-71.52,-228.05,--,--,--,--,--,--,--,--,25.81,25.68,24.82,25.54,1430,1430,1430,1430,1430,1430,1430,1430,0,0,0,0,0,0,0,0,27.24,31.78,51.45,4.981,5.04,4.98,27432
2026-05-04 16:48:59.532,--,--,--,--,--,--,--,--,-137.70,55.36,-71.53,-228.05,--,--,--,--,--,--,--,--,25.81,25.68,24.82,25.54,1430,1430,1430,1430,1430,1430,1430,1430,0,0,0,0,0,0,0,0,27.24,31.78,51.45,4.981,4.98,5.01,27433
2026-05-04 16:48:59.623,--,--,--,--,--,--,--,--,-137.71,55.35,-71.53,-228.04,--,--,--,--,--,--,--,--,25.81,25.68,24.82,25.54,1430,1430,1430,1430,1430,1430,1430,1430,0,0,0,0,0,0,0,0,27.24,31.78,52.20,4.981,5.01,4.98,27438
2026-05-04 16:48:59.731,--,--,--,--,--,--,--,--,-137.72,55.36,-71.52,-228.05,--,--,--,--,--,--,--,--,25.81,25.68,24.82,25.54,1430,1430,1430,1430,1430,1430,1430,1430,0,0,0,0,0,0,0,0,27.24,31.02,51.45,4.981,4.98,4.98,27443
2026-05-04 16:48:59.797,--,--,--,--,--,--,--,--,-137.72,55.36,-71.52,-228.05,--,--,--,--,--,--,--,--,25.81,25.75,24.82,25.54,1430,1430,1430,1430,1430,1430,1430,1430,0,0,0,0,0,0,0,0,27.24,31.78,51.45,4.981,5.01,5.01,27448
2026-05-04 16:48:59.892,--,--,--,--,--,--,--,--,-137.71,55.35,-71.52,-228.05,--,--,--,--,--,--,--,--,25.81,25.68,24.82,25.54,1430,1430,1430,1430,1430,1430,1430,1430,0,0,0,0,0,0,0,0,27.24,31.78,51.45,4.981,5.01,5.01,27453
2026-05-04 16:48:59.995,--,--,--,--,--,--,--,--,-137.72,55.35,-71.53,-228.07,--,--,--,--,--,--,--,--,25.81,25.68,24.82,25.54,1430,1430,1430,1430,1430,1430,1430,1430,0,0,0,0,0,0,0,0,26.48,31.78,51.45,4.981,5.01,4.98,27458
2026-05-04 16:49:00.115,--,--,--,--,--,--,--,--,-137.70,55.35,-71.52,-228.05,--,--,--,--,--,--,--,--,25.81,25.68,24.82,25.54,1430,1430,1430,1430,1430,1430,1430,1430,0,0,0,0,0,0,0,0,27.24,31.78,51.45,4.981,5.01,4.98,27463
2026-05-04 16:49:00.202,--,--,--,--,--,--,--,--,-137.70,55.35,-71.52,-228.07,--,--,--,--,--,--,--,--,25.81,25.68,24.82,25.54,1430,1430,1430,1430,1430,1430,1430,1430,0,0,0,0,0,0,0,0,27.24,31.78,51.45,4.981,5.04,4.98,27468
2026-05-04 16:49:00.297,--,--,--,--,--,--,--,--,-137.71,55.36,-71.52,-228.05,--,--,--,--,--,--,--,--,25.81,25.68,24.82,25.54,1430,1430,1430,1430,1430,1430,1430,1430,0,0,0,0,0,0,0,0,27.24,31.78,51.45,4.981,5.01,4.98,27473
2026-05-04 16:49:00.367,--,--,--,--,--,--,--,--,-137.71,55.35,-71.52,-228.05,--,--,--,--,--,--,--,--,25.81,25.75,24.82,25.54,1430,1430,1430,1430,1430,1430,1430,1430,0,0,0,0,0,0,0,0,27.24,31.78,51.45,4.981,5.01,4.98,27478
2026-05-04 16:49:00.454,--,--,--,--,--,--,--,--,-137.72,55.35,-71.52,-228.05,--,--,--,--,--,--,--,--,25.81,25.68,24.82,25.54,1430,1430,1430,1430,1430,1430,1430,1430,0,0,0,0,0,0,0,0,27.24,31.78,51.45,4.981,5.04,4.98,27483
2026-05-04 16:49:00.552,--,--,--,--,--,--,--,--,-137.71,55.35,-71.52,-228.05,--,--,--,--,--,--,--,--,25.81,25.68,24.82,25.54,1430,1430,1430,1430,1430,1430,1430,1430,0,0,0,0,0,0,0,0,27.24,31.78,51.45,4.981,5.01,4.98,27488
2026-05-04 16:49:00.621,--,--,--,--,--,--,--,--,-137.71,55.36,-71.52,-228.07,--,--,--,--,--,--,--,--,25.81,25.75,24.82,25.54,1430,1430,1430,1430,1430,1430,1430,1430,0,0,0,0,0,0,0,0,27.24,31.78,51.45,4.981,4.98,4.98,27493
2026-05-04 16:49:00.708,--,--,--,--,--,--,--,--,-137.71,55.35,-71.54,-228.05,--,--,--,--,--,--,--,--,25.81,25.68,24.82,25.54,1430,1430,1430,1430,1430,1430,1430,1430,0,0,0,0,0,0,0,0,27.24,31.78,51.45,4.981,5.01,4.98,27498
2026-05-04 16:49:00.805,--,--,--,--,--,--,--,--,-137.72,55.35,-71.52,-228.05,--,--,--,--,--,--,--,--,25.81,25.68,24.82,25.54,1430,1430,1430,1430,1430,1430,1430,1430,0,0,0,0,0,0,0,0,27.24,31.78,51.45,4.981,5.01,4.98,27503
2026-05-04 16:49:00.874,--,--,--,--,--,--,--,--,-137.72,55.36,-71.52,-228.05,--,--,--,--,--,--,--,--,25.81,25.75,24.82,25.54,1430,1430,1430,1430,1430,1430,1430,1430,0,0,0,0,0,0,0,0,27.24,31.78,51.45,4.981,4.98,5.01,27508
2026-05-04 16:49:00.961,--,--,--,--,--,--,--,--,-137.72,55.35,-71.52,-228.04,--,--,--,--,--,--,--,--,25.81,25.68,24.82,25.54,1430,1430,1430,1430,1430,1430,1430,1430,0,0,0,0,0,0,0,0,27.24,31.78,51.45,4.981,5.04,4.98,27513
2026-05-04 16:49:01.058,--,--,--,--,--,--,--,--,-137.71,55.35,-71.51,-228.05,--,--,--,--,--,--,--,--,25.81,25.68,24.82,25.54,1430,1430,1430,1430,1430,1430,1430,1430,0,0,0,0,0,0,0,0,27.24,31.78,51.45,4.981,4.98,5.01,27518
2026-05-04 16:49:01.119,--,--,--,--,--,--,--,--,-137.72,55.36,-71.52,-228.05,--,--,--,--,--,--,--,--,25.81,25.68,24.82,25.54,1430,1430,1430,1430,1430,1430,1430,1430,0,0,0,0,0,0,0,0,27.24,31.78,51.45,4.981,5.01,4.98,27523
2026-05-04 16:49:01.240,--,--,--,--,--,--,--,--,-137.71,55.35,-71.52,-228.05,--,--,--,--,--,--,--,--,25.81,25.68,24.82,25.54,1430,1430,1430,1430,1430,1430,1430,1430,0,0,0,0,0,0,0,0,27.24,31.78,51.45,4.981,4.95,4.98,27528
2026-05-04 16:49:01.283,--,--,--,--,--,--,--,--,-137.71,55.35,-71.52,-228.05,--,--,--,--,--,--,--,--,25.81,25.68,24.82,25.54,2179,2179,2179,2179,2179,2179,2179,2179,0,0,0,0,0,0,0,0,27.24,31.78,51.45,4.981,5.01,4.98,29414
2026-05-04 16:49:01.300,--,--,--,--,--,--,--,--,-137.71,55.35,-71.52,-228.07,--,--,--,--,--,--,--,--,25.81,25.75,24.82,25.54,2179,2179,2179,2179,2179,2179,2179,2179,0,0,0,0,0,0,0,0,27.24,31.78,51.45,4.981,5.04,5.01,29419
2026-05-04 16:49:01.334,--,--,--,--,--,--,--,--,-137.72,55.35,-71.52,-228.05,--,--,--,--,--,--,--,--,25.81,25.75,24.82,25.54,2179,2179,2179,2179,2179,2179,2179,2179,0,0,0,0,0,0,0,0,27.24,31.78,51.45,4.981,4.98,5.01,29422
2026-05-04 16:49:01.488,--,--,--,--,--,--,--,--,-137.70,55.35,-71.52,-228.05,--,--,--,--,--,--,--,--,25.81,25.75,24.82,25.54,2179,2179,2179,2179,2179,2179,2179,2179,0,0,0,0,0,0,0,0,27.24,31.78,51.45,4.981,5.01,4.98,29423
2026-05-04 16:49:01.587,--,--,--,--,--,--,--,--,-137.71,55.36,-71.53,-228.04,--,--,--,--,--,--,--,--,25.81,25.68,24.82,25.54,2179,2179,2179,2179,2179,2179,2179,2179,0,0,0,0,0,0,0,0,27.24,31.02,51.45,4.981,5.04,4.98,29428
2026-05-04 16:49:01.680,--,--,--,--,--,--,--,--,-137.71,55.35,-71.53,-228.05,--,--,--,--,--,--,--,--,25.81,25.75,24.82,25.54,2179,2179,2179,2179,2179,2179,2179,2179,0,0,0,0,0,0,0,0,27.24,31.78,51.45,4.981,5.01,4.98,29433
2026-05-04 16:49:01.784,--,--,--,--,--,--,--,--,-137.72,55.35,-71.52,-228.05,--,--,--,--,--,--,--,--,25.81,25.75,24.82,25.54,2179,2179,2179,2179,2179,2179,2179,2179,0,0,0,0,0,0,0,0,27.24,31.78,52.20,4.981,4.98,4.98,29438
2026-05-04 16:49:01.882,--,--,--,--,--,--,--,--,-137.71,55.35,-71.52,-228.07,--,--,--,--,--,--,--,--,25.81,25.68,24.82,25.54,2179,2179,2179,2179,2179,2179,2179,2179,0,0,0,0,0,0,0,0,27.24,31.78,51.45,4.981,5.01,5.01,29443
2026-05-04 16:49:01.981,--,--,--,--,--,--,--,--,-137.71,55.35,-71.53,-228.05,--,--,--,--,--,--,--,--,25.81,25.75,24.82,25.54,2179,2179,2179,2179,2179,2179,2179,2179,0,0,0,0,0,0,0,0,27.24,31.78,51.45,4.981,5.01,4.98,29448
2026-05-04 16:49:02.067,--,--,--,--,--,--,--,--,-137.72,55.35,-71.52,-228.05,--,--,--,--,--,--,--,--,25.81,25.68,24.82,25.54,2179,2179,2179,2179,2179,2179,2179,2179,0,0,0,0,0,0,0,0,27.24,31.78,51.45,4.981,4.98,4.98,29453
2026-05-04 16:49:02.134,--,--,--,--,--,--,--,--,-137.71,55.35,-71.51,-228.05,--,--,--,--,--,--,--,--,25.81,25.68,24.82,25.54,2179,2179,2179,2179,2179,2179,2179,2179,0,0,0,0,0,0,0,0,27.24,31.78,51.45,4.981,4.98,4.98,29458
2026-05-04 16:49:02.232,--,--,--,--,--,--,--,--,-137.71,55.35,-71.52,-228.05,--,--,--,--,--,--,--,--,25.81,25.75,24.82,25.54,2179,2179,2179,2179,2179,2179,2179,2179,0,0,0,0,0,0,0,0,27.24,31.78,51.45,4.981,4.98,4.98,29463
2026-05-04 16:49:02.318,--,--,--,--,--,--,--,--,-137.71,55.34,-71.53,-228.05,--,--,--,--,--,--,--,--,25.81,25.75,24.82,25.54,2179,2179,2179,2179,2179,2179,2179,2179,0,0,0,0,0,0,0,0,27.24,31.02,52.20,4.981,5.01,5.01,29468
2026-05-04 16:49:02.389,--,--,--,--,--,--,--,--,-137.71,55.35,-71.53,-228.05,--,--,--,--,--,--,--,--,25.81,25.75,24.82,25.54,2179,2179,2179,2179,2179,2179,2179,2179,0,0,0,0,0,0,0,0,27.24,31.78,52.20,4.981,5.01,4.98,29473
2026-05-04 16:49:02.493,--,--,--,--,--,--,--,--,-137.71,55.36,-71.53,-228.04,--,--,--,--,--,--,--,--,25.81,25.75,24.82,25.54,2179,2179,2179,2179,2179,2179,2179,2179,0,0,0,0,0,0,0,0,27.24,31.78,51.45,4.981,4.98,4.98,29478
2026-05-04 16:49:02.582,--,--,--,--,--,--,--,--,-137.71,55.36,-71.52,-228.05,--,--,--,--,--,--,--,--,25.81,25.75,24.82,25.54,2179,2179,2179,2179,2179,2179,2179,2179,0,0,0,0,0,0,0,0,27.24,31.78,51.45,4.981,5.04,5.01,29483
2026-05-04 16:49:02.652,--,--,--,--,--,--,--,--,-137.71,55.36,-71.52,-228.05,--,--,--,--,--,--,--,--,25.81,25.75,24.82,25.54,2179,2179,2179,2179,2179,2179,2179,2179,0,0,0,0,0,0,0,0,27.24,31.78,51.45,4.981,5.01,4.98,29488
2026-05-04 16:49:02.754,--,--,--,--,--,--,--,--,-137.71,55.35,-71.53,-228.05,--,--,--,--,--,--,--,--,25.81,25.75,24.82,25.54,2179,2179,2179,2179,2179,2179,2179,2179,0,0,0,0,0,0,0,0,27.24,31.78,51.45,4.981,5.01,4.98,29493
2026-05-04 16:49:02.852,--,--,--,--,--,--,--,--,-137.71,55.36,-71.52,-228.05,--,--,--,--,--,--,--,--,25.81,25.68,24.82,25.54,2179,2179,2179,2179,2179,2179,2179,2179,0,0,0,0,0,0,0,0,27.24,31.78,51.45,4.981,5.01,4.98,29498
2026-05-04 16:49:02.926,--,--,--,--,--,--,--,--,-137.72,55.35,-71.53,-228.05,--,--,--,--,--,--,--,--,25.81,25.75,24.82,25.54,2179,2179,2179,2179,2179,2179,2179,2179,0,0,0,0,0,0,0,0,27.24,31.78,51.45,4.981,5.04,4.98,29503
2026-05-04 16:49:03.036,--,--,--,--,--,--,--,--,-137.71,55.35,-71.52,-228.05,--,--,--,--,--,--,--,--,25.81,25.75,24.82,25.54,2179,2179,2179,2179,2179,2179,2179,2179,0,0,0,0,0,0,0,0,27.24,31.78,51.45,4.981,5.01,4.98,29508
2026-05-04 16:49:03.113,--,--,--,--,--,--,--,--,-137.72,55.36,-71.52,-228.05,--,--,--,--,--,--,--,--,25.81,25.75,24.82,25.54,2179,2179,2179,2179,2179,2179,2179,2179,0,0,0,0,0,0,0,0,27.24,31.78,51.45,4.981,4.98,5.01,29513
2026-05-04 16:49:03.208,--,--,--,--,--,--,--,--,-137.71,55.34,-71.53,-228.07,--,--,--,--,--,--,--,--,25.81,25.75,24.82,25.54,2179,2179,2179,2179,2179,2179,2179,2179,0,0,0,0,0,0,0,0,27.24,31.78,51.45,4.981,4.98,4.98,29518
2026-05-04 16:49:03.288,--,--,--,--,--,--,--,--,-137.70,55.35,-71.51,-228.05,--,--,--,--,--,--,--,--,25.88,25.75,24.82,25.61,559,559,559,559,559,559,559,559,0,0,0,0,0,0,0,0,27.24,31.78,51.45,4.981,5.01,4.98,31280
2026-05-04 16:49:03.391,--,--,--,--,--,--,--,--,-137.72,55.36,-71.52,-228.05,--,--,--,--,--,--,--,--,25.81,25.75,24.82,25.54,659,659,659,659,659,659,659,659,0,0,0,0,0,0,0,0,27.24,31.78,51.45,4.981,4.98,4.98,31285
2026-05-04 16:49:03.486,--,--,--,--,--,--,--,--,-137.71,55.36,-71.54,-228.05,--,--,--,--,--,--,--,--,25.88,25.75,24.82,25.61,759,759,759,759,759,759,759,759,0,0,0,0,0,0,0,0,27.24,31.78,51.45,4.981,4.98,4.98,31290
2026-05-04 16:49:03.576,--,--,--,--,--,--,--,--,-137.71,55.35,-71.52,-228.05,--,--,--,--,--,--,--,--,25.88,25.75,24.82,25.61,859,859,859,859,859,859,859,859,0,0,0,0,0,0,0,0,27.24,31.78,51.45,4.981,5.01,4.98,31295
2026-05-04 16:49:03.677,--,--,--,--,--,--,--,--,-137.71,55.35,-71.54,-228.05,--,--,--,--,--,--,--,--,25.81,25.75,24.82,25.61,919,919,919,919,919,919,919,919,0,0,0,0,0,0,0,0,27.24,31.78,51.45,4.981,5.01,4.98,31298
2026-05-04 16:49:03.702,--,--,--,--,--,--,--,--,-137.72,55.35,-71.52,-228.05,--,--,--,--,--,--,--,--,25.88,25.75,24.82,25.54,939,939,939,939,939,939,939,939,0,0,0,0,0,0,0,0,27.24,31.78,51.45,4.981,5.01,4.98,31299
2026-05-04 16:49:03.758,--,--,--,--,--,--,--,--,-137.70,55.35,-71.53,-228.05,--,--,--,--,--,--,--,--,25.88,25.75,24.82,25.61,1039,1039,1039,1039,1039,1039,1039,1039,0,0,0,0,0,0,0,0,27.24,31.78,51.45,4.981,4.95,4.98,31304
2026-05-04 16:49:03.886,--,--,--,--,--,--,--,--,-137.72,55.35,-71.52,-228.07,--,--,--,--,--,--,--,--,25.88,25.75,24.82,25.61,1139,1139,1139,1139,1139,1139,1139,1139,0,0,0,0,0,0,0,0,27.24,31.78,51.45,4.981,5.01,4.98,31309
2026-05-04 16:49:04.033,--,--,--,--,--,--,--,--,-137.70,55.36,-71.52,-228.05,--,--,--,--,--,--,--,--,25.88,25.75,24.82,25.54,1239,1239,1239,1239,1239,1239,1239,1239,0,0,0,0,0,0,0,0,27.24,31.78,51.45,4.981,5.04,4.98,31314
2026-05-04 16:49:04.164,--,--,--,--,--,--,--,--,-137.70,55.35,-71.51,-228.05,--,--,--,--,--,--,--,--,25.81,25.75,24.82,25.61,1339,1339,1339,1339,1339,1339,1339,1339,0,0,0,0,0,0,0,0,27.24,31.78,50.69,4.981,5.04,4.98,31319
2026-05-04 16:49:04.261,--,--,--,--,--,--,--,--,-137.71,55.36,-71.52,-228.05,--,--,--,--,--,--,--,--,25.88,25.75,24.82,25.61,1439,1439,1439,1439,1439,1439,1439,1439,0,0,0,0,0,0,0,0,27.24,31.78,51.45,4.981,4.98,4.98,31324
2026-05-04 16:49:04.365,--,--,--,--,--,--,--,--,-137.71,55.35,-71.51,-228.05,--,--,--,--,--,--,--,--,25.88,25.75,24.82,25.61,1472,1472,1472,1472,1472,1472,1472,1472,0,0,0,0,0,0,0,0,27.24,31.78,51.45,4.981,4.98,5.01,31329
2026-05-04 16:49:04.459,--,--,--,--,--,--,--,--,-137.71,55.36,-71.52,-228.05,--,--,--,--,--,--,--,--,25.81,25.75,24.82,25.61,1472,1472,1472,1472,1472,1472,1472,1472,0,0,0,0,0,0,0,0,27.24,31.78,51.45,4.981,5.01,4.98,31334
2026-05-04 16:49:04.563,--,--,--,--,--,--,--,--,-137.70,55.35,-71.52,-228.05,--,--,--,--,--,--,--,--,25.88,25.75,24.82,25.61,1472,1472,1472,1472,1472,1472,1472,1472,0,0,0,0,0,0,0,0,27.24,31.78,51.45,4.981,5.01,4.98,31339
2026-05-04 16:49:04.658,--,--,--,--,--,--,--,--,-137.71,55.36,-71.52,-228.05,--,--,--,--,--,--,--,--,25.88,25.75,24.82,25.54,1472,1472,1472,1472,1472,1472,1472,1472,0,0,0,0,0,0,0,0,27.24,31.78,51.45,4.981,5.01,4.98,31344
2026-05-04 16:49:04.761,--,--,--,--,--,--,--,--,-137.71,55.35,-71.52,-228.07,--,--,--,--,--,--,--,--,25.81,25.75,24.82,25.61,1472,1472,1472,1472,1472,1472,1472,1472,0,0,0,0,0,0,0,0,27.24,31.78,51.45,4.981,4.98,4.98,31349
2026-05-04 16:49:04.856,--,--,--,--,--,--,--,--,-137.71,55.35,-71.52,-228.05,--,--,--,--,--,--,--,--,25.81,25.75,24.82,25.61,1472,1472,1472,1472,1472,1472,1472,1472,0,0,0,0,0,0,0,0,27.24,31.78,51.45,4.981,4.98,4.98,31354
2026-05-04 16:49:04.927,--,--,--,--,--,--,--,--,-137.72,55.36,-71.52,-228.05,--,--,--,--,--,--,--,--,25.81,25.75,24.82,25.61,1472,1472,1472,1472,1472,1472,1472,1472,0,0,0,0,0,0,0,0,27.24,31.78,51.45,4.981,5.04,4.98,31359
2026-05-04 16:49:05.037,--,--,--,--,--,--,--,--,-137.71,55.35,-71.52,-228.05,--,--,--,--,--,--,--,--,25.88,25.75,24.82,25.61,1472,1472,1472,1472,1472,1472,1472,1472,0,0,0,0,0,0,0,0,27.24,31.02,51.45,4.981,4.98,4.98,31364
2026-05-04 16:49:05.133,--,--,--,--,--,--,--,--,-137.72,55.36,-71.52,-228.07,--,--,--,--,--,--,--,--,25.88,25.75,24.82,25.61,1472,1472,1472,1472,1472,1472,1472,1472,0,0,0,0,0,0,0,0,27.24,31.78,51.45,4.981,5.04,4.98,31369
2026-05-04 16:49:05.189,--,--,--,--,--,--,--,--,-137.71,55.35,-71.53,-228.05,--,--,--,--,--,--,--,--,25.81,25.75,24.82,25.54,1472,1472,1472,1472,1472,1472,1472,1472,0,0,0,0,0,0,0,0,27.24,31.02,51.45,4.981,4.98,5.01,31374
2026-05-04 16:49:05.293,--,--,--,--,--,--,--,--,-137.71,55.35,-71.52,-228.07,--,--,--,--,--,--,--,--,25.81,25.75,24.82,25.61,1472,1472,1472,1472,1472,1472,1472,1472,0,0,0,0,0,0,0,0,27.24,31.78,51.45,4.981,5.04,4.98,31379
2026-05-04 16:49:05.388,--,--,--,--,--,--,--,--,-137.71,55.35,-71.52,-228.05,--,--,--,--,--,--,--,--,25.88,25.75,24.82,25.61,1472,1472,1472,1472,1472,1472,1472,1472,0,0,0,0,0,0,0,0,27.24,31.78,51.45,4.981,5.01,4.98,31384
2026-05-04 16:49:05.462,--,--,--,--,--,--,--,--,-137.72,55.35,-71.52,-228.05,--,--,--,--,--,--,--,--,25.88,25.75,24.82,25.54,1472,1472,1472,1472,1472,1472,1472,1472,0,0,0,0,0,0,0,0,27.24,31.78,51.45,4.981,4.98,5.01,31389
2026-05-04 16:49:05.569,--,--,--,--,--,--,--,--,-137.70,55.35,-71.52,-228.05,--,--,--,--,--,--,--,--,25.88,25.75,24.82,25.61,1472,1472,1472,1472,1472,1472,1472,1472,0,0,0,0,0,0,0,0,27.24,31.78,51.45,4.981,4.98,4.98,31394
2026-05-04 16:49:05.682,--,--,--,--,--,--,--,--,-137.71,55.35,-71.52,-228.05,--,--,--,--,--,--,--,--,25.88,25.75,24.82,25.61,1472,1472,1472,1472,1472,1472,1472,1472,0,0,0,0,0,0,0,0,27.24,31.78,51.45,4.981,5.01,4.98,31399
2026-05-04 16:49:05.790,--,--,--,--,--,--,--,--,-137.72,55.35,-71.52,-228.05,--,--,--,--,--,--,--,--,25.88,25.75,24.82,25.61,1472,1472,1472,1472,1472,1472,1472,1472,0,0,0,0,0,0,0,0,27.24,31.78,51.45,4.981,5.04,4.98,31404
2026-05-04 16:49:05.865,--,--,--,--,--,--,--,--,-137.71,55.36,-71.53,-228.05,--,--,--,--,--,--,--,--,25.88,25.75,24.82,25.61,1483,1483,1483,1483,1483,1483,1483,1483,0,0,0,0,0,0,0,0,27.24,31.78,52.20,4.981,4.98,4.98,33491
2026-05-04 16:49:05.963,--,--,--,--,--,--,--,--,-137.71,55.36,-71.53,-228.05,--,--,--,--,--,--,--,--,25.88,25.75,24.82,25.61,1483,1483,1483,1483,1483,1483,1483,1483,0,0,0,0,0,0,0,0,27.24,31.78,52.20,4.981,4.98,4.98,33496
2026-05-04 16:49:06.088,--,--,--,--,--,--,--,--,-137.72,55.36,-71.53,-228.04,--,--,--,--,--,--,--,--,25.88,25.75,24.82,25.61,1483,1483,1483,1483,1483,1483,1483,1483,0,0,0,0,0,0,0,0,27.24,31.78,51.45,4.981,5.04,4.98,33501
2026-05-04 16:49:06.140,--,--,--,--,--,--,--,--,-137.71,55.34,-71.52,-228.05,--,--,--,--,--,--,--,--,25.88,25.75,24.82,25.61,1483,1483,1483,1483,1483,1483,1483,1483,0,0,0,0,0,0,0,0,27.24,31.78,51.45,4.981,5.01,4.98,33506
2026-05-04 16:49:06.191,--,--,--,--,--,--,--,--,-137.71,55.34,-71.52,-228.05,--,--,--,--,--,--,--,--,25.88,25.75,24.82,25.61,1483,1483,1483,1483,1483,1483,1483,1483,0,0,0,0,0,0,0,0,27.24,31.78,52.20,4.981,4.98,4.98,33509
2026-05-04 16:49:06.349,--,--,--,--,--,--,--,--,-137.72,55.34,-71.52,-228.05,--,--,--,--,--,--,--,--,25.88,25.75,24.82,25.61,1483,1483,1483,1483,1483,1483,1483,1483,0,0,0,0,0,0,0,0,27.24,31.78,51.45,4.981,5.01,4.98,33510
2026-05-04 16:49:06.446,--,--,--,--,--,--,--,--,-137.71,55.35,-71.52,-228.05,--,--,--,--,--,--,--,--,25.88,25.75,24.82,25.61,1483,1483,1483,1483,1483,1483,1483,1483,0,0,0,0,0,0,0,0,27.24,31.78,51.45,4.981,5.01,4.98,33515
2026-05-04 16:49:06.554,--,--,--,--,--,--,--,--,-137.71,55.36,-71.53,-228.05,--,--,--,--,--,--,--,--,25.88,25.75,24.82,25.61,1483,1483,1483,1483,1483,1483,1483,1483,0,0,0,0,0,0,0,0,27.24,31.78,51.45,4.981,4.98,5.01,33520
2026-05-04 16:49:06.651,--,--,--,--,--,--,--,--,-137.72,55.36,-71.53,-228.05,--,--,--,--,--,--,--,--,25.88,25.75,24.82,25.61,1483,1483,1483,1483,1483,1483,1483,1483,0,0,0,0,0,0,0,0,27.24,31.78,51.45,4.981,5.01,4.98,33525
2026-05-04 16:49:06.758,--,--,--,--,--,--,--,--,-137.71,55.35,-71.52,-228.05,--,--,--,--,--,--,--,--,25.88,25.75,24.82,25.61,1483,1483,1483,1483,1483,1483,1483,1483,0,0,0,0,0,0,0,0,27.24,31.78,51.45,4.981,5.01,4.98,33530
2026-05-04 16:49:06.854,--,--,--,--,--,--,--,--,-137.71,55.35,-71.53,-228.07,--,--,--,--,--,--,--,--,25.88,25.75,24.82,25.61,1483,1483,1483,1483,1483,1483,1483,1483,0,0,0,0,0,0,0,0,27.24,31.78,51.45,4.981,4.98,4.98,33535
2026-05-04 16:49:06.961,--,--,--,--,--,--,--,--,-137.71,55.34,-71.53,-228.05,--,--,--,--,--,--,--,--,25.88,25.75,24.82,25.61,1483,1483,1483,1483,1483,1483,1483,1483,0,0,0,0,0,0,0,0,27.24,31.78,51.45,4.981,5.04,4.98,33540
2026-05-04 16:49:07.054,--,--,--,--,--,--,--,--,-137.71,55.35,-71.53,-228.05,--,--,--,--,--,--,--,--,25.88,25.75,24.82,25.61,1483,1483,1483,1483,1483,1483,1483,1483,0,0,0,0,0,0,0,0,27.24,31.02,51.45,4.981,4.98,4.98,33545
2026-05-04 16:49:07.160,--,--,--,--,--,--,--,--,-137.71,55.35,-71.53,-228.05,--,--,--,--,--,--,--,--,25.88,25.75,24.82,25.61,1483,1483,1483,1483,1483,1483,1483,1483,0,0,0,0,0,0,0,0,27.24,31.78,51.45,4.981,5.01,5.01,33550
2026-05-04 16:49:07.255,--,--,--,--,--,--,--,--,-137.71,55.35,-71.52,-228.05,--,--,--,--,--,--,--,--,25.88,25.75,24.82,25.61,1483,1483,1483,1483,1483,1483,1483,1483,0,0,0,0,0,0,0,0,27.24,31.78,51.45,4.981,5.01,4.98,33555
2026-05-04 16:49:07.360,--,--,--,--,--,--,--,--,-137.71,55.36,-71.51,-228.07,--,--,--,--,--,--,--,--,25.88,25.75,24.82,25.61,1483,1483,1483,1483,1483,1483,1483,1483,0,0,0,0,0,0,0,0,27.24,31.78,51.45,4.981,5.01,4.98,33560
2026-05-04 16:49:07.454,--,--,--,--,--,--,--,--,-137.71,55.36,-71.52,-228.05,--,--,--,--,--,--,--,--,25.88,25.75,24.82,25.61,1483,1483,1483,1483,1483,1483,1483,1483,0,0,0,0,0,0,0,0,27.24,31.02,51.45,4.981,5.01,4.98,33565
2026-05-04 16:49:07.529,--,--,--,--,--,--,--,--,-137.71,55.36,-71.52,-228.05,--,--,--,--,--,--,--,--,25.88,25.75,24.82,25.61,1483,1483,1483,1483,1483,1483,1483,1483,0,0,0,0,0,0,0,0,27.24,31.02,51.45,4.981,5.01,4.98,33570
2026-05-04 16:49:07.630,--,--,--,--,--,--,--,--,-137.71,55.36,-71.53,-228.05,--,--,--,--,--,--,--,--,25.88,25.75,24.82,25.61,1483,1483,1483,1483,1483,1483,1483,1483,0,0,0,0,0,0,0,0,27.24,31.78,51.45,4.981,5.01,4.98,33575
2026-05-04 16:49:07.724,--,--,--,--,--,--,--,--,-137.71,55.35,-71.51,-228.05,--,--,--,--,--,--,--,--,25.88,25.75,24.82,25.61,1483,1483,1483,1483,1483,1483,1483,1483,0,0,0,0,0,0,0,0,27.24,31.78,51.45,4.981,5.01,4.98,33580
2026-05-04 16:49:07.834,--,--,--,--,--,--,--,--,-137.72,55.35,-71.52,-228.05,--,--,--,--,--,--,--,--,25.88,25.75,24.82,25.61,1483,1483,1483,1483,1483,1483,1483,1483,0,0,0,0,0,0,0,0,27.24,31.78,51.45,4.981,5.04,4.98,33585
2026-05-04 16:49:07.910,--,--,--,--,--,--,--,--,-137.71,55.35,-71.52,-228.05,--,--,--,--,--,--,--,--,25.88,25.75,24.82,25.61,1483,1483,1483,1483,1483,1483,1483,1483,0,0,0,0,0,0,0,0,27.24,31.78,51.45,4.981,4.98,4.98,33590
2026-05-04 16:49:07.998,--,--,--,--,--,--,--,--,-137.71,55.36,-71.51,-228.05,--,--,--,--,--,--,--,--,25.88,25.75,24.82,25.61,1483,1483,1483,1483,1483,1483,1483,1483,0,0,0,0,0,0,0,0,27.24,31.78,51.45,4.981,4.98,4.98,33595
2026-05-04 16:49:08.126,--,--,--,--,--,--,--,--,-137.71,55.36,-71.52,-228.05,--,--,--,--,--,--,--,--,25.88,25.75,24.82,25.61,1483,1483,1483,1483,1483,1483,1483,1483,0,0,0,0,0,0,0,0,27.24,31.78,51.45,4.981,5.01,5.01,33600
2026-05-04 16:49:08.195,--,--,--,--,--,--,--,--,-137.71,55.34,-71.52,-228.05,--,--,--,--,--,--,--,--,25.88,25.75,24.82,25.61,1483,1483,1483,1483,1483,1483,1483,1483,0,0,0,0,0,0,0,0,27.24,31.78,51.45,4.981,5.01,4.98,33605
2026-05-04 16:49:08.284,--,--,--,--,--,--,--,--,-137.72,55.36,-71.53,-228.07,--,--,--,--,--,--,--,--,25.88,25.75,24.82,25.61,1462,1462,1462,1462,1462,1462,1462,1462,0,0,0,0,0,0,0,0,27.24,31.02,52.20,4.981,5.04,4.98,35625
2026-05-04 16:49:08.375,--,--,--,--,--,--,--,--,-137.71,55.35,-71.52,-228.05,--,--,--,--,--,--,--,--,25.88,25.75,24.82,25.61,1462,1462,1462,1462,1462,1462,1462,1462,0,0,0,0,0,0,0,0,27.24,31.78,51.45,4.981,5.01,4.98,35630
2026-05-04 16:49:08.497,--,--,--,--,--,--,--,--,-137.72,55.35,-71.52,-228.07,--,--,--,--,--,--,--,--,25.88,25.75,24.82,25.61,1462,1462,1462,1462,1462,1462,1462,1462,0,0,0,0,0,0,0,0,27.24,31.02,51.45,4.981,5.01,4.98,35635
2026-05-04 16:49:08.548,--,--,--,--,--,--,--,--,-137.71,55.36,-71.53,-228.07,--,--,--,--,--,--,--,--,25.88,25.75,24.82,25.61,1462,1462,1462,1462,1462,1462,1462,1462,0,0,0,0,0,0,0,0,27.24,31.78,51.45,4.981,5.04,5.01,35640
2026-05-04 16:49:08.561,--,--,--,--,--,--,--,--,-137.70,55.36,-71.52,-228.05,--,--,--,--,--,--,--,--,25.88,25.75,24.82,25.61,1462,1462,1462,1462,1462,1462,1462,1462,0,0,0,0,0,0,0,0,27.24,31.78,52.20,4.981,5.01,4.98,35643
2026-05-04 16:49:08.701,--,--,--,--,--,--,--,--,-137.71,55.36,-71.52,-228.05,--,--,--,--,--,--,--,--,25.88,25.75,24.82,25.61,1462,1462,1462,1462,1462,1462,1462,1462,0,0,0,0,0,0,0,0,27.24,31.78,51.45,4.981,5.01,4.98,35644
2026-05-04 16:49:08.796,--,--,--,--,--,--,--,--,-137.71,55.35,-71.52,-228.05,--,--,--,--,--,--,--,--,25.88,25.75,24.82,25.61,1462,1462,1462,1462,1462,1462,1462,1462,0,0,0,0,0,0,0,0,27.24,31.78,51.45,4.981,5.04,5.01,35649
2026-05-04 16:49:08.903,--,--,--,--,--,--,--,--,-137.72,55.34,-71.52,-228.05,--,--,--,--,--,--,--,--,25.88,25.75,24.82,25.61,1462,1462,1462,1462,1462,1462,1462,1462,0,0,0,0,0,0,0,0,27.24,31.78,51.45,4.981,4.98,4.98,35654
2026-05-04 16:49:09.002,--,--,--,--,--,--,--,--,-137.71,55.36,-71.52,-228.05,--,--,--,--,--,--,--,--,25.88,25.75,24.82,25.61,1462,1462,1462,1462,1462,1462,1462,1462,0,0,0,0,0,0,0,0,27.24,31.78,51.45,4.981,5.04,4.98,35659
2026-05-04 16:49:09.104,--,--,--,--,--,--,--,--,-137.72,55.36,-71.52,-228.05,--,--,--,--,--,--,--,--,25.88,25.75,24.82,25.61,1462,1462,1462,1462,1462,1462,1462,1462,0,0,0,0,0,0,0,0,27.24,31.78,51.45,4.981,4.98,4.98,35664
2026-05-04 16:49:09.201,--,--,--,--,--,--,--,--,-137.70,55.35,-71.52,-228.05,--,--,--,--,--,--,--,--,25.88,25.75,24.82,25.61,1462,1462,1462,1462,1462,1462,1462,1462,0,0,0,0,0,0,0,0,27.24,31.78,51.45,4.981,4.95,4.98,35669
2026-05-04 16:49:09.332,--,--,--,--,--,--,--,--,-137.70,55.35,-71.53,-228.07,--,--,--,--,--,--,--,--,25.88,25.75,24.82,25.61,1462,1462,1462,1462,1462,1462,1462,1462,0,0,0,0,0,0,0,0,27.24,31.02,51.45,4.981,4.98,4.98,35674
2026-05-04 16:49:09.437,--,--,--,--,--,--,--,--,-137.71,55.34,-71.52,-228.05,--,--,--,--,--,--,--,--,25.88,25.75,24.82,25.61,1462,1462,1462,1462,1462,1462,1462,1462,0,0,0,0,0,0,0,0,27.24,31.78,51.45,4.981,4.98,4.98,35679
2026-05-04 16:49:09.530,--,--,--,--,--,--,--,--,-137.71,55.35,-71.52,-228.05,--,--,--,--,--,--,--,--,25.88,25.75,24.82,25.61,1462,1462,1462,1462,1462,1462,1462,1462,0,0,0,0,0,0,0,0,27.24,31.78,51.45,4.981,4.98,4.98,35684
2026-05-04 16:49:09.621,--,--,--,--,--,--,--,--,-137.71,55.35,-71.52,-228.05,--,--,--,--,--,--,--,--,25.88,25.75,24.82,25.61,1462,1462,1462,1462,1462,1462,1462,1462,0,0,0,0,0,0,0,0,27.24,31.78,52.20,4.981,5.01,4.98,35689
2026-05-04 16:49:09.721,--,--,--,--,--,--,--,--,-137.71,55.36,-71.52,-228.05,--,--,--,--,--,--,--,--,25.88,25.75,24.82,25.61,1462,1462,1462,1462,1462,1462,1462,1462,0,0,0,0,0,0,0,0,27.24,31.78,51.45,4.981,5.04,5.01,35694
2026-05-04 16:49:09.840,--,--,--,--,--,--,--,--,-137.71,55.35,-71.53,-228.05,--,--,--,--,--,--,--,--,25.88,25.75,24.82,25.61,1462,1462,1462,1462,1462,1462,1462,1462,0,0,0,0,0,0,0,0,27.24,31.78,51.45,4.981,4.98,5.01,35699
2026-05-04 16:49:09.952,--,--,--,--,--,--,--,--,-137.72,55.36,-71.52,-228.07,--,--,--,--,--,--,--,--,25.88,25.75,24.82,25.61,1462,1462,1462,1462,1462,1462,1462,1462,0,0,0,0,0,0,0,0,27.24,31.78,51.45,4.981,5.01,4.98,35704
2026-05-04 16:49:10.037,--,--,--,--,--,--,--,--,-137.71,55.36,-71.52,-228.05,--,--,--,--,--,--,--,--,25.88,25.75,24.82,25.61,1462,1462,1462,1462,1462,1462,1462,1462,0,0,0,0,0,0,0,0,27.24,31.78,52.20,4.981,5.01,5.01,35709
2026-05-04 16:49:10.135,--,--,--,--,--,--,--,--,-137.71,55.36,-71.52,-228.05,--,--,--,--,--,--,--,--,25.88,25.75,24.82,25.61,1462,1462,1462,1462,1462,1462,1462,1462,0,0,0,0,0,0,0,0,27.24,31.78,51.45,4.981,4.98,4.98,35714
2026-05-04 16:49:10.259,--,--,--,--,--,--,--,--,-137.71,55.35,-71.52,-228.05,--,--,--,--,--,--,--,--,25.88,25.75,24.82,25.61,1462,1462,1462,1462,1462,1462,1462,1462,0,0,0,0,0,0,0,0,27.24,31.78,51.45,4.981,5.01,5.01,35719
2026-05-04 16:49:10.357,--,--,--,--,--,--,--,--,-137.71,55.35,-71.52,-228.05,--,--,--,--,--,--,--,--,25.88,25.75,24.82,25.61,1462,1462,1462,1462,1462,1462,1462,1462,0,0,0,0,0,0,0,0,27.24,31.78,52.20,4.981,4.98,4.98,35724
2026-05-04 16:49:10.465,--,--,--,--,--,--,--,--,-137.70,55.35,-71.52,-228.07,--,--,--,--,--,--,--,--,25.88,25.75,24.82,25.61,1462,1462,1462,1462,1462,1462,1462,1462,0,0,0,0,0,0,0,0,27.24,31.78,51.45,4.981,5.07,4.98,35729
2026-05-04 16:49:10.595,--,--,--,--,--,--,--,--,-137.71,55.35,-71.52,-228.05,--,--,--,--,--,--,--,--,25.88,25.75,24.82,25.61,1462,1462,1462,1462,1462,1462,1462,1462,0,0,0,0,0,0,0,0,27.24,31.78,51.45,4.981,5.04,5.01,35734
2026-05-04 16:49:10.694,--,--,--,--,--,--,--,--,-137.70,55.35,-71.52,-228.05,--,--,--,--,--,--,--,--,25.88,25.75,24.82,25.61,1462,1462,1462,1462,1462,1462,1462,1462,0,0,0,0,0,0,0,0,27.24,31.78,51.45,4.981,4.98,4.98,35739
2026-05-04 16:49:10.739,--,--,--,--,--,--,--,--,-137.71,55.35,-71.52,-228.05,--,--,--,--,--,--,--,--,25.88,25.75,24.82,25.68,1459,1459,1459,1459,1459,1459,1459,1459,0,0,0,0,0,0,0,0,27.24,31.78,51.45,4.981,5.04,5.01,37721
2026-05-04 16:49:10.756,--,--,--,--,--,--,--,--,-137.72,55.35,-71.53,-228.04,--,--,--,--,--,--,--,--,25.88,25.75,24.82,25.68,1459,1459,1459,1459,1459,1459,1459,1459,0,0,0,0,0,0,0,0,27.24,31.78,51.45,4.981,5.01,4.98,37726
2026-05-04 16:49:10.800,--,--,--,--,--,--,--,--,-137.71,55.35,-71.52,-228.05,--,--,--,--,--,--,--,--,25.88,25.75,24.82,25.68,1459,1459,1459,1459,1459,1459,1459,1459,0,0,0,0,0,0,0,0,27.24,31.78,51.45,4.981,4.98,4.98,37729
2026-05-04 16:49:10.814,--,--,--,--,--,--,--,--,-137.72,55.36,-71.52,-228.05,--,--,--,--,--,--,--,--,25.88,25.75,24.82,25.68,1459,1459,1459,1459,1459,1459,1459,1459,0,0,0,0,0,0,0,0,27.24,31.78,51.45,4.981,4.98,4.98,37730
2026-05-04 16:49:10.877,--,--,--,--,--,--,--,--,-137.72,55.34,-71.53,-228.05,--,--,--,--,--,--,--,--,25.88,25.75,24.82,25.68,1459,1459,1459,1459,1459,1459,1459,1459,0,0,0,0,0,0,0,0,27.24,31.02,51.45,4.981,5.04,4.98,37735
2026-05-04 16:49:10.993,--,--,--,--,--,--,--,--,-137.72,55.36,-71.51,-228.05,--,--,--,--,--,--,--,--,25.88,25.75,24.82,25.68,1459,1459,1459,1459,1459,1459,1459,1459,0,0,0,0,0,0,0,0,27.24,31.78,51.45,4.981,4.98,4.98,37740
2026-05-04 16:49:11.094,--,--,--,--,--,--,--,--,-137.72,55.36,-71.51,-228.04,--,--,--,--,--,--,--,--,25.88,25.75,24.82,25.68,1459,1459,1459,1459,1459,1459,1459,1459,0,0,0,0,0,0,0,0,27.24,31.78,51.45,4.981,5.01,4.98,37745
2026-05-04 16:49:11.243,--,--,--,--,--,--,--,--,-137.71,55.35,-71.53,-228.05,--,--,--,--,--,--,--,--,25.88,25.75,24.89,25.61,1459,1459,1459,1459,1459,1459,1459,1459,0,0,0,0,0,0,0,0,27.24,31.78,51.45,4.981,4.98,4.98,37750
2026-05-04 16:49:11.345,--,--,--,--,--,--,--,--,-137.71,55.35,-71.52,-228.07,--,--,--,--,--,--,--,--,25.88,25.75,24.82,25.68,1459,1459,1459,1459,1459,1459,1459,1459,0,0,0,0,0,0,0,0,27.24,31.02,51.45,4.981,5.01,4.98,37755
2026-05-04 16:49:11.433,--,--,--,--,--,--,--,--,-137.71,55.35,-71.52,-228.05,--,--,--,--,--,--,--,--,25.88,25.75,24.82,25.68,1459,1459,1459,1459,1459,1459,1459,1459,0,0,0,0,0,0,0,0,27.24,31.78,52.20,4.981,4.95,4.98,37760
2026-05-04 16:49:11.527,--,--,--,--,--,--,--,--,-137.71,55.36,-71.52,-228.05,--,--,--,--,--,--,--,--,25.88,25.75,24.89,25.61,1459,1459,1459,1459,1459,1459,1459,1459,0,0,0,0,0,0,0,0,27.24,31.78,51.45,4.981,5.04,4.98,37765
2026-05-04 16:49:11.615,--,--,--,--,--,--,--,--,-137.69,55.36,-71.52,-228.05,--,--,--,--,--,--,--,--,25.88,25.75,24.82,25.68,1459,1459,1459,1459,1459,1459,1459,1459,0,0,0,0,0,0,0,0,27.24,31.78,51.45,4.981,5.04,5.01,37770
2026-05-04 16:49:11.766,--,--,--,--,--,--,--,--,-137.71,55.34,-71.52,-228.05,--,--,--,--,--,--,--,--,25.88,25.75,24.82,25.68,1459,1459,1459,1459,1459,1459,1459,1459,0,0,0,0,0,0,0,0,27.24,31.78,52.20,4.981,5.01,4.98,37775
2026-05-04 16:49:11.860,--,--,--,--,--,--,--,--,-137.71,55.36,-71.51,-228.05,--,--,--,--,--,--,--,--,25.88,25.75,24.82,25.68,1459,1459,1459,1459,1459,1459,1459,1459,0,0,0,0,0,0,0,0,27.24,31.78,51.45,4.981,5.01,4.98,37780
2026-05-04 16:49:11.927,--,--,--,--,--,--,--,--,-137.71,55.36,-71.52,-228.07,--,--,--,--,--,--,--,--,25.88,25.75,24.82,25.68,1459,1459,1459,1459,1459,1459,1459,1459,0,0,0,0,0,0,0,0,27.24,31.78,51.45,4.981,5.01,4.98,37785
2026-05-04 16:49:12.021,--,--,--,--,--,--,--,--,-137.70,55.35,-71.52,-228.05,--,--,--,--,--,--,--,--,25.88,25.75,24.82,25.68,1459,1459,1459,1459,1459,1459,1459,1459,0,0,0,0,0,0,0,0,27.24,31.78,51.45,4.981,4.98,5.01,37790
2026-05-04 16:49:12.108,--,--,--,--,--,--,--,--,-137.71,55.35,-71.52,-228.05,--,--,--,--,--,--,--,--,25.88,25.75,24.82,25.61,1459,1459,1459,1459,1459,1459,1459,1459,0,0,0,0,0,0,0,0,27.24,31.78,51.45,4.981,4.98,5.01,37795
2026-05-04 16:49:12.249,--,--,--,--,--,--,--,--,-137.72,55.35,-71.53,-228.05,--,--,--,--,--,--,--,--,25.88,25.75,24.82,25.68,1459,1459,1459,1459,1459,1459,1459,1459,0,0,0,0,0,0,0,0,27.24,31.78,52.20,4.981,5.01,4.98,37800
2026-05-04 16:49:12.335,--,--,--,--,--,--,--,--,-137.71,55.36,-71.51,-228.05,--,--,--,--,--,--,--,--,25.88,25.75,24.82,25.68,1459,1459,1459,1459,1459,1459,1459,1459,0,0,0,0,0,0,0,0,27.24,31.02,51.45,4.981,5.01,4.98,37805
2026-05-04 16:49:12.404,--,--,--,--,--,--,--,--,-137.71,55.36,-71.53,-228.05,--,--,--,--,--,--,--,--,25.88,25.75,24.82,25.68,1459,1459,1459,1459,1459,1459,1459,1459,0,0,0,0,0,0,0,0,27.24,31.78,51.45,4.981,5.04,4.98,37810
2026-05-04 16:49:12.498,--,--,--,--,--,--,--,--,-137.70,55.35,-71.52,-228.05,--,--,--,--,--,--,--,--,25.88,25.75,24.82,25.68,1459,1459,1459,1459,1459,1459,1459,1459,0,0,0,0,0,0,0,0,27.24,31.78,51.45,4.981,4.98,5.01,37815
2026-05-04 16:49:12.584,--,--,--,--,--,--,--,--,-137.71,55.36,-71.52,-228.05,--,--,--,--,--,--,--,--,25.88,25.75,24.82,25.68,1459,1459,1459,1459,1459,1459,1459,1459,0,0,0,0,0,0,0,0,27.24,31.78,51.45,4.981,4.98,4.98,37820
2026-05-04 16:49:12.703,--,--,--,--,--,--,--,--,-137.70,55.35,-71.52,-228.05,--,--,--,--,--,--,--,--,25.88,25.75,24.82,25.68,1459,1459,1459,1459,1459,1459,1459,1459,0,0,0,0,0,0,0,0,27.24,31.78,51.45,4.981,5.01,4.98,37825
2026-05-04 16:49:12.795,--,--,--,--,--,--,--,--,-137.71,55.36,-71.52,-228.05,--,--,--,--,--,--,--,--,25.88,25.75,24.82,25.68,1459,1459,1459,1459,1459,1459,1459,1459,0,0,0,0,0,0,0,0,27.24,31.78,51.45,4.981,4.98,4.98,37830
2026-05-04 16:49:12.811,--,--,--,--,--,--,--,--,-137.72,55.35,-71.52,-228.05,--,--,--,--,--,--,--,--,25.88,25.75,24.82,25.68,1459,1459,1459,1459,1459,1459,1459,1459,0,0,0,0,0,0,0,0,27.24,31.02,51.45,4.981,4.98,4.98,37835
2026-05-04 16:49:12.871,--,--,--,--,--,--,--,--,-137.72,55.35,-71.52,-228.05,--,--,--,--,--,--,--,--,25.95,25.75,24.89,25.68,1500,1500,1500,1500,1500,1500,1500,1500,0,0,0,0,0,0,0,0,27.24,31.78,51.45,4.981,5.01,4.98,39740
2026-05-04 16:49:12.996,--,--,--,--,--,--,--,--,-137.71,55.34,-71.52,-228.04,--,--,--,--,--,--,--,--,25.95,25.75,24.89,25.68,1500,1500,1500,1500,1500,1500,1500,1500,0,0,0,0,0,0,0,0,27.24,31.78,51.45,4.981,5.04,4.98,39745
2026-05-04 16:49:13.087,--,--,--,--,--,--,--,--,-137.70,55.36,-71.53,-228.05,--,--,--,--,--,--,--,--,25.88,25.75,24.89,25.68,1500,1500,1500,1500,1500,1500,1500,1500,0,0,0,0,0,0,0,0,27.24,31.78,51.45,4.981,4.98,4.98,39748
2026-05-04 16:49:13.122,--,--,--,--,--,--,--,--,-137.71,55.35,-71.53,-228.05,--,--,--,--,--,--,--,--,25.95,25.75,24.89,25.68,1500,1500,1500,1500,1500,1500,1500,1500,0,0,0,0,0,0,0,0,27.24,31.78,51.45,4.981,4.95,4.98,39749
2026-05-04 16:49:13.215,--,--,--,--,--,--,--,--,-137.71,55.36,-71.52,-228.05,--,--,--,--,--,--,--,--,25.95,25.75,24.89,25.68,1500,1500,1500,1500,1500,1500,1500,1500,0,0,0,0,0,0,0,0,27.24,31.78,51.45,4.981,5.04,4.98,39754
2026-05-04 16:49:13.305,--,--,--,--,--,--,--,--,-137.71,55.36,-71.51,-228.07,--,--,--,--,--,--,--,--,25.88,25.75,24.89,25.68,1500,1500,1500,1500,1500,1500,1500,1500,0,0,0,0,0,0,0,0,27.24,31.78,51.45,4.981,5.04,4.98,39759
2026-05-04 16:49:13.433,--,--,--,--,--,--,--,--,-137.70,55.36,-71.52,-228.05,--,--,--,--,--,--,--,--,25.88,25.75,24.89,25.68,1500,1500,1500,1500,1500,1500,1500,1500,0,0,0,0,0,0,0,0,27.24,31.78,51.45,4.981,5.01,4.98,39764
2026-05-04 16:49:13.536,--,--,--,--,--,--,--,--,-137.71,55.35,-71.52,-228.05,--,--,--,--,--,--,--,--,25.95,25.75,24.89,25.68,1500,1500,1500,1500,1500,1500,1500,1500,0,0,0,0,0,0,0,0,27.24,31.78,51.45,4.981,4.98,4.98,39769
2026-05-04 16:49:13.629,--,--,--,--,--,--,--,--,-137.71,55.35,-71.52,-228.07,--,--,--,--,--,--,--,--,25.88,25.75,24.89,25.68,1500,1500,1500,1500,1500,1500,1500,1500,0,0,0,0,0,0,0,0,27.24,31.78,52.20,4.981,5.04,4.98,39774
2026-05-04 16:49:13.718,--,--,--,--,--,--,--,--,-137.72,55.35,-71.52,-228.07,--,--,--,--,--,--,--,--,25.88,25.75,24.89,25.68,1500,1500,1500,1500,1500,1500,1500,1500,0,0,0,0,0,0,0,0,27.24,31.78,52.20,4.981,5.01,4.98,39779
2026-05-04 16:49:13.845,--,--,--,--,--,--,--,--,-137.72,55.36,-71.53,-228.05,--,--,--,--,--,--,--,--,25.95,25.75,24.82,25.68,1500,1500,1500,1500,1500,1500,1500,1500,0,0,0,0,0,0,0,0,27.24,31.78,52.20,4.981,5.04,4.98,39784
2026-05-04 16:49:13.952,--,--,--,--,--,--,--,--,-137.70,55.35,-71.52,-228.05,--,--,--,--,--,--,--,--,25.95,25.75,24.89,25.68,1500,1500,1500,1500,1500,1500,1500,1500,0,0,0,0,0,0,0,0,27.24,31.78,51.45,4.981,5.01,4.98,39789
2026-05-04 16:49:14.050,--,--,--,--,--,--,--,--,-137.71,55.35,-71.52,-228.05,--,--,--,--,--,--,--,--,25.88,25.75,24.82,25.68,1500,1500,1500,1500,1500,1500,1500,1500,0,0,0,0,0,0,0,0,27.24,31.78,51.45,4.981,4.98,5.01,39794
2026-05-04 16:49:14.123,--,--,--,--,--,--,--,--,-137.71,55.35,-71.52,-228.05,--,--,--,--,--,--,--,--,25.88,25.75,24.89,25.68,1500,1500,1500,1500,1500,1500,1500,1500,0,0,0,0,0,0,0,0,27.24,31.78,51.45,4.981,5.04,4.98,39799
2026-05-04 16:49:14.211,--,--,--,--,--,--,--,--,-137.71,55.35,-71.52,-228.07,--,--,--,--,--,--,--,--,25.95,25.75,24.82,25.68,1500,1500,1500,1500,1500,1500,1500,1500,0,0,0,0,0,0,0,0,27.24,31.78,51.45,4.981,4.98,4.98,39804
2026-05-04 16:49:14.335,--,--,--,--,--,--,--,--,-137.72,55.36,-71.52,-228.05,--,--,--,--,--,--,--,--,25.88,25.75,24.82,25.68,1500,1500,1500,1500,1500,1500,1500,1500,0,0,0,0,0,0,0,0,27.24,31.78,51.45,4.981,5.04,5.01,39809
2026-05-04 16:49:14.442,--,--,--,--,--,--,--,--,-137.70,55.36,-71.52,-228.04,--,--,--,--,--,--,--,--,25.95,25.75,24.89,25.68,1500,1500,1500,1500,1500,1500,1500,1500,0,0,0,0,0,0,0,0,27.24,31.78,52.20,4.981,5.01,5.01,39814
2026-05-04 16:49:14.536,--,--,--,--,--,--,--,--,-137.72,55.35,-71.52,-228.05,--,--,--,--,--,--,--,--,25.95,25.75,24.89,25.68,1500,1500,1500,1500,1500,1500,1500,1500,0,0,0,0,0,0,0,0,27.24,31.78,51.45,4.981,5.04,5.01,39819
2026-05-04 16:49:14.624,--,--,--,--,--,--,--,--,-137.72,55.35,-71.53,-228.05,--,--,--,--,--,--,--,--,25.88,25.75,24.89,25.68,1500,1500,1500,1500,1500,1500,1500,1500,0,0,0,0,0,0,0,0,27.24,31.78,51.45,4.981,5.01,4.98,39824
2026-05-04 16:49:14.753,--,--,--,--,--,--,--,--,-137.72,55.35,-71.52,-228.05,--,--,--,--,--,--,--,--,25.95,25.75,24.89,25.68,1500,1500,1500,1500,1500,1500,1500,1500,0,0,0,0,0,0,0,0,27.24,31.78,51.45,4.981,4.98,5.01,39829
2026-05-04 16:49:14.861,--,--,--,--,--,--,--,--,-137.71,55.35,-71.52,-228.05,--,--,--,--,--,--,--,--,25.95,25.75,24.82,25.68,1500,1500,1500,1500,1500,1500,1500,1500,0,0,0,0,0,0,0,0,27.24,31.78,51.45,4.981,5.01,4.98,39834
2026-05-04 16:49:14.956,--,--,--,--,--,--,--,--,-137.71,55.35,-71.52,-228.05,--,--,--,--,--,--,--,--,25.88,25.75,24.82,25.68,1500,1500,1500,1500,1500,1500,1500,1500,0,0,0,0,0,0,0,0,27.24,31.78,51.45,4.981,4.95,4.98,39839
2026-05-04 16:49:15.038,--,--,--,--,--,--,--,--,-137.72,55.36,-71.52,-228.05,--,--,--,--,--,--,--,--,25.95,25.75,24.89,25.68,1500,1500,1500,1500,1500,1500,1500,1500,0,0,0,0,0,0,0,0,27.24,31.78,52.20,4.981,5.01,4.98,39844
2026-05-04 16:49:15.179,--,--,--,--,--,--,--,--,-137.71,55.35,-71.53,-228.05,--,--,--,--,--,--,--,--,25.95,25.75,24.89,25.68,1512,1512,1512,1512,1512,1512,1512,1512,0,0,0,0,0,0,0,0,27.24,31.78,51.45,4.981,5.01,5.01,41510
2026-05-04 16:49:15.197,--,--,--,--,--,--,--,--,-137.72,55.36,-71.51,-228.05,--,--,--,--,--,--,--,--,25.95,25.75,24.89,25.68,1512,1512,1512,1512,1512,1512,1512,1512,0,0,0,0,0,0,0,0,27.24,31.78,52.20,4.981,5.01,5.01,41515
2026-05-04 16:49:15.229,--,--,--,--,--,--,--,--,-137.71,55.35,-71.52,-228.05,--,--,--,--,--,--,--,--,25.95,25.75,24.89,25.68,1512,1512,1512,1512,1512,1512,1512,1512,0,0,0,0,0,0,0,0,27.24,31.78,51.45,4.981,4.98,4.98,41520
2026-05-04 16:49:15.298,--,--,--,--,--,--,--,--,-137.70,55.35,-71.52,-228.05,--,--,--,--,--,--,--,--,25.95,25.75,24.89,25.68,1512,1512,1512,1512,1512,1512,1512,1512,0,0,0,0,0,0,0,0,27.24,31.78,52.20,4.981,5.04,4.98,41525
2026-05-04 16:49:15.389,--,--,--,--,--,--,--,--,-137.72,55.36,-71.52,-228.05,--,--,--,--,--,--,--,--,25.95,25.75,24.89,25.68,1512,1512,1512,1512,1512,1512,1512,1512,0,0,0,0,0,0,0,0,27.24,31.78,51.45,4.981,5.01,5.01,41530
2026-05-04 16:49:15.534,--,--,--,--,--,--,--,--,-137.71,55.36,-71.53,-228.07,--,--,--,--,--,--,--,--,25.95,25.75,24.89,25.68,1512,1512,1512,1512,1512,1512,1512,1512,0,0,0,0,0,0,0,0,26.48,31.78,52.20,4.981,4.98,4.98,41535
2026-05-04 16:49:15.573,--,--,--,--,--,--,--,--,-137.71,55.36,-71.53,-228.05,--,--,--,--,--,--,--,--,25.95,25.75,24.89,25.68,1512,1512,1512,1512,1512,1512,1512,1512,0,0,0,0,0,0,0,0,27.24,31.78,51.45,4.981,5.01,4.98,41538
2026-05-04 16:49:15.644,--,--,--,--,--,--,--,--,-137.72,55.35,-71.52,-228.05,--,--,--,--,--,--,--,--,25.95,25.75,24.89,25.68,1512,1512,1512,1512,1512,1512,1512,1512,0,0,0,0,0,0,0,0,27.24,31.78,51.45,4.981,5.01,5.01,41539
2026-05-04 16:49:15.741,--,--,--,--,--,--,--,--,-137.70,55.35,-71.52,-228.05,--,--,--,--,--,--,--,--,25.95,25.75,24.89,25.68,1512,1512,1512,1512,1512,1512,1512,1512,0,0,0,0,0,0,0,0,27.24,31.78,51.45,4.981,5.04,4.98,41544
2026-05-04 16:49:15.836,--,--,--,--,--,--,--,--,-137.70,55.35,-71.52,-228.05,--,--,--,--,--,--,--,--,25.95,25.75,24.89,25.68,1512,1512,1512,1512,1512,1512,1512,1512,0,0,0,0,0,0,0,0,27.24,31.78,51.45,4.981,5.04,4.98,41549
2026-05-04 16:49:15.936,--,--,--,--,--,--,--,--,-137.70,55.36,-71.52,-228.05,--,--,--,--,--,--,--,--,25.95,25.75,24.89,25.68,1512,1512,1512,1512,1512,1512,1512,1512,0,0,0,0,0,0,0,0,27.24,31.78,51.45,4.981,4.98,4.98,41554
2026-05-04 16:49:16.057,--,--,--,--,--,--,--,--,-137.71,55.35,-71.52,-228.05,--,--,--,--,--,--,--,--,25.95,25.75,24.89,25.68,1512,1512,1512,1512,1512,1512,1512,1512,0,0,0,0,0,0,0,0,27.24,31.78,51.45,4.981,5.01,4.98,41559
2026-05-04 16:49:16.173,--,--,--,--,--,--,--,--,-137.71,55.36,-71.51,-228.05,--,--,--,--,--,--,--,--,25.95,25.75,24.89,25.68,1512,1512,1512,1512,1512,1512,1512,1512,0,0,0,0,0,0,0,0,27.24,31.78,51.45,4.981,5.01,4.98,41564
2026-05-04 16:49:16.267,--,--,--,--,--,--,--,--,-137.70,55.36,-71.53,-228.05,--,--,--,--,--,--,--,--,25.95,25.75,24.89,25.68,1512,1512,1512,1512,1512,1512,1512,1512,0,0,0,0,0,0,0,0,27.24,31.78,51.45,4.981,5.01,4.98,41569
2026-05-04 16:49:16.339,--,--,--,--,--,--,--,--,-137.72,55.35,-71.52,-228.05,--,--,--,--,--,--,--,--,25.95,25.75,24.89,25.68,1512,1512,1512,1512,1512,1512,1512,1512,0,0,0,0,0,0,0,0,27.24,31.78,51.45,4.981,5.01,4.98,41574
2026-05-04 16:49:16.438,--,--,--,--,--,--,--,--,-137.71,55.34,-71.52,-228.05,--,--,--,--,--,--,--,--,25.95,25.75,24.89,25.68,1512,1512,1512,1512,1512,1512,1512,1512,0,0,0,0,0,0,0,0,27.24,31.78,51.45,4.981,5.04,5.01,41579
2026-05-04 16:49:16.555,--,--,--,--,--,--,--,--,-137.72,55.34,-71.52,-228.05,--,--,--,--,--,--,--,--,25.95,25.75,24.89,25.68,1512,1512,1512,1512,1512,1512,1512,1512,0,0,0,0,0,0,0,0,27.24,31.78,51.45,4.981,4.98,4.98,41584
2026-05-04 16:49:16.674,--,--,--,--,--,--,--,--,-137.70,55.36,-71.51,-228.05,--,--,--,--,--,--,--,--,25.95,25.75,24.89,25.68,1512,1512,1512,1512,1512,1512,1512,1512,0,0,0,0,0,0,0,0,27.24,31.78,51.45,4.981,4.98,4.98,41589
2026-05-04 16:49:16.746,--,--,--,--,--,--,--,--,-137.71,55.35,-71.53,-228.05,--,--,--,--,--,--,--,--,25.95,25.75,24.89,25.68,1512,1512,1512,1512,1512,1512,1512,1512,0,0,0,0,0,0,0,0,27.24,31.78,51.45,4.981,5.01,4.98,41594
2026-05-04 16:49:16.836,--,--,--,--,--,--,--,--,-137.71,55.35,-71.52,-228.07,--,--,--,--,--,--,--,--,25.95,25.75,24.89,25.68,1512,1512,1512,1512,1512,1512,1512,1512,0,0,0,0,0,0,0,0,27.24,31.78,51.45,4.981,5.04,4.98,41599
2026-05-04 16:49:16.943,--,--,--,--,--,--,--,--,-137.71,55.35,-71.52,-228.07,--,--,--,--,--,--,--,--,25.95,25.75,24.89,25.68,1512,1512,1512,1512,1512,1512,1512,1512,0,0,0,0,0,0,0,0,27.24,31.78,51.45,4.981,4.95,5.01,41604
2026-05-04 16:49:17.062,--,--,--,--,--,--,--,--,-137.72,55.34,-71.52,-228.04,--,--,--,--,--,--,--,--,25.95,25.75,24.89,25.68,1512,1512,1512,1512,1512,1512,1512,1512,0,0,0,0,0,0,0,0,27.24,31.78,51.45,4.981,4.98,4.98,41609
2026-05-04 16:49:17.151,--,--,--,--,--,--,--,--,-137.71,55.35,-71.53,-228.07,--,--,--,--,--,--,--,--,25.95,25.75,24.89,25.68,1512,1512,1512,1512,1512,1512,1512,1512,0,0,0,0,0,0,0,0,27.24,31.78,51.45,4.981,4.98,4.98,41614
2026-05-04 16:49:17.248,--,--,--,--,--,--,--,--,-137.71,55.35,-71.53,-228.05,--,--,--,--,--,--,--,--,25.95,25.75,24.89,25.68,1512,1512,1512,1512,1512,1512,1512,1512,0,0,0,0,0,0,0,0,27.24,31.78,51.45,4.981,5.04,4.98,41619
2026-05-04 16:49:17.315,--,--,--,--,--,--,--,--,-137.71,55.34,-71.53,-228.05,--,--,--,--,--,--,--,--,25.95,25.75,24.89,25.68,1512,1512,1512,1512,1512,1512,1512,1512,0,0,0,0,0,0,0,0,27.24,31.78,51.45,4.981,5.01,4.98,41624
2026-05-04 16:49:17.421,--,--,--,--,--,--,--,--,-137.72,55.35,-71.52,-228.07,--,--,--,--,--,--,--,--,25.95,25.75,24.89,25.68,1512,1512,1512,1512,1512,1512,1512,1512,0,0,0,0,0,0,0,0,27.24,31.78,51.45,4.981,5.04,4.98,41629
2026-05-04 16:49:17.525,--,--,--,--,--,--,--,--,-137.71,55.35,-71.52,-228.05,--,--,--,--,--,--,--,--,25.95,25.75,24.89,25.68,1512,1512,1512,1512,1512,1512,1512,1512,0,0,0,0,0,0,0,0,27.24,31.78,51.45,4.981,4.95,4.98,41634
2026-05-04 16:49:17.541,--,--,--,--,--,--,--,--,-137.71,55.35,-71.53,-228.05,--,--,--,--,--,--,--,--,25.95,25.75,24.89,25.68,1269,1269,1269,1269,1269,1269,1269,1269,0,0,0,0,0,0,0,0,27.24,31.78,51.45,4.981,4.98,4.98,43644
2026-05-04 16:49:17.592,--,--,--,--,--,--,--,--,-137.72,55.35,-71.52,-228.05,--,--,--,--,--,--,--,--,25.95,25.75,24.89,25.75,1269,1269,1269,1269,1269,1269,1269,1269,0,0,0,0,0,0,0,0,27.24,31.78,51.45,4.981,5.04,4.98,43649
2026-05-04 16:49:17.689,--,--,--,--,--,--,--,--,-137.72,55.35,-71.52,-228.05,--,--,--,--,--,--,--,--,25.95,25.75,24.89,25.75,1269,1269,1269,1269,1269,1269,1269,1269,0,0,0,0,0,0,0,0,27.24,31.78,51.45,4.981,5.01,4.98,43654
2026-05-04 16:49:17.787,--,--,--,--,--,--,--,--,-137.71,55.35,-71.53,-228.05,--,--,--,--,--,--,--,--,25.95,25.75,24.89,25.75,1269,1269,1269,1269,1269,1269,1269,1269,0,0,0,0,0,0,0,0,27.24,31.78,51.45,4.981,4.98,5.01,43659
2026-05-04 16:49:17.903,--,--,--,--,--,--,--,--,-137.71,55.35,-71.52,-228.05,--,--,--,--,--,--,--,--,25.95,25.75,24.89,25.68,1269,1269,1269,1269,1269,1269,1269,1269,0,0,0,0,0,0,0,0,27.24,31.78,51.45,4.981,5.04,5.01,43664
2026-05-04 16:49:18.045,--,--,--,--,--,--,--,--,-137.71,55.35,-71.52,-228.07,--,--,--,--,--,--,--,--,25.95,25.75,24.89,25.75,1269,1269,1269,1269,1269,1269,1269,1269,0,0,0,0,0,0,0,0,27.24,31.78,51.45,4.981,4.98,4.98,43669
2026-05-04 16:49:18.087,--,--,--,--,--,--,--,--,-137.71,55.35,-71.53,-228.05,--,--,--,--,--,--,--,--,25.95,25.75,24.89,25.75,1269,1269,1269,1269,1269,1269,1269,1269,0,0,0,0,0,0,0,0,27.24,31.78,51.45,4.981,4.98,5.01,43672
2026-05-04 16:49:18.157,--,--,--,--,--,--,--,--,-137.72,55.36,-71.52,-228.05,--,--,--,--,--,--,--,--,25.95,25.75,24.89,25.75,1269,1269,1269,1269,1269,1269,1269,1269,0,0,0,0,0,0,0,0,27.24,31.78,51.45,4.981,4.98,4.98,43673
2026-05-04 16:49:18.248,--,--,--,--,--,--,--,--,-137.71,55.36,-71.52,-228.05,--,--,--,--,--,--,--,--,25.95,25.75,24.89,25.68,1269,1269,1269,1269,1269,1269,1269,1269,0,0,0,0,0,0,0,0,27.24,31.78,52.20,4.981,5.01,5.01,43678
2026-05-04 16:49:18.336,--,--,--,--,--,--,--,--,-137.72,55.36,-71.52,-228.07,--,--,--,--,--,--,--,--,25.95,25.75,24.89,25.68,1269,1269,1269,1269,1269,1269,1269,1269,0,0,0,0,0,0,0,0,27.24,31.78,51.45,4.981,4.98,5.01,43683
2026-05-04 16:49:18.404,--,--,--,--,--,--,--,--,-137.71,55.36,-71.52,-228.05,--,--,--,--,--,--,--,--,25.95,25.75,24.89,25.75,1269,1269,1269,1269,1269,1269,1269,1269,0,0,0,0,0,0,0,0,27.24,31.78,51.45,4.981,5.04,4.98,43688
2026-05-04 16:49:18.499,--,--,--,--,--,--,--,--,-137.70,55.35,-71.52,-228.05,--,--,--,--,--,--,--,--,25.95,25.75,24.89,25.68,1269,1269,1269,1269,1269,1269,1269,1269,0,0,0,0,0,0,0,0,27.24,31.78,52.20,4.981,5.04,4.98,43693
2026-05-04 16:49:18.586,--,--,--,--,--,--,--,--,-137.71,55.36,-71.52,-228.07,--,--,--,--,--,--,--,--,25.95,25.75,24.89,25.68,1269,1269,1269,1269,1269,1269,1269,1269,0,0,0,0,0,0,0,0,27.24,31.78,51.45,4.981,5.04,4.98,43698
2026-05-04 16:49:18.731,--,--,--,--,--,--,--,--,-137.71,55.35,-71.53,-228.07,--,--,--,--,--,--,--,--,25.95,25.75,24.89,25.75,1269,1269,1269,1269,1269,1269,1269,1269,0,0,0,0,0,0,0,0,27.24,31.78,51.45,4.981,5.01,4.98,43703
2026-05-04 16:49:18.821,--,--,--,--,--,--,--,--,-137.71,55.35,-71.53,-228.05,--,--,--,--,--,--,--,--,25.95,25.75,24.89,25.68,1269,1269,1269,1269,1269,1269,1269,1269,0,0,0,0,0,0,0,0,27.24,31.78,51.45,4.981,5.01,5.01,43708
2026-05-04 16:49:18.891,--,--,--,--,--,--,--,--,-137.71,55.36,-71.52,-228.05,--,--,--,--,--,--,--,--,25.95,25.83,24.89,25.75,1269,1269,1269,1269,1269,1269,1269,1269,0,0,0,0,0,0,0,0,27.24,31.78,51.45,4.981,5.01,4.98,43713
2026-05-04 16:49:18.999,--,--,--,--,--,--,--,--,-137.72,55.35,-71.53,-228.07,--,--,--,--,--,--,--,--,25.95,25.75,24.89,25.75,1269,1269,1269,1269,1269,1269,1269,1269,0,0,0,0,0,0,0,0,27.24,31.78,51.45,4.981,5.01,5.01,43718
2026-05-04 16:49:19.136,--,--,--,--,--,--,--,--,-137.72,55.36,-71.53,-228.07,--,--,--,--,--,--,--,--,25.95,25.75,24.89,25.68,1269,1269,1269,1269,1269,1269,1269,1269,0,0,0,0,0,0,0,0,27.24,31.78,51.45,4.981,4.98,4.98,43723
2026-05-04 16:49:19.235,--,--,--,--,--,--,--,--,-137.72,55.36,-71.52,-228.05,--,--,--,--,--,--,--,--,25.95,25.83,24.89,25.68,1269,1269,1269,1269,1269,1269,1269,1269,0,0,0,0,0,0,0,0,27.24,31.78,51.45,4.981,5.01,4.98,43728
2026-05-04 16:49:19.303,--,--,--,--,--,--,--,--,-137.71,55.35,-71.52,-228.05,--,--,--,--,--,--,--,--,25.95,25.75,24.89,25.75,1269,1269,1269,1269,1269,1269,1269,1269,0,0,0,0,0,0,0,0,27.24,31.78,51.45,4.981,4.98,5.01,43733
2026-05-04 16:49:19.389,--,--,--,--,--,--,--,--,-137.71,55.36,-71.52,-228.05,--,--,--,--,--,--,--,--,25.95,25.75,24.89,25.68,1269,1269,1269,1269,1269,1269,1269,1269,0,0,0,0,0,0,0,0,27.24,31.78,51.45,4.981,4.95,4.98,43738
2026-05-04 16:49:19.483,--,--,--,--,--,--,--,--,-137.70,55.34,-71.52,-228.05,--,--,--,--,--,--,--,--,25.95,25.75,24.89,25.75,1269,1269,1269,1269,1269,1269,1269,1269,0,0,0,0,0,0,0,0,27.24,31.78,51.45,4.981,4.98,4.98,43743
2026-05-04 16:49:19.605,--,--,--,--,--,--,--,--,-137.72,55.36,-71.52,-228.05,--,--,--,--,--,--,--,--,25.95,25.75,24.89,25.75,1269,1269,1269,1269,1269,1269,1269,1269,0,0,0,0,0,0,0,0,27.24,31.78,51.45,4.981,5.01,4.98,43748
2026-05-04 16:49:19.663,--,--,--,--,--,--,--,--,-137.72,55.36,-71.51,-228.05,--,--,--,--,--,--,--,--,25.95,25.75,24.89,25.75,1269,1269,1269,1269,1269,1269,1269,1269,0,0,0,0,0,0,0,0,27.24,31.78,51.45,4.981,5.01,4.98,43753
2026-05-04 16:49:19.715,--,--,--,--,--,--,--,--,-137.71,55.35,-71.52,-228.05,--,--,--,--,--,--,--,--,25.95,25.83,24.89,25.68,1269,1269,1269,1269,1269,1269,1269,1269,0,0,0,0,0,0,0,0,27.24,31.78,51.45,4.981,5.01,5.01,43758
2026-05-04 16:49:19.757,--,--,--,--,--,--,--,--,-137.72,55.36,-71.51,-228.05,--,--,--,--,--,--,--,--,25.95,25.75,24.89,25.75,1269,1269,1269,1269,1269,1269,1269,1269,0,0,0,0,0,0,0,0,27.24,31.78,52.20,4.981,5.01,5.01,43763
2026-05-04 16:49:19.852,--,--,--,--,--,--,--,--,-137.71,55.35,-71.52,-228.05,--,--,--,--,--,--,--,--,25.95,25.75,24.89,25.75,1269,1269,1269,1269,1269,1269,1269,1269,0,0,0,0,0,0,0,0,27.24,31.02,52.20,4.981,5.04,4.98,43768
2026-05-04 16:49:19.956,--,--,--,--,--,--,--,--,-137.72,55.35,-71.53,-228.05,--,--,--,--,--,--,--,--,25.95,25.83,24.89,25.75,1110,1110,1110,1110,1110,1110,1110,1110,0,0,0,0,0,0,0,0,27.24,31.78,51.45,4.981,5.01,4.98,45712
2026-05-04 16:49:20.094,--,--,--,--,--,--,--,--,-137.71,55.36,-71.52,-228.05,--,--,--,--,--,--,--,--,25.95,25.83,24.89,25.75,1110,1110,1110,1110,1110,1110,1110,1110,0,0,0,0,0,0,0,0,27.24,31.78,51.45,4.981,5.01,4.98,45717
2026-05-04 16:49:20.192,--,--,--,--,--,--,--,--,-137.71,55.35,-71.52,-228.05,--,--,--,--,--,--,--,--,25.95,25.83,24.89,25.75,1110,1110,1110,1110,1110,1110,1110,1110,0,0,0,0,0,0,0,0,27.24,31.02,51.45,4.981,5.01,5.01,45722
2026-05-04 16:49:20.278,--,--,--,--,--,--,--,--,-137.71,55.35,-71.52,-228.05,--,--,--,--,--,--,--,--,25.95,25.75,24.89,25.75,1110,1110,1110,1110,1110,1110,1110,1110,0,0,0,0,0,0,0,0,27.24,31.78,51.45,4.981,4.98,4.98,45727
2026-05-04 16:49:20.324,--,--,--,--,--,--,--,--,-137.71,55.35,-71.52,-228.05,--,--,--,--,--,--,--,--,25.95,25.83,24.89,25.75,1110,1110,1110,1110,1110,1110,1110,1110,0,0,0,0,0,0,0,0,27.24,31.78,52.20,4.981,5.01,4.98,45730
2026-05-04 16:49:20.339,--,--,--,--,--,--,--,--,-137.71,55.35,-71.52,-228.07,--,--,--,--,--,--,--,--,25.95,25.83,24.89,25.75,1110,1110,1110,1110,1110,1110,1110,1110,0,0,0,0,0,0,0,0,27.24,31.78,52.20,4.981,5.01,4.98,45731
2026-05-04 16:49:20.474,--,--,--,--,--,--,--,--,-137.72,55.35,-71.51,-228.07,--,--,--,--,--,--,--,--,25.95,25.83,24.89,25.75,1110,1110,1110,1110,1110,1110,1110,1110,0,0,0,0,0,0,0,0,27.24,31.78,51.45,4.981,4.98,4.98,45736
2026-05-04 16:49:20.543,--,--,--,--,--,--,--,--,-137.71,55.36,-71.52,-228.05,--,--,--,--,--,--,--,--,25.95,25.83,24.89,25.75,1110,1110,1110,1110,1110,1110,1110,1110,0,0,0,0,0,0,0,0,27.24,31.78,51.45,4.981,4.98,4.98,45741
2026-05-04 16:49:20.641,--,--,--,--,--,--,--,--,-137.71,55.35,-71.52,-228.05,--,--,--,--,--,--,--,--,25.95,25.75,24.89,25.75,1110,1110,1110,1110,1110,1110,1110,1110,0,0,0,0,0,0,0,0,27.24,31.78,51.45,4.981,5.04,4.98,45746
2026-05-04 16:49:20.732,--,--,--,--,--,--,--,--,-137.72,55.36,-71.52,-228.05,--,--,--,--,--,--,--,--,25.95,25.83,24.89,25.75,1110,1110,1110,1110,1110,1110,1110,1110,0,0,0,0,0,0,0,0,27.24,31.78,51.45,4.981,4.98,4.98,45751
2026-05-04 16:49:20.799,--,--,--,--,--,--,--,--,-137.71,55.35,-71.52,-228.05,--,--,--,--,--,--,--,--,25.95,25.83,24.89,25.75,1110,1110,1110,1110,1110,1110,1110,1110,0,0,0,0,0,0,0,0,27.24,31.78,51.45,4.981,5.01,4.98,45756
2026-05-04 16:49:20.905,--,--,--,--,--,--,--,--,-137.71,55.35,-71.52,-228.05,--,--,--,--,--,--,--,--,25.95,25.75,24.89,25.75,1110,1110,1110,1110,1110,1110,1110,1110,0,0,0,0,0,0,0,0,27.24,31.78,51.45,4.981,4.98,5.01,45761
2026-05-04 16:49:21.003,--,--,--,--,--,--,--,--,-137.71,55.35,-71.52,-228.05,--,--,--,--,--,--,--,--,25.95,25.83,24.89,25.75,1110,1110,1110,1110,1110,1110,1110,1110,0,0,0,0,0,0,0,0,27.24,31.78,51.45,4.981,5.01,4.98,45766
2026-05-04 16:49:21.074,--,--,--,--,--,--,--,--,-137.71,55.36,-71.52,-228.05,--,--,--,--,--,--,--,--,25.95,25.83,24.89,25.75,1110,1110,1110,1110,1110,1110,1110,1110,0,0,0,0,0,0,0,0,27.24,31.78,51.45,4.981,4.98,4.98,45771
2026-05-04 16:49:21.173,--,--,--,--,--,--,--,--,-137.71,55.36,-71.52,-228.07,--,--,--,--,--,--,--,--,25.95,25.83,24.89,25.75,1110,1110,1110,1110,1110,1110,1110,1110,0,0,0,0,0,0,0,0,27.24,31.78,52.20,4.981,5.04,4.98,45776
2026-05-04 16:49:21.244,--,--,--,--,--,--,--,--,-137.70,55.35,-71.52,-228.05,--,--,--,--,--,--,--,--,25.95,25.83,24.89,25.75,1110,1110,1110,1110,1110,1110,1110,1110,0,0,0,0,0,0,0,0,27.24,31.78,51.45,4.981,5.01,4.98,45781
2026-05-04 16:49:21.335,--,--,--,--,--,--,--,--,-137.71,55.36,-71.53,-228.05,--,--,--,--,--,--,--,--,25.95,25.83,24.89,25.75,1110,1110,1110,1110,1110,1110,1110,1110,0,0,0,0,0,0,0,0,27.24,31.78,52.20,4.981,5.01,4.98,45786
2026-05-04 16:49:21.402,--,--,--,--,--,--,--,--,-137.72,55.35,-71.53,-228.07,--,--,--,--,--,--,--,--,25.95,25.83,24.89,25.75,1110,1110,1110,1110,1110,1110,1110,1110,0,0,0,0,0,0,0,0,27.24,31.78,51.45,4.981,5.01,5.01,45791
2026-05-04 16:49:21.493,--,--,--,--,--,--,--,--,-137.71,55.35,-71.52,-228.05,--,--,--,--,--,--,--,--,25.95,25.83,24.89,25.75,1110,1110,1110,1110,1110,1110,1110,1110,0,0,0,0,0,0,0,0,27.24,31.02,51.45,4.981,4.98,5.01,45796
2026-05-04 16:49:21.564,--,--,--,--,--,--,--,--,-137.72,55.36,-71.53,-228.05,--,--,--,--,--,--,--,--,25.95,25.83,24.89,25.75,1110,1110,1110,1110,1110,1110,1110,1110,0,0,0,0,0,0,0,0,27.24,31.78,51.45,4.981,4.98,4.98,45801
2026-05-04 16:49:21.657,--,--,--,--,--,--,--,--,-137.72,55.35,-71.52,-228.05,--,--,--,--,--,--,--,--,25.95,25.83,24.89,25.75,1110,1110,1110,1110,1110,1110,1110,1110,0,0,0,0,0,0,0,0,27.24,31.78,51.45,4.981,5.01,4.98,45806
2026-05-04 16:49:21.728,--,--,--,--,--,--,--,--,-137.71,55.36,-71.52,-228.05,--,--,--,--,--,--,--,--,25.95,25.75,24.89,25.75,1110,1110,1110,1110,1110,1110,1110,1110,0,0,0,0,0,0,0,0,27.24,31.78,51.45,4.981,4.98,4.98,45811
2026-05-04 16:49:21.837,--,--,--,--,--,--,--,--,-137.71,55.35,-71.52,-228.05,--,--,--,--,--,--,--,--,25.95,25.83,24.89,25.75,1110,1110,1110,1110,1110,1110,1110,1110,0,0,0,0,0,0,0,0,27.24,31.78,51.45,4.981,5.01,4.98,45816
2026-05-04 16:49:21.853,--,--,--,--,--,--,--,--,-137.70,55.35,-71.52,-228.07,--,--,--,--,--,--,--,--,25.95,25.83,24.89,25.75,1110,1110,1110,1110,1110,1110,1110,1110,0,0,0,0,0,0,0,0,27.24,31.02,51.45,4.981,4.98,4.98,45821
2026-05-04 16:49:21.887,--,--,--,--,--,--,--,--,-137.71,55.36,-71.52,-228.05,--,--,--,--,--,--,--,--,25.95,25.83,24.89,25.75,1110,1110,1110,1110,1110,1110,1110,1110,0,0,0,0,0,0,0,0,27.24,31.78,51.45,4.981,4.98,4.98,45826
2026-05-04 16:49:21.936,--,--,--,--,--,--,--,--,-137.70,55.35,-71.53,-228.07,--,--,--,--,--,--,--,--,25.95,25.83,24.89,25.75,1411,1411,1411,1411,1411,1411,1411,1411,0,0,0,0,0,0,0,0,27.24,31.78,51.45,4.981,5.04,4.98,47645
2026-05-04 16:49:22.064,--,--,--,--,--,--,--,--,-137.71,55.35,-71.53,-228.05,--,--,--,--,--,--,--,--,26.02,25.83,24.89,25.75,1411,1411,1411,1411,1411,1411,1411,1411,0,0,0,0,0,0,0,0,27.24,31.78,51.45,4.981,5.01,5.01,47650
2026-05-04 16:49:22.163,--,--,--,--,--,--,--,--,-137.71,55.36,-71.53,-228.05,--,--,--,--,--,--,--,--,25.95,25.75,24.89,25.75,1411,1411,1411,1411,1411,1411,1411,1411,0,0,0,0,0,0,0,0,27.24,31.78,51.45,4.981,5.01,4.98,47655
2026-05-04 16:49:22.255,--,--,--,--,--,--,--,--,-137.71,55.36,-71.52,-228.04,--,--,--,--,--,--,--,--,25.95,25.83,24.89,25.75,1411,1411,1411,1411,1411,1411,1411,1411,0,0,0,0,0,0,0,0,27.24,31.02,51.45,4.981,5.04,4.98,47660
2026-05-04 16:49:22.326,--,--,--,--,--,--,--,--,-137.72,55.36,-71.52,-228.07,--,--,--,--,--,--,--,--,25.95,25.83,24.89,25.75,1411,1411,1411,1411,1411,1411,1411,1411,0,0,0,0,0,0,0,0,27.24,31.78,51.45,4.981,5.01,4.98,47663
2026-05-04 16:49:22.371,--,--,--,--,--,--,--,--,-137.72,55.35,-71.52,-228.05,--,--,--,--,--,--,--,--,25.95,25.83,24.89,25.75,1411,1411,1411,1411,1411,1411,1411,1411,0,0,0,0,0,0,0,0,27.24,31.02,51.45,4.981,5.04,4.98,47664
2026-05-04 16:49:22.439,--,--,--,--,--,--,--,--,-137.71,55.35,-71.52,-228.05,--,--,--,--,--,--,--,--,25.95,25.83,24.89,25.75,1411,1411,1411,1411,1411,1411,1411,1411,0,0,0,0,0,0,0,0,27.24,31.78,51.45,4.981,4.98,4.98,47669
2026-05-04 16:49:22.528,--,--,--,--,--,--,--,--,-137.71,55.36,-71.52,-228.05,--,--,--,--,--,--,--,--,25.95,25.83,24.89,25.75,1411,1411,1411,1411,1411,1411,1411,1411,0,0,0,0,0,0,0,0,27.24,31.78,51.45,4.981,5.01,5.01,47674
2026-05-04 16:49:22.619,--,--,--,--,--,--,--,--,-137.71,55.36,-71.52,-228.05,--,--,--,--,--,--,--,--,25.95,25.83,24.89,25.75,1411,1411,1411,1411,1411,1411,1411,1411,0,0,0,0,0,0,0,0,27.24,31.78,51.45,4.981,4.98,4.98,47679
2026-05-04 16:49:22.706,--,--,--,--,--,--,--,--,-137.70,55.35,-71.52,-228.04,--,--,--,--,--,--,--,--,26.02,25.83,24.89,25.75,1411,1411,1411,1411,1411,1411,1411,1411,0,0,0,0,0,0,0,0,27.24,31.78,52.20,4.981,4.98,5.01,47684
2026-05-04 16:49:22.774,--,--,--,--,--,--,--,--,-137.72,55.34,-71.53,-228.07,--,--,--,--,--,--,--,--,25.95,25.83,24.89,25.75,1411,1411,1411,1411,1411,1411,1411,1411,0,0,0,0,0,0,0,0,27.24,31.78,51.45,4.981,4.98,5.01,47689
2026-05-04 16:49:22.869,--,--,--,--,--,--,--,--,-137.72,55.36,-71.52,-228.05,--,--,--,--,--,--,--,--,25.95,25.83,24.89,25.75,1411,1411,1411,1411,1411,1411,1411,1411,0,0,0,0,0,0,0,0,27.24,31.78,52.20,4.981,5.04,4.98,47694
2026-05-04 16:49:22.960,--,--,--,--,--,--,--,--,-137.70,55.34,-71.52,-228.05,--,--,--,--,--,--,--,--,25.95,25.83,24.89,25.75,1411,1411,1411,1411,1411,1411,1411,1411,0,0,0,0,0,0,0,0,27.24,31.78,51.45,4.981,4.98,4.98,47699
2026-05-04 16:49:23.028,--,--,--,--,--,--,--,--,-137.72,55.36,-71.52,-228.05,--,--,--,--,--,--,--,--,25.95,25.83,24.89,25.75,1411,1411,1411,1411,1411,1411,1411,1411,0,0,0,0,0,0,0,0,27.24,31.78,51.45,4.981,5.01,5.01,47704
2026-05-04 16:49:23.124,--,--,--,--,--,--,--,--,-137.70,55.36,-71.51,-228.07,--,--,--,--,--,--,--,--,25.95,25.83,24.89,25.75,1411,1411,1411,1411,1411,1411,1411,1411,0,0,0,0,0,0,0,0,27.24,31.78,52.20,4.981,5.04,4.98,47709
2026-05-04 16:49:23.209,--,--,--,--,--,--,--,--,-137.71,55.34,-71.52,-228.05,--,--,--,--,--,--,--,--,25.95,25.83,24.89,25.75,1411,1411,1411,1411,1411,1411,1411,1411,0,0,0,0,0,0,0,0,27.24,31.78,51.45,4.981,5.01,4.98,47714
2026-05-04 16:49:23.277,--,--,--,--,--,--,--,--,-137.72,55.36,-71.52,-228.05,--,--,--,--,--,--,--,--,25.95,25.83,24.89,25.75,1411,1411,1411,1411,1411,1411,1411,1411,0,0,0,0,0,0,0,0,27.24,31.78,51.45,4.981,5.01,4.98,47719
2026-05-04 16:49:23.406,--,--,--,--,--,--,--,--,-137.72,55.35,-71.52,-228.04,--,--,--,--,--,--,--,--,25.95,25.83,24.89,25.75,1411,1411,1411,1411,1411,1411,1411,1411,0,0,0,0,0,0,0,0,27.24,31.02,51.45,4.981,5.04,4.98,47724
2026-05-04 16:49:23.498,--,--,--,--,--,--,--,--,-137.71,55.35,-71.52,-228.05,--,--,--,--,--,--,--,--,25.95,25.83,24.89,25.75,1411,1411,1411,1411,1411,1411,1411,1411,0,0,0,0,0,0,0,0,27.24,31.78,51.45,4.981,4.98,5.01,47729
2026-05-04 16:49:23.572,--,--,--,--,--,--,--,--,-137.72,55.35,-71.53,-228.05,--,--,--,--,--,--,--,--,25.95,25.83,24.89,25.75,1411,1411,1411,1411,1411,1411,1411,1411,0,0,0,0,0,0,0,0,27.24,31.78,52.20,4.981,5.04,4.98,47734
2026-05-04 16:49:23.669,--,--,--,--,--,--,--,--,-137.71,55.36,-71.53,-228.05,--,--,--,--,--,--,--,--,25.95,25.83,24.89,25.75,1411,1411,1411,1411,1411,1411,1411,1411,0,0,0,0,0,0,0,0,27.24,31.78,52.20,4.981,4.98,4.98,47739
2026-05-04 16:49:23.765,--,--,--,--,--,--,--,--,-137.72,55.36,-71.52,-228.05,--,--,--,--,--,--,--,--,25.95,25.83,24.89,25.75,1411,1411,1411,1411,1411,1411,1411,1411,0,0,0,0,0,0,0,0,27.24,31.78,51.45,4.981,5.04,4.98,47744
2026-05-04 16:49:23.837,--,--,--,--,--,--,--,--,-137.71,55.35,-71.52,-228.07,--,--,--,--,--,--,--,--,25.95,25.83,24.89,25.75,1411,1411,1411,1411,1411,1411,1411,1411,0,0,0,0,0,0,0,0,27.24,31.78,51.45,4.981,5.01,4.98,47749
2026-05-04 16:49:23.931,--,--,--,--,--,--,--,--,-137.71,55.35,-71.53,-228.05,--,--,--,--,--,--,--,--,25.95,25.83,24.89,25.75,1411,1411,1411,1411,1411,1411,1411,1411,0,0,0,0,0,0,0,0,27.24,31.78,52.20,4.981,5.01,4.98,47754
2026-05-04 16:49:23.990,--,--,--,--,--,--,--,--,-137.71,55.36,-71.52,-228.05,--,--,--,--,--,--,--,--,25.95,25.83,24.89,25.75,1411,1411,1411,1411,1411,1411,1411,1411,0,0,0,0,0,0,0,0,27.24,31.78,51.45,4.981,5.04,4.98,47759
2026-05-04 16:49:24.082,--,--,--,--,--,--,--,--,-137.70,55.36,-71.53,-228.05,--,--,--,--,--,--,--,--,26.02,25.83,24.89,25.75,1740,1740,1740,1740,1740,1740,1740,1740,0,0,0,0,0,0,0,0,27.24,31.78,52.20,4.981,4.98,4.98,49607
2026-05-04 16:49:24.096,--,--,--,--,--,--,--,--,-137.71,55.36,-71.53,-228.05,--,--,--,--,--,--,--,--,25.95,25.83,24.89,25.75,1740,1740,1740,1740,1740,1740,1740,1740,0,0,0,0,0,0,0,0,27.24,31.78,52.20,4.981,5.01,5.01,49612
2026-05-04 16:49:24.144,--,--,--,--,--,--,--,--,-137.71,55.36,-71.53,-228.05,--,--,--,--,--,--,--,--,26.02,25.83,24.89,25.75,1740,1740,1740,1740,1740,1740,1740,1740,0,0,0,0,0,0,0,0,27.24,31.78,51.45,4.981,5.01,4.98,49617
2026-05-04 16:49:24.183,--,--,--,--,--,--,--,--,-137.70,55.35,-71.52,-228.05,--,--,--,--,--,--,--,--,26.02,25.83,24.89,25.75,1740,1740,1740,1740,1740,1740,1740,1740,0,0,0,0,0,0,0,0,27.24,31.78,52.20,4.981,5.01,4.98,49622
2026-05-04 16:49:24.232,--,--,--,--,--,--,--,--,-137.72,55.35,-71.52,-228.05,--,--,--,--,--,--,--,--,26.02,25.83,24.89,25.75,1740,1740,1740,1740,1740,1740,1740,1740,0,0,0,0,0,0,0,0,27.24,31.78,51.45,4.981,4.98,4.98,49625
2026-05-04 16:49:24.306,--,--,--,--,--,--,--,--,-137.72,55.36,-71.52,-228.05,--,--,--,--,--,--,--,--,26.02,25.83,24.89,25.75,1740,1740,1740,1740,1740,1740,1740,1740,0,0,0,0,0,0,0,0,27.24,31.78,51.45,4.981,4.98,4.98,49626
2026-05-04 16:49:24.398,--,--,--,--,--,--,--,--,-137.72,55.35,-71.52,-228.05,--,--,--,--,--,--,--,--,26.02,25.83,24.89,25.75,1740,1740,1740,1740,1740,1740,1740,1740,0,0,0,0,0,0,0,0,27.24,31.78,51.45,4.981,5.01,4.98,49631
2026-05-04 16:49:24.491,--,--,--,--,--,--,--,--,-137.71,55.35,-71.51,-228.05,--,--,--,--,--,--,--,--,26.02,25.83,24.89,25.75,1740,1740,1740,1740,1740,1740,1740,1740,0,0,0,0,0,0,0,0,27.24,31.78,51.45,4.981,5.04,4.98,49636
2026-05-04 16:49:24.582,--,--,--,--,--,--,--,--,-137.72,55.35,-71.52,-228.07,--,--,--,--,--,--,--,--,25.95,25.83,24.89,25.75,1740,1740,1740,1740,1740,1740,1740,1740,0,0,0,0,0,0,0,0,27.24,31.78,51.45,4.981,5.04,4.98,49641
2026-05-04 16:49:24.676,--,--,--,--,--,--,--,--,-137.71,55.35,-71.52,-228.05,--,--,--,--,--,--,--,--,26.02,25.83,24.89,25.75,1740,1740,1740,1740,1740,1740,1740,1740,0,0,0,0,0,0,0,0,27.24,31.78,51.45,4.981,5.01,4.98,49646
2026-05-04 16:49:24.770,--,--,--,--,--,--,--,--,-137.71,55.35,-71.52,-228.05,--,--,--,--,--,--,--,--,26.02,25.83,24.89,25.75,1740,1740,1740,1740,1740,1740,1740,1740,0,0,0,0,0,0,0,0,27.24,31.78,51.45,4.981,5.01,5.01,49651
2026-05-04 16:49:24.862,--,--,--,--,--,--,--,--,-137.71,55.35,-71.53,-228.05,--,--,--,--,--,--,--,--,25.95,25.83,24.89,25.75,1740,1740,1740,1740,1740,1740,1740,1740,0,0,0,0,0,0,0,0,27.24,31.78,51.45,4.981,5.01,4.98,49656
2026-05-04 16:49:24.932,--,--,--,--,--,--,--,--,-137.71,55.35,-71.51,-228.05,--,--,--,--,--,--,--,--,26.02,25.83,24.89,25.75,1740,1740,1740,1740,1740,1740,1740,1740,0,0,0,0,0,0,0,0,27.24,31.78,51.45,4.981,5.01,4.98,49661
2026-05-04 16:49:25.025,--,--,--,--,--,--,--,--,-137.72,55.35,-71.52,-228.04,--,--,--,--,--,--,--,--,26.02,25.83,24.89,25.75,1740,1740,1740,1740,1740,1740,1740,1740,0,0,0,0,0,0,0,0,27.24,31.78,52.20,4.981,4.95,4.98,49666
2026-05-04 16:49:25.124,--,--,--,--,--,--,--,--,-137.71,55.36,-71.52,-228.05,--,--,--,--,--,--,--,--,26.02,25.83,24.89,25.75,1740,1740,1740,1740,1740,1740,1740,1740,0,0,0,0,0,0,0,0,27.24,31.78,51.45,4.981,4.98,4.98,49671
2026-05-04 16:49:25.197,--,--,--,--,--,--,--,--,-137.71,55.35,-71.52,-228.05,--,--,--,--,--,--,--,--,26.02,25.83,24.89,25.82,1740,1740,1740,1740,1740,1740,1740,1740,0,0,0,0,0,0,0,0,27.24,31.78,51.45,4.981,5.04,4.98,49676
2026-05-04 16:49:25.291,--,--,--,--,--,--,--,--,-137.72,55.35,-71.52,-228.05,--,--,--,--,--,--,--,--,26.02,25.83,24.89,25.75,1740,1740,1740,1740,1740,1740,1740,1740,0,0,0,0,0,0,0,0,27.24,31.78,51.45,4.981,5.04,4.98,49681
2026-05-04 16:49:25.413,--,--,--,--,--,--,--,--,-137.71,55.35,-71.52,-228.07,--,--,--,--,--,--,--,--,26.02,25.83,24.89,25.75,1740,1740,1740,1740,1740,1740,1740,1740,0,0,0,0,0,0,0,0,27.24,31.78,51.45,4.981,5.01,4.98,49686
2026-05-04 16:49:25.482,--,--,--,--,--,--,--,--,-137.71,55.36,-71.52,-228.05,--,--,--,--,--,--,--,--,26.02,25.83,24.89,25.82,1740,1740,1740,1740,1740,1740,1740,1740,0,0,0,0,0,0,0,0,27.24,31.78,51.45,4.981,5.01,4.98,49691
2026-05-04 16:49:25.607,--,--,--,--,--,--,--,--,-137.72,55.36,-71.52,-228.05,--,--,--,--,--,--,--,--,26.02,25.83,24.89,25.75,1740,1740,1740,1740,1740,1740,1740,1740,0,0,0,0,0,0,0,0,27.24,31.78,51.45,4.981,5.04,4.98,49696
2026-05-04 16:49:25.703,--,--,--,--,--,--,--,--,-137.71,55.35,-71.51,-228.05,--,--,--,--,--,--,--,--,26.02,25.83,24.89,25.75,1740,1740,1740,1740,1740,1740,1740,1740,0,0,0,0,0,0,0,0,27.24,31.78,51.45,4.981,4.98,5.01,49701
2026-05-04 16:49:25.773,--,--,--,--,--,--,--,--,-137.71,55.35,-71.52,-228.05,--,--,--,--,--,--,--,--,26.02,25.83,24.89,25.82,1740,1740,1740,1740,1740,1740,1740,1740,0,0,0,0,0,0,0,0,27.24,31.78,51.45,4.981,4.98,4.98,49706
2026-05-04 16:49:25.860,--,--,--,--,--,--,--,--,-137.70,55.35,-71.52,-228.05,--,--,--,--,--,--,--,--,25.95,25.83,24.89,25.75,1740,1740,1740,1740,1740,1740,1740,1740,0,0,0,0,0,0,0,0,27.24,31.78,51.45,4.981,5.01,5.01,49711
2026-05-04 16:49:25.928,--,--,--,--,--,--,--,--,-137.70,55.35,-71.53,-228.07,--,--,--,--,--,--,--,--,26.02,25.83,24.89,25.75,1740,1740,1740,1740,1740,1740,1740,1740,0,0,0,0,0,0,0,0,27.24,31.78,51.45,4.981,5.01,4.98,49716
2026-05-04 16:49:26.026,--,--,--,--,--,--,--,--,-137.71,55.35,-71.52,-228.05,--,--,--,--,--,--,--,--,26.02,25.83,24.89,25.75,1740,1740,1740,1740,1740,1740,1740,1740,0,0,0,0,0,0,0,0,27.24,31.78,51.45,4.981,5.01,4.98,49721
2026-05-04 16:49:26.114,--,--,--,--,--,--,--,--,-137.70,55.36,-71.52,-228.05,--,--,--,--,--,--,--,--,26.02,25.83,24.89,25.82,1359,1359,1359,1359,1359,1359,1359,1359,0,0,0,0,0,0,0,0,27.24,31.78,52.20,4.981,5.01,4.98,51616
2026-05-04 16:49:26.182,--,--,--,--,--,--,--,--,-137.71,55.35,-71.52,-228.05,--,--,--,--,--,--,--,--,26.02,25.83,24.89,25.82,1359,1359,1359,1359,1359,1359,1359,1359,0,0,0,0,0,0,0,0,27.24,31.78,52.20,4.981,4.95,4.98,51621
2026-05-04 16:49:26.278,--,--,--,--,--,--,--,--,-137.72,55.35,-71.52,-228.05,--,--,--,--,--,--,--,--,26.02,25.83,24.89,25.82,1359,1359,1359,1359,1359,1359,1359,1359,0,0,0,0,0,0,0,0,27.24,31.78,51.45,4.981,5.01,4.98,51626
2026-05-04 16:49:26.365,--,--,--,--,--,--,--,--,-137.72,55.35,-71.52,-228.07,--,--,--,--,--,--,--,--,26.02,25.83,24.89,25.82,1359,1359,1359,1359,1359,1359,1359,1359,0,0,0,0,0,0,0,0,27.24,31.02,51.45,4.981,5.04,5.01,51631
2026-05-04 16:49:26.430,--,--,--,--,--,--,--,--,-137.71,55.35,-71.51,-228.05,--,--,--,--,--,--,--,--,26.02,25.83,24.89,25.82,1359,1359,1359,1359,1359,1359,1359,1359,0,0,0,0,0,0,0,0,27.24,31.02,51.45,4.981,4.98,4.98,51636
2026-05-04 16:49:26.523,--,--,--,--,--,--,--,--,-137.72,55.35,-71.52,-228.05,--,--,--,--,--,--,--,--,26.02,25.83,24.89,25.82,1359,1359,1359,1359,1359,1359,1359,1359,0,0,0,0,0,0,0,0,27.24,31.78,51.45,4.981,4.98,4.98,51641
2026-05-04 16:49:26.624,--,--,--,--,--,--,--,--,-137.72,55.35,-71.52,-228.05,--,--,--,--,--,--,--,--,26.02,25.83,24.89,25.82,1359,1359,1359,1359,1359,1359,1359,1359,0,0,0,0,0,0,0,0,27.24,31.78,52.20,4.981,4.98,4.98,51646
2026-05-04 16:49:26.667,--,--,--,--,--,--,--,--,-137.71,55.34,-71.52,-228.05,--,--,--,--,--,--,--,--,26.02,25.83,24.89,25.82,1359,1359,1359,1359,1359,1359,1359,1359,0,0,0,0,0,0,0,0,27.24,31.78,51.45,4.981,5.01,4.98,51651
2026-05-04 16:49:26.704,--,--,--,--,--,--,--,--,-137.71,55.36,-71.52,-228.07,--,--,--,--,--,--,--,--,26.02,25.83,24.89,25.82,1359,1359,1359,1359,1359,1359,1359,1359,0,0,0,0,0,0,0,0,27.24,31.78,51.45,4.981,4.98,4.98,51654
2026-05-04 16:49:26.820,--,--,--,--,--,--,--,--,-137.70,55.35,-71.52,-228.07,--,--,--,--,--,--,--,--,26.02,25.83,24.89,25.82,1359,1359,1359,1359,1359,1359,1359,1359,0,0,0,0,0,0,0,0,27.24,31.78,51.45,4.981,5.04,4.98,51655
2026-05-04 16:49:26.923,--,--,--,--,--,--,--,--,-137.71,55.35,-71.52,-228.05,--,--,--,--,--,--,--,--,26.02,25.83,24.89,25.82,1359,1359,1359,1359,1359,1359,1359,1359,0,0,0,0,0,0,0,0,27.24,31.78,51.45,4.981,5.01,4.98,51660
2026-05-04 16:49:27.028,--,--,--,--,--,--,--,--,-137.71,55.35,-71.52,-228.07,--,--,--,--,--,--,--,--,26.02,25.83,24.89,25.82,1359,1359,1359,1359,1359,1359,1359,1359,0,0,0,0,0,0,0,0,27.24,31.78,51.45,4.981,4.98,5.01,51665
2026-05-04 16:49:27.121,--,--,--,--,--,--,--,--,-137.71,55.36,-71.53,-228.05,--,--,--,--,--,--,--,--,26.02,25.83,24.89,25.82,1359,1359,1359,1359,1359,1359,1359,1359,0,0,0,0,0,0,0,0,27.24,31.78,52.20,4.981,5.01,4.98,51670
2026-05-04 16:49:27.213,--,--,--,--,--,--,--,--,-137.72,55.36,-71.53,-228.05,--,--,--,--,--,--,--,--,26.02,25.83,24.89,25.82,1359,1359,1359,1359,1359,1359,1359,1359,0,0,0,0,0,0,0,0,27.24,31.78,51.45,4.981,4.98,4.98,51675
2026-05-04 16:49:27.303,--,--,--,--,--,--,--,--,-137.72,55.35,-71.53,-228.04,--,--,--,--,--,--,--,--,26.02,25.83,24.89,25.82,1359,1359,1359,1359,1359,1359,1359,1359,0,0,0,0,0,0,0,0,27.24,31.78,52.20,4.981,5.01,4.98,51680
2026-05-04 16:49:27.397,--,--,--,--,--,--,--,--,-137.71,55.35,-71.52,-228.05,--,--,--,--,--,--,--,--,26.02,25.83,24.89,25.82,1359,1359,1359,1359,1359,1359,1359,1359,0,0,0,0,0,0,0,0,27.24,31.78,51.45,4.981,5.04,4.98,51685
2026-05-04 16:49:27.489,--,--,--,--,--,--,--,--,-137.71,55.36,-71.52,-228.05,--,--,--,--,--,--,--,--,26.02,25.83,24.89,25.82,1359,1359,1359,1359,1359,1359,1359,1359,0,0,0,0,0,0,0,0,27.24,31.78,51.45,4.981,5.01,4.98,51690
2026-05-04 16:49:27.558,--,--,--,--,--,--,--,--,-137.72,55.34,-71.52,-228.05,--,--,--,--,--,--,--,--,26.02,25.83,24.89,25.82,1359,1359,1359,1359,1359,1359,1359,1359,0,0,0,0,0,0,0,0,27.24,31.78,51.45,4.981,5.04,4.98,51695
2026-05-04 16:49:27.653,--,--,--,--,--,--,--,--,-137.72,55.35,-71.52,-228.05,--,--,--,--,--,--,--,--,26.02,25.83,24.89,25.82,1359,1359,1359,1359,1359,1359,1359,1359,0,0,0,0,0,0,0,0,27.24,31.78,51.45,4.981,5.01,5.01,51700
2026-05-04 16:49:27.742,--,--,--,--,--,--,--,--,-137.71,55.35,-71.53,-228.07,--,--,--,--,--,--,--,--,26.02,25.83,24.89,25.82,1359,1359,1359,1359,1359,1359,1359,1359,0,0,0,0,0,0,0,0,27.24,31.78,51.45,4.981,4.98,4.98,51705
2026-05-04 16:49:27.809,--,--,--,--,--,--,--,--,-137.71,55.35,-71.52,-228.05,--,--,--,--,--,--,--,--,26.02,25.83,24.89,25.82,1359,1359,1359,1359,1359,1359,1359,1359,0,0,0,0,0,0,0,0,27.24,31.78,51.45,4.981,5.01,4.98,51710
2026-05-04 16:49:27.902,--,--,--,--,--,--,--,--,-137.71,55.35,-71.51,-228.05,--,--,--,--,--,--,--,--,26.02,25.83,24.89,25.82,1359,1359,1359,1359,1359,1359,1359,1359,0,0,0,0,0,0,0,0,27.24,31.78,51.45,4.981,5.01,4.98,51715
2026-05-04 16:49:27.994,--,--,--,--,--,--,--,--,-137.70,55.35,-71.51,-228.05,--,--,--,--,--,--,--,--,26.02,25.83,24.89,25.82,1359,1359,1359,1359,1359,1359,1359,1359,0,0,0,0,0,0,0,0,27.24,31.78,51.45,4.981,5.01,4.98,51720
2026-05-04 16:49:28.066,--,--,--,--,--,--,--,--,-137.72,55.35,-71.52,-228.05,--,--,--,--,--,--,--,--,26.02,25.83,24.89,25.82,1359,1359,1359,1359,1359,1359,1359,1359,0,0,0,0,0,0,0,0,27.24,31.78,52.20,4.981,5.01,4.98,51725
2026-05-04 16:49:28.215,--,--,--,--,--,--,--,--,-137.71,55.35,-71.52,-228.05,--,--,--,--,--,--,--,--,26.02,25.83,24.89,25.82,1359,1359,1359,1359,1359,1359,1359,1359,0,0,0,0,0,0,0,0,27.24,31.78,51.45,4.981,5.04,5.01,51730
2026-05-04 16:49:28.305,--,--,--,--,--,--,--,--,-137.72,55.36,-71.53,-228.05,--,--,--,--,--,--,--,--,26.02,25.83,24.89,25.82,1359,1359,1359,1359,1359,1359,1359,1359,0,0,0,0,0,0,0,0,27.24,31.78,51.45,4.981,5.01,5.01,51735
2026-05-04 16:49:28.375,--,--,--,--,--,--,--,--,-137.71,55.34,-71.52,-228.04,--,--,--,--,--,--,--,--,26.02,25.83,24.89,25.82,1359,1359,1359,1359,1359,1359,1359,1359,0,0,0,0,0,0,0,0,27.24,31.78,51.45,4.981,4.98,4.98,51740
2026-05-04 16:49:28.471,--,--,--,--,--,--,--,--,-137.71,55.36,-71.52,-228.05,--,--,--,--,--,--,--,--,26.02,25.83,24.89,25.82,1359,1359,1359,1359,1359,1359,1359,1359,0,0,0,0,0,0,0,0,27.24,31.78,52.20,4.981,5.01,4.98,51745
2026-05-04 16:49:28.558,--,--,--,--,--,--,--,--,-137.71,55.35,-71.53,-228.05,--,--,--,--,--,--,--,--,26.02,25.83,24.89,25.82,1359,1359,1359,1359,1359,1359,1359,1359,0,0,0,0,0,0,0,0,27.24,31.78,51.45,4.981,5.01,4.98,51750
2026-05-04 16:49:28.616,--,--,--,--,--,--,--,--,-137.70,55.35,-71.53,-228.05,--,--,--,--,--,--,--,--,26.02,25.83,24.96,25.82,1950,1950,1950,1950,1950,1950,1950,1950,0,0,0,0,0,0,0,0,27.24,31.78,51.45,4.981,4.98,4.98,53884
2026-05-04 16:49:28.654,--,--,--,--,--,--,--,--,-137.71,55.36,-71.51,-228.05,--,--,--,--,--,--,--,--,26.02,25.83,24.96,25.82,1950,1950,1950,1950,1950,1950,1950,1950,0,0,0,0,0,0,0,0,27.24,31.78,51.45,4.981,4.95,5.01,53889
2026-05-04 16:49:28.766,--,--,--,--,--,--,--,--,-137.71,55.35,-71.51,-228.05,--,--,--,--,--,--,--,--,26.02,25.83,24.96,25.82,1950,1950,1950,1950,1950,1950,1950,1950,0,0,0,0,0,0,0,0,27.24,31.78,51.45,4.981,5.01,5.01,53894
2026-05-04 16:49:28.891,--,--,--,--,--,--,--,--,-137.71,55.36,-71.52,-228.05,--,--,--,--,--,--,--,--,26.02,25.83,24.89,25.82,1950,1950,1950,1950,1950,1950,1950,1950,0,0,0,0,0,0,0,0,27.24,31.78,51.45,4.981,5.04,4.98,53899
2026-05-04 16:49:28.981,--,--,--,--,--,--,--,--,-137.72,55.35,-71.53,-228.05,--,--,--,--,--,--,--,--,26.02,25.83,24.96,25.82,1950,1950,1950,1950,1950,1950,1950,1950,0,0,0,0,0,0,0,0,27.24,31.78,51.45,4.981,4.95,4.98,53904
2026-05-04 16:49:29.082,--,--,--,--,--,--,--,--,-137.72,55.35,-71.52,-228.05,--,--,--,--,--,--,--,--,26.02,25.83,24.89,25.82,1950,1950,1950,1950,1950,1950,1950,1950,0,0,0,0,0,0,0,0,27.24,31.78,51.45,4.981,5.01,4.98,53909
2026-05-04 16:49:29.155,--,--,--,--,--,--,--,--,-137.71,55.35,-71.52,-228.05,--,--,--,--,--,--,--,--,26.02,25.83,24.96,25.82,1950,1950,1950,1950,1950,1950,1950,1950,0,0,0,0,0,0,0,0,27.24,31.78,52.20,4.981,5.04,4.98,53914
2026-05-04 16:49:29.241,--,--,--,--,--,--,--,--,-137.70,55.36,-71.52,-228.05,--,--,--,--,--,--,--,--,26.02,25.83,24.96,25.82,1950,1950,1950,1950,1950,1950,1950,1950,0,0,0,0,0,0,0,0,27.24,31.78,51.45,4.981,5.04,4.98,53919
2026-05-04 16:49:29.338,--,--,--,--,--,--,--,--,-137.72,55.35,-71.53,-228.05,--,--,--,--,--,--,--,--,26.02,25.83,24.96,25.82,1950,1950,1950,1950,1950,1950,1950,1950,0,0,0,0,0,0,0,0,27.24,31.78,51.45,4.981,5.01,5.01,53924
2026-05-04 16:49:29.425,--,--,--,--,--,--,--,--,-137.71,55.36,-71.51,-228.05,--,--,--,--,--,--,--,--,26.02,25.83,24.89,25.82,1950,1950,1950,1950,1950,1950,1950,1950,0,0,0,0,0,0,0,0,27.24,31.78,51.45,4.981,4.95,4.98,53929
2026-05-04 16:49:29.496,--,--,--,--,--,--,--,--,-137.72,55.35,-71.51,-228.05,--,--,--,--,--,--,--,--,26.02,25.83,24.89,25.82,1950,1950,1950,1950,1950,1950,1950,1950,0,0,0,0,0,0,0,0,27.24,31.78,51.45,4.981,4.98,4.98,53934
2026-05-04 16:49:29.601,--,--,--,--,--,--,--,--,-137.71,55.36,-71.53,-228.07,--,--,--,--,--,--,--,--,26.02,25.83,24.89,25.82,1950,1950,1950,1950,1950,1950,1950,1950,0,0,0,0,0,0,0,0,27.24,31.78,51.45,4.981,4.98,5.01,53939
2026-05-04 16:49:29.688,--,--,--,--,--,--,--,--,-137.72,55.35,-71.52,-228.05,--,--,--,--,--,--,--,--,26.02,25.83,24.96,25.82,1950,1950,1950,1950,1950,1950,1950,1950,0,0,0,0,0,0,0,0,27.24,31.78,51.45,4.981,4.95,4.98,53944
2026-05-04 16:49:29.763,--,--,--,--,--,--,--,--,-137.71,55.34,-71.53,-228.07,--,--,--,--,--,--,--,--,26.02,25.83,24.89,25.82,1950,1950,1950,1950,1950,1950,1950,1950,0,0,0,0,0,0,0,0,27.24,31.78,51.45,4.981,5.01,4.98,53949
2026-05-04 16:49:29.861,--,--,--,--,--,--,--,--,-137.71,55.35,-71.53,-228.05,--,--,--,--,--,--,--,--,26.02,25.83,24.96,25.82,1950,1950,1950,1950,1950,1950,1950,1950,0,0,0,0,0,0,0,0,27.24,31.78,51.45,4.981,5.01,4.98,53954
2026-05-04 16:49:29.949,--,--,--,--,--,--,--,--,-137.71,55.34,-71.52,-228.07,--,--,--,--,--,--,--,--,26.02,25.83,24.89,25.82,1950,1950,1950,1950,1950,1950,1950,1950,0,0,0,0,0,0,0,0,27.24,31.78,51.45,4.981,5.01,4.98,53959
2026-05-04 16:49:30.016,--,--,--,--,--,--,--,--,-137.71,55.35,-71.53,-228.05,--,--,--,--,--,--,--,--,26.02,25.83,24.89,25.82,1950,1950,1950,1950,1950,1950,1950,1950,0,0,0,0,0,0,0,0,27.24,31.78,51.45,4.981,5.04,4.98,53964
2026-05-04 16:49:30.110,--,--,--,--,--,--,--,--,-137.72,55.36,-71.51,-228.04,--,--,--,--,--,--,--,--,26.02,25.83,24.89,25.82,1950,1950,1950,1950,1950,1950,1950,1950,0,0,0,0,0,0,0,0,27.24,31.78,51.45,4.981,5.01,4.98,53969
2026-05-04 16:49:30.183,--,--,--,--,--,--,--,--,-137.72,55.35,-71.52,-228.07,--,--,--,--,--,--,--,--,26.02,25.83,24.96,25.82,1950,1950,1950,1950,1950,1950,1950,1950,0,0,0,0,0,0,0,0,27.24,31.78,51.45,4.981,4.98,4.98,53974
2026-05-04 16:49:30.274,--,--,--,--,--,--,--,--,-137.72,55.35,-71.53,-228.05,--,--,--,--,--,--,--,--,26.02,25.83,24.96,25.82,1950,1950,1950,1950,1950,1950,1950,1950,0,0,0,0,0,0,0,0,27.24,31.78,51.45,4.981,4.98,4.98,53979
2026-05-04 16:49:30.369,--,--,--,--,--,--,--,--,-137.72,55.35,-71.52,-228.05,--,--,--,--,--,--,--,--,26.02,25.83,24.89,25.82,1950,1950,1950,1950,1950,1950,1950,1950,0,0,0,0,0,0,0,0,27.24,31.78,51.45,4.981,5.01,4.98,53984
2026-05-04 16:49:30.439,--,--,--,--,--,--,--,--,-137.71,55.35,-71.53,-228.07,--,--,--,--,--,--,--,--,26.02,25.83,24.96,25.82,1950,1950,1950,1950,1950,1950,1950,1950,0,0,0,0,0,0,0,0,27.24,31.78,51.45,4.981,4.98,4.98,53989
2026-05-04 16:49:30.531,--,--,--,--,--,--,--,--,-137.72,55.35,-71.52,-228.05,--,--,--,--,--,--,--,--,26.02,25.83,24.96,25.82,1466,1466,1466,1466,1466,1466,1466,1466,0,0,0,0,0,0,0,0,27.24,31.02,51.45,4.981,5.01,4.98,55607
2026-05-04 16:49:30.622,--,--,--,--,--,--,--,--,-137.71,55.35,-71.53,-228.05,--,--,--,--,--,--,--,--,26.02,25.83,24.96,25.82,1466,1466,1466,1466,1466,1466,1466,1466,0,0,0,0,0,0,0,0,27.24,31.02,51.45,4.981,5.04,5.01,55612
2026-05-04 16:49:30.721,--,--,--,--,--,--,--,--,-137.71,55.36,-71.52,-228.05,--,--,--,--,--,--,--,--,26.02,25.83,24.96,25.82,1466,1466,1466,1466,1466,1466,1466,1466,0,0,0,0,0,0,0,0,27.24,31.78,51.45,4.981,5.01,5.01,55617
2026-05-04 16:49:30.863,--,--,--,--,--,--,--,--,-137.71,55.36,-71.52,-228.05,--,--,--,--,--,--,--,--,26.02,25.83,24.96,25.82,1466,1466,1466,1466,1466,1466,1466,1466,0,0,0,0,0,0,0,0,27.24,31.78,51.45,4.981,4.98,4.98,55622
2026-05-04 16:49:30.897,--,--,--,--,--,--,--,--,-137.72,55.35,-71.52,-228.05,--,--,--,--,--,--,--,--,26.02,25.83,24.96,25.82,1466,1466,1466,1466,1466,1466,1466,1466,0,0,0,0,0,0,0,0,27.24,31.78,52.20,4.981,5.04,4.98,55625
2026-05-04 16:49:30.924,--,--,--,--,--,--,--,--,-137.72,55.35,-71.52,-228.05,--,--,--,--,--,--,--,--,26.02,25.83,24.96,25.82,1466,1466,1466,1466,1466,1466,1466,1466,0,0,0,0,0,0,0,0,27.24,31.78,51.45,4.981,5.01,4.98,55626
2026-05-04 16:49:30.970,--,--,--,--,--,--,--,--,-137.71,55.35,-71.52,-228.05,--,--,--,--,--,--,--,--,26.02,25.83,24.96,25.82,1466,1466,1466,1466,1466,1466,1466,1466,0,0,0,0,0,0,0,0,27.24,31.78,51.45,4.981,5.01,4.98,55631
2026-05-04 16:49:31.113,--,--,--,--,--,--,--,--,-137.71,55.35,-71.52,-228.05,--,--,--,--,--,--,--,--,26.02,25.83,24.96,25.82,1466,1466,1466,1466,1466,1466,1466,1466,0,0,0,0,0,0,0,0,27.24,31.78,51.45,4.981,5.01,4.98,55636
2026-05-04 16:49:31.236,--,--,--,--,--,--,--,--,-137.72,55.35,-71.53,-228.07,--,--,--,--,--,--,--,--,26.02,25.83,24.96,25.82,1466,1466,1466,1466,1466,1466,1466,1466,0,0,0,0,0,0,0,0,27.24,31.78,52.20,4.981,4.98,4.98,55641
2026-05-04 16:49:31.330,--,--,--,--,--,--,--,--,-137.70,55.36,-71.52,-228.05,--,--,--,--,--,--,--,--,26.02,25.83,24.96,25.82,1466,1466,1466,1466,1466,1466,1466,1466,0,0,0,0,0,0,0,0,27.24,31.78,52.20,4.981,5.04,4.98,55646
2026-05-04 16:49:31.427,--,--,--,--,--,--,--,--,-137.71,55.34,-71.53,-228.07,--,--,--,--,--,--,--,--,26.02,25.83,24.96,25.82,1466,1466,1466,1466,1466,1466,1466,1466,0,0,0,0,0,0,0,0,27.24,31.78,52.20,4.981,5.04,4.98,55651
2026-05-04 16:49:31.522,--,--,--,--,--,--,--,--,-137.70,55.36,-71.52,-228.05,--,--,--,--,--,--,--,--,26.02,25.83,24.96,25.82,1466,1466,1466,1466,1466,1466,1466,1466,0,0,0,0,0,0,0,0,27.24,31.78,51.45,4.981,4.98,4.98,55656
2026-05-04 16:49:31.619,--,--,--,--,--,--,--,--,-137.71,55.35,-71.53,-228.05,--,--,--,--,--,--,--,--,26.02,25.83,24.96,25.82,1466,1466,1466,1466,1466,1466,1466,1466,0,0,0,0,0,0,0,0,27.24,31.78,51.45,4.981,5.01,4.98,55661
2026-05-04 16:49:31.717,--,--,--,--,--,--,--,--,-137.71,55.36,-71.52,-228.05,--,--,--,--,--,--,--,--,26.02,25.83,24.96,25.82,1466,1466,1466,1466,1466,1466,1466,1466,0,0,0,0,0,0,0,0,27.24,31.78,51.45,4.981,4.98,4.98,55666
2026-05-04 16:49:31.816,--,--,--,--,--,--,--,--,-137.70,55.35,-71.52,-228.05,--,--,--,--,--,--,--,--,26.02,25.83,24.96,25.82,1466,1466,1466,1466,1466,1466,1466,1466,0,0,0,0,0,0,0,0,27.24,31.78,51.45,4.981,5.01,4.98,55671
2026-05-04 16:49:31.888,--,--,--,--,--,--,--,--,-137.72,55.35,-71.52,-228.05,--,--,--,--,--,--,--,--,26.02,25.83,24.96,25.82,1466,1466,1466,1466,1466,1466,1466,1466,0,0,0,0,0,0,0,0,27.24,31.78,51.45,4.981,5.01,4.98,55676
2026-05-04 16:49:31.980,--,--,--,--,--,--,--,--,-137.72,55.36,-71.52,-228.05,--,--,--,--,--,--,--,--,26.02,25.83,24.96,25.82,1466,1466,1466,1466,1466,1466,1466,1466,0,0,0,0,0,0,0,0,27.24,31.78,52.20,4.981,4.98,4.98,55681
2026-05-04 16:49:32.076,--,--,--,--,--,--,--,--,-137.71,55.36,-71.53,-228.05,--,--,--,--,--,--,--,--,26.02,25.83,24.96,25.82,1466,1466,1466,1466,1466,1466,1466,1466,0,0,0,0,0,0,0,0,27.24,31.78,51.45,4.981,5.04,4.98,55686
2026-05-04 16:49:32.144,--,--,--,--,--,--,--,--,-137.71,55.35,-71.52,-228.05,--,--,--,--,--,--,--,--,26.02,25.83,24.96,25.82,1466,1466,1466,1466,1466,1466,1466,1466,0,0,0,0,0,0,0,0,27.24,31.78,51.45,4.981,5.01,4.98,55691
2026-05-04 16:49:32.235,--,--,--,--,--,--,--,--,-137.71,55.36,-71.52,-228.05,--,--,--,--,--,--,--,--,26.02,25.83,24.96,25.82,1466,1466,1466,1466,1466,1466,1466,1466,0,0,0,0,0,0,0,0,27.24,31.78,52.20,4.981,4.98,4.98,55696
2026-05-04 16:49:32.302,--,--,--,--,--,--,--,--,-137.71,55.35,-71.52,-228.05,--,--,--,--,--,--,--,--,26.02,25.83,24.96,25.82,1466,1466,1466,1466,1466,1466,1466,1466,0,0,0,0,0,0,0,0,27.24,31.78,51.45,4.981,4.98,4.98,55701
2026-05-04 16:49:32.396,--,--,--,--,--,--,--,--,-137.72,55.35,-71.52,-228.05,--,--,--,--,--,--,--,--,26.02,25.83,24.96,25.82,1466,1466,1466,1466,1466,1466,1466,1466,0,0,0,0,0,0,0,0,27.24,31.78,52.20,4.981,5.01,4.98,55706
2026-05-04 16:49:32.489,--,--,--,--,--,--,--,--,-137.72,55.34,-71.52,-228.05,--,--,--,--,--,--,--,--,26.02,25.83,24.96,25.82,1466,1466,1466,1466,1466,1466,1466,1466,0,0,0,0,0,0,0,0,27.24,31.78,51.45,4.981,4.98,4.98,55711
2026-05-04 16:49:32.556,--,--,--,--,--,--,--,--,-137.71,55.36,-71.52,-228.05,--,--,--,--,--,--,--,--,26.02,25.83,24.96,25.82,1466,1466,1466,1466,1466,1466,1466,1466,0,0,0,0,0,0,0,0,27.24,31.78,51.45,4.981,5.01,4.98,55716
2026-05-04 16:49:32.649,--,--,--,--,--,--,--,--,-137.71,55.36,-71.52,-228.05,--,--,--,--,--,--,--,--,26.02,25.83,24.96,25.82,1466,1466,1466,1466,1466,1466,1466,1466,0,0,0,0,0,0,0,0,27.24,31.78,51.45,4.981,4.98,4.98,55721
2026-05-04 16:49:32.741,--,--,--,--,--,--,--,--,-137.71,55.35,-71.52,-228.04,--,--,--,--,--,--,--,--,26.02,25.83,24.96,25.82,1466,1466,1466,1466,1466,1466,1466,1466,0,0,0,0,0,0,0,0,27.24,31.78,51.45,4.981,4.98,4.98,55726
2026-05-04 16:49:32.808,--,--,--,--,--,--,--,--,-137.71,55.35,-71.52,-228.07,--,--,--,--,--,--,--,--,26.02,25.83,24.96,25.82,1466,1466,1466,1466,1466,1466,1466,1466,0,0,0,0,0,0,0,0,27.24,31.78,51.45,4.981,5.04,4.98,55731
2026-05-04 16:49:32.906,--,--,--,--,--,--,--,--,-137.72,55.35,-71.52,-228.05,--,--,--,--,--,--,--,--,26.02,25.83,24.96,25.89,1574,1574,1574,1574,1574,1574,1574,1574,0,0,0,0,0,0,0,0,27.24,31.78,51.45,4.981,5.04,4.98,57693
2026-05-04 16:49:32.981,--,--,--,--,--,--,--,--,-137.71,55.35,-71.52,-228.05,--,--,--,--,--,--,--,--,26.02,25.83,24.96,25.89,1574,1574,1574,1574,1574,1574,1574,1574,0,0,0,0,0,0,0,0,27.24,31.78,51.45,4.981,4.98,4.98,57698
2026-05-04 16:49:33.073,--,--,--,--,--,--,--,--,-137.71,55.36,-71.52,-228.05,--,--,--,--,--,--,--,--,26.09,25.83,24.96,25.89,1574,1574,1574,1574,1574,1574,1574,1574,0,0,0,0,0,0,0,0,27.24,31.78,51.45,4.981,4.95,4.98,57703
2026-05-04 16:49:33.128,--,--,--,--,--,--,--,--,-137.72,55.36,-71.52,-228.05,--,--,--,--,--,--,--,--,26.02,25.83,24.96,25.89,1574,1574,1574,1574,1574,1574,1574,1574,0,0,0,0,0,0,0,0,27.24,31.78,52.20,4.981,5.04,5.01,57708
2026-05-04 16:49:33.211,--,--,--,--,--,--,--,--,-137.70,55.35,-71.53,-228.05,--,--,--,--,--,--,--,--,26.02,25.83,24.96,25.89,1574,1574,1574,1574,1574,1574,1574,1574,0,0,0,0,0,0,0,0,27.24,31.78,51.45,4.981,5.01,4.98,57711
2026-05-04 16:49:33.341,--,--,--,--,--,--,--,--,-137.72,55.35,-71.52,-228.05,--,--,--,--,--,--,--,--,26.02,25.90,24.96,25.89,1574,1574,1574,1574,1574,1574,1574,1574,0,0,0,0,0,0,0,0,27.24,31.78,51.45,4.981,5.04,4.98,57712
2026-05-04 16:49:33.480,--,--,--,--,--,--,--,--,-137.71,55.35,-71.52,-228.05,--,--,--,--,--,--,--,--,26.02,25.83,24.96,25.89,1574,1574,1574,1574,1574,1574,1574,1574,0,0,0,0,0,0,0,0,27.24,31.78,51.45,4.981,4.98,4.98,57717
2026-05-04 16:49:33.608,--,--,--,--,--,--,--,--,-137.72,55.35,-71.52,-228.07,--,--,--,--,--,--,--,--,26.02,25.83,24.96,25.89,1574,1574,1574,1574,1574,1574,1574,1574,0,0,0,0,0,0,0,0,27.24,31.78,51.45,4.981,4.98,4.98,57722
2026-05-04 16:49:33.714,--,--,--,--,--,--,--,--,-137.72,55.36,-71.52,-228.07,--,--,--,--,--,--,--,--,26.02,25.83,24.96,25.89,1574,1574,1574,1574,1574,1574,1574,1574,0,0,0,0,0,0,0,0,27.24,31.78,51.45,4.981,5.04,5.01,57727
2026-05-04 16:49:33.810,--,--,--,--,--,--,--,--,-137.71,55.35,-71.52,-228.05,--,--,--,--,--,--,--,--,26.09,25.83,24.96,25.89,1574,1574,1574,1574,1574,1574,1574,1574,0,0,0,0,0,0,0,0,27.24,31.78,51.45,4.981,5.04,4.98,57732
2026-05-04 16:49:33.914,--,--,--,--,--,--,--,--,-137.70,55.35,-71.52,-228.07,--,--,--,--,--,--,--,--,26.02,25.83,24.96,25.89,1574,1574,1574,1574,1574,1574,1574,1574,0,0,0,0,0,0,0,0,27.24,31.78,51.45,4.981,5.04,4.98,57737
2026-05-04 16:49:34.009,--,--,--,--,--,--,--,--,-137.71,55.35,-71.52,-228.07,--,--,--,--,--,--,--,--,26.02,25.83,24.96,25.89,1574,1574,1574,1574,1574,1574,1574,1574,0,0,0,0,0,0,0,0,27.24,31.78,52.20,4.981,5.01,4.98,57742
2026-05-04 16:49:34.116,--,--,--,--,--,--,--,--,-137.71,55.35,-71.52,-228.05,--,--,--,--,--,--,--,--,26.02,25.83,24.96,25.89,1574,1574,1574,1574,1574,1574,1574,1574,0,0,0,0,0,0,0,0,27.24,31.78,51.45,4.981,5.04,5.01,57747
2026-05-04 16:49:34.212,--,--,--,--,--,--,--,--,-137.70,55.35,-71.52,-228.05,--,--,--,--,--,--,--,--,26.02,25.83,24.96,25.89,1574,1574,1574,1574,1574,1574,1574,1574,0,0,0,0,0,0,0,0,27.24,31.78,51.45,4.981,5.01,4.98,57752
2026-05-04 16:49:34.285,--,--,--,--,--,--,--,--,-137.72,55.36,-71.52,-228.05,--,--,--,--,--,--,--,--,26.02,25.83,24.96,25.89,1574,1574,1574,1574,1574,1574,1574,1574,0,0,0,0,0,0,0,0,27.24,31.78,51.45,4.981,5.01,5.01,57757
2026-05-04 16:49:34.390,--,--,--,--,--,--,--,--,-137.71,55.35,-71.52,-228.05,--,--,--,--,--,--,--,--,26.09,25.83,24.96,25.89,1574,1574,1574,1574,1574,1574,1574,1574,0,0,0,0,0,0,0,0,27.24,31.78,51.45,4.981,5.04,5.01,57762
2026-05-04 16:49:34.487,--,--,--,--,--,--,--,--,-137.71,55.36,-71.51,-228.07,--,--,--,--,--,--,--,--,26.02,25.83,24.96,25.89,1574,1574,1574,1574,1574,1574,1574,1574,0,0,0,0,0,0,0,0,27.24,31.78,51.45,4.981,5.01,5.01,57767
2026-05-04 16:49:34.558,--,--,--,--,--,--,--,--,-137.72,55.35,-71.52,-228.05,--,--,--,--,--,--,--,--,26.02,25.90,24.96,25.89,1574,1574,1574,1574,1574,1574,1574,1574,0,0,0,0,0,0,0,0,27.24,31.78,51.45,4.981,4.98,4.98,57772
2026-05-04 16:49:34.670,--,--,--,--,--,--,--,--,-137.71,55.35,-71.53,-228.07,--,--,--,--,--,--,--,--,26.02,25.83,24.96,25.89,1574,1574,1574,1574,1574,1574,1574,1574,0,0,0,0,0,0,0,0,27.24,31.78,51.45,4.981,5.04,4.98,57777
2026-05-04 16:49:34.763,--,--,--,--,--,--,--,--,-137.72,55.34,-71.52,-228.05,--,--,--,--,--,--,--,--,26.02,25.83,24.96,25.89,1574,1574,1574,1574,1574,1574,1574,1574,0,0,0,0,0,0,0,0,27.24,31.78,51.45,4.981,5.01,4.98,57782
2026-05-04 16:49:34.836,--,--,--,--,--,--,--,--,-137.71,55.35,-71.52,-228.05,--,--,--,--,--,--,--,--,26.02,25.83,24.96,25.89,1574,1574,1574,1574,1574,1574,1574,1574,0,0,0,0,0,0,0,0,27.24,31.78,51.45,4.981,5.01,4.98,57787
2026-05-04 16:49:34.944,--,--,--,--,--,--,--,--,-137.70,55.35,-71.53,-228.07,--,--,--,--,--,--,--,--,26.02,25.83,24.96,25.89,1574,1574,1574,1574,1574,1574,1574,1574,0,0,0,0,0,0,0,0,27.24,31.78,51.45,4.981,5.01,4.98,57792
2026-05-04 16:49:35.039,--,--,--,--,--,--,--,--,-137.70,55.35,-71.52,-228.05,--,--,--,--,--,--,--,--,26.02,25.83,24.96,25.89,1574,1574,1574,1574,1574,1574,1574,1574,0,0,0,0,0,0,0,0,27.24,31.78,51.45,4.981,5.01,4.98,57797
2026-05-04 16:49:35.114,--,--,--,--,--,--,--,--,-137.71,55.36,-71.51,-228.05,--,--,--,--,--,--,--,--,26.02,25.83,24.96,25.89,1574,1574,1574,1574,1574,1574,1574,1574,0,0,0,0,0,0,0,0,27.24,31.78,51.45,4.981,5.01,4.98,57802
2026-05-04 16:49:35.218,--,--,--,--,--,--,--,--,-137.71,55.36,-71.52,-228.05,--,--,--,--,--,--,--,--,26.02,25.83,24.96,25.89,1574,1574,1574,1574,1574,1574,1574,1574,0,0,0,0,0,0,0,0,27.24,31.78,51.45,4.981,5.01,4.98,57807
2026-05-04 16:49:35.316,--,--,--,--,--,--,--,--,-137.71,55.35,-71.53,-228.07,--,--,--,--,--,--,--,--,26.09,25.90,24.96,25.89,1480,1480,1480,1480,1480,1480,1480,1480,0,0,0,0,0,0,0,0,27.24,31.02,51.45,4.981,5.04,4.98,59703
2026-05-04 16:49:35.392,--,--,--,--,--,--,--,--,-137.72,55.35,-71.52,-228.05,--,--,--,--,--,--,--,--,26.09,25.90,24.96,25.89,1480,1480,1480,1480,1480,1480,1480,1480,0,0,0,0,0,0,0,0,27.24,31.78,52.20,4.981,5.01,4.98,59708
2026-05-04 16:49:35.504,--,--,--,--,--,--,--,--,-137.71,55.36,-71.51,-228.05,--,--,--,--,--,--,--,--,26.09,25.83,24.96,25.89,1480,1480,1480,1480,1480,1480,1480,1480,0,0,0,0,0,0,0,0,27.24,31.78,51.45,4.981,5.01,4.98,59713
2026-05-04 16:49:35.595,--,--,--,--,--,--,--,--,-137.70,55.36,-71.52,-228.05,--,--,--,--,--,--,--,--,26.02,25.90,24.96,25.89,1480,1480,1480,1480,1480,1480,1480,1480,0,0,0,0,0,0,0,0,27.24,31.78,51.45,4.981,4.98,4.98,59718
2026-05-04 16:49:35.689,--,--,--,--,--,--,--,--,-137.70,55.35,-71.53,-228.05,--,--,--,--,--,--,--,--,26.09,25.90,24.96,25.89,1480,1480,1480,1480,1480,1480,1480,1480,0,0,0,0,0,0,0,0,27.24,31.78,51.45,4.981,5.01,4.98,59723
2026-05-04 16:49:35.773,--,--,--,--,--,--,--,--,-137.71,55.35,-71.51,-228.05,--,--,--,--,--,--,--,--,26.09,25.83,24.96,25.89,1480,1480,1480,1480,1480,1480,1480,1480,0,0,0,0,0,0,0,0,27.24,31.78,51.45,4.981,4.98,4.98,59728
2026-05-04 16:49:35.832,--,--,--,--,--,--,--,--,-137.71,55.35,-71.52,-228.07,--,--,--,--,--,--,--,--,26.02,25.90,24.96,25.89,1480,1480,1480,1480,1480,1480,1480,1480,0,0,0,0,0,0,0,0,27.24,31.78,51.45,4.981,5.01,4.98,59731
2026-05-04 16:49:36.051,--,--,--,--,--,--,--,--,-137.71,55.36,-71.52,-228.07,--,--,--,--,--,--,--,--,26.02,25.90,24.96,25.89,1480,1480,1480,1480,1480,1480,1480,1480,0,0,0,0,0,0,0,0,27.24,31.78,51.45,4.981,5.04,4.98,59732
2026-05-04 16:49:36.174,--,--,--,--,--,--,--,--,-137.72,55.35,-71.52,-228.07,--,--,--,--,--,--,--,--,26.09,25.83,24.96,25.89,1480,1480,1480,1480,1480,1480,1480,1480,0,0,0,0,0,0,0,0,27.24,31.78,51.45,4.981,5.04,4.98,59737
2026-05-04 16:49:36.271,--,--,--,--,--,--,--,--,-137.72,55.37,-71.49,-228.07,--,--,--,--,--,--,--,--,26.09,25.83,24.96,25.89,1480,1480,1480,1480,1480,1480,1480,1480,0,0,0,0,0,0,0,0,27.24,31.78,52.20,4.981,4.98,4.98,59742
2026-05-04 16:49:36.375,--,--,--,--,--,--,--,--,-137.72,55.35,-71.52,-228.05,--,--,--,--,--,--,--,--,26.02,25.90,24.96,25.89,1480,1480,1480,1480,1480,1480,1480,1480,0,0,0,0,0,0,0,0,27.24,31.78,51.45,4.981,5.01,4.98,59747
2026-05-04 16:49:36.473,--,--,--,--,--,--,--,--,-137.70,55.36,-71.52,-228.05,--,--,--,--,--,--,--,--,26.09,25.83,24.96,25.89,1480,1480,1480,1480,1480,1480,1480,1480,0,0,0,0,0,0,0,0,27.24,31.78,52.20,4.981,5.04,5.01,59752
2026-05-04 16:49:36.575,--,--,--,--,--,--,--,--,-137.71,55.37,-71.52,-228.05,--,--,--,--,--,--,--,--,26.09,25.83,24.96,25.89,1480,1480,1480,1480,1480,1480,1480,1480,0,0,0,0,0,0,0,0,27.24,31.78,51.45,4.981,5.01,5.01,59757
2026-05-04 16:49:36.674,--,--,--,--,--,--,--,--,-137.71,55.36,-71.52,-228.05,--,--,--,--,--,--,--,--,26.02,25.90,24.96,25.89,1480,1480,1480,1480,1480,1480,1480,1480,0,0,0,0,0,0,0,0,27.24,31.78,51.45,4.981,5.01,4.98,59762
2026-05-04 16:49:36.774,--,--,--,--,--,--,--,--,-137.71,55.35,-71.52,-228.05,--,--,--,--,--,--,--,--,26.09,25.83,24.96,25.89,1480,1480,1480,1480,1480,1480,1480,1480,0,0,0,0,0,0,0,0,27.24,31.78,51.45,4.981,5.01,4.98,59767
2026-05-04 16:49:36.875,--,--,--,--,--,--,--,--,-137.72,55.35,-71.52,-228.05,--,--,--,--,--,--,--,--,26.09,25.83,24.96,25.89,1480,1480,1480,1480,1480,1480,1480,1480,0,0,0,0,0,0,0,0,27.24,31.78,51.45,4.981,5.01,4.98,59772
2026-05-04 16:49:36.949,--,--,--,--,--,--,--,--,-137.71,55.37,-71.51,-228.05,--,--,--,--,--,--,--,--,26.02,25.90,24.96,25.89,1480,1480,1480,1480,1480,1480,1480,1480,0,0,0,0,0,0,0,0,27.24,31.78,51.45,4.981,4.98,4.98,59777
2026-05-04 16:49:37.058,--,--,--,--,--,--,--,--,-137.70,55.35,-71.53,-228.05,--,--,--,--,--,--,--,--,26.09,25.90,24.96,25.89,1480,1480,1480,1480,1480,1480,1480,1480,0,0,0,0,0,0,0,0,27.24,31.78,51.45,4.981,5.01,4.98,59782
2026-05-04 16:49:37.154,--,--,--,--,--,--,--,--,-137.71,55.35,-71.52,-228.05,--,--,--,--,--,--,--,--,26.09,25.83,24.96,25.89,1480,1480,1480,1480,1480,1480,1480,1480,0,0,0,0,0,0,0,0,27.24,31.78,51.45,4.981,5.01,4.98,59787
2026-05-04 16:49:37.229,--,--,--,--,--,--,--,--,-137.71,55.35,-71.52,-228.05,--,--,--,--,--,--,--,--,26.02,25.90,24.96,25.89,1480,1480,1480,1480,1480,1480,1480,1480,0,0,0,0,0,0,0,0,27.24,31.78,51.45,4.981,5.04,4.98,59792
2026-05-04 16:49:37.334,--,--,--,--,--,--,--,--,-137.72,55.36,-71.52,-228.05,--,--,--,--,--,--,--,--,26.09,25.90,24.96,25.89,1480,1480,1480,1480,1480,1480,1480,1480,0,0,0,0,0,0,0,0,27.24,31.78,51.45,4.981,5.01,4.98,59797
2026-05-04 16:49:37.429,--,--,--,--,--,--,--,--,-137.72,55.36,-71.52,-228.05,--,--,--,--,--,--,--,--,26.09,25.83,24.96,25.89,1480,1480,1480,1480,1480,1480,1480,1480,0,0,0,0,0,0,0,0,27.24,31.78,52.20,4.981,5.01,4.98,59802
2026-05-04 16:49:37.503,--,--,--,--,--,--,--,--,-137.71,55.35,-71.52,-228.07,--,--,--,--,--,--,--,--,26.09,25.90,24.96,25.89,1480,1480,1480,1480,1480,1480,1480,1480,0,0,0,0,0,0,0,0,27.24,31.78,51.45,4.981,5.01,4.98,59807
2026-05-04 16:49:37.605,--,--,--,--,--,--,--,--,-137.71,55.36,-71.52,-228.05,--,--,--,--,--,--,--,--,26.09,25.90,24.96,25.89,1480,1480,1480,1480,1480,1480,1480,1480,0,0,0,0,0,0,0,0,27.24,31.78,51.45,4.981,5.01,4.98,59812
2026-05-04 16:49:37.703,--,--,--,--,--,--,--,--,-137.70,55.35,-71.52,-228.05,--,--,--,--,--,--,--,--,26.09,25.83,24.96,25.89,1480,1480,1480,1480,1480,1480,1480,1480,0,0,0,0,0,0,0,0,27.24,31.78,51.45,4.981,4.95,4.98,59817
2026-05-04 16:49:37.780,--,--,--,--,--,--,--,--,-137.72,55.35,-71.52,-228.05,--,--,--,--,--,--,--,--,26.09,25.90,24.96,25.89,38,38,38,38,38,38,38,38,0,0,0,0,0,0,0,0,27.24,31.78,51.45,4.981,5.04,4.98,59822
2026-05-04 16:49:37.896,--,--,--,--,--,--,--,--,-137.71,55.34,-71.51,-228.05,--,--,--,--,--,--,--,--,26.09,25.90,24.96,25.89,138,138,138,138,138,138,138,138,0,0,0,0,0,0,0,0,27.24,31.78,50.69,4.981,4.98,4.98,59827
2026-05-04 16:49:38.001,--,--,--,--,--,--,--,--,-137.71,55.35,-71.52,-228.05,--,--,--,--,--,--,--,--,26.09,25.90,24.96,25.89,1116,1116,1116,1116,1116,1116,1116,1116,0,0,0,0,0,0,0,0,27.24,31.78,51.45,4.981,4.98,4.98,62067
2026-05-04 16:49:38.067,--,--,--,--,--,--,--,--,-137.72,55.36,-71.52,-228.05,--,--,--,--,--,--,--,--,26.09,25.90,24.96,25.89,1116,1116,1116,1116,1116,1116,1116,1116,0,0,0,0,0,0,0,0,27.24,31.78,51.45,4.981,4.98,5.01,62072
2026-05-04 16:49:38.165,--,--,--,--,--,--,--,--,-137.71,55.36,-71.52,-228.05,--,--,--,--,--,--,--,--,26.09,25.90,24.96,25.89,1116,1116,1116,1116,1116,1116,1116,1116,0,0,0,0,0,0,0,0,27.24,31.78,51.45,4.981,5.04,4.98,62077
2026-05-04 16:49:38.243,--,--,--,--,--,--,--,--,-137.70,55.36,-71.52,-228.05,--,--,--,--,--,--,--,--,26.09,25.90,24.96,25.89,1116,1116,1116,1116,1116,1116,1116,1116,0,0,0,0,0,0,0,0,27.24,31.78,52.20,4.981,5.01,4.98,62082
2026-05-04 16:49:38.336,--,--,--,--,--,--,--,--,-137.72,55.35,-71.52,-228.05,--,--,--,--,--,--,--,--,26.09,25.90,24.96,25.89,1116,1116,1116,1116,1116,1116,1116,1116,0,0,0,0,0,0,0,0,27.24,31.78,51.45,4.981,5.01,5.01,62087
2026-05-04 16:49:38.405,--,--,--,--,--,--,--,--,-137.71,55.35,-71.53,-228.05,--,--,--,--,--,--,--,--,26.09,25.90,24.96,25.89,1116,1116,1116,1116,1116,1116,1116,1116,0,0,0,0,0,0,0,0,27.24,31.78,51.45,4.981,5.01,4.98,62092
2026-05-04 16:49:38.502,--,--,--,--,--,--,--,--,-137.71,55.35,-71.51,-228.05,--,--,--,--,--,--,--,--,26.09,25.90,24.96,25.89,1116,1116,1116,1116,1116,1116,1116,1116,0,0,0,0,0,0,0,0,27.24,31.78,51.45,4.981,4.98,4.98,62097
2026-05-04 16:49:38.622,--,--,--,--,--,--,--,--,-137.72,55.35,-71.52,-228.05,--,--,--,--,--,--,--,--,26.09,25.90,24.96,25.89,1116,1116,1116,1116,1116,1116,1116,1116,0,0,0,0,0,0,0,0,27.24,31.78,52.20,4.981,5.04,5.01,62102
2026-05-04 16:49:38.677,--,--,--,--,--,--,--,--,-137.72,55.35,-71.52,-228.05,--,--,--,--,--,--,--,--,26.09,25.90,24.96,25.89,1116,1116,1116,1116,1116,1116,1116,1116,0,0,0,0,0,0,0,0,27.24,31.78,51.45,4.981,5.01,5.01,62104
2026-05-04 16:49:38.707,--,--,--,--,--,--,--,--,-137.71,55.34,-71.52,-228.04,--,--,--,--,--,--,--,--,26.09,25.90,24.96,25.89,1116,1116,1116,1116,1116,1116,1116,1116,0,0,0,0,0,0,0,0,27.24,31.78,51.45,4.981,4.98,4.98,62105
2026-05-04 16:49:38.764,--,--,--,--,--,--,--,--,-137.71,55.36,-71.51,-228.05,--,--,--,--,--,--,--,--,26.09,25.83,24.96,25.89,1116,1116,1116,1116,1116,1116,1116,1116,0,0,0,0,0,0,0,0,27.24,31.78,51.45,4.981,4.98,4.98,62110
2026-05-04 16:49:38.867,--,--,--,--,--,--,--,--,-137.70,55.35,-71.52,-228.07,--,--,--,--,--,--,--,--,26.09,25.90,24.96,25.89,1116,1116,1116,1116,1116,1116,1116,1116,0,0,0,0,0,0,0,0,27.24,31.78,51.45,4.981,5.01,4.98,62115
2026-05-04 16:49:38.995,--,--,--,--,--,--,--,--,-137.71,55.35,-71.51,-228.05,--,--,--,--,--,--,--,--,26.09,25.90,24.96,25.89,1116,1116,1116,1116,1116,1116,1116,1116,0,0,0,0,0,0,0,0,27.24,31.78,51.45,4.981,5.01,4.98,62120
2026-05-04 16:49:39.100,--,--,--,--,--,--,--,--,-137.72,55.35,-71.51,-228.05,--,--,--,--,--,--,--,--,26.09,25.90,24.96,25.89,1116,1116,1116,1116,1116,1116,1116,1116,0,0,0,0,0,0,0,0,27.24,31.78,51.45,4.981,5.01,4.98,62125
2026-05-04 16:49:39.196,--,--,--,--,--,--,--,--,-137.71,55.36,-71.51,-228.05,--,--,--,--,--,--,--,--,26.09,25.90,24.96,25.89,1116,1116,1116,1116,1116,1116,1116,1116,0,0,0,0,0,0,0,0,27.24,31.78,51.45,4.981,5.01,4.98,62130
2026-05-04 16:49:39.331,--,--,--,--,--,--,--,--,-137.72,55.35,-71.52,-228.07,--,--,--,--,--,--,--,--,26.09,25.90,24.96,25.89,1116,1116,1116,1116,1116,1116,1116,1116,0,0,0,0,0,0,0,0,27.24,31.78,51.45,4.981,4.95,4.98,62135
2026-05-04 16:49:39.423,--,--,--,--,--,--,--,--,-137.72,55.34,-71.51,-228.05,--,--,--,--,--,--,--,--,26.09,25.90,24.96,25.89,1116,1116,1116,1116,1116,1116,1116,1116,0,0,0,0,0,0,0,0,27.24,31.78,51.45,4.981,5.01,4.98,62140
2026-05-04 16:49:39.516,--,--,--,--,--,--,--,--,-137.70,55.35,-71.52,-228.05,--,--,--,--,--,--,--,--,26.09,25.90,24.96,25.89,1116,1116,1116,1116,1116,1116,1116,1116,0,0,0,0,0,0,0,0,27.24,31.78,51.45,4.981,4.95,4.98,62145
2026-05-04 16:49:39.584,--,--,--,--,--,--,--,--,-137.72,55.35,-71.52,-228.07,--,--,--,--,--,--,--,--,26.09,25.90,24.96,25.89,1116,1116,1116,1116,1116,1116,1116,1116,0,0,0,0,0,0,0,0,27.24,31.78,51.45,4.981,5.04,4.98,62150
2026-05-04 16:49:39.677,--,--,--,--,--,--,--,--,-137.71,55.34,-71.52,-228.07,--,--,--,--,--,--,--,--,26.09,25.90,24.96,25.89,1116,1116,1116,1116,1116,1116,1116,1116,0,0,0,0,0,0,0,0,27.24,31.78,51.45,4.981,5.01,4.98,62155
2026-05-04 16:49:39.784,--,--,--,--,--,--,--,--,-137.72,55.35,-71.52,-228.07,--,--,--,--,--,--,--,--,26.09,25.90,24.96,25.89,1116,1116,1116,1116,1116,1116,1116,1116,0,0,0,0,0,0,0,0,27.24,31.78,51.45,4.981,5.04,4.98,62160
2026-05-04 16:49:39.855,--,--,--,--,--,--,--,--,-137.71,55.36,-71.52,-228.05,--,--,--,--,--,--,--,--,26.09,25.90,24.96,25.89,1116,1116,1116,1116,1116,1116,1116,1116,0,0,0,0,0,0,0,0,27.24,31.78,51.45,4.981,4.98,4.98,62165
2026-05-04 16:49:39.956,--,--,--,--,--,--,--,--,-137.71,55.35,-71.52,-228.07,--,--,--,--,--,--,--,--,26.09,25.90,24.96,25.89,1116,1116,1116,1116,1116,1116,1116,1116,0,0,0,0,0,0,0,0,27.24,31.78,51.45,4.981,5.04,4.98,62170
2026-05-04 16:49:40.050,--,--,--,--,--,--,--,--,-137.71,55.36,-71.51,-228.05,--,--,--,--,--,--,--,--,26.09,25.90,24.96,25.89,1116,1116,1116,1116,1116,1116,1116,1116,0,0,0,0,0,0,0,0,27.24,31.78,52.20,4.981,5.01,4.98,62175
2026-05-04 16:49:40.123,--,--,--,--,--,--,--,--,-137.72,55.35,-71.52,-228.04,--,--,--,--,--,--,--,--,26.09,25.90,24.96,25.89,1116,1116,1116,1116,1116,1116,1116,1116,0,0,0,0,0,0,0,0,27.24,31.78,51.45,4.981,5.01,5.01,62180
2026-05-04 16:49:40.259,--,--,--,--,--,--,--,--,-137.71,55.36,-71.52,-228.05,--,--,--,--,--,--,--,--,26.09,25.90,24.96,25.89,1116,1116,1116,1116,1116,1116,1116,1116,0,0,0,0,0,0,0,0,27.24,31.78,51.45,4.981,4.98,4.98,62185
2026-05-04 16:49:40.329,--,--,--,--,--,--,--,--,-137.71,55.35,-71.52,-228.05,--,--,--,--,--,--,--,--,26.09,25.90,24.96,25.89,1116,1116,1116,1116,1116,1116,1116,1116,0,0,0,0,0,0,0,0,27.24,31.78,51.45,4.981,5.01,4.98,62190
2026-05-04 16:49:40.417,--,--,--,--,--,--,--,--,-137.72,55.35,-71.52,-228.05,--,--,--,--,--,--,--,--,26.09,25.90,24.96,25.89,1116,1116,1116,1116,1116,1116,1116,1116,0,0,0,0,0,0,0,0,27.24,31.78,51.45,4.981,5.01,4.98,62195
2026-05-04 16:49:40.487,--,--,--,--,--,--,--,--,-137.71,55.36,-71.52,-228.07,--,--,--,--,--,--,--,--,26.09,25.90,24.96,25.89,1116,1116,1116,1116,1116,1116,1116,1116,0,0,0,0,0,0,0,0,27.24,31.78,51.45,4.981,4.95,4.98,62200
2026-05-04 16:49:40.582,--,--,--,--,--,--,--,--,-137.71,55.35,-71.51,-228.05,--,--,--,--,--,--,--,--,26.09,25.90,24.96,25.89,1116,1116,1116,1116,1116,1116,1116,1116,0,0,0,0,0,0,0,0,27.24,31.78,51.45,4.981,5.01,4.98,62205
2026-05-04 16:49:40.652,--,--,--,--,--,--,--,--,-137.72,55.35,-71.52,-228.05,--,--,--,--,--,--,--,--,26.09,25.90,24.96,25.89,1116,1116,1116,1116,1116,1116,1116,1116,0,0,0,0,0,0,0,0,27.24,31.78,51.45,4.981,4.98,5.01,62210
2026-05-04 16:49:40.744,--,--,--,--,--,--,--,--,-137.70,55.34,-71.52,-228.05,--,--,--,--,--,--,--,--,26.09,25.90,24.96,25.96,1116,1116,1116,1116,1116,1116,1116,1116,0,0,0,0,0,0,0,0,27.24,31.78,51.45,4.981,5.04,4.98,64660
2026-05-04 16:49:40.812,--,--,--,--,--,--,--,--,-137.72,55.35,-71.52,-228.05,--,--,--,--,--,--,--,--,26.09,25.90,24.96,25.96,1116,1116,1116,1116,1116,1116,1116,1116,0,0,0,0,0,0,0,0,27.24,31.78,51.45,4.981,5.01,5.01,64665
2026-05-04 16:49:40.903,--,--,--,--,--,--,--,--,-137.72,55.35,-71.51,-228.05,--,--,--,--,--,--,--,--,26.09,25.90,24.96,25.96,1116,1116,1116,1116,1116,1116,1116,1116,0,0,0,0,0,0,0,0,27.24,31.78,51.45,4.981,5.01,4.98,64670
2026-05-04 16:49:40.957,--,--,--,--,--,--,--,--,-137.70,55.35,-71.52,-228.05,--,--,--,--,--,--,--,--,26.09,25.90,24.96,25.96,1116,1116,1116,1116,1116,1116,1116,1116,0,0,0,0,0,0,0,0,27.24,31.78,51.45,4.981,5.01,4.98,64675
2026-05-04 16:49:41.110,--,--,--,--,--,--,--,--,-137.72,55.34,-71.53,-228.05,--,--,--,--,--,--,--,--,26.09,25.90,24.96,25.96,1116,1116,1116,1116,1116,1116,1116,1116,0,0,0,0,0,0,0,0,27.24,31.78,51.45,4.981,5.01,4.98,64680
2026-05-04 16:49:41.215,--,--,--,--,--,--,--,--,-137.71,55.36,-71.52,-228.05,--,--,--,--,--,--,--,--,26.09,25.90,24.96,25.96,1116,1116,1116,1116,1116,1116,1116,1116,0,0,0,0,0,0,0,0,27.24,31.78,52.20,4.981,5.01,5.01,64685
2026-05-04 16:49:41.309,--,--,--,--,--,--,--,--,-137.71,55.36,-71.52,-228.04,--,--,--,--,--,--,--,--,26.09,25.90,24.96,25.96,1116,1116,1116,1116,1116,1116,1116,1116,0,0,0,0,0,0,0,0,27.24,31.78,51.45,4.981,4.98,5.01,64690
2026-05-04 16:49:41.405,--,--,--,--,--,--,--,--,-137.72,55.36,-71.52,-228.05,--,--,--,--,--,--,--,--,26.09,25.90,24.96,25.96,1116,1116,1116,1116,1116,1116,1116,1116,0,0,0,0,0,0,0,0,27.24,31.78,51.45,4.981,5.01,5.01,64695
2026-05-04 16:49:41.494,--,--,--,--,--,--,--,--,-137.72,55.35,-71.52,-228.05,--,--,--,--,--,--,--,--,26.09,25.90,24.96,25.96,1116,1116,1116,1116,1116,1116,1116,1116,0,0,0,0,0,0,0,0,27.24,31.78,51.45,4.981,5.01,4.98,64700
2026-05-04 16:49:41.587,--,--,--,--,--,--,--,--,-137.71,55.35,-71.52,-228.05,--,--,--,--,--,--,--,--,26.09,25.90,24.96,25.96,1116,1116,1116,1116,1116,1116,1116,1116,0,0,0,0,0,0,0,0,27.24,31.78,51.45,4.981,5.04,5.01,64705
2026-05-04 16:49:41.678,--,--,--,--,--,--,--,--,-137.72,55.36,-71.52,-228.05,--,--,--,--,--,--,--,--,26.09,25.90,24.96,25.96,1116,1116,1116,1116,1116,1116,1116,1116,0,0,0,0,0,0,0,0,27.24,31.78,51.45,4.981,5.01,5.01,64710
2026-05-04 16:49:41.749,--,--,--,--,--,--,--,--,-137.70,55.35,-71.52,-228.05,--,--,--,--,--,--,--,--,26.09,25.90,24.96,25.89,1116,1116,1116,1116,1116,1116,1116,1116,0,0,0,0,0,0,0,0,27.24,31.78,52.20,4.981,5.04,5.01,64715
2026-05-04 16:49:41.846,--,--,--,--,--,--,--,--,-137.71,55.35,-71.52,-228.05,--,--,--,--,--,--,--,--,26.09,25.90,24.96,25.96,1116,1116,1116,1116,1116,1116,1116,1116,0,0,0,0,0,0,0,0,27.24,31.78,51.45,4.981,5.01,5.01,64720
2026-05-04 16:49:41.941,--,--,--,--,--,--,--,--,-137.72,55.35,-71.52,-228.05,--,--,--,--,--,--,--,--,26.09,25.90,24.96,25.96,1116,1116,1116,1116,1116,1116,1116,1116,0,0,0,0,0,0,0,0,27.24,31.78,51.45,4.981,5.01,5.01,64725
2026-05-04 16:49:42.011,--,--,--,--,--,--,--,--,-137.71,55.35,-71.52,-228.05,--,--,--,--,--,--,--,--,26.09,25.90,24.96,25.96,1116,1116,1116,1116,1116,1116,1116,1116,0,0,0,0,0,0,0,0,27.24,31.78,51.45,4.981,5.01,4.98,64730
2026-05-04 16:49:42.106,--,--,--,--,--,--,--,--,-137.72,55.35,-71.52,-228.05,--,--,--,--,--,--,--,--,26.09,25.90,24.96,25.96,1116,1116,1116,1116,1116,1116,1116,1116,0,0,0,0,0,0,0,0,27.24,31.78,51.45,4.981,5.01,4.98,64735
2026-05-04 16:49:42.173,--,--,--,--,--,--,--,--,-137.71,55.35,-71.52,-228.07,--,--,--,--,--,--,--,--,26.09,25.90,24.96,25.96,1116,1116,1116,1116,1116,1116,1116,1116,0,0,0,0,0,0,0,0,27.24,31.78,51.45,4.981,4.98,4.98,64740
2026-05-04 16:49:42.262,--,--,--,--,--,--,--,--,-137.70,55.36,-71.52,-228.05,--,--,--,--,--,--,--,--,26.09,25.90,24.96,25.96,1116,1116,1116,1116,1116,1116,1116,1116,0,0,0,0,0,0,0,0,27.24,31.78,51.45,4.981,5.01,5.01,64745
2026-05-04 16:49:42.356,--,--,--,--,--,--,--,--,-137.71,55.37,-71.52,-228.05,--,--,--,--,--,--,--,--,26.09,25.90,24.96,25.96,1116,1116,1116,1116,1116,1116,1116,1116,0,0,0,0,0,0,0,0,27.24,31.78,51.45,4.981,5.01,5.01,64750
2026-05-04 16:49:42.443,--,--,--,--,--,--,--,--,-137.72,55.35,-71.52,-228.05,--,--,--,--,--,--,--,--,26.09,25.90,24.96,25.96,1116,1116,1116,1116,1116,1116,1116,1116,0,0,0,0,0,0,0,0,27.24,31.78,52.20,4.981,5.04,5.01,64755
2026-05-04 16:49:42.509,--,--,--,--,--,--,--,--,-137.72,55.36,-71.52,-228.05,--,--,--,--,--,--,--,--,26.09,25.90,24.96,25.89,1116,1116,1116,1116,1116,1116,1116,1116,0,0,0,0,0,0,0,0,27.24,31.78,51.45,4.981,5.04,4.98,64760
2026-05-04 16:49:42.599,--,--,--,--,--,--,--,--,-137.72,55.34,-71.53,-228.05,--,--,--,--,--,--,--,--,26.09,25.90,24.96,25.96,1116,1116,1116,1116,1116,1116,1116,1116,0,0,0,0,0,0,0,0,27.24,31.78,51.45,4.981,5.04,4.98,64765
2026-05-04 16:49:42.684,--,--,--,--,--,--,--,--,-137.71,55.36,-71.51,-228.05,--,--,--,--,--,--,--,--,26.09,25.90,24.96,25.96,1116,1116,1116,1116,1116,1116,1116,1116,0,0,0,0,0,0,0,0,27.24,31.78,51.45,4.981,5.04,4.98,64770
2026-05-04 16:49:42.750,--,--,--,--,--,--,--,--,-137.72,55.35,-71.52,-228.05,--,--,--,--,--,--,--,--,26.09,25.90,24.96,25.96,1116,1116,1116,1116,1116,1116,1116,1116,0,0,0,0,0,0,0,0,27.24,31.78,51.45,4.981,5.04,4.98,64775
2026-05-04 16:49:42.842,--,--,--,--,--,--,--,--,-137.71,55.35,-71.53,-228.05,--,--,--,--,--,--,--,--,26.09,25.90,24.96,25.96,1116,1116,1116,1116,1116,1116,1116,1116,0,0,0,0,0,0,0,0,27.24,31.78,51.45,4.981,5.04,4.98,66594
2026-05-04 16:49:42.930,--,--,--,--,--,--,--,--,-137.71,55.35,-71.53,-228.05,--,--,--,--,--,--,--,--,26.09,25.90,24.96,25.96,1116,1116,1116,1116,1116,1116,1116,1116,0,0,0,0,0,0,0,0,27.24,31.78,51.45,4.981,5.01,5.01,66599
2026-05-04 16:49:42.994,--,--,--,--,--,--,--,--,-137.71,55.36,-71.52,-228.05,--,--,--,--,--,--,--,--,26.09,25.90,24.96,25.96,1116,1116,1116,1116,1116,1116,1116,1116,0,0,0,0,0,0,0,0,27.24,31.78,51.45,4.981,5.01,4.98,66604
2026-05-04 16:49:43.077,--,--,--,--,--,--,--,--,-137.70,55.35,-71.52,-228.07,--,--,--,--,--,--,--,--,26.09,25.90,24.96,25.96,1116,1116,1116,1116,1116,1116,1116,1116,0,0,0,0,0,0,0,0,27.24,31.78,51.45,4.981,4.98,4.98,66609
2026-05-04 16:49:43.138,--,--,--,--,--,--,--,--,-137.72,55.36,-71.52,-228.05,--,--,--,--,--,--,--,--,26.09,25.90,24.96,25.96,1116,1116,1116,1116,1116,1116,1116,1116,0,0,0,0,0,0,0,0,27.24,31.78,51.45,4.981,5.01,4.98,66612
2026-05-04 16:49:43.301,--,--,--,--,--,--,--,--,-137.70,55.35,-71.52,-228.05,--,--,--,--,--,--,--,--,26.09,25.90,24.96,25.96,1116,1116,1116,1116,1116,1116,1116,1116,0,0,0,0,0,0,0,0,27.24,31.78,51.45,4.981,5.01,4.98,66613
2026-05-04 16:49:43.402,--,--,--,--,--,--,--,--,-137.71,55.35,-71.52,-228.07,--,--,--,--,--,--,--,--,26.09,25.90,24.96,25.96,1116,1116,1116,1116,1116,1116,1116,1116,0,0,0,0,0,0,0,0,27.24,31.78,52.20,4.981,5.04,5.01,66618
2026-05-04 16:49:43.503,--,--,--,--,--,--,--,--,-137.70,55.35,-71.52,-228.05,--,--,--,--,--,--,--,--,26.09,25.90,24.96,25.96,1116,1116,1116,1116,1116,1116,1116,1116,0,0,0,0,0,0,0,0,27.24,31.78,51.45,4.981,5.04,4.98,66623
2026-05-04 16:49:43.602,--,--,--,--,--,--,--,--,-137.71,55.35,-71.51,-228.05,--,--,--,--,--,--,--,--,26.09,25.90,24.96,25.96,1116,1116,1116,1116,1116,1116,1116,1116,0,0,0,0,0,0,0,0,27.24,31.78,51.45,4.981,5.01,5.01,66628
2026-05-04 16:49:43.691,--,--,--,--,--,--,--,--,-137.71,55.35,-71.53,-228.05,--,--,--,--,--,--,--,--,26.09,25.90,24.96,25.96,1116,1116,1116,1116,1116,1116,1116,1116,0,0,0,0,0,0,0,0,27.24,31.78,52.20,4.981,5.04,4.98,66633
2026-05-04 16:49:43.782,--,--,--,--,--,--,--,--,-137.72,55.36,-71.53,-228.05,--,--,--,--,--,--,--,--,26.09,25.90,24.96,25.96,1116,1116,1116,1116,1116,1116,1116,1116,0,0,0,0,0,0,0,0,27.24,31.78,52.20,4.981,5.04,5.01,66638
2026-05-04 16:49:43.871,--,--,--,--,--,--,--,--,-137.70,55.35,-71.52,-228.05,--,--,--,--,--,--,--,--,26.09,25.90,24.96,25.96,1116,1116,1116,1116,1116,1116,1116,1116,0,0,0,0,0,0,0,0,27.24,31.78,51.45,4.981,5.01,4.98,66643
2026-05-04 16:49:43.961,--,--,--,--,--,--,--,--,-137.70,55.35,-71.52,-228.05,--,--,--,--,--,--,--,--,26.09,25.90,24.96,25.96,1116,1116,1116,1116,1116,1116,1116,1116,0,0,0,0,0,0,0,0,27.24,31.78,51.45,4.981,5.01,4.98,66648
2026-05-04 16:49:44.029,--,--,--,--,--,--,--,--,-137.72,55.35,-71.52,-228.04,--,--,--,--,--,--,--,--,26.09,25.90,24.96,25.96,1116,1116,1116,1116,1116,1116,1116,1116,0,0,0,0,0,0,0,0,27.24,31.78,51.45,4.981,4.98,4.98,66653
2026-05-04 16:49:44.117,--,--,--,--,--,--,--,--,-137.70,55.36,-71.52,-228.05,--,--,--,--,--,--,--,--,26.09,25.90,24.96,25.96,1116,1116,1116,1116,1116,1116,1116,1116,0,0,0,0,0,0,0,0,27.24,31.78,51.45,4.981,5.01,4.98,66658
2026-05-04 16:49:44.210,--,--,--,--,--,--,--,--,-137.71,55.35,-71.52,-228.04,--,--,--,--,--,--,--,--,26.09,25.90,24.96,25.96,1116,1116,1116,1116,1116,1116,1116,1116,0,0,0,0,0,0,0,0,27.24,31.78,51.45,4.981,4.98,4.98,66663
2026-05-04 16:49:44.275,--,--,--,--,--,--,--,--,-137.71,55.36,-71.52,-228.07,--,--,--,--,--,--,--,--,26.09,25.90,24.96,25.96,1116,1116,1116,1116,1116,1116,1116,1116,0,0,0,0,0,0,0,0,27.24,31.78,51.45,4.981,5.04,5.01,66668
2026-05-04 16:49:44.389,--,--,--,--,--,--,--,--,-137.71,55.35,-71.51,-228.05,--,--,--,--,--,--,--,--,26.09,25.90,24.96,25.96,1116,1116,1116,1116,1116,1116,1116,1116,0,0,0,0,0,0,0,0,27.24,31.78,51.45,4.981,5.01,4.98,66673
2026-05-04 16:49:44.476,--,--,--,--,--,--,--,--,-137.72,55.35,-71.52,-228.07,--,--,--,--,--,--,--,--,26.09,25.90,24.96,25.96,1116,1116,1116,1116,1116,1116,1116,1116,0,0,0,0,0,0,0,0,27.24,31.78,51.45,4.981,5.04,5.01,66678
2026-05-04 16:49:44.569,--,--,--,--,--,--,--,--,-137.71,55.35,-71.52,-228.04,--,--,--,--,--,--,--,--,26.09,25.90,24.96,25.96,1116,1116,1116,1116,1116,1116,1116,1116,0,0,0,0,0,0,0,0,27.24,31.78,51.45,4.981,5.01,4.98,66683
2026-05-04 16:49:44.696,--,--,--,--,--,--,--,--,-137.71,55.34,-71.52,-228.04,--,--,--,--,--,--,--,--,26.09,25.90,24.96,25.96,1116,1116,1116,1116,1116,1116,1116,1116,0,0,0,0,0,0,0,0,27.24,31.78,51.45,4.981,5.04,4.98,66688
2026-05-04 16:49:44.763,--,--,--,--,--,--,--,--,-137.71,55.35,-71.52,-228.05,--,--,--,--,--,--,--,--,26.09,25.90,24.96,25.96,1116,1116,1116,1116,1116,1116,1116,1116,0,0,0,0,0,0,0,0,27.24,31.78,51.45,4.981,5.01,4.98,66693
2026-05-04 16:49:44.838,--,--,--,--,--,--,--,--,-137.71,55.35,-71.52,-228.05,--,--,--,--,--,--,--,--,26.09,25.90,24.96,25.96,1116,1116,1116,1116,1116,1116,1116,1116,0,0,0,0,0,0,0,0,27.24,31.78,51.45,4.981,5.01,4.98,66698
2026-05-04 16:49:44.954,--,--,--,--,--,--,--,--,-137.71,55.35,-71.51,-228.05,--,--,--,--,--,--,--,--,26.09,25.90,24.96,25.96,1116,1116,1116,1116,1116,1116,1116,1116,0,0,0,0,0,0,0,0,27.24,31.78,51.45,4.981,5.01,5.01,66703
2026-05-04 16:49:45.048,--,--,--,--,--,--,--,--,-137.70,55.35,-71.52,-228.04,--,--,--,--,--,--,--,--,26.09,25.90,24.96,25.96,1116,1116,1116,1116,1116,1116,1116,1116,0,0,0,0,0,0,0,0,27.24,31.78,51.45,4.981,5.01,4.98,66708
2026-05-04 16:49:45.141,--,--,--,--,--,--,--,--,-137.71,55.36,-71.52,-228.07,--,--,--,--,--,--,--,--,26.09,25.90,24.96,25.96,1116,1116,1116,1116,1116,1116,1116,1116,0,0,0,0,0,0,0,0,27.24,31.78,51.45,4.981,4.98,4.98,68555
2026-05-04 16:49:45.251,--,--,--,--,--,--,--,--,-137.70,55.35,-71.51,-228.05,--,--,--,--,--,--,--,--,26.16,25.90,24.96,25.96,1116,1116,1116,1116,1116,1116,1116,1116,0,0,0,0,0,0,0,0,27.24,31.78,51.45,4.981,5.04,4.98,68560
2026-05-04 16:49:45.340,--,--,--,--,--,--,--,--,-137.71,55.35,-71.52,-228.05,--,--,--,--,--,--,--,--,26.09,25.90,24.96,25.96,1116,1116,1116,1116,1116,1116,1116,1116,0,0,0,0,0,0,0,0,27.24,31.78,51.45,4.981,4.98,4.98,68565
2026-05-04 16:49:45.432,--,--,--,--,--,--,--,--,-137.72,55.35,-71.52,-228.05,--,--,--,--,--,--,--,--,26.09,25.90,24.96,25.96,1116,1116,1116,1116,1116,1116,1116,1116,0,0,0,0,0,0,0,0,27.24,31.78,51.45,4.981,5.01,5.01,68570
2026-05-04 16:49:45.518,--,--,--,--,--,--,--,--,-137.71,55.36,-71.52,-228.07,--,--,--,--,--,--,--,--,26.16,25.90,24.96,25.96,1116,1116,1116,1116,1116,1116,1116,1116,0,0,0,0,0,0,0,0,27.24,31.78,51.45,4.981,5.01,4.98,68575
2026-05-04 16:49:45.614,--,--,--,--,--,--,--,--,-137.72,55.36,-71.52,-228.07,--,--,--,--,--,--,--,--,26.16,25.90,24.96,25.96,1116,1116,1116,1116,1116,1116,1116,1116,0,0,0,0,0,0,0,0,27.24,31.78,51.45,4.981,4.98,4.98,68580
2026-05-04 16:49:45.725,--,--,--,--,--,--,--,--,-137.70,55.36,-71.52,-228.05,--,--,--,--,--,--,--,--,26.09,25.90,24.96,25.96,1116,1116,1116,1116,1116,1116,1116,1116,0,0,0,0,0,0,0,0,27.24,31.78,51.45,4.981,4.98,4.98,68585
2026-05-04 16:49:45.812,--,--,--,--,--,--,--,--,-137.71,55.36,-71.52,-228.05,--,--,--,--,--,--,--,--,26.16,25.90,24.96,25.96,1116,1116,1116,1116,1116,1116,1116,1116,0,0,0,0,0,0,0,0,27.24,31.78,51.45,4.981,5.01,4.98,68590
2026-05-04 16:49:45.912,--,--,--,--,--,--,--,--,-137.71,55.36,-71.53,-228.05,--,--,--,--,--,--,--,--,26.09,25.90,24.96,25.96,1116,1116,1116,1116,1116,1116,1116,1116,0,0,0,0,0,0,0,0,27.24,31.78,51.45,4.981,4.98,5.01,68595
2026-05-04 16:49:46.004,--,--,--,--,--,--,--,--,-137.72,55.35,-71.51,-228.05,--,--,--,--,--,--,--,--,26.09,25.90,24.96,25.96,1116,1116,1116,1116,1116,1116,1116,1116,0,0,0,0,0,0,0,0,27.24,31.78,51.45,4.981,4.98,4.98,68600
2026-05-04 16:49:46.124,--,--,--,--,--,--,--,--,-137.71,55.35,-71.52,-228.05,--,--,--,--,--,--,--,--,26.16,25.90,24.96,25.96,1116,1116,1116,1116,1116,1116,1116,1116,0,0,0,0,0,0,0,0,27.24,31.78,51.45,4.981,5.01,5.01,68605
2026-05-04 16:49:46.198,--,--,--,--,--,--,--,--,-137.71,55.35,-71.51,-228.05,--,--,--,--,--,--,--,--,26.16,25.90,24.96,25.96,1116,1116,1116,1116,1116,1116,1116,1116,0,0,0,0,0,0,0,0,27.24,31.78,51.45,4.981,5.04,4.98,68610
2026-05-04 16:49:46.296,--,--,--,--,--,--,--,--,-137.71,55.35,-71.53,-228.05,--,--,--,--,--,--,--,--,26.09,25.90,24.96,25.96,1116,1116,1116,1116,1116,1116,1116,1116,0,0,0,0,0,0,0,0,27.24,31.78,51.45,4.981,5.04,5.01,68615
2026-05-04 16:49:46.382,--,--,--,--,--,--,--,--,-137.72,55.36,-71.52,-228.07,--,--,--,--,--,--,--,--,26.16,25.90,24.96,25.96,1116,1116,1116,1116,1116,1116,1116,1116,0,0,0,0,0,0,0,0,27.24,31.78,52.20,4.981,5.01,4.98,68620
2026-05-04 16:49:46.461,--,--,--,--,--,--,--,--,-137.72,55.36,-71.52,-228.05,--,--,--,--,--,--,--,--,26.16,25.90,24.96,25.96,1116,1116,1116,1116,1116,1116,1116,1116,0,0,0,0,0,0,0,0,27.24,31.78,51.45,4.981,5.04,4.98,68625
2026-05-04 16:49:46.544,--,--,--,--,--,--,--,--,-137.71,55.35,-71.52,-228.05,--,--,--,--,--,--,--,--,26.09,25.90,24.96,25.96,1116,1116,1116,1116,1116,1116,1116,1116,0,0,0,0,0,0,0,0,27.24,31.78,51.45,4.981,5.01,4.98,68630
2026-05-04 16:49:46.643,--,--,--,--,--,--,--,--,-137.72,55.35,-71.52,-228.05,--,--,--,--,--,--,--,--,26.16,25.90,24.96,25.96,1116,1116,1116,1116,1116,1116,1116,1116,0,0,0,0,0,0,0,0,27.24,31.78,51.45,4.981,5.01,4.98,68635
2026-05-04 16:49:46.765,--,--,--,--,--,--,--,--,-137.72,55.35,-71.52,-228.04,--,--,--,--,--,--,--,--,26.16,25.90,24.96,25.96,1116,1116,1116,1116,1116,1116,1116,1116,0,0,0,0,0,0,0,0,27.24,31.78,51.45,4.981,4.98,5.01,68640
2026-05-04 16:49:46.867,--,--,--,--,--,--,--,--,-137.72,55.36,-71.52,-228.05,--,--,--,--,--,--,--,--,26.09,25.90,24.96,25.96,1116,1116,1116,1116,1116,1116,1116,1116,0,0,0,0,0,0,0,0,27.24,31.78,51.45,4.981,5.01,5.01,68645
2026-05-04 16:49:46.907,--,--,--,--,--,--,--,--,-137.71,55.35,-71.52,-228.05,--,--,--,--,--,--,--,--,26.09,25.90,24.96,25.96,1116,1116,1116,1116,1116,1116,1116,1116,0,0,0,0,0,0,0,0,27.24,31.78,51.45,4.981,5.01,4.98,68650
2026-05-04 16:49:46.972,--,--,--,--,--,--,--,--,-137.71,55.35,-71.52,-228.05,--,--,--,--,--,--,--,--,26.16,25.90,24.96,25.96,1116,1116,1116,1116,1116,1116,1116,1116,0,0,0,0,0,0,0,0,27.24,31.78,51.45,4.981,4.98,4.98,68655
2026-05-04 16:49:47.041,--,--,--,--,--,--,--,--,-137.71,55.35,-71.52,-228.07,--,--,--,--,--,--,--,--,26.09,25.90,24.96,25.96,1116,1116,1116,1116,1116,1116,1116,1116,0,0,0,0,0,0,0,0,27.24,31.78,51.45,4.981,4.98,4.98,68660
2026-05-04 16:49:47.110,--,--,--,--,--,--,--,--,-137.71,55.36,-71.52,-228.05,--,--,--,--,--,--,--,--,26.09,25.90,24.96,25.96,1116,1116,1116,1116,1116,1116,1116,1116,0,0,0,0,0,0,0,0,27.24,31.78,52.20,4.981,5.01,5.01,68665
2026-05-04 16:49:47.183,--,--,--,--,--,--,--,--,-137.72,55.35,-71.51,-228.07,--,--,--,--,--,--,--,--,26.16,25.90,24.96,25.96,1116,1116,1116,1116,1116,1116,1116,1116,0,0,0,0,0,0,0,0,27.24,31.78,51.45,4.981,5.04,4.98,68670
2026-05-04 16:50:34.159,--,--,--,--,--,--,--,--,-269.90,-122.02,-244.70,-228.04,--,--,--,--,--,--,--,--,-83.70,-83.27,-83.41,24.62,0,0,0,0,0,0,0,0,0,0,0,0,0,0,0,0,27.24,0.00,0.00,4.981,4.95,4.98,0
2026-05-04 16:50:34.265,--,--,--,--,--,--,--,--,-137.72,55.35,-71.52,-228.05,--,--,--,--,--,--,--,--,24.96,25.19,24.39,24.62,0,0,0,0,0,0,0,0,0,0,0,0,0,0,0,0,27.24,0.00,0.00,4.981,5.04,5.01,5
2026-05-04 16:50:34.377,--,--,--,--,--,--,--,--,-137.71,55.35,-71.51,-228.05,--,--,--,--,--,--,--,--,24.96,25.26,24.39,24.62,0,0,0,0,0,0,0,0,0,0,0,0,0,0,0,0,27.24,0.00,0.00,4.981,5.01,5.01,10
2026-05-04 16:50:34.476,--,--,--,--,--,--,--,--,-137.71,55.35,-71.52,-228.04,--,--,--,--,--,--,--,--,24.96,25.19,24.39,24.62,0,0,0,0,0,0,0,0,0,0,0,0,0,0,0,0,27.24,0.00,0.00,4.981,5.01,4.98,15
2026-05-04 16:50:34.607,--,--,--,--,--,--,--,--,-137.71,55.35,-71.53,-228.05,--,--,--,--,--,--,--,--,24.96,25.19,24.39,24.62,0,0,0,0,0,0,0,0,0,0,0,0,0,0,0,0,27.24,0.00,0.00,4.981,5.01,4.98,20
2026-05-04 16:50:34.664,--,--,--,--,--,--,--,--,-137.71,55.35,-71.52,-228.04,--,--,--,--,--,--,--,--,24.96,25.26,24.39,24.62,0,0,0,0,0,0,0,0,0,0,0,0,0,0,0,0,27.24,0.00,0.00,4.981,5.04,4.98,25
2026-05-04 16:50:34.820,--,--,--,--,--,--,--,--,-137.72,55.34,-71.52,-228.05,--,--,--,--,--,--,--,--,24.96,25.19,24.39,24.62,0,0,0,0,0,0,0,0,0,0,0,0,0,0,0,0,27.24,0.00,0.00,4.981,5.04,4.98,30
2026-05-04 16:50:34.836,--,--,--,--,--,--,--,--,-137.72,55.34,-71.52,-228.05,--,--,--,--,--,--,--,--,24.96,25.19,24.39,24.62,0,0,0,0,0,0,0,0,0,0,0,0,0,0,0,0,27.24,0.00,0.00,4.981,5.04,4.98,30
2026-05-04 16:50:34.906,--,--,--,--,--,--,--,--,-137.70,55.35,-71.52,-228.05,--,--,--,--,--,--,--,--,24.96,25.19,24.39,24.62,0,0,0,0,0,0,0,0,0,0,0,0,0,0,0,0,27.24,0.00,0.00,4.981,4.98,4.98,31
2026-05-04 16:50:35.012,--,--,--,--,--,--,--,--,-137.72,55.35,-71.52,-228.07,--,--,--,--,--,--,--,--,24.96,25.19,24.39,24.62,0,0,0,0,0,0,0,0,0,0,0,0,0,0,0,0,27.24,0.00,0.00,4.981,5.01,4.98,36
2026-05-04 16:50:35.078,--,--,--,--,--,--,--,--,-137.71,55.35,-71.52,-228.05,--,--,--,--,--,--,--,--,24.96,25.19,24.39,24.62,0,0,0,0,0,0,0,0,0,0,0,0,0,0,0,0,27.24,0.00,0.00,4.981,5.01,5.01,41
2026-05-04 16:50:35.136,--,--,--,--,--,--,--,--,-137.71,55.35,-71.52,-228.05,--,--,--,--,--,--,--,--,24.96,25.19,24.39,24.62,0,0,0,0,0,0,0,0,0,0,0,0,0,0,0,0,27.24,0.00,0.00,4.981,4.98,4.98,46
2026-05-04 16:50:35.252,--,--,--,--,--,--,--,--,-137.71,55.35,-71.52,-228.04,--,--,--,--,--,--,--,--,24.96,25.19,24.39,24.62,0,0,0,0,0,0,0,0,0,0,0,0,0,0,0,0,27.24,0.00,0.00,4.981,4.98,4.98,49
2026-05-04 16:50:35.266,--,--,--,--,--,--,--,--,-137.71,55.35,-71.52,-228.07,--,--,--,--,--,--,--,--,24.96,25.19,24.39,24.62,0,0,0,0,0,0,0,0,0,0,0,0,0,0,0,0,27.24,0.00,0.00,4.981,5.01,4.98,50
2026-05-04 16:50:35.327,--,--,--,--,--,--,--,--,-137.71,55.34,-71.52,-228.04,--,--,--,--,--,--,--,--,24.96,25.26,24.39,24.62,0,0,0,0,0,0,0,0,0,0,0,0,0,0,0,0,27.24,0.00,0.00,4.981,4.95,4.98,55
2026-05-04 16:50:35.380,--,--,--,--,--,--,--,--,-137.72,55.35,-71.52,-228.05,--,--,--,--,--,--,--,--,24.96,25.19,24.39,24.62,0,0,0,0,0,0,0,0,0,0,0,0,0,0,0,0,27.24,0.00,0.00,4.981,5.04,4.98,58
2026-05-04 16:50:35.501,--,--,--,--,--,--,--,--,-137.71,55.34,-71.52,-228.05,--,--,--,--,--,--,--,--,24.96,25.19,24.39,24.62,0,0,0,0,0,0,0,0,0,0,0,0,0,0,0,0,27.24,0.00,0.00,4.981,5.01,4.98,59
2026-05-04 16:50:35.638,--,--,--,--,--,--,--,--,-137.71,55.35,-71.52,-228.05,--,--,--,--,--,--,--,--,24.96,25.19,24.39,24.62,0,0,0,0,0,0,0,0,0,0,0,0,0,0,0,0,27.24,0.00,0.00,4.981,5.04,4.98,64
2026-05-04 16:50:35.742,--,--,--,--,--,--,--,--,-137.71,55.35,-71.52,-228.05,--,--,--,--,--,--,--,--,24.96,25.26,24.39,24.62,0,0,0,0,0,0,0,0,0,0,0,0,0,0,0,0,27.24,0.00,0.00,4.981,5.01,4.98,69
2026-05-04 16:50:35.839,--,--,--,--,--,--,--,--,-137.72,55.35,-71.52,-228.07,--,--,--,--,--,--,--,--,24.96,25.19,24.39,24.62,0,0,0,0,0,0,0,0,0,0,0,0,0,0,0,0,27.24,0.00,0.00,4.981,5.01,4.98,74
2026-05-04 16:50:35.945,--,--,--,--,--,--,--,--,-137.72,55.35,-71.52,-228.05,--,--,--,--,--,--,--,--,24.96,25.19,24.39,24.62,0,0,0,0,0,0,0,0,0,0,0,0,0,0,0,0,27.24,0.00,0.00,4.981,5.04,4.98,79
2026-05-04 16:50:36.038,--,--,--,--,--,--,--,--,-137.72,55.34,-71.52,-228.05,--,--,--,--,--,--,--,--,24.96,25.26,24.39,24.62,0,0,0,0,0,0,0,0,0,0,0,0,0,0,0,0,27.24,0.00,0.00,4.981,4.98,4.98,84
2026-05-04 16:50:36.142,--,--,--,--,--,--,--,--,-137.71,55.35,-71.51,-228.05,--,--,--,--,--,--,--,--,24.96,25.19,24.39,24.62,0,0,0,0,0,0,0,0,0,0,0,0,0,0,0,0,27.24,0.00,0.00,4.981,4.98,4.98,89
2026-05-04 16:50:36.211,--,--,--,--,--,--,--,--,-137.72,55.35,-71.52,-228.05,--,--,--,--,--,--,--,--,24.96,25.19,24.39,24.62,0,0,0,0,0,0,0,0,0,0,0,0,0,0,0,0,27.24,0.00,0.00,4.981,5.01,4.98,94
2026-05-04 16:50:36.305,--,--,--,--,--,--,--,--,-137.71,55.35,-71.52,-228.05,--,--,--,--,--,--,--,--,24.96,25.26,24.39,24.62,0,0,0,0,0,0,0,0,0,0,0,0,0,0,0,0,27.24,0.00,0.00,4.981,4.98,4.98,99
2026-05-04 16:50:36.413,--,--,--,--,--,--,--,--,-137.71,55.33,-71.52,-228.04,--,--,--,--,--,--,--,--,24.96,25.19,24.39,24.62,0,0,0,0,0,0,0,0,0,0,0,0,0,0,0,0,27.24,0.00,0.00,4.981,4.98,4.98,104
2026-05-04 16:50:36.482,--,--,--,--,--,--,--,--,-137.72,55.34,-71.52,-228.05,--,--,--,--,--,--,--,--,24.96,25.19,24.39,24.62,0,0,0,0,0,0,0,0,0,0,0,0,0,0,0,0,27.24,0.00,0.00,4.981,5.01,4.98,109
2026-05-04 16:50:36.577,--,--,--,--,--,--,--,--,-137.70,55.34,-71.52,-228.07,--,--,--,--,--,--,--,--,24.96,25.26,24.39,24.62,0,0,0,0,0,0,0,0,0,0,0,0,0,0,0,0,27.24,0.00,0.00,4.981,5.01,4.98,114
2026-05-04 16:50:36.683,--,--,--,--,--,--,--,--,-137.72,55.35,-71.52,-228.04,--,--,--,--,--,--,--,--,24.96,25.19,24.39,24.62,0,0,0,0,0,0,0,0,0,0,0,0,0,0,0,0,27.24,0.00,0.00,4.981,4.98,4.98,119
2026-05-04 16:50:36.753,--,--,--,--,--,--,--,--,-137.71,55.34,-71.52,-228.05,--,--,--,--,--,--,--,--,24.96,25.19,24.39,24.62,0,0,0,0,0,0,0,0,0,0,0,0,0,0,0,0,27.24,0.00,0.00,4.981,4.98,4.98,124
2026-05-04 16:50:36.847,--,--,--,--,--,--,--,--,-137.71,55.35,-71.52,-228.05,--,--,--,--,--,--,--,--,24.96,25.26,24.39,24.62,0,0,0,0,0,0,0,0,0,0,0,0,0,0,0,0,27.24,0.00,0.00,4.981,5.04,4.98,129
2026-05-04 16:50:36.921,--,--,--,--,--,--,--,--,-137.72,55.35,-71.51,-228.05,--,--,--,--,--,--,--,--,24.96,25.19,24.39,24.62,0,0,0,0,0,0,0,0,0,0,0,0,0,0,0,0,27.24,0.00,0.00,4.981,5.04,4.98,134
2026-05-04 16:50:37.033,--,--,--,--,--,--,--,--,-137.70,55.35,-71.52,-228.05,--,--,--,--,--,--,--,--,24.96,25.19,24.39,24.62,0,0,0,0,0,0,0,0,0,0,0,0,0,0,0,0,27.24,0.00,0.00,4.981,4.98,4.98,139
2026-05-04 16:50:37.113,--,--,--,--,--,--,--,--,-137.70,55.34,-71.52,-228.05,--,--,--,--,--,--,--,--,24.96,25.19,24.39,24.62,0,0,0,0,0,0,0,0,0,0,0,0,0,0,0,0,27.24,0.00,0.00,4.981,5.01,4.98,144
2026-05-04 16:50:37.216,--,--,--,--,--,--,--,--,-137.72,55.34,-71.52,-228.05,--,--,--,--,--,--,--,--,24.96,25.19,24.39,24.62,0,0,0,0,0,0,0,0,0,0,0,0,0,0,0,0,27.24,0.00,0.00,4.981,4.98,4.98,149
2026-05-04 16:50:37.293,--,--,--,--,--,--,--,--,-137.71,55.34,-71.52,-228.05,--,--,--,--,--,--,--,--,24.96,25.19,24.39,24.62,0,0,0,0,0,0,0,0,0,0,0,0,0,0,0,0,27.24,0.00,0.00,4.981,5.01,4.98,154
2026-05-04 16:50:37.404,--,--,--,--,--,--,--,--,-137.71,55.34,-71.52,-228.05,--,--,--,--,--,--,--,--,24.96,25.19,24.39,24.62,0,0,0,0,0,0,0,0,0,0,0,0,0,0,0,0,27.24,31.78,51.45,4.981,4.98,4.98,1275
2026-05-04 16:50:37.481,--,--,--,--,--,--,--,--,-137.71,55.35,-71.52,-228.04,--,--,--,--,--,--,--,--,24.96,25.26,24.39,24.62,0,0,0,0,0,0,0,0,0,0,0,0,0,0,0,0,27.24,31.78,51.45,4.981,4.98,4.98,1280
2026-05-04 16:50:37.566,--,--,--,--,--,--,--,--,-137.71,55.36,-71.52,-228.05,--,--,--,--,--,--,--,--,24.96,25.19,24.39,24.62,0,0,0,0,0,0,0,0,0,0,0,0,0,0,0,0,27.24,31.78,51.45,4.981,4.98,4.98,1285
2026-05-04 16:50:37.631,--,--,--,--,--,--,--,--,-137.71,55.34,-71.52,-228.05,--,--,--,--,--,--,--,--,24.96,25.19,24.39,24.62,0,0,0,0,0,0,0,0,0,0,0,0,0,0,0,0,27.24,31.78,51.45,4.981,4.98,4.98,1290
2026-05-04 16:50:37.747,--,--,--,--,--,--,--,--,-137.71,55.35,-71.52,-228.05,--,--,--,--,--,--,--,--,24.96,25.19,24.39,24.62,0,0,0,0,0,0,0,0,0,0,0,0,0,0,0,0,27.24,31.78,51.45,4.981,5.01,5.01,1293
2026-05-04 16:50:38.863,--,--,--,--,--,--,--,--,-137.71,55.34,-71.52,-228.05,--,--,--,--,--,--,--,--,25.03,25.26,24.39,24.62,0,0,0,0,0,0,0,0,0,0,0,0,0,0,0,0,27.24,31.78,52.20,4.981,5.01,5.01,1294
2026-05-04 16:50:38.942,--,--,--,--,--,--,--,--,-137.71,55.35,-71.52,-228.04,--,--,--,--,--,--,--,--,24.96,25.26,24.39,24.62,0,0,0,0,0,0,0,0,0,0,0,0,0,0,0,0,27.24,31.78,51.45,4.981,5.01,4.98,1299
2026-05-04 16:50:39.020,--,--,--,--,--,--,--,--,-137.71,55.35,-71.52,-228.05,--,--,--,--,--,--,--,--,24.96,25.19,24.39,24.62,0,0,0,0,0,0,0,0,0,0,0,0,0,0,0,0,27.24,31.78,51.45,4.981,5.01,5.01,1304
2026-05-04 16:50:39.078,--,--,--,--,--,--,--,--,-137.71,55.34,-71.52,-228.05,--,--,--,--,--,--,--,--,24.96,25.19,24.39,24.62,0,0,0,0,0,0,0,0,0,0,0,0,0,0,0,0,27.24,31.78,51.45,4.981,5.04,4.98,1309
2026-05-04 16:50:39.137,--,--,--,--,--,--,--,--,-137.71,55.34,-71.52,-228.05,--,--,--,--,--,--,--,--,24.96,25.19,24.39,24.62,0,0,0,0,0,0,0,0,0,0,0,0,0,0,0,0,27.24,31.78,51.45,4.981,5.01,4.98,1314
2026-05-04 16:50:39.221,--,--,--,--,--,--,--,--,-137.71,55.34,-71.52,-228.05,--,--,--,--,--,--,--,--,24.96,25.19,24.39,24.62,0,0,0,0,0,0,0,0,0,0,0,0,0,0,0,0,27.24,31.78,51.45,4.981,5.01,4.98,1319
2026-05-04 16:50:39.257,--,--,--,--,--,--,--,--,-137.71,55.34,-71.52,-228.05,--,--,--,--,--,--,--,--,25.03,25.19,24.39,24.62,0,0,0,0,0,0,0,0,0,0,0,0,0,0,0,0,27.24,31.78,51.45,4.981,5.04,4.98,1324
2026-05-04 16:50:39.328,--,--,--,--,--,--,--,--,-137.71,55.34,-71.52,-228.05,--,--,--,--,--,--,--,--,24.96,25.26,24.39,24.62,0,0,0,0,0,0,0,0,0,0,0,0,0,0,0,0,27.24,31.78,51.45,4.981,5.01,4.98,1329
2026-05-04 16:50:39.364,--,--,--,--,--,--,--,--,-137.71,55.34,-71.53,-228.05,--,--,--,--,--,--,--,--,24.96,25.19,24.39,24.62,0,0,0,0,0,0,0,0,0,0,0,0,0,0,0,0,27.24,31.78,51.45,4.981,5.01,4.98,1334
2026-05-04 16:50:39.401,--,--,--,--,--,--,--,--,-137.71,55.35,-71.52,-228.04,--,--,--,--,--,--,--,--,25.03,25.19,24.39,24.62,0,0,0,0,0,0,0,0,0,0,0,0,0,0,0,0,27.24,31.78,51.45,4.981,5.01,4.98,1339
2026-05-04 16:50:39.448,--,--,--,--,--,--,--,--,-137.72,55.34,-71.52,-228.05,--,--,--,--,--,--,--,--,24.96,25.19,24.39,24.62,0,0,0,0,0,0,0,0,0,0,0,0,0,0,0,0,27.24,31.78,51.45,4.981,4.98,4.98,1344
2026-05-04 16:50:39.489,--,--,--,--,--,--,--,--,-137.71,55.34,-71.52,-228.05,--,--,--,--,--,--,--,--,24.96,25.19,24.39,24.62,0,0,0,0,0,0,0,0,0,0,0,0,0,0,0,0,27.24,31.78,51.45,4.981,5.01,4.98,1349
2026-05-04 16:50:39.552,--,--,--,--,--,--,--,--,-137.70,55.36,-71.51,-228.04,--,--,--,--,--,--,--,--,25.03,25.19,24.39,24.62,0,0,0,0,0,0,0,0,0,0,0,0,0,0,0,0,27.24,31.78,51.45,4.981,5.01,5.01,1354
2026-05-04 16:50:39.595,--,--,--,--,--,--,--,--,-137.73,55.34,-71.52,-228.05,--,--,--,--,--,--,--,--,24.96,25.19,24.39,24.62,0,0,0,0,0,0,0,0,0,0,0,0,0,0,0,0,27.24,31.78,51.45,4.981,5.01,4.98,1359
2026-05-04 16:50:39.661,--,--,--,--,--,--,--,--,-137.71,55.35,-71.52,-228.05,--,--,--,--,--,--,--,--,24.96,25.19,24.39,24.62,0,0,0,0,0,0,0,0,0,0,0,0,0,0,0,0,27.24,31.78,51.45,4.981,4.95,4.98,1364
2026-05-04 16:50:39.712,--,--,--,--,--,--,--,--,-137.70,55.34,-71.52,-228.05,--,--,--,--,--,--,--,--,24.96,25.19,24.39,24.62,0,0,0,0,0,0,0,0,0,0,0,0,0,0,0,0,27.24,31.78,51.45,4.981,5.04,4.98,1369
2026-05-04 16:50:39.772,--,--,--,--,--,--,--,--,-137.71,55.34,-71.52,-228.04,--,--,--,--,--,--,--,--,24.96,25.19,24.39,24.62,0,0,0,0,0,0,0,0,0,0,0,0,0,0,0,0,27.24,31.78,51.45,4.981,4.98,4.98,1374
2026-05-04 16:50:39.835,--,--,--,--,--,--,--,--,-137.71,55.34,-71.52,-228.05,--,--,--,--,--,--,--,--,24.96,25.19,24.39,24.62,0,0,0,0,0,0,0,0,0,0,0,0,0,0,0,0,27.24,31.78,51.45,4.981,5.01,5.01,1379
2026-05-04 16:50:39.895,--,--,--,--,--,--,--,--,-137.72,55.34,-71.52,-228.05,--,--,--,--,--,--,--,--,24.96,25.19,24.39,24.62,0,0,0,0,0,0,0,0,0,0,0,0,0,0,0,0,27.24,31.78,51.45,4.981,4.98,4.98,1384
2026-05-04 16:50:39.957,--,--,--,--,--,--,--,--,-137.71,55.35,-71.54,-228.05,--,--,--,--,--,--,--,--,24.96,25.19,24.39,24.62,0,0,0,0,0,0,0,0,0,0,0,0,0,0,0,0,27.24,31.78,51.45,4.981,5.04,4.98,1389
2026-05-04 16:50:40.012,--,--,--,--,--,--,--,--,--,--,--,--,--,--,--,--,--,--,--,--,--,--,--,--,--,--,--,--,--,--,--,--,--,--,--,--,--,--,--,--,--,--,--,--,--,--,6946
2026-05-04 16:50:40.055,--,--,--,--,--,--,--,--,--,--,--,--,--,--,--,--,--,--,--,--,--,--,--,--,--,--,--,--,--,--,--,--,--,--,--,--,--,--,--,--,--,--,--,--,--,--,6951
2026-05-04 16:50:40.108,--,--,--,--,--,--,--,--,--,--,--,--,--,--,--,--,--,--,--,--,--,--,--,--,--,--,--,--,--,--,--,--,--,--,--,--,--,--,--,--,--,--,--,--,--,--,6956
2026-05-04 16:50:40.146,--,--,--,--,--,--,--,--,--,--,--,--,--,--,--,--,--,--,--,--,--,--,--,--,--,--,--,--,--,--,--,--,--,--,--,--,--,--,--,--,--,--,--,--,--,--,6961
2026-05-04 16:50:40.183,--,--,--,--,--,--,--,--,--,--,--,--,--,--,--,--,--,--,--,--,--,--,--,--,--,--,--,--,--,--,--,--,--,--,--,--,--,--,--,--,--,--,--,--,--,--,6966
2026-05-04 16:50:40.223,--,--,--,--,--,--,--,--,--,--,--,--,--,--,--,--,--,--,--,--,--,--,--,--,--,--,--,--,--,--,--,--,--,--,--,--,--,--,--,--,--,--,--,--,--,--,6971
2026-05-04 16:50:40.259,--,--,--,--,--,--,--,--,--,--,--,--,--,--,--,--,--,--,--,--,--,--,--,--,--,--,--,--,--,--,--,--,--,--,--,--,--,--,--,--,--,--,--,--,--,--,6976
2026-05-04 16:50:40.295,--,--,--,--,--,--,--,--,--,--,--,--,--,--,--,--,--,--,--,--,--,--,--,--,--,--,--,--,--,--,--,--,--,--,--,--,--,--,--,--,--,--,--,--,--,--,6981
2026-05-04 16:50:40.327,--,--,--,--,--,--,--,--,--,--,--,--,--,--,--,--,--,--,--,--,--,--,--,--,--,--,--,--,--,--,--,--,--,--,--,--,--,--,--,--,--,--,--,--,--,--,6986
2026-05-04 16:50:40.362,--,--,--,--,--,--,--,--,--,--,--,--,--,--,--,--,--,--,--,--,--,--,--,--,--,--,--,--,--,--,--,--,--,--,--,--,--,--,--,--,--,--,--,--,--,--,6991
2026-05-04 16:50:40.395,--,--,--,--,--,--,--,--,--,--,--,--,--,--,--,--,--,--,--,--,--,--,--,--,--,--,--,--,--,--,--,--,--,--,--,--,--,--,--,--,--,--,--,--,--,--,6996
2026-05-04 16:50:40.396,--,--,--,--,--,--,--,--,--,--,--,--,--,--,--,--,--,--,--,--,--,--,--,--,--,--,--,--,--,--,--,--,--,--,--,--,--,--,--,--,--,--,--,--,--,--,7001
2026-05-04 16:50:40.397,--,--,--,--,--,--,--,--,--,--,--,--,--,--,--,--,--,--,--,--,--,--,--,--,--,--,--,--,--,--,--,--,--,--,--,--,--,--,--,--,--,--,--,--,--,--,7006
2026-05-04 16:50:40.398,--,--,--,--,--,--,--,--,--,--,--,--,--,--,--,--,--,--,--,--,--,--,--,--,--,--,--,--,--,--,--,--,--,--,--,--,--,--,--,--,--,--,--,--,--,--,7011
2026-05-04 16:50:40.400,--,--,--,--,--,--,--,--,--,--,--,--,--,--,--,--,--,--,--,--,--,--,--,--,--,--,--,--,--,--,--,--,--,--,--,--,--,--,--,--,--,--,--,--,--,--,7016
2026-05-04 16:50:40.401,--,--,--,--,--,--,--,--,--,--,--,--,--,--,--,--,--,--,--,--,--,--,--,--,--,--,--,--,--,--,--,--,--,--,--,--,--,--,--,--,--,--,--,--,--,--,7021
2026-05-04 16:50:40.402,--,--,--,--,--,--,--,--,--,--,--,--,--,--,--,--,--,--,--,--,--,--,--,--,--,--,--,--,--,--,--,--,--,--,--,--,--,--,--,--,--,--,--,--,--,--,7026
2026-05-04 16:50:40.404,--,--,--,--,--,--,--,--,--,--,--,--,--,--,--,--,--,--,--,--,--,--,--,--,--,--,--,--,--,--,--,--,--,--,--,--,--,--,--,--,--,--,--,--,--,--,7031
2026-05-04 16:50:40.405,--,--,--,--,--,--,--,--,--,--,--,--,--,--,--,--,--,--,--,--,--,--,--,--,--,--,--,--,--,--,--,--,--,--,--,--,--,--,--,--,--,--,--,--,--,--,7036
2026-05-04 16:50:40.406,--,--,--,--,--,--,--,--,--,--,--,--,--,--,--,--,--,--,--,--,--,--,--,--,--,--,--,--,--,--,--,--,--,--,--,--,--,--,--,--,--,--,--,--,--,--,7041
2026-05-04 16:50:40.438,--,--,--,--,--,--,--,--,--,--,--,--,--,--,--,--,--,--,--,--,--,--,--,--,--,--,--,--,--,--,--,--,--,--,--,--,--,--,--,--,--,--,--,--,--,--,13449
2026-05-04 16:50:40.505,--,--,--,--,--,--,--,--,--,--,--,--,--,--,--,--,--,--,--,--,--,--,--,--,--,--,--,--,--,--,--,--,--,--,--,--,--,--,--,--,--,--,--,--,--,--,13454
2026-05-04 16:50:40.555,--,--,--,--,--,--,--,--,--,--,--,--,--,--,--,--,--,--,--,--,--,--,--,--,--,--,--,--,--,--,--,--,--,--,--,--,--,--,--,--,--,--,--,--,--,--,13459
2026-05-04 16:50:40.608,--,--,--,--,--,--,--,--,--,--,--,--,--,--,--,--,--,--,--,--,--,--,--,--,--,--,--,--,--,--,--,--,--,--,--,--,--,--,--,--,--,--,--,--,--,--,13464
2026-05-04 16:50:40.610,--,--,--,--,--,--,--,--,--,--,--,--,--,--,--,--,--,--,--,--,--,--,--,--,--,--,--,--,--,--,--,--,--,--,--,--,--,--,--,--,--,--,--,--,--,--,13469
2026-05-04 16:50:40.611,--,--,--,--,--,--,--,--,--,--,--,--,--,--,--,--,--,--,--,--,--,--,--,--,--,--,--,--,--,--,--,--,--,--,--,--,--,--,--,--,--,--,--,--,--,--,13474
2026-05-04 16:50:40.613,--,--,--,--,--,--,--,--,--,--,--,--,--,--,--,--,--,--,--,--,--,--,--,--,--,--,--,--,--,--,--,--,--,--,--,--,--,--,--,--,--,--,--,--,--,--,13479
2026-05-04 16:50:40.614,--,--,--,--,--,--,--,--,--,--,--,--,--,--,--,--,--,--,--,--,--,--,--,--,--,--,--,--,--,--,--,--,--,--,--,--,--,--,--,--,--,--,--,--,--,--,13484
2026-05-04 16:50:40.615,--,--,--,--,--,--,--,--,--,--,--,--,--,--,--,--,--,--,--,--,--,--,--,--,--,--,--,--,--,--,--,--,--,--,--,--,--,--,--,--,--,--,--,--,--,--,13489
2026-05-04 16:50:40.616,--,--,--,--,--,--,--,--,--,--,--,--,--,--,--,--,--,--,--,--,--,--,--,--,--,--,--,--,--,--,--,--,--,--,--,--,--,--,--,--,--,--,--,--,--,--,13490
2026-05-04 16:50:40.742,--,--,--,--,--,--,--,--,--,--,--,--,--,--,--,--,--,--,--,--,--,--,--,--,--,--,--,--,--,--,--,--,--,--,--,--,--,--,--,--,--,--,--,--,--,--,13491
2026-05-04 16:50:40.777,--,--,--,--,--,--,--,--,--,--,--,--,--,--,--,--,--,--,--,--,--,--,--,--,--,--,--,--,--,--,--,--,--,--,--,--,--,--,--,--,--,--,--,--,--,--,13496
2026-05-04 16:50:40.829,--,--,--,--,--,--,--,--,--,--,--,--,--,--,--,--,--,--,--,--,--,--,--,--,--,--,--,--,--,--,--,--,--,--,--,--,--,--,--,--,--,--,--,--,--,--,13501
2026-05-04 16:50:40.861,--,--,--,--,--,--,--,--,--,--,--,--,--,--,--,--,--,--,--,--,--,--,--,--,--,--,--,--,--,--,--,--,--,--,--,--,--,--,--,--,--,--,--,--,--,--,13506
2026-05-04 16:50:40.898,--,--,--,--,--,--,--,--,--,--,--,--,--,--,--,--,--,--,--,--,--,--,--,--,--,--,--,--,--,--,--,--,--,--,--,--,--,--,--,--,--,--,--,--,--,--,13511
2026-05-04 16:50:40.949,--,--,--,--,--,--,--,--,--,--,--,--,--,--,--,--,--,--,--,--,--,--,--,--,--,--,--,--,--,--,--,--,--,--,--,--,--,--,--,--,--,--,--,--,--,--,13516
2026-05-04 16:50:40.986,--,--,--,--,--,--,--,--,--,--,--,--,--,--,--,--,--,--,--,--,--,--,--,--,--,--,--,--,--,--,--,--,--,--,--,--,--,--,--,--,--,--,--,--,--,--,13521
2026-05-04 16:50:41.040,--,--,--,--,--,--,--,--,--,--,--,--,--,--,--,--,--,--,--,--,--,--,--,--,--,--,--,--,--,--,--,--,--,--,--,--,--,--,--,--,--,--,--,--,--,--,13526
2026-05-04 16:50:41.090,--,--,--,--,--,--,--,--,--,--,--,--,--,--,--,--,--,--,--,--,--,--,--,--,--,--,--,--,--,--,--,--,--,--,--,--,--,--,--,--,--,--,--,--,--,--,13531
2026-05-04 16:50:41.092,--,--,--,--,--,--,--,--,--,--,--,--,--,--,--,--,--,--,--,--,--,--,--,--,--,--,--,--,--,--,--,--,--,--,--,--,--,--,--,--,--,--,--,--,--,--,13536
2026-05-04 16:50:41.093,--,--,--,--,--,--,--,--,--,--,--,--,--,--,--,--,--,--,--,--,--,--,--,--,--,--,--,--,--,--,--,--,--,--,--,--,--,--,--,--,--,--,--,--,--,--,13541
2026-05-04 16:50:41.095,--,--,--,--,--,--,--,--,--,--,--,--,--,--,--,--,--,--,--,--,--,--,--,--,--,--,--,--,--,--,--,--,--,--,--,--,--,--,--,--,--,--,--,--,--,--,13546
2026-05-04 16:50:41.096,--,--,--,--,--,--,--,--,--,--,--,--,--,--,--,--,--,--,--,--,--,--,--,--,--,--,--,--,--,--,--,--,--,--,--,--,--,--,--,--,--,--,--,--,--,--,13551
2026-05-04 16:50:41.097,--,--,--,--,--,--,--,--,--,--,--,--,--,--,--,--,--,--,--,--,--,--,--,--,--,--,--,--,--,--,--,--,--,--,--,--,--,--,--,--,--,--,--,--,--,--,13556
2026-05-04 16:50:41.098,--,--,--,--,--,--,--,--,--,--,--,--,--,--,--,--,--,--,--,--,--,--,--,--,--,--,--,--,--,--,--,--,--,--,--,--,--,--,--,--,--,--,--,--,--,--,13561
2026-05-04 16:50:41.100,--,--,--,--,--,--,--,--,--,--,--,--,--,--,--,--,--,--,--,--,--,--,--,--,--,--,--,--,--,--,--,--,--,--,--,--,--,--,--,--,--,--,--,--,--,--,13566
2026-05-04 16:50:41.103,--,--,--,--,--,--,--,--,--,--,--,--,--,--,--,--,--,--,--,--,--,--,--,--,--,--,--,--,--,--,--,--,--,--,--,--,--,--,--,--,--,--,--,--,--,--,13571
2026-05-04 16:50:41.104,--,--,--,--,--,--,--,--,--,--,--,--,--,--,--,--,--,--,--,--,--,--,--,--,--,--,--,--,--,--,--,--,--,--,--,--,--,--,--,--,--,--,--,--,--,--,13576
2026-05-04 16:50:41.105,--,--,--,--,--,--,--,--,--,--,--,--,--,--,--,--,--,--,--,--,--,--,--,--,--,--,--,--,--,--,--,--,--,--,--,--,--,--,--,--,--,--,--,--,--,--,13581
2026-05-04 16:50:41.108,--,--,--,--,--,--,--,--,--,--,--,--,--,--,--,--,--,--,--,--,--,--,--,--,--,--,--,--,--,--,--,--,--,--,--,--,--,--,--,--,--,--,--,--,--,--,13586
2026-05-04 16:50:41.189,--,--,--,--,--,--,--,--,--,--,--,--,--,--,--,--,--,--,--,--,--,--,--,--,--,--,--,--,--,--,--,--,--,--,--,--,--,--,--,--,--,--,--,--,--,--,16278
2026-05-04 16:50:41.256,--,--,--,--,--,--,--,--,--,--,--,--,--,--,--,--,--,--,--,--,--,--,--,--,--,--,--,--,--,--,--,--,--,--,--,--,--,--,--,--,--,--,--,--,--,--,16283
2026-05-04 16:50:41.307,--,--,--,--,--,--,--,--,--,--,--,--,--,--,--,--,--,--,--,--,--,--,--,--,--,--,--,--,--,--,--,--,--,--,--,--,--,--,--,--,--,--,--,--,--,--,16288
2026-05-04 16:50:41.381,--,--,--,--,--,--,--,--,--,--,--,--,--,--,--,--,--,--,--,--,--,--,--,--,--,--,--,--,--,--,--,--,--,--,--,--,--,--,--,--,--,--,--,--,--,--,16293
2026-05-04 16:50:41.434,--,--,--,--,--,--,--,--,--,--,--,--,--,--,--,--,--,--,--,--,--,--,--,--,--,--,--,--,--,--,--,--,--,--,--,--,--,--,--,--,--,--,--,--,--,--,16298
2026-05-04 16:50:41.484,--,--,--,--,--,--,--,--,--,--,--,--,--,--,--,--,--,--,--,--,--,--,--,--,--,--,--,--,--,--,--,--,--,--,--,--,--,--,--,--,--,--,--,--,--,--,16303
2026-05-04 16:50:41.488,--,--,--,--,--,--,--,--,--,--,--,--,--,--,--,--,--,--,--,--,--,--,--,--,--,--,--,--,--,--,--,--,--,--,--,--,--,--,--,--,--,--,--,--,--,--,16308
2026-05-04 16:50:41.489,--,--,--,--,--,--,--,--,--,--,--,--,--,--,--,--,--,--,--,--,--,--,--,--,--,--,--,--,--,--,--,--,--,--,--,--,--,--,--,--,--,--,--,--,--,--,16313
2026-05-04 16:50:41.492,--,--,--,--,--,--,--,--,--,--,--,--,--,--,--,--,--,--,--,--,--,--,--,--,--,--,--,--,--,--,--,--,--,--,--,--,--,--,--,--,--,--,--,--,--,--,16318
2026-05-04 16:50:41.497,--,--,--,--,--,--,--,--,--,--,--,--,--,--,--,--,--,--,--,--,--,--,--,--,--,--,--,--,--,--,--,--,--,--,--,--,--,--,--,--,--,--,--,--,--,--,16323
2026-05-04 16:50:41.499,--,--,--,--,--,--,--,--,--,--,--,--,--,--,--,--,--,--,--,--,--,--,--,--,--,--,--,--,--,--,--,--,--,--,--,--,--,--,--,--,--,--,--,--,--,--,16328
2026-05-04 16:50:41.501,--,--,--,--,--,--,--,--,--,--,--,--,--,--,--,--,--,--,--,--,--,--,--,--,--,--,--,--,--,--,--,--,--,--,--,--,--,--,--,--,--,--,--,--,--,--,16333
2026-05-04 16:50:41.502,--,--,--,--,--,--,--,--,--,--,--,--,--,--,--,--,--,--,--,--,--,--,--,--,--,--,--,--,--,--,--,--,--,--,--,--,--,--,--,--,--,--,--,--,--,--,16338
2026-05-04 16:50:41.503,--,--,--,--,--,--,--,--,--,--,--,--,--,--,--,--,--,--,--,--,--,--,--,--,--,--,--,--,--,--,--,--,--,--,--,--,--,--,--,--,--,--,--,--,--,--,16343
2026-05-04 16:50:41.504,--,--,--,--,--,--,--,--,--,--,--,--,--,--,--,--,--,--,--,--,--,--,--,--,--,--,--,--,--,--,--,--,--,--,--,--,--,--,--,--,--,--,--,--,--,--,16348
2026-05-04 16:50:41.506,--,--,--,--,--,--,--,--,--,--,--,--,--,--,--,--,--,--,--,--,--,--,--,--,--,--,--,--,--,--,--,--,--,--,--,--,--,--,--,--,--,--,--,--,--,--,16353
2026-05-04 16:50:41.507,--,--,--,--,--,--,--,--,--,--,--,--,--,--,--,--,--,--,--,--,--,--,--,--,--,--,--,--,--,--,--,--,--,--,--,--,--,--,--,--,--,--,--,--,--,--,16358
2026-05-04 16:50:41.509,--,--,--,--,--,--,--,--,--,--,--,--,--,--,--,--,--,--,--,--,--,--,--,--,--,--,--,--,--,--,--,--,--,--,--,--,--,--,--,--,--,--,--,--,--,--,16361
2026-05-04 16:50:41.623,--,--,--,--,--,--,--,--,--,--,--,--,--,--,--,--,--,--,--,--,--,--,--,--,--,--,--,--,--,--,--,--,--,--,--,--,--,--,--,--,--,--,--,--,--,--,16362
2026-05-04 16:50:41.682,--,--,--,--,--,--,--,--,--,--,--,--,--,--,--,--,--,--,--,--,--,--,--,--,--,--,--,--,--,--,--,--,--,--,--,--,--,--,--,--,--,--,--,--,--,--,16367
2026-05-04 16:50:41.730,--,--,--,--,--,--,--,--,--,--,--,--,--,--,--,--,--,--,--,--,--,--,--,--,--,--,--,--,--,--,--,--,--,--,--,--,--,--,--,--,--,--,--,--,--,--,16372
2026-05-04 16:50:41.781,--,--,--,--,--,--,--,--,--,--,--,--,--,--,--,--,--,--,--,--,--,--,--,--,--,--,--,--,--,--,--,--,--,--,--,--,--,--,--,--,--,--,--,--,--,--,16377
2026-05-04 16:50:41.819,--,--,--,--,--,--,--,--,--,--,--,--,--,--,--,--,--,--,--,--,--,--,--,--,--,--,--,--,--,--,--,--,--,--,--,--,--,--,--,--,--,--,--,--,--,--,16382
2026-05-04 16:50:41.854,--,--,--,--,--,--,--,--,--,--,--,--,--,--,--,--,--,--,--,--,--,--,--,--,--,--,--,--,--,--,--,--,--,--,--,--,--,--,--,--,--,--,--,--,--,--,16387
2026-05-04 16:50:41.890,--,--,--,--,--,--,--,--,--,--,--,--,--,--,--,--,--,--,--,--,--,--,--,--,--,--,--,--,--,--,--,--,--,--,--,--,--,--,--,--,--,--,--,--,--,--,16392
2026-05-04 16:50:41.931,--,--,--,--,--,--,--,--,--,--,--,--,--,--,--,--,--,--,--,--,--,--,--,--,--,--,--,--,--,--,--,--,--,--,--,--,--,--,--,--,--,--,--,--,--,--,16397
2026-05-04 16:50:41.979,--,--,--,--,--,--,--,--,--,--,--,--,--,--,--,--,--,--,--,--,--,--,--,--,--,--,--,--,--,--,--,--,--,--,--,--,--,--,--,--,--,--,--,--,--,--,16402
2026-05-04 16:50:41.999,--,--,--,--,--,--,--,--,--,--,--,--,--,--,--,--,--,--,--,--,--,--,--,--,--,--,--,--,--,--,--,--,--,--,--,--,--,--,--,--,--,--,--,--,--,--,16407
2026-05-04 16:50:42.001,--,--,--,--,--,--,--,--,--,--,--,--,--,--,--,--,--,--,--,--,--,--,--,--,--,--,--,--,--,--,--,--,--,--,--,--,--,--,--,--,--,--,--,--,--,--,16412
2026-05-04 16:50:42.002,--,--,--,--,--,--,--,--,--,--,--,--,--,--,--,--,--,--,--,--,--,--,--,--,--,--,--,--,--,--,--,--,--,--,--,--,--,--,--,--,--,--,--,--,--,--,16417
2026-05-04 16:50:42.003,--,--,--,--,--,--,--,--,--,--,--,--,--,--,--,--,--,--,--,--,--,--,--,--,--,--,--,--,--,--,--,--,--,--,--,--,--,--,--,--,--,--,--,--,--,--,16422
2026-05-04 16:50:42.005,--,--,--,--,--,--,--,--,--,--,--,--,--,--,--,--,--,--,--,--,--,--,--,--,--,--,--,--,--,--,--,--,--,--,--,--,--,--,--,--,--,--,--,--,--,--,16427
2026-05-04 16:50:42.006,--,--,--,--,--,--,--,--,--,--,--,--,--,--,--,--,--,--,--,--,--,--,--,--,--,--,--,--,--,--,--,--,--,--,--,--,--,--,--,--,--,--,--,--,--,--,16432
2026-05-04 16:50:42.008,--,--,--,--,--,--,--,--,--,--,--,--,--,--,--,--,--,--,--,--,--,--,--,--,--,--,--,--,--,--,--,--,--,--,--,--,--,--,--,--,--,--,--,--,--,--,16437
2026-05-04 16:50:42.009,--,--,--,--,--,--,--,--,--,--,--,--,--,--,--,--,--,--,--,--,--,--,--,--,--,--,--,--,--,--,--,--,--,--,--,--,--,--,--,--,--,--,--,--,--,--,16442
2026-05-04 16:50:42.011,--,--,--,--,--,--,--,--,--,--,--,--,--,--,--,--,--,--,--,--,--,--,--,--,--,--,--,--,--,--,--,--,--,--,--,--,--,--,--,--,--,--,--,--,--,--,16447
2026-05-04 16:50:42.012,--,--,--,--,--,--,--,--,--,--,--,--,--,--,--,--,--,--,--,--,--,--,--,--,--,--,--,--,--,--,--,--,--,--,--,--,--,--,--,--,--,--,--,--,--,--,16452
2026-05-04 16:50:42.013,--,--,--,--,--,--,--,--,--,--,--,--,--,--,--,--,--,--,--,--,--,--,--,--,--,--,--,--,--,--,--,--,--,--,--,--,--,--,--,--,--,--,--,--,--,--,16457
2026-05-04 16:50:42.066,--,--,--,--,--,--,--,--,--,--,--,--,--,--,--,--,--,--,--,--,--,--,--,--,--,--,--,--,--,--,--,--,--,--,--,--,--,--,--,--,--,--,--,--,--,--,19994
2026-05-04 16:50:42.140,--,--,--,--,--,--,--,--,--,--,--,--,--,--,--,--,--,--,--,--,--,--,--,--,--,--,--,--,--,--,--,--,--,--,--,--,--,--,--,--,--,--,--,--,--,--,19999
2026-05-04 16:50:42.190,--,--,--,--,--,--,--,--,--,--,--,--,--,--,--,--,--,--,--,--,--,--,--,--,--,--,--,--,--,--,--,--,--,--,--,--,--,--,--,--,--,--,--,--,--,--,20004
2026-05-04 16:50:42.225,--,--,--,--,--,--,--,--,--,--,--,--,--,--,--,--,--,--,--,--,--,--,--,--,--,--,--,--,--,--,--,--,--,--,--,--,--,--,--,--,--,--,--,--,--,--,20009
2026-05-04 16:50:42.227,--,--,--,--,--,--,--,--,--,--,--,--,--,--,--,--,--,--,--,--,--,--,--,--,--,--,--,--,--,--,--,--,--,--,--,--,--,--,--,--,--,--,--,--,--,--,20014
2026-05-04 16:50:42.228,--,--,--,--,--,--,--,--,--,--,--,--,--,--,--,--,--,--,--,--,--,--,--,--,--,--,--,--,--,--,--,--,--,--,--,--,--,--,--,--,--,--,--,--,--,--,20019
2026-05-04 16:50:42.229,--,--,--,--,--,--,--,--,--,--,--,--,--,--,--,--,--,--,--,--,--,--,--,--,--,--,--,--,--,--,--,--,--,--,--,--,--,--,--,--,--,--,--,--,--,--,20024
2026-05-04 16:50:42.231,--,--,--,--,--,--,--,--,--,--,--,--,--,--,--,--,--,--,--,--,--,--,--,--,--,--,--,--,--,--,--,--,--,--,--,--,--,--,--,--,--,--,--,--,--,--,20029
2026-05-04 16:50:42.233,--,--,--,--,--,--,--,--,--,--,--,--,--,--,--,--,--,--,--,--,--,--,--,--,--,--,--,--,--,--,--,--,--,--,--,--,--,--,--,--,--,--,--,--,--,--,20034
2026-05-04 16:50:42.233,--,--,--,--,--,--,--,--,--,--,--,--,--,--,--,--,--,--,--,--,--,--,--,--,--,--,--,--,--,--,--,--,--,--,--,--,--,--,--,--,--,--,--,--,--,--,20035
2026-05-04 16:50:42.339,--,--,--,--,--,--,--,--,--,--,--,--,--,--,--,--,--,--,--,--,--,--,--,--,--,--,--,--,--,--,--,--,--,--,--,--,--,--,--,--,--,--,--,--,--,--,20036
2026-05-04 16:50:42.374,--,--,--,--,--,--,--,--,--,--,--,--,--,--,--,--,--,--,--,--,--,--,--,--,--,--,--,--,--,--,--,--,--,--,--,--,--,--,--,--,--,--,--,--,--,--,20041
2026-05-04 16:50:42.425,--,--,--,--,--,--,--,--,--,--,--,--,--,--,--,--,--,--,--,--,--,--,--,--,--,--,--,--,--,--,--,--,--,--,--,--,--,--,--,--,--,--,--,--,--,--,20046
2026-05-04 16:50:42.483,--,--,--,--,--,--,--,--,--,--,--,--,--,--,--,--,--,--,--,--,--,--,--,--,--,--,--,--,--,--,--,--,--,--,--,--,--,--,--,--,--,--,--,--,--,--,20051
2026-05-04 16:50:42.539,--,--,--,--,--,--,--,--,--,--,--,--,--,--,--,--,--,--,--,--,--,--,--,--,--,--,--,--,--,--,--,--,--,--,--,--,--,--,--,--,--,--,--,--,--,--,20056
2026-05-04 16:50:42.604,--,--,--,--,--,--,--,--,--,--,--,--,--,--,--,--,--,--,--,--,--,--,--,--,--,--,--,--,--,--,--,--,--,--,--,--,--,--,--,--,--,--,--,--,--,--,20061
2026-05-04 16:50:42.654,--,--,--,--,--,--,--,--,--,--,--,--,--,--,--,--,--,--,--,--,--,--,--,--,--,--,--,--,--,--,--,--,--,--,--,--,--,--,--,--,--,--,--,--,--,--,20066
2026-05-04 16:50:42.690,--,--,--,--,--,--,--,--,--,--,--,--,--,--,--,--,--,--,--,--,--,--,--,--,--,--,--,--,--,--,--,--,--,--,--,--,--,--,--,--,--,--,--,--,--,--,20071
2026-05-04 16:50:42.711,--,--,--,--,--,--,--,--,--,--,--,--,--,--,--,--,--,--,--,--,--,--,--,--,--,--,--,--,--,--,--,--,--,--,--,--,--,--,--,--,--,--,--,--,--,--,20076
2026-05-04 16:50:42.712,--,--,--,--,--,--,--,--,--,--,--,--,--,--,--,--,--,--,--,--,--,--,--,--,--,--,--,--,--,--,--,--,--,--,--,--,--,--,--,--,--,--,--,--,--,--,20081
2026-05-04 16:50:42.714,--,--,--,--,--,--,--,--,--,--,--,--,--,--,--,--,--,--,--,--,--,--,--,--,--,--,--,--,--,--,--,--,--,--,--,--,--,--,--,--,--,--,--,--,--,--,20086
2026-05-04 16:50:42.715,--,--,--,--,--,--,--,--,--,--,--,--,--,--,--,--,--,--,--,--,--,--,--,--,--,--,--,--,--,--,--,--,--,--,--,--,--,--,--,--,--,--,--,--,--,--,20091
2026-05-04 16:50:42.716,--,--,--,--,--,--,--,--,--,--,--,--,--,--,--,--,--,--,--,--,--,--,--,--,--,--,--,--,--,--,--,--,--,--,--,--,--,--,--,--,--,--,--,--,--,--,20096
2026-05-04 16:50:42.717,--,--,--,--,--,--,--,--,--,--,--,--,--,--,--,--,--,--,--,--,--,--,--,--,--,--,--,--,--,--,--,--,--,--,--,--,--,--,--,--,--,--,--,--,--,--,20101
2026-05-04 16:50:42.718,--,--,--,--,--,--,--,--,--,--,--,--,--,--,--,--,--,--,--,--,--,--,--,--,--,--,--,--,--,--,--,--,--,--,--,--,--,--,--,--,--,--,--,--,--,--,20106
2026-05-04 16:50:42.721,--,--,--,--,--,--,--,--,--,--,--,--,--,--,--,--,--,--,--,--,--,--,--,--,--,--,--,--,--,--,--,--,--,--,--,--,--,--,--,--,--,--,--,--,--,--,20111
2026-05-04 16:50:42.722,--,--,--,--,--,--,--,--,--,--,--,--,--,--,--,--,--,--,--,--,--,--,--,--,--,--,--,--,--,--,--,--,--,--,--,--,--,--,--,--,--,--,--,--,--,--,20116
2026-05-04 16:50:42.724,--,--,--,--,--,--,--,--,--,--,--,--,--,--,--,--,--,--,--,--,--,--,--,--,--,--,--,--,--,--,--,--,--,--,--,--,--,--,--,--,--,--,--,--,--,--,20121
2026-05-04 16:50:42.725,--,--,--,--,--,--,--,--,--,--,--,--,--,--,--,--,--,--,--,--,--,--,--,--,--,--,--,--,--,--,--,--,--,--,--,--,--,--,--,--,--,--,--,--,--,--,20126
2026-05-04 16:50:42.726,--,--,--,--,--,--,--,--,--,--,--,--,--,--,--,--,--,--,--,--,--,--,--,--,--,--,--,--,--,--,--,--,--,--,--,--,--,--,--,--,--,--,--,--,--,--,20131
2026-05-04 16:50:42.806,--,--,--,--,--,--,--,--,--,--,--,--,--,--,--,--,--,--,--,--,--,--,--,--,--,--,--,--,--,--,--,--,--,--,--,--,--,--,--,--,--,--,--,--,--,--,22908
2026-05-04 16:50:42.880,--,--,--,--,--,--,--,--,--,--,--,--,--,--,--,--,--,--,--,--,--,--,--,--,--,--,--,--,--,--,--,--,--,--,--,--,--,--,--,--,--,--,--,--,--,--,22913
2026-05-04 16:50:42.931,--,--,--,--,--,--,--,--,--,--,--,--,--,--,--,--,--,--,--,--,--,--,--,--,--,--,--,--,--,--,--,--,--,--,--,--,--,--,--,--,--,--,--,--,--,--,22918
2026-05-04 16:50:43.016,--,--,--,--,--,--,--,--,--,--,--,--,--,--,--,--,--,--,--,--,--,--,--,--,--,--,--,--,--,--,--,--,--,--,--,--,--,--,--,--,--,--,--,--,--,--,22923
2026-05-04 16:50:43.085,--,--,--,--,--,--,--,--,--,--,--,--,--,--,--,--,--,--,--,--,--,--,--,--,--,--,--,--,--,--,--,--,--,--,--,--,--,--,--,--,--,--,--,--,--,--,22928
2026-05-04 16:50:43.122,--,--,--,--,--,--,--,--,--,--,--,--,--,--,--,--,--,--,--,--,--,--,--,--,--,--,--,--,--,--,--,--,--,--,--,--,--,--,--,--,--,--,--,--,--,--,22933
2026-05-04 16:50:43.123,--,--,--,--,--,--,--,--,--,--,--,--,--,--,--,--,--,--,--,--,--,--,--,--,--,--,--,--,--,--,--,--,--,--,--,--,--,--,--,--,--,--,--,--,--,--,22938
2026-05-04 16:50:43.124,--,--,--,--,--,--,--,--,--,--,--,--,--,--,--,--,--,--,--,--,--,--,--,--,--,--,--,--,--,--,--,--,--,--,--,--,--,--,--,--,--,--,--,--,--,--,22943
2026-05-04 16:50:43.126,--,--,--,--,--,--,--,--,--,--,--,--,--,--,--,--,--,--,--,--,--,--,--,--,--,--,--,--,--,--,--,--,--,--,--,--,--,--,--,--,--,--,--,--,--,--,22948
2026-05-04 16:50:43.127,--,--,--,--,--,--,--,--,--,--,--,--,--,--,--,--,--,--,--,--,--,--,--,--,--,--,--,--,--,--,--,--,--,--,--,--,--,--,--,--,--,--,--,--,--,--,22953
2026-05-04 16:50:43.129,--,--,--,--,--,--,--,--,--,--,--,--,--,--,--,--,--,--,--,--,--,--,--,--,--,--,--,--,--,--,--,--,--,--,--,--,--,--,--,--,--,--,--,--,--,--,22958
2026-05-04 16:50:43.131,--,--,--,--,--,--,--,--,--,--,--,--,--,--,--,--,--,--,--,--,--,--,--,--,--,--,--,--,--,--,--,--,--,--,--,--,--,--,--,--,--,--,--,--,--,--,22963
2026-05-04 16:50:43.132,--,--,--,--,--,--,--,--,--,--,--,--,--,--,--,--,--,--,--,--,--,--,--,--,--,--,--,--,--,--,--,--,--,--,--,--,--,--,--,--,--,--,--,--,--,--,22968
2026-05-04 16:50:43.134,--,--,--,--,--,--,--,--,--,--,--,--,--,--,--,--,--,--,--,--,--,--,--,--,--,--,--,--,--,--,--,--,--,--,--,--,--,--,--,--,--,--,--,--,--,--,22973
2026-05-04 16:50:43.135,--,--,--,--,--,--,--,--,--,--,--,--,--,--,--,--,--,--,--,--,--,--,--,--,--,--,--,--,--,--,--,--,--,--,--,--,--,--,--,--,--,--,--,--,--,--,22978
2026-05-04 16:50:43.137,--,--,--,--,--,--,--,--,--,--,--,--,--,--,--,--,--,--,--,--,--,--,--,--,--,--,--,--,--,--,--,--,--,--,--,--,--,--,--,--,--,--,--,--,--,--,22983
2026-05-04 16:50:43.138,--,--,--,--,--,--,--,--,--,--,--,--,--,--,--,--,--,--,--,--,--,--,--,--,--,--,--,--,--,--,--,--,--,--,--,--,--,--,--,--,--,--,--,--,--,--,22988
2026-05-04 16:50:43.139,--,--,--,--,--,--,--,--,--,--,--,--,--,--,--,--,--,--,--,--,--,--,--,--,--,--,--,--,--,--,--,--,--,--,--,--,--,--,--,--,--,--,--,--,--,--,22991
2026-05-04 16:50:43.282,--,--,--,--,--,--,--,--,--,--,--,--,--,--,--,--,--,--,--,--,--,--,--,--,--,--,--,--,--,--,--,--,--,--,--,--,--,--,--,--,--,--,--,--,--,--,22992
2026-05-04 16:50:43.321,--,--,--,--,--,--,--,--,--,--,--,--,--,--,--,--,--,--,--,--,--,--,--,--,--,--,--,--,--,--,--,--,--,--,--,--,--,--,--,--,--,--,--,--,--,--,22997
2026-05-04 16:50:43.369,--,--,--,--,--,--,--,--,--,--,--,--,--,--,--,--,--,--,--,--,--,--,--,--,--,--,--,--,--,--,--,--,--,--,--,--,--,--,--,--,--,--,--,--,--,--,23002
2026-05-04 16:50:43.422,--,--,--,--,--,--,--,--,--,--,--,--,--,--,--,--,--,--,--,--,--,--,--,--,--,--,--,--,--,--,--,--,--,--,--,--,--,--,--,--,--,--,--,--,--,--,23007
2026-05-04 16:50:43.477,--,--,--,--,--,--,--,--,--,--,--,--,--,--,--,--,--,--,--,--,--,--,--,--,--,--,--,--,--,--,--,--,--,--,--,--,--,--,--,--,--,--,--,--,--,--,23012
2026-05-04 16:50:43.511,--,--,--,--,--,--,--,--,--,--,--,--,--,--,--,--,--,--,--,--,--,--,--,--,--,--,--,--,--,--,--,--,--,--,--,--,--,--,--,--,--,--,--,--,--,--,23017
2026-05-04 16:50:43.560,--,--,--,--,--,--,--,--,--,--,--,--,--,--,--,--,--,--,--,--,--,--,--,--,--,--,--,--,--,--,--,--,--,--,--,--,--,--,--,--,--,--,--,--,--,--,23022
2026-05-04 16:50:43.593,--,--,--,--,--,--,--,--,--,--,--,--,--,--,--,--,--,--,--,--,--,--,--,--,--,--,--,--,--,--,--,--,--,--,--,--,--,--,--,--,--,--,--,--,--,--,23027
2026-05-04 16:50:43.645,--,--,--,--,--,--,--,--,--,--,--,--,--,--,--,--,--,--,--,--,--,--,--,--,--,--,--,--,--,--,--,--,--,--,--,--,--,--,--,--,--,--,--,--,--,--,23032
2026-05-04 16:50:43.645,--,--,--,--,--,--,--,--,--,--,--,--,--,--,--,--,--,--,--,--,--,--,--,--,--,--,--,--,--,--,--,--,--,--,--,--,--,--,--,--,--,--,--,--,--,--,23037
2026-05-04 16:50:43.648,--,--,--,--,--,--,--,--,--,--,--,--,--,--,--,--,--,--,--,--,--,--,--,--,--,--,--,--,--,--,--,--,--,--,--,--,--,--,--,--,--,--,--,--,--,--,23042
2026-05-04 16:50:43.649,--,--,--,--,--,--,--,--,--,--,--,--,--,--,--,--,--,--,--,--,--,--,--,--,--,--,--,--,--,--,--,--,--,--,--,--,--,--,--,--,--,--,--,--,--,--,23047
2026-05-04 16:50:43.650,--,--,--,--,--,--,--,--,--,--,--,--,--,--,--,--,--,--,--,--,--,--,--,--,--,--,--,--,--,--,--,--,--,--,--,--,--,--,--,--,--,--,--,--,--,--,23052
2026-05-04 16:50:43.651,--,--,--,--,--,--,--,--,--,--,--,--,--,--,--,--,--,--,--,--,--,--,--,--,--,--,--,--,--,--,--,--,--,--,--,--,--,--,--,--,--,--,--,--,--,--,23057
2026-05-04 16:50:43.652,--,--,--,--,--,--,--,--,--,--,--,--,--,--,--,--,--,--,--,--,--,--,--,--,--,--,--,--,--,--,--,--,--,--,--,--,--,--,--,--,--,--,--,--,--,--,23062
2026-05-04 16:50:43.653,--,--,--,--,--,--,--,--,--,--,--,--,--,--,--,--,--,--,--,--,--,--,--,--,--,--,--,--,--,--,--,--,--,--,--,--,--,--,--,--,--,--,--,--,--,--,23067
2026-05-04 16:50:43.655,--,--,--,--,--,--,--,--,--,--,--,--,--,--,--,--,--,--,--,--,--,--,--,--,--,--,--,--,--,--,--,--,--,--,--,--,--,--,--,--,--,--,--,--,--,--,23072
2026-05-04 16:50:43.656,--,--,--,--,--,--,--,--,--,--,--,--,--,--,--,--,--,--,--,--,--,--,--,--,--,--,--,--,--,--,--,--,--,--,--,--,--,--,--,--,--,--,--,--,--,--,23077
2026-05-04 16:50:43.657,--,--,--,--,--,--,--,--,--,--,--,--,--,--,--,--,--,--,--,--,--,--,--,--,--,--,--,--,--,--,--,--,--,--,--,--,--,--,--,--,--,--,--,--,--,--,23082
2026-05-04 16:50:43.659,--,--,--,--,--,--,--,--,--,--,--,--,--,--,--,--,--,--,--,--,--,--,--,--,--,--,--,--,--,--,--,--,--,--,--,--,--,--,--,--,--,--,--,--,--,--,23087
2026-05-04 16:50:43.691,--,--,--,--,--,--,--,--,--,--,--,--,--,--,--,--,--,--,--,--,--,--,--,--,--,--,--,--,--,--,--,--,--,--,--,--,--,--,--,--,--,--,--,--,--,--,26835
2026-05-04 16:50:43.746,--,--,--,--,--,--,--,--,--,--,--,--,--,--,--,--,--,--,--,--,--,--,--,--,--,--,--,--,--,--,--,--,--,--,--,--,--,--,--,--,--,--,--,--,--,--,26840
2026-05-04 16:50:43.812,--,--,--,--,--,--,--,--,--,--,--,--,--,--,--,--,--,--,--,--,--,--,--,--,--,--,--,--,--,--,--,--,--,--,--,--,--,--,--,--,--,--,--,--,--,--,26845
2026-05-04 16:50:43.864,--,--,--,--,--,--,--,--,--,--,--,--,--,--,--,--,--,--,--,--,--,--,--,--,--,--,--,--,--,--,--,--,--,--,--,--,--,--,--,--,--,--,--,--,--,--,26850
2026-05-04 16:50:43.864,--,--,--,--,--,--,--,--,--,--,--,--,--,--,--,--,--,--,--,--,--,--,--,--,--,--,--,--,--,--,--,--,--,--,--,--,--,--,--,--,--,--,--,--,--,--,26855
2026-05-04 16:50:43.866,--,--,--,--,--,--,--,--,--,--,--,--,--,--,--,--,--,--,--,--,--,--,--,--,--,--,--,--,--,--,--,--,--,--,--,--,--,--,--,--,--,--,--,--,--,--,26860
2026-05-04 16:50:43.868,--,--,--,--,--,--,--,--,--,--,--,--,--,--,--,--,--,--,--,--,--,--,--,--,--,--,--,--,--,--,--,--,--,--,--,--,--,--,--,--,--,--,--,--,--,--,26865
2026-05-04 16:50:43.870,--,--,--,--,--,--,--,--,--,--,--,--,--,--,--,--,--,--,--,--,--,--,--,--,--,--,--,--,--,--,--,--,--,--,--,--,--,--,--,--,--,--,--,--,--,--,26870
2026-05-04 16:50:43.871,--,--,--,--,--,--,--,--,--,--,--,--,--,--,--,--,--,--,--,--,--,--,--,--,--,--,--,--,--,--,--,--,--,--,--,--,--,--,--,--,--,--,--,--,--,--,26875
2026-05-04 16:50:43.873,--,--,--,--,--,--,--,--,--,--,--,--,--,--,--,--,--,--,--,--,--,--,--,--,--,--,--,--,--,--,--,--,--,--,--,--,--,--,--,--,--,--,--,--,--,--,26876
2026-05-04 16:50:44.006,--,--,--,--,--,--,--,--,--,--,--,--,--,--,--,--,--,--,--,--,--,--,--,--,--,--,--,--,--,--,--,--,--,--,--,--,--,--,--,--,--,--,--,--,--,--,26877
2026-05-04 16:50:44.044,--,--,--,--,--,--,--,--,--,--,--,--,--,--,--,--,--,--,--,--,--,--,--,--,--,--,--,--,--,--,--,--,--,--,--,--,--,--,--,--,--,--,--,--,--,--,26882
2026-05-04 16:50:44.095,--,--,--,--,--,--,--,--,--,--,--,--,--,--,--,--,--,--,--,--,--,--,--,--,--,--,--,--,--,--,--,--,--,--,--,--,--,--,--,--,--,--,--,--,--,--,26887
2026-05-04 16:50:44.146,--,--,--,--,--,--,--,--,--,--,--,--,--,--,--,--,--,--,--,--,--,--,--,--,--,--,--,--,--,--,--,--,--,--,--,--,--,--,--,--,--,--,--,--,--,--,26892
2026-05-04 16:50:44.199,--,--,--,--,--,--,--,--,--,--,--,--,--,--,--,--,--,--,--,--,--,--,--,--,--,--,--,--,--,--,--,--,--,--,--,--,--,--,--,--,--,--,--,--,--,--,26897
2026-05-04 16:50:44.252,--,--,--,--,--,--,--,--,--,--,--,--,--,--,--,--,--,--,--,--,--,--,--,--,--,--,--,--,--,--,--,--,--,--,--,--,--,--,--,--,--,--,--,--,--,--,26902
2026-05-04 16:50:44.287,--,--,--,--,--,--,--,--,--,--,--,--,--,--,--,--,--,--,--,--,--,--,--,--,--,--,--,--,--,--,--,--,--,--,--,--,--,--,--,--,--,--,--,--,--,--,26907
2026-05-04 16:50:44.343,--,--,--,--,--,--,--,--,--,--,--,--,--,--,--,--,--,--,--,--,--,--,--,--,--,--,--,--,--,--,--,--,--,--,--,--,--,--,--,--,--,--,--,--,--,--,26912
2026-05-04 16:50:44.377,--,--,--,--,--,--,--,--,--,--,--,--,--,--,--,--,--,--,--,--,--,--,--,--,--,--,--,--,--,--,--,--,--,--,--,--,--,--,--,--,--,--,--,--,--,--,26917
2026-05-04 16:50:44.378,--,--,--,--,--,--,--,--,--,--,--,--,--,--,--,--,--,--,--,--,--,--,--,--,--,--,--,--,--,--,--,--,--,--,--,--,--,--,--,--,--,--,--,--,--,--,26922
2026-05-04 16:50:44.379,--,--,--,--,--,--,--,--,--,--,--,--,--,--,--,--,--,--,--,--,--,--,--,--,--,--,--,--,--,--,--,--,--,--,--,--,--,--,--,--,--,--,--,--,--,--,26927
2026-05-04 16:50:44.380,--,--,--,--,--,--,--,--,--,--,--,--,--,--,--,--,--,--,--,--,--,--,--,--,--,--,--,--,--,--,--,--,--,--,--,--,--,--,--,--,--,--,--,--,--,--,26932
2026-05-04 16:50:44.381,--,--,--,--,--,--,--,--,--,--,--,--,--,--,--,--,--,--,--,--,--,--,--,--,--,--,--,--,--,--,--,--,--,--,--,--,--,--,--,--,--,--,--,--,--,--,26937
2026-05-04 16:50:44.382,--,--,--,--,--,--,--,--,--,--,--,--,--,--,--,--,--,--,--,--,--,--,--,--,--,--,--,--,--,--,--,--,--,--,--,--,--,--,--,--,--,--,--,--,--,--,26942
2026-05-04 16:50:44.383,--,--,--,--,--,--,--,--,--,--,--,--,--,--,--,--,--,--,--,--,--,--,--,--,--,--,--,--,--,--,--,--,--,--,--,--,--,--,--,--,--,--,--,--,--,--,26947
2026-05-04 16:50:44.385,--,--,--,--,--,--,--,--,--,--,--,--,--,--,--,--,--,--,--,--,--,--,--,--,--,--,--,--,--,--,--,--,--,--,--,--,--,--,--,--,--,--,--,--,--,--,26952
2026-05-04 16:50:44.386,--,--,--,--,--,--,--,--,--,--,--,--,--,--,--,--,--,--,--,--,--,--,--,--,--,--,--,--,--,--,--,--,--,--,--,--,--,--,--,--,--,--,--,--,--,--,26957
2026-05-04 16:50:44.387,--,--,--,--,--,--,--,--,--,--,--,--,--,--,--,--,--,--,--,--,--,--,--,--,--,--,--,--,--,--,--,--,--,--,--,--,--,--,--,--,--,--,--,--,--,--,26962
2026-05-04 16:50:44.389,--,--,--,--,--,--,--,--,--,--,--,--,--,--,--,--,--,--,--,--,--,--,--,--,--,--,--,--,--,--,--,--,--,--,--,--,--,--,--,--,--,--,--,--,--,--,26967
2026-05-04 16:50:44.390,--,--,--,--,--,--,--,--,--,--,--,--,--,--,--,--,--,--,--,--,--,--,--,--,--,--,--,--,--,--,--,--,--,--,--,--,--,--,--,--,--,--,--,--,--,--,26972
2026-05-04 16:50:44.439,--,--,--,--,--,--,--,--,--,--,--,--,--,--,--,--,--,--,--,--,--,--,--,--,--,--,--,--,--,--,--,--,--,--,--,--,--,--,--,--,--,--,--,--,--,--,29790
2026-05-04 16:50:44.493,--,--,--,--,--,--,--,--,--,--,--,--,--,--,--,--,--,--,--,--,--,--,--,--,--,--,--,--,--,--,--,--,--,--,--,--,--,--,--,--,--,--,--,--,--,--,29795
2026-05-04 16:50:44.543,--,--,--,--,--,--,--,--,--,--,--,--,--,--,--,--,--,--,--,--,--,--,--,--,--,--,--,--,--,--,--,--,--,--,--,--,--,--,--,--,--,--,--,--,--,--,29800
2026-05-04 16:50:44.592,--,--,--,--,--,--,--,--,--,--,--,--,--,--,--,--,--,--,--,--,--,--,--,--,--,--,--,--,--,--,--,--,--,--,--,--,--,--,--,--,--,--,--,--,--,--,29805
2026-05-04 16:50:44.594,--,--,--,--,--,--,--,--,--,--,--,--,--,--,--,--,--,--,--,--,--,--,--,--,--,--,--,--,--,--,--,--,--,--,--,--,--,--,--,--,--,--,--,--,--,--,29810
2026-05-04 16:50:44.595,--,--,--,--,--,--,--,--,--,--,--,--,--,--,--,--,--,--,--,--,--,--,--,--,--,--,--,--,--,--,--,--,--,--,--,--,--,--,--,--,--,--,--,--,--,--,29815
2026-05-04 16:50:44.596,--,--,--,--,--,--,--,--,--,--,--,--,--,--,--,--,--,--,--,--,--,--,--,--,--,--,--,--,--,--,--,--,--,--,--,--,--,--,--,--,--,--,--,--,--,--,29820
2026-05-04 16:50:44.597,--,--,--,--,--,--,--,--,--,--,--,--,--,--,--,--,--,--,--,--,--,--,--,--,--,--,--,--,--,--,--,--,--,--,--,--,--,--,--,--,--,--,--,--,--,--,29825
2026-05-04 16:50:44.598,--,--,--,--,--,--,--,--,--,--,--,--,--,--,--,--,--,--,--,--,--,--,--,--,--,--,--,--,--,--,--,--,--,--,--,--,--,--,--,--,--,--,--,--,--,--,29830
2026-05-04 16:50:44.599,--,--,--,--,--,--,--,--,--,--,--,--,--,--,--,--,--,--,--,--,--,--,--,--,--,--,--,--,--,--,--,--,--,--,--,--,--,--,--,--,--,--,--,--,--,--,29832
2026-05-04 16:50:44.738,--,--,--,--,--,--,--,--,--,--,--,--,--,--,--,--,--,--,--,--,--,--,--,--,--,--,--,--,--,--,--,--,--,--,--,--,--,--,--,--,--,--,--,--,--,--,29833
2026-05-04 16:50:44.794,--,--,--,--,--,--,--,--,--,--,--,--,--,--,--,--,--,--,--,--,--,--,--,--,--,--,--,--,--,--,--,--,--,--,--,--,--,--,--,--,--,--,--,--,--,--,29838
2026-05-04 16:50:44.829,--,--,--,--,--,--,--,--,--,--,--,--,--,--,--,--,--,--,--,--,--,--,--,--,--,--,--,--,--,--,--,--,--,--,--,--,--,--,--,--,--,--,--,--,--,--,29843
2026-05-04 16:50:44.879,--,--,--,--,--,--,--,--,--,--,--,--,--,--,--,--,--,--,--,--,--,--,--,--,--,--,--,--,--,--,--,--,--,--,--,--,--,--,--,--,--,--,--,--,--,--,29848
2026-05-04 16:50:44.914,--,--,--,--,--,--,--,--,--,--,--,--,--,--,--,--,--,--,--,--,--,--,--,--,--,--,--,--,--,--,--,--,--,--,--,--,--,--,--,--,--,--,--,--,--,--,29853
2026-05-04 16:50:44.969,--,--,--,--,--,--,--,--,--,--,--,--,--,--,--,--,--,--,--,--,--,--,--,--,--,--,--,--,--,--,--,--,--,--,--,--,--,--,--,--,--,--,--,--,--,--,29858
2026-05-04 16:50:45.023,--,--,--,--,--,--,--,--,--,--,--,--,--,--,--,--,--,--,--,--,--,--,--,--,--,--,--,--,--,--,--,--,--,--,--,--,--,--,--,--,--,--,--,--,--,--,29863
2026-05-04 16:50:45.096,--,--,--,--,--,--,--,--,--,--,--,--,--,--,--,--,--,--,--,--,--,--,--,--,--,--,--,--,--,--,--,--,--,--,--,--,--,--,--,--,--,--,--,--,--,--,29868
2026-05-04 16:50:45.097,--,--,--,--,--,--,--,--,--,--,--,--,--,--,--,--,--,--,--,--,--,--,--,--,--,--,--,--,--,--,--,--,--,--,--,--,--,--,--,--,--,--,--,--,--,--,29873
2026-05-04 16:50:45.099,--,--,--,--,--,--,--,--,--,--,--,--,--,--,--,--,--,--,--,--,--,--,--,--,--,--,--,--,--,--,--,--,--,--,--,--,--,--,--,--,--,--,--,--,--,--,29878
2026-05-04 16:50:45.100,--,--,--,--,--,--,--,--,--,--,--,--,--,--,--,--,--,--,--,--,--,--,--,--,--,--,--,--,--,--,--,--,--,--,--,--,--,--,--,--,--,--,--,--,--,--,29883
2026-05-04 16:50:45.102,--,--,--,--,--,--,--,--,--,--,--,--,--,--,--,--,--,--,--,--,--,--,--,--,--,--,--,--,--,--,--,--,--,--,--,--,--,--,--,--,--,--,--,--,--,--,29888
2026-05-04 16:50:45.103,--,--,--,--,--,--,--,--,--,--,--,--,--,--,--,--,--,--,--,--,--,--,--,--,--,--,--,--,--,--,--,--,--,--,--,--,--,--,--,--,--,--,--,--,--,--,29893
2026-05-04 16:50:45.104,--,--,--,--,--,--,--,--,--,--,--,--,--,--,--,--,--,--,--,--,--,--,--,--,--,--,--,--,--,--,--,--,--,--,--,--,--,--,--,--,--,--,--,--,--,--,29898
2026-05-04 16:50:45.106,--,--,--,--,--,--,--,--,--,--,--,--,--,--,--,--,--,--,--,--,--,--,--,--,--,--,--,--,--,--,--,--,--,--,--,--,--,--,--,--,--,--,--,--,--,--,29903
2026-05-04 16:50:45.107,--,--,--,--,--,--,--,--,--,--,--,--,--,--,--,--,--,--,--,--,--,--,--,--,--,--,--,--,--,--,--,--,--,--,--,--,--,--,--,--,--,--,--,--,--,--,29908
2026-05-04 16:50:45.108,--,--,--,--,--,--,--,--,--,--,--,--,--,--,--,--,--,--,--,--,--,--,--,--,--,--,--,--,--,--,--,--,--,--,--,--,--,--,--,--,--,--,--,--,--,--,29913
2026-05-04 16:50:45.109,--,--,--,--,--,--,--,--,--,--,--,--,--,--,--,--,--,--,--,--,--,--,--,--,--,--,--,--,--,--,--,--,--,--,--,--,--,--,--,--,--,--,--,--,--,--,29918
2026-05-04 16:50:45.111,--,--,--,--,--,--,--,--,--,--,--,--,--,--,--,--,--,--,--,--,--,--,--,--,--,--,--,--,--,--,--,--,--,--,--,--,--,--,--,--,--,--,--,--,--,--,29923
2026-05-04 16:50:45.134,--,--,--,--,--,--,--,--,--,--,--,--,--,--,--,--,--,--,--,--,--,--,--,--,--,--,--,--,--,--,--,--,--,--,--,--,--,--,--,--,--,--,--,--,--,--,29928
2026-05-04 16:50:45.238,--,--,--,--,--,--,--,--,--,--,--,--,--,--,--,--,--,--,--,--,--,--,--,--,--,--,--,--,--,--,--,--,--,--,--,--,--,--,--,--,--,--,--,--,--,--,32662
2026-05-04 16:50:45.290,--,--,--,--,--,--,--,--,--,--,--,--,--,--,--,--,--,--,--,--,--,--,--,--,--,--,--,--,--,--,--,--,--,--,--,--,--,--,--,--,--,--,--,--,--,--,32667
2026-05-04 16:50:45.355,--,--,--,--,--,--,--,--,--,--,--,--,--,--,--,--,--,--,--,--,--,--,--,--,--,--,--,--,--,--,--,--,--,--,--,--,--,--,--,--,--,--,--,--,--,--,32672
2026-05-04 16:50:45.407,--,--,--,--,--,--,--,--,--,--,--,--,--,--,--,--,--,--,--,--,--,--,--,--,--,--,--,--,--,--,--,--,--,--,--,--,--,--,--,--,--,--,--,--,--,--,32677
2026-05-04 16:50:45.479,--,--,--,--,--,--,--,--,--,--,--,--,--,--,--,--,--,--,--,--,--,--,--,--,--,--,--,--,--,--,--,--,--,--,--,--,--,--,--,--,--,--,--,--,--,--,32682
2026-05-04 16:50:45.548,--,--,--,--,--,--,--,--,--,--,--,--,--,--,--,--,--,--,--,--,--,--,--,--,--,--,--,--,--,--,--,--,--,--,--,--,--,--,--,--,--,--,--,--,--,--,32687
2026-05-04 16:50:45.581,--,--,--,--,--,--,--,--,--,--,--,--,--,--,--,--,--,--,--,--,--,--,--,--,--,--,--,--,--,--,--,--,--,--,--,--,--,--,--,--,--,--,--,--,--,--,32692
2026-05-04 16:50:45.599,--,--,--,--,--,--,--,--,--,--,--,--,--,--,--,--,--,--,--,--,--,--,--,--,--,--,--,--,--,--,--,--,--,--,--,--,--,--,--,--,--,--,--,--,--,--,32697
2026-05-04 16:50:45.601,--,--,--,--,--,--,--,--,--,--,--,--,--,--,--,--,--,--,--,--,--,--,--,--,--,--,--,--,--,--,--,--,--,--,--,--,--,--,--,--,--,--,--,--,--,--,32702
2026-05-04 16:50:45.603,--,--,--,--,--,--,--,--,--,--,--,--,--,--,--,--,--,--,--,--,--,--,--,--,--,--,--,--,--,--,--,--,--,--,--,--,--,--,--,--,--,--,--,--,--,--,32707
2026-05-04 16:50:45.604,--,--,--,--,--,--,--,--,--,--,--,--,--,--,--,--,--,--,--,--,--,--,--,--,--,--,--,--,--,--,--,--,--,--,--,--,--,--,--,--,--,--,--,--,--,--,32712
2026-05-04 16:50:45.605,--,--,--,--,--,--,--,--,--,--,--,--,--,--,--,--,--,--,--,--,--,--,--,--,--,--,--,--,--,--,--,--,--,--,--,--,--,--,--,--,--,--,--,--,--,--,32717
2026-05-04 16:50:45.607,--,--,--,--,--,--,--,--,--,--,--,--,--,--,--,--,--,--,--,--,--,--,--,--,--,--,--,--,--,--,--,--,--,--,--,--,--,--,--,--,--,--,--,--,--,--,32722
2026-05-04 16:50:45.608,--,--,--,--,--,--,--,--,--,--,--,--,--,--,--,--,--,--,--,--,--,--,--,--,--,--,--,--,--,--,--,--,--,--,--,--,--,--,--,--,--,--,--,--,--,--,32727
2026-05-04 16:50:45.610,--,--,--,--,--,--,--,--,--,--,--,--,--,--,--,--,--,--,--,--,--,--,--,--,--,--,--,--,--,--,--,--,--,--,--,--,--,--,--,--,--,--,--,--,--,--,32732
2026-05-04 16:50:45.612,--,--,--,--,--,--,--,--,--,--,--,--,--,--,--,--,--,--,--,--,--,--,--,--,--,--,--,--,--,--,--,--,--,--,--,--,--,--,--,--,--,--,--,--,--,--,32737
2026-05-04 16:50:45.614,--,--,--,--,--,--,--,--,--,--,--,--,--,--,--,--,--,--,--,--,--,--,--,--,--,--,--,--,--,--,--,--,--,--,--,--,--,--,--,--,--,--,--,--,--,--,32742
2026-05-04 16:50:45.615,--,--,--,--,--,--,--,--,--,--,--,--,--,--,--,--,--,--,--,--,--,--,--,--,--,--,--,--,--,--,--,--,--,--,--,--,--,--,--,--,--,--,--,--,--,--,32747
2026-05-04 16:50:45.617,--,--,--,--,--,--,--,--,--,--,--,--,--,--,--,--,--,--,--,--,--,--,--,--,--,--,--,--,--,--,--,--,--,--,--,--,--,--,--,--,--,--,--,--,--,--,32752
2026-05-04 16:50:45.618,--,--,--,--,--,--,--,--,--,--,--,--,--,--,--,--,--,--,--,--,--,--,--,--,--,--,--,--,--,--,--,--,--,--,--,--,--,--,--,--,--,--,--,--,--,--,32757
2026-05-04 16:50:45.679,--,--,--,--,--,--,--,--,--,--,--,--,--,--,--,--,--,--,--,--,--,--,--,--,--,--,--,--,--,--,--,--,--,--,--,--,--,--,--,--,--,--,--,--,--,--,34731
2026-05-04 16:50:45.737,--,--,--,--,--,--,--,--,--,--,--,--,--,--,--,--,--,--,--,--,--,--,--,--,--,--,--,--,--,--,--,--,--,--,--,--,--,--,--,--,--,--,--,--,--,--,34736
2026-05-04 16:50:45.808,--,--,--,--,--,--,--,--,--,--,--,--,--,--,--,--,--,--,--,--,--,--,--,--,--,--,--,--,--,--,--,--,--,--,--,--,--,--,--,--,--,--,--,--,--,--,34741
2026-05-04 16:50:45.861,--,--,--,--,--,--,--,--,--,--,--,--,--,--,--,--,--,--,--,--,--,--,--,--,--,--,--,--,--,--,--,--,--,--,--,--,--,--,--,--,--,--,--,--,--,--,34746
2026-05-04 16:50:45.932,--,--,--,--,--,--,--,--,--,--,--,--,--,--,--,--,--,--,--,--,--,--,--,--,--,--,--,--,--,--,--,--,--,--,--,--,--,--,--,--,--,--,--,--,--,--,34751
2026-05-04 16:50:45.983,--,--,--,--,--,--,--,--,--,--,--,--,--,--,--,--,--,--,--,--,--,--,--,--,--,--,--,--,--,--,--,--,--,--,--,--,--,--,--,--,--,--,--,--,--,--,34756
2026-05-04 16:50:45.988,--,--,--,--,--,--,--,--,--,--,--,--,--,--,--,--,--,--,--,--,--,--,--,--,--,--,--,--,--,--,--,--,--,--,--,--,--,--,--,--,--,--,--,--,--,--,34761
2026-05-04 16:50:45.992,--,--,--,--,--,--,--,--,--,--,--,--,--,--,--,--,--,--,--,--,--,--,--,--,--,--,--,--,--,--,--,--,--,--,--,--,--,--,--,--,--,--,--,--,--,--,34766
2026-05-04 16:50:45.994,--,--,--,--,--,--,--,--,--,--,--,--,--,--,--,--,--,--,--,--,--,--,--,--,--,--,--,--,--,--,--,--,--,--,--,--,--,--,--,--,--,--,--,--,--,--,34771
2026-05-04 16:50:45.997,--,--,--,--,--,--,--,--,--,--,--,--,--,--,--,--,--,--,--,--,--,--,--,--,--,--,--,--,--,--,--,--,--,--,--,--,--,--,--,--,--,--,--,--,--,--,34776
2026-05-04 16:50:46.000,--,--,--,--,--,--,--,--,--,--,--,--,--,--,--,--,--,--,--,--,--,--,--,--,--,--,--,--,--,--,--,--,--,--,--,--,--,--,--,--,--,--,--,--,--,--,34781
2026-05-04 16:50:46.002,--,--,--,--,--,--,--,--,--,--,--,--,--,--,--,--,--,--,--,--,--,--,--,--,--,--,--,--,--,--,--,--,--,--,--,--,--,--,--,--,--,--,--,--,--,--,34786
2026-05-04 16:50:46.004,--,--,--,--,--,--,--,--,--,--,--,--,--,--,--,--,--,--,--,--,--,--,--,--,--,--,--,--,--,--,--,--,--,--,--,--,--,--,--,--,--,--,--,--,--,--,34791
2026-05-04 16:50:46.005,--,--,--,--,--,--,--,--,--,--,--,--,--,--,--,--,--,--,--,--,--,--,--,--,--,--,--,--,--,--,--,--,--,--,--,--,--,--,--,--,--,--,--,--,--,--,34796
2026-05-04 16:50:46.007,--,--,--,--,--,--,--,--,--,--,--,--,--,--,--,--,--,--,--,--,--,--,--,--,--,--,--,--,--,--,--,--,--,--,--,--,--,--,--,--,--,--,--,--,--,--,34801
2026-05-04 16:50:46.008,--,--,--,--,--,--,--,--,--,--,--,--,--,--,--,--,--,--,--,--,--,--,--,--,--,--,--,--,--,--,--,--,--,--,--,--,--,--,--,--,--,--,--,--,--,--,34806
2026-05-04 16:50:46.010,--,--,--,--,--,--,--,--,--,--,--,--,--,--,--,--,--,--,--,--,--,--,--,--,--,--,--,--,--,--,--,--,--,--,--,--,--,--,--,--,--,--,--,--,--,--,34811
2026-05-04 16:50:46.011,--,--,--,--,--,--,--,--,--,--,--,--,--,--,--,--,--,--,--,--,--,--,--,--,--,--,--,--,--,--,--,--,--,--,--,--,--,--,--,--,--,--,--,--,--,--,34814
2026-05-04 16:50:46.175,--,--,--,--,--,--,--,--,--,--,--,--,--,--,--,--,--,--,--,--,--,--,--,--,--,--,--,--,--,--,--,--,--,--,--,--,--,--,--,--,--,--,--,--,--,--,34815
2026-05-04 16:50:46.213,--,--,--,--,--,--,--,--,--,--,--,--,--,--,--,--,--,--,--,--,--,--,--,--,--,--,--,--,--,--,--,--,--,--,--,--,--,--,--,--,--,--,--,--,--,--,34820
2026-05-04 16:50:46.270,--,--,--,--,--,--,--,--,--,--,--,--,--,--,--,--,--,--,--,--,--,--,--,--,--,--,--,--,--,--,--,--,--,--,--,--,--,--,--,--,--,--,--,--,--,--,34825
2026-05-04 16:50:46.305,--,--,--,--,--,--,--,--,--,--,--,--,--,--,--,--,--,--,--,--,--,--,--,--,--,--,--,--,--,--,--,--,--,--,--,--,--,--,--,--,--,--,--,--,--,--,34830
2026-05-04 16:50:46.345,--,--,--,--,--,--,--,--,--,--,--,--,--,--,--,--,--,--,--,--,--,--,--,--,--,--,--,--,--,--,--,--,--,--,--,--,--,--,--,--,--,--,--,--,--,--,34835
2026-05-04 16:50:46.398,--,--,--,--,--,--,--,--,--,--,--,--,--,--,--,--,--,--,--,--,--,--,--,--,--,--,--,--,--,--,--,--,--,--,--,--,--,--,--,--,--,--,--,--,--,--,34840
2026-05-04 16:50:46.446,--,--,--,--,--,--,--,--,--,--,--,--,--,--,--,--,--,--,--,--,--,--,--,--,--,--,--,--,--,--,--,--,--,--,--,--,--,--,--,--,--,--,--,--,--,--,34845
2026-05-04 16:50:46.502,--,--,--,--,--,--,--,--,--,--,--,--,--,--,--,--,--,--,--,--,--,--,--,--,--,--,--,--,--,--,--,--,--,--,--,--,--,--,--,--,--,--,--,--,--,--,34850
2026-05-04 16:50:46.520,--,--,--,--,--,--,--,--,--,--,--,--,--,--,--,--,--,--,--,--,--,--,--,--,--,--,--,--,--,--,--,--,--,--,--,--,--,--,--,--,--,--,--,--,--,--,34855
2026-05-04 16:50:46.521,--,--,--,--,--,--,--,--,--,--,--,--,--,--,--,--,--,--,--,--,--,--,--,--,--,--,--,--,--,--,--,--,--,--,--,--,--,--,--,--,--,--,--,--,--,--,34860
2026-05-04 16:50:46.522,--,--,--,--,--,--,--,--,--,--,--,--,--,--,--,--,--,--,--,--,--,--,--,--,--,--,--,--,--,--,--,--,--,--,--,--,--,--,--,--,--,--,--,--,--,--,34865
2026-05-04 16:50:46.523,--,--,--,--,--,--,--,--,--,--,--,--,--,--,--,--,--,--,--,--,--,--,--,--,--,--,--,--,--,--,--,--,--,--,--,--,--,--,--,--,--,--,--,--,--,--,34870
2026-05-04 16:50:46.524,--,--,--,--,--,--,--,--,--,--,--,--,--,--,--,--,--,--,--,--,--,--,--,--,--,--,--,--,--,--,--,--,--,--,--,--,--,--,--,--,--,--,--,--,--,--,34875
2026-05-04 16:50:46.525,--,--,--,--,--,--,--,--,--,--,--,--,--,--,--,--,--,--,--,--,--,--,--,--,--,--,--,--,--,--,--,--,--,--,--,--,--,--,--,--,--,--,--,--,--,--,34880
2026-05-04 16:50:46.526,--,--,--,--,--,--,--,--,--,--,--,--,--,--,--,--,--,--,--,--,--,--,--,--,--,--,--,--,--,--,--,--,--,--,--,--,--,--,--,--,--,--,--,--,--,--,34885
2026-05-04 16:50:46.528,--,--,--,--,--,--,--,--,--,--,--,--,--,--,--,--,--,--,--,--,--,--,--,--,--,--,--,--,--,--,--,--,--,--,--,--,--,--,--,--,--,--,--,--,--,--,34890
2026-05-04 16:50:46.529,--,--,--,--,--,--,--,--,--,--,--,--,--,--,--,--,--,--,--,--,--,--,--,--,--,--,--,--,--,--,--,--,--,--,--,--,--,--,--,--,--,--,--,--,--,--,34895
2026-05-04 16:50:46.530,--,--,--,--,--,--,--,--,--,--,--,--,--,--,--,--,--,--,--,--,--,--,--,--,--,--,--,--,--,--,--,--,--,--,--,--,--,--,--,--,--,--,--,--,--,--,34900
2026-05-04 16:50:46.531,--,--,--,--,--,--,--,--,--,--,--,--,--,--,--,--,--,--,--,--,--,--,--,--,--,--,--,--,--,--,--,--,--,--,--,--,--,--,--,--,--,--,--,--,--,--,34905
2026-05-04 16:50:46.533,--,--,--,--,--,--,--,--,--,--,--,--,--,--,--,--,--,--,--,--,--,--,--,--,--,--,--,--,--,--,--,--,--,--,--,--,--,--,--,--,--,--,--,--,--,--,34910
2026-05-04 16:50:46.585,--,--,--,--,--,--,--,--,--,--,--,--,--,--,--,--,--,--,--,--,--,--,--,--,--,--,--,--,--,--,--,--,--,--,--,--,--,--,--,--,--,--,--,--,--,--,38489
2026-05-04 16:50:46.639,--,--,--,--,--,--,--,--,--,--,--,--,--,--,--,--,--,--,--,--,--,--,--,--,--,--,--,--,--,--,--,--,--,--,--,--,--,--,--,--,--,--,--,--,--,--,38494
2026-05-04 16:50:46.703,--,--,--,--,--,--,--,--,--,--,--,--,--,--,--,--,--,--,--,--,--,--,--,--,--,--,--,--,--,--,--,--,--,--,--,--,--,--,--,--,--,--,--,--,--,--,38499
2026-05-04 16:50:46.736,--,--,--,--,--,--,--,--,--,--,--,--,--,--,--,--,--,--,--,--,--,--,--,--,--,--,--,--,--,--,--,--,--,--,--,--,--,--,--,--,--,--,--,--,--,--,38504
2026-05-04 16:50:46.737,--,--,--,--,--,--,--,--,--,--,--,--,--,--,--,--,--,--,--,--,--,--,--,--,--,--,--,--,--,--,--,--,--,--,--,--,--,--,--,--,--,--,--,--,--,--,38509
2026-05-04 16:50:46.738,--,--,--,--,--,--,--,--,--,--,--,--,--,--,--,--,--,--,--,--,--,--,--,--,--,--,--,--,--,--,--,--,--,--,--,--,--,--,--,--,--,--,--,--,--,--,38514
2026-05-04 16:50:46.740,--,--,--,--,--,--,--,--,--,--,--,--,--,--,--,--,--,--,--,--,--,--,--,--,--,--,--,--,--,--,--,--,--,--,--,--,--,--,--,--,--,--,--,--,--,--,38519
2026-05-04 16:50:46.741,--,--,--,--,--,--,--,--,--,--,--,--,--,--,--,--,--,--,--,--,--,--,--,--,--,--,--,--,--,--,--,--,--,--,--,--,--,--,--,--,--,--,--,--,--,--,38524
2026-05-04 16:50:46.742,--,--,--,--,--,--,--,--,--,--,--,--,--,--,--,--,--,--,--,--,--,--,--,--,--,--,--,--,--,--,--,--,--,--,--,--,--,--,--,--,--,--,--,--,--,--,38529
2026-05-04 16:50:46.744,--,--,--,--,--,--,--,--,--,--,--,--,--,--,--,--,--,--,--,--,--,--,--,--,--,--,--,--,--,--,--,--,--,--,--,--,--,--,--,--,--,--,--,--,--,--,38530
2026-05-04 16:50:46.916,--,--,--,--,--,--,--,--,--,--,--,--,--,--,--,--,--,--,--,--,--,--,--,--,--,--,--,--,--,--,--,--,--,--,--,--,--,--,--,--,--,--,--,--,--,--,38531
2026-05-04 16:50:46.957,--,--,--,--,--,--,--,--,--,--,--,--,--,--,--,--,--,--,--,--,--,--,--,--,--,--,--,--,--,--,--,--,--,--,--,--,--,--,--,--,--,--,--,--,--,--,38536
2026-05-04 16:50:46.994,--,--,--,--,--,--,--,--,--,--,--,--,--,--,--,--,--,--,--,--,--,--,--,--,--,--,--,--,--,--,--,--,--,--,--,--,--,--,--,--,--,--,--,--,--,--,38541
2026-05-04 16:50:47.032,--,--,--,--,--,--,--,--,--,--,--,--,--,--,--,--,--,--,--,--,--,--,--,--,--,--,--,--,--,--,--,--,--,--,--,--,--,--,--,--,--,--,--,--,--,--,38546
2026-05-04 16:50:47.086,--,--,--,--,--,--,--,--,--,--,--,--,--,--,--,--,--,--,--,--,--,--,--,--,--,--,--,--,--,--,--,--,--,--,--,--,--,--,--,--,--,--,--,--,--,--,38551
2026-05-04 16:50:47.121,--,--,--,--,--,--,--,--,--,--,--,--,--,--,--,--,--,--,--,--,--,--,--,--,--,--,--,--,--,--,--,--,--,--,--,--,--,--,--,--,--,--,--,--,--,--,38556
2026-05-04 16:50:47.158,--,--,--,--,--,--,--,--,--,--,--,--,--,--,--,--,--,--,--,--,--,--,--,--,--,--,--,--,--,--,--,--,--,--,--,--,--,--,--,--,--,--,--,--,--,--,38561
2026-05-04 16:50:47.178,--,--,--,--,--,--,--,--,--,--,--,--,--,--,--,--,--,--,--,--,--,--,--,--,--,--,--,--,--,--,--,--,--,--,--,--,--,--,--,--,--,--,--,--,--,--,38566
2026-05-04 16:50:47.230,--,--,--,--,--,--,--,--,--,--,--,--,--,--,--,--,--,--,--,--,--,--,--,--,--,--,--,--,--,--,--,--,--,--,--,--,--,--,--,--,--,--,--,--,--,--,38571
2026-05-04 16:50:47.281,--,--,--,--,--,--,--,--,--,--,--,--,--,--,--,--,--,--,--,--,--,--,--,--,--,--,--,--,--,--,--,--,--,--,--,--,--,--,--,--,--,--,--,--,--,--,38576
2026-05-04 16:50:47.299,--,--,--,--,--,--,--,--,--,--,--,--,--,--,--,--,--,--,--,--,--,--,--,--,--,--,--,--,--,--,--,--,--,--,--,--,--,--,--,--,--,--,--,--,--,--,38581
2026-05-04 16:50:47.300,--,--,--,--,--,--,--,--,--,--,--,--,--,--,--,--,--,--,--,--,--,--,--,--,--,--,--,--,--,--,--,--,--,--,--,--,--,--,--,--,--,--,--,--,--,--,38586
2026-05-04 16:50:47.303,--,--,--,--,--,--,--,--,--,--,--,--,--,--,--,--,--,--,--,--,--,--,--,--,--,--,--,--,--,--,--,--,--,--,--,--,--,--,--,--,--,--,--,--,--,--,38591
2026-05-04 16:50:47.304,--,--,--,--,--,--,--,--,--,--,--,--,--,--,--,--,--,--,--,--,--,--,--,--,--,--,--,--,--,--,--,--,--,--,--,--,--,--,--,--,--,--,--,--,--,--,38596
2026-05-04 16:50:47.306,--,--,--,--,--,--,--,--,--,--,--,--,--,--,--,--,--,--,--,--,--,--,--,--,--,--,--,--,--,--,--,--,--,--,--,--,--,--,--,--,--,--,--,--,--,--,38601
2026-05-04 16:50:47.308,--,--,--,--,--,--,--,--,--,--,--,--,--,--,--,--,--,--,--,--,--,--,--,--,--,--,--,--,--,--,--,--,--,--,--,--,--,--,--,--,--,--,--,--,--,--,38606
2026-05-04 16:50:47.309,--,--,--,--,--,--,--,--,--,--,--,--,--,--,--,--,--,--,--,--,--,--,--,--,--,--,--,--,--,--,--,--,--,--,--,--,--,--,--,--,--,--,--,--,--,--,38611
2026-05-04 16:50:47.311,--,--,--,--,--,--,--,--,--,--,--,--,--,--,--,--,--,--,--,--,--,--,--,--,--,--,--,--,--,--,--,--,--,--,--,--,--,--,--,--,--,--,--,--,--,--,38616
2026-05-04 16:50:47.312,--,--,--,--,--,--,--,--,--,--,--,--,--,--,--,--,--,--,--,--,--,--,--,--,--,--,--,--,--,--,--,--,--,--,--,--,--,--,--,--,--,--,--,--,--,--,38621
2026-05-04 16:50:47.314,--,--,--,--,--,--,--,--,--,--,--,--,--,--,--,--,--,--,--,--,--,--,--,--,--,--,--,--,--,--,--,--,--,--,--,--,--,--,--,--,--,--,--,--,--,--,38626
2026-05-04 16:50:47.366,--,--,--,--,--,--,--,--,--,--,--,--,--,--,--,--,--,--,--,--,--,--,--,--,--,--,--,--,--,--,--,--,--,--,--,--,--,--,--,--,--,--,--,--,--,--,41572
2026-05-04 16:50:47.419,--,--,--,--,--,--,--,--,--,--,--,--,--,--,--,--,--,--,--,--,--,--,--,--,--,--,--,--,--,--,--,--,--,--,--,--,--,--,--,--,--,--,--,--,--,--,41577
2026-05-04 16:50:47.489,--,--,--,--,--,--,--,--,--,--,--,--,--,--,--,--,--,--,--,--,--,--,--,--,--,--,--,--,--,--,--,--,--,--,--,--,--,--,--,--,--,--,--,--,--,--,41582
2026-05-04 16:50:47.543,--,--,--,--,--,--,--,--,--,--,--,--,--,--,--,--,--,--,--,--,--,--,--,--,--,--,--,--,--,--,--,--,--,--,--,--,--,--,--,--,--,--,--,--,--,--,41587
2026-05-04 16:50:47.615,--,--,--,--,--,--,--,--,--,--,--,--,--,--,--,--,--,--,--,--,--,--,--,--,--,--,--,--,--,--,--,--,--,--,--,--,--,--,--,--,--,--,--,--,--,--,41592
2026-05-04 16:50:47.671,--,--,--,--,--,--,--,--,--,--,--,--,--,--,--,--,--,--,--,--,--,--,--,--,--,--,--,--,--,--,--,--,--,--,--,--,--,--,--,--,--,--,--,--,--,--,41597
2026-05-04 16:50:47.673,--,--,--,--,--,--,--,--,--,--,--,--,--,--,--,--,--,--,--,--,--,--,--,--,--,--,--,--,--,--,--,--,--,--,--,--,--,--,--,--,--,--,--,--,--,--,41602
2026-05-04 16:50:47.674,--,--,--,--,--,--,--,--,--,--,--,--,--,--,--,--,--,--,--,--,--,--,--,--,--,--,--,--,--,--,--,--,--,--,--,--,--,--,--,--,--,--,--,--,--,--,41607
2026-05-04 16:50:47.675,--,--,--,--,--,--,--,--,--,--,--,--,--,--,--,--,--,--,--,--,--,--,--,--,--,--,--,--,--,--,--,--,--,--,--,--,--,--,--,--,--,--,--,--,--,--,41612
2026-05-04 16:50:47.676,--,--,--,--,--,--,--,--,--,--,--,--,--,--,--,--,--,--,--,--,--,--,--,--,--,--,--,--,--,--,--,--,--,--,--,--,--,--,--,--,--,--,--,--,--,--,41617
2026-05-04 16:50:47.680,--,--,--,--,--,--,--,--,--,--,--,--,--,--,--,--,--,--,--,--,--,--,--,--,--,--,--,--,--,--,--,--,--,--,--,--,--,--,--,--,--,--,--,--,--,--,41622
2026-05-04 16:50:47.684,--,--,--,--,--,--,--,--,--,--,--,--,--,--,--,--,--,--,--,--,--,--,--,--,--,--,--,--,--,--,--,--,--,--,--,--,--,--,--,--,--,--,--,--,--,--,41627
2026-05-04 16:50:47.688,--,--,--,--,--,--,--,--,--,--,--,--,--,--,--,--,--,--,--,--,--,--,--,--,--,--,--,--,--,--,--,--,--,--,--,--,--,--,--,--,--,--,--,--,--,--,41632
2026-05-04 16:50:47.691,--,--,--,--,--,--,--,--,--,--,--,--,--,--,--,--,--,--,--,--,--,--,--,--,--,--,--,--,--,--,--,--,--,--,--,--,--,--,--,--,--,--,--,--,--,--,41637
2026-05-04 16:50:47.692,--,--,--,--,--,--,--,--,--,--,--,--,--,--,--,--,--,--,--,--,--,--,--,--,--,--,--,--,--,--,--,--,--,--,--,--,--,--,--,--,--,--,--,--,--,--,41642
2026-05-04 16:50:47.693,--,--,--,--,--,--,--,--,--,--,--,--,--,--,--,--,--,--,--,--,--,--,--,--,--,--,--,--,--,--,--,--,--,--,--,--,--,--,--,--,--,--,--,--,--,--,41647
2026-05-04 16:50:47.695,--,--,--,--,--,--,--,--,--,--,--,--,--,--,--,--,--,--,--,--,--,--,--,--,--,--,--,--,--,--,--,--,--,--,--,--,--,--,--,--,--,--,--,--,--,--,41652
2026-05-04 16:50:47.696,--,--,--,--,--,--,--,--,--,--,--,--,--,--,--,--,--,--,--,--,--,--,--,--,--,--,--,--,--,--,--,--,--,--,--,--,--,--,--,--,--,--,--,--,--,--,41655
2026-05-04 16:50:47.866,--,--,--,--,--,--,--,--,--,--,--,--,--,--,--,--,--,--,--,--,--,--,--,--,--,--,--,--,--,--,--,--,--,--,--,--,--,--,--,--,--,--,--,--,--,--,41656
2026-05-04 16:50:47.921,--,--,--,--,--,--,--,--,--,--,--,--,--,--,--,--,--,--,--,--,--,--,--,--,--,--,--,--,--,--,--,--,--,--,--,--,--,--,--,--,--,--,--,--,--,--,41661
2026-05-04 16:50:47.957,--,--,--,--,--,--,--,--,--,--,--,--,--,--,--,--,--,--,--,--,--,--,--,--,--,--,--,--,--,--,--,--,--,--,--,--,--,--,--,--,--,--,--,--,--,--,41666
2026-05-04 16:50:48.006,--,--,--,--,--,--,--,--,--,--,--,--,--,--,--,--,--,--,--,--,--,--,--,--,--,--,--,--,--,--,--,--,--,--,--,--,--,--,--,--,--,--,--,--,--,--,41671
2026-05-04 16:50:48.061,--,--,--,--,--,--,--,--,--,--,--,--,--,--,--,--,--,--,--,--,--,--,--,--,--,--,--,--,--,--,--,--,--,--,--,--,--,--,--,--,--,--,--,--,--,--,41676
2026-05-04 16:50:48.122,--,--,--,--,--,--,--,--,--,--,--,--,--,--,--,--,--,--,--,--,--,--,--,--,--,--,--,--,--,--,--,--,--,--,--,--,--,--,--,--,--,--,--,--,--,--,41681
2026-05-04 16:50:48.161,--,--,--,--,--,--,--,--,--,--,--,--,--,--,--,--,--,--,--,--,--,--,--,--,--,--,--,--,--,--,--,--,--,--,--,--,--,--,--,--,--,--,--,--,--,--,41686
2026-05-04 16:50:48.211,--,--,--,--,--,--,--,--,--,--,--,--,--,--,--,--,--,--,--,--,--,--,--,--,--,--,--,--,--,--,--,--,--,--,--,--,--,--,--,--,--,--,--,--,--,--,41691
2026-05-04 16:50:48.244,--,--,--,--,--,--,--,--,--,--,--,--,--,--,--,--,--,--,--,--,--,--,--,--,--,--,--,--,--,--,--,--,--,--,--,--,--,--,--,--,--,--,--,--,--,--,41696
2026-05-04 16:50:48.246,--,--,--,--,--,--,--,--,--,--,--,--,--,--,--,--,--,--,--,--,--,--,--,--,--,--,--,--,--,--,--,--,--,--,--,--,--,--,--,--,--,--,--,--,--,--,41701
2026-05-04 16:50:48.249,--,--,--,--,--,--,--,--,--,--,--,--,--,--,--,--,--,--,--,--,--,--,--,--,--,--,--,--,--,--,--,--,--,--,--,--,--,--,--,--,--,--,--,--,--,--,41706
2026-05-04 16:50:48.249,--,--,--,--,--,--,--,--,--,--,--,--,--,--,--,--,--,--,--,--,--,--,--,--,--,--,--,--,--,--,--,--,--,--,--,--,--,--,--,--,--,--,--,--,--,--,41711
2026-05-04 16:50:48.251,--,--,--,--,--,--,--,--,--,--,--,--,--,--,--,--,--,--,--,--,--,--,--,--,--,--,--,--,--,--,--,--,--,--,--,--,--,--,--,--,--,--,--,--,--,--,41716
2026-05-04 16:50:48.253,--,--,--,--,--,--,--,--,--,--,--,--,--,--,--,--,--,--,--,--,--,--,--,--,--,--,--,--,--,--,--,--,--,--,--,--,--,--,--,--,--,--,--,--,--,--,41721
2026-05-04 16:50:48.255,--,--,--,--,--,--,--,--,--,--,--,--,--,--,--,--,--,--,--,--,--,--,--,--,--,--,--,--,--,--,--,--,--,--,--,--,--,--,--,--,--,--,--,--,--,--,41726
2026-05-04 16:50:48.256,--,--,--,--,--,--,--,--,--,--,--,--,--,--,--,--,--,--,--,--,--,--,--,--,--,--,--,--,--,--,--,--,--,--,--,--,--,--,--,--,--,--,--,--,--,--,41731
2026-05-04 16:50:48.257,--,--,--,--,--,--,--,--,--,--,--,--,--,--,--,--,--,--,--,--,--,--,--,--,--,--,--,--,--,--,--,--,--,--,--,--,--,--,--,--,--,--,--,--,--,--,41736
2026-05-04 16:50:48.258,--,--,--,--,--,--,--,--,--,--,--,--,--,--,--,--,--,--,--,--,--,--,--,--,--,--,--,--,--,--,--,--,--,--,--,--,--,--,--,--,--,--,--,--,--,--,41741
2026-05-04 16:50:48.260,--,--,--,--,--,--,--,--,--,--,--,--,--,--,--,--,--,--,--,--,--,--,--,--,--,--,--,--,--,--,--,--,--,--,--,--,--,--,--,--,--,--,--,--,--,--,41746
2026-05-04 16:50:48.262,--,--,--,--,--,--,--,--,--,--,--,--,--,--,--,--,--,--,--,--,--,--,--,--,--,--,--,--,--,--,--,--,--,--,--,--,--,--,--,--,--,--,--,--,--,--,41751
2026-05-04 16:50:48.315,--,--,--,--,--,--,--,--,--,--,--,--,--,--,--,--,--,--,--,--,--,--,--,--,--,--,--,--,--,--,--,--,--,--,--,--,--,--,--,--,--,--,--,--,--,--,45457
2026-05-04 16:50:48.382,--,--,--,--,--,--,--,--,--,--,--,--,--,--,--,--,--,--,--,--,--,--,--,--,--,--,--,--,--,--,--,--,--,--,--,--,--,--,--,--,--,--,--,--,--,--,45462
2026-05-04 16:50:48.435,--,--,--,--,--,--,--,--,--,--,--,--,--,--,--,--,--,--,--,--,--,--,--,--,--,--,--,--,--,--,--,--,--,--,--,--,--,--,--,--,--,--,--,--,--,--,45467
2026-05-04 16:50:48.510,--,--,--,--,--,--,--,--,--,--,--,--,--,--,--,--,--,--,--,--,--,--,--,--,--,--,--,--,--,--,--,--,--,--,--,--,--,--,--,--,--,--,--,--,--,--,45472
2026-05-04 16:50:48.565,--,--,--,--,--,--,--,--,--,--,--,--,--,--,--,--,--,--,--,--,--,--,--,--,--,--,--,--,--,--,--,--,--,--,--,--,--,--,--,--,--,--,--,--,--,--,45477
2026-05-04 16:50:48.619,--,--,--,--,--,--,--,--,--,--,--,--,--,--,--,--,--,--,--,--,--,--,--,--,--,--,--,--,--,--,--,--,--,--,--,--,--,--,--,--,--,--,--,--,--,--,45482
2026-05-04 16:50:48.621,--,--,--,--,--,--,--,--,--,--,--,--,--,--,--,--,--,--,--,--,--,--,--,--,--,--,--,--,--,--,--,--,--,--,--,--,--,--,--,--,--,--,--,--,--,--,45487
2026-05-04 16:50:48.623,--,--,--,--,--,--,--,--,--,--,--,--,--,--,--,--,--,--,--,--,--,--,--,--,--,--,--,--,--,--,--,--,--,--,--,--,--,--,--,--,--,--,--,--,--,--,45492
2026-05-04 16:50:48.623,--,--,--,--,--,--,--,--,--,--,--,--,--,--,--,--,--,--,--,--,--,--,--,--,--,--,--,--,--,--,--,--,--,--,--,--,--,--,--,--,--,--,--,--,--,--,45497
2026-05-04 16:50:48.625,--,--,--,--,--,--,--,--,--,--,--,--,--,--,--,--,--,--,--,--,--,--,--,--,--,--,--,--,--,--,--,--,--,--,--,--,--,--,--,--,--,--,--,--,--,--,45502
2026-05-04 16:50:48.625,--,--,--,--,--,--,--,--,--,--,--,--,--,--,--,--,--,--,--,--,--,--,--,--,--,--,--,--,--,--,--,--,--,--,--,--,--,--,--,--,--,--,--,--,--,--,45507
2026-05-04 16:50:48.626,--,--,--,--,--,--,--,--,--,--,--,--,--,--,--,--,--,--,--,--,--,--,--,--,--,--,--,--,--,--,--,--,--,--,--,--,--,--,--,--,--,--,--,--,--,--,45512
2026-05-04 16:50:48.628,--,--,--,--,--,--,--,--,--,--,--,--,--,--,--,--,--,--,--,--,--,--,--,--,--,--,--,--,--,--,--,--,--,--,--,--,--,--,--,--,--,--,--,--,--,--,45517
2026-05-04 16:50:48.632,--,--,--,--,--,--,--,--,--,--,--,--,--,--,--,--,--,--,--,--,--,--,--,--,--,--,--,--,--,--,--,--,--,--,--,--,--,--,--,--,--,--,--,--,--,--,45522
2026-05-04 16:50:48.637,--,--,--,--,--,--,--,--,--,--,--,--,--,--,--,--,--,--,--,--,--,--,--,--,--,--,--,--,--,--,--,--,--,--,--,--,--,--,--,--,--,--,--,--,--,--,45527
2026-05-04 16:50:48.641,--,--,--,--,--,--,--,--,--,--,--,--,--,--,--,--,--,--,--,--,--,--,--,--,--,--,--,--,--,--,--,--,--,--,--,--,--,--,--,--,--,--,--,--,--,--,45532
2026-05-04 16:50:48.644,--,--,--,--,--,--,--,--,--,--,--,--,--,--,--,--,--,--,--,--,--,--,--,--,--,--,--,--,--,--,--,--,--,--,--,--,--,--,--,--,--,--,--,--,--,--,45537
2026-05-04 16:50:48.645,--,--,--,--,--,--,--,--,--,--,--,--,--,--,--,--,--,--,--,--,--,--,--,--,--,--,--,--,--,--,--,--,--,--,--,--,--,--,--,--,--,--,--,--,--,--,45540
2026-05-04 16:50:48.833,--,--,--,--,--,--,--,--,--,--,--,--,--,--,--,--,--,--,--,--,--,--,--,--,--,--,--,--,--,--,--,--,--,--,--,--,--,--,--,--,--,--,--,--,--,--,45541
2026-05-04 16:50:48.870,--,--,--,--,--,--,--,--,--,--,--,--,--,--,--,--,--,--,--,--,--,--,--,--,--,--,--,--,--,--,--,--,--,--,--,--,--,--,--,--,--,--,--,--,--,--,45546
2026-05-04 16:50:48.934,--,--,--,--,--,--,--,--,--,--,--,--,--,--,--,--,--,--,--,--,--,--,--,--,--,--,--,--,--,--,--,--,--,--,--,--,--,--,--,--,--,--,--,--,--,--,45551
2026-05-04 16:50:48.989,--,--,--,--,--,--,--,--,--,--,--,--,--,--,--,--,--,--,--,--,--,--,--,--,--,--,--,--,--,--,--,--,--,--,--,--,--,--,--,--,--,--,--,--,--,--,45556
2026-05-04 16:50:49.022,--,--,--,--,--,--,--,--,--,--,--,--,--,--,--,--,--,--,--,--,--,--,--,--,--,--,--,--,--,--,--,--,--,--,--,--,--,--,--,--,--,--,--,--,--,--,45561
2026-05-04 16:50:49.064,--,--,--,--,--,--,--,--,--,--,--,--,--,--,--,--,--,--,--,--,--,--,--,--,--,--,--,--,--,--,--,--,--,--,--,--,--,--,--,--,--,--,--,--,--,--,45566
2026-05-04 16:50:49.114,--,--,--,--,--,--,--,--,--,--,--,--,--,--,--,--,--,--,--,--,--,--,--,--,--,--,--,--,--,--,--,--,--,--,--,--,--,--,--,--,--,--,--,--,--,--,45571
2026-05-04 16:50:49.162,--,--,--,--,--,--,--,--,--,--,--,--,--,--,--,--,--,--,--,--,--,--,--,--,--,--,--,--,--,--,--,--,--,--,--,--,--,--,--,--,--,--,--,--,--,--,45576
2026-05-04 16:50:49.179,--,--,--,--,--,--,--,--,--,--,--,--,--,--,--,--,--,--,--,--,--,--,--,--,--,--,--,--,--,--,--,--,--,--,--,--,--,--,--,--,--,--,--,--,--,--,45581
2026-05-04 16:50:49.180,--,--,--,--,--,--,--,--,--,--,--,--,--,--,--,--,--,--,--,--,--,--,--,--,--,--,--,--,--,--,--,--,--,--,--,--,--,--,--,--,--,--,--,--,--,--,45586
2026-05-04 16:50:49.182,--,--,--,--,--,--,--,--,--,--,--,--,--,--,--,--,--,--,--,--,--,--,--,--,--,--,--,--,--,--,--,--,--,--,--,--,--,--,--,--,--,--,--,--,--,--,45591
2026-05-04 16:50:49.183,--,--,--,--,--,--,--,--,--,--,--,--,--,--,--,--,--,--,--,--,--,--,--,--,--,--,--,--,--,--,--,--,--,--,--,--,--,--,--,--,--,--,--,--,--,--,45596
2026-05-04 16:50:49.184,--,--,--,--,--,--,--,--,--,--,--,--,--,--,--,--,--,--,--,--,--,--,--,--,--,--,--,--,--,--,--,--,--,--,--,--,--,--,--,--,--,--,--,--,--,--,45601
2026-05-04 16:50:49.186,--,--,--,--,--,--,--,--,--,--,--,--,--,--,--,--,--,--,--,--,--,--,--,--,--,--,--,--,--,--,--,--,--,--,--,--,--,--,--,--,--,--,--,--,--,--,45606
2026-05-04 16:50:49.187,--,--,--,--,--,--,--,--,--,--,--,--,--,--,--,--,--,--,--,--,--,--,--,--,--,--,--,--,--,--,--,--,--,--,--,--,--,--,--,--,--,--,--,--,--,--,45611
2026-05-04 16:50:49.189,--,--,--,--,--,--,--,--,--,--,--,--,--,--,--,--,--,--,--,--,--,--,--,--,--,--,--,--,--,--,--,--,--,--,--,--,--,--,--,--,--,--,--,--,--,--,45616
2026-05-04 16:50:49.190,--,--,--,--,--,--,--,--,--,--,--,--,--,--,--,--,--,--,--,--,--,--,--,--,--,--,--,--,--,--,--,--,--,--,--,--,--,--,--,--,--,--,--,--,--,--,45621
2026-05-04 16:50:49.191,--,--,--,--,--,--,--,--,--,--,--,--,--,--,--,--,--,--,--,--,--,--,--,--,--,--,--,--,--,--,--,--,--,--,--,--,--,--,--,--,--,--,--,--,--,--,45626
2026-05-04 16:50:49.192,--,--,--,--,--,--,--,--,--,--,--,--,--,--,--,--,--,--,--,--,--,--,--,--,--,--,--,--,--,--,--,--,--,--,--,--,--,--,--,--,--,--,--,--,--,--,45631
2026-05-04 16:50:49.194,--,--,--,--,--,--,--,--,--,--,--,--,--,--,--,--,--,--,--,--,--,--,--,--,--,--,--,--,--,--,--,--,--,--,--,--,--,--,--,--,--,--,--,--,--,--,45636
2026-05-04 16:50:49.230,--,--,--,--,--,--,--,--,--,--,--,--,--,--,--,--,--,--,--,--,--,--,--,--,--,--,--,--,--,--,--,--,--,--,--,--,--,--,--,--,--,--,--,--,--,--,49299
2026-05-04 16:50:49.284,--,--,--,--,--,--,--,--,--,--,--,--,--,--,--,--,--,--,--,--,--,--,--,--,--,--,--,--,--,--,--,--,--,--,--,--,--,--,--,--,--,--,--,--,--,--,49304
2026-05-04 16:50:49.354,--,--,--,--,--,--,--,--,--,--,--,--,--,--,--,--,--,--,--,--,--,--,--,--,--,--,--,--,--,--,--,--,--,--,--,--,--,--,--,--,--,--,--,--,--,--,49309
2026-05-04 16:50:49.423,--,--,--,--,--,--,--,--,--,--,--,--,--,--,--,--,--,--,--,--,--,--,--,--,--,--,--,--,--,--,--,--,--,--,--,--,--,--,--,--,--,--,--,--,--,--,49314
2026-05-04 16:50:49.461,--,--,--,--,--,--,--,--,--,--,--,--,--,--,--,--,--,--,--,--,--,--,--,--,--,--,--,--,--,--,--,--,--,--,--,--,--,--,--,--,--,--,--,--,--,--,49319
2026-05-04 16:50:49.530,--,--,--,--,--,--,--,--,--,--,--,--,--,--,--,--,--,--,--,--,--,--,--,--,--,--,--,--,--,--,--,--,--,--,--,--,--,--,--,--,--,--,--,--,--,--,49324
2026-05-04 16:50:49.531,--,--,--,--,--,--,--,--,--,--,--,--,--,--,--,--,--,--,--,--,--,--,--,--,--,--,--,--,--,--,--,--,--,--,--,--,--,--,--,--,--,--,--,--,--,--,49329
2026-05-04 16:50:49.533,--,--,--,--,--,--,--,--,--,--,--,--,--,--,--,--,--,--,--,--,--,--,--,--,--,--,--,--,--,--,--,--,--,--,--,--,--,--,--,--,--,--,--,--,--,--,49334
2026-05-04 16:50:49.535,--,--,--,--,--,--,--,--,--,--,--,--,--,--,--,--,--,--,--,--,--,--,--,--,--,--,--,--,--,--,--,--,--,--,--,--,--,--,--,--,--,--,--,--,--,--,49339
2026-05-04 16:50:49.536,--,--,--,--,--,--,--,--,--,--,--,--,--,--,--,--,--,--,--,--,--,--,--,--,--,--,--,--,--,--,--,--,--,--,--,--,--,--,--,--,--,--,--,--,--,--,49344
2026-05-04 16:50:49.537,--,--,--,--,--,--,--,--,--,--,--,--,--,--,--,--,--,--,--,--,--,--,--,--,--,--,--,--,--,--,--,--,--,--,--,--,--,--,--,--,--,--,--,--,--,--,49349
2026-05-04 16:50:49.539,--,--,--,--,--,--,--,--,--,--,--,--,--,--,--,--,--,--,--,--,--,--,--,--,--,--,--,--,--,--,--,--,--,--,--,--,--,--,--,--,--,--,--,--,--,--,49354
2026-05-04 16:50:49.543,--,--,--,--,--,--,--,--,--,--,--,--,--,--,--,--,--,--,--,--,--,--,--,--,--,--,--,--,--,--,--,--,--,--,--,--,--,--,--,--,--,--,--,--,--,--,49359
2026-05-04 16:50:49.548,--,--,--,--,--,--,--,--,--,--,--,--,--,--,--,--,--,--,--,--,--,--,--,--,--,--,--,--,--,--,--,--,--,--,--,--,--,--,--,--,--,--,--,--,--,--,49364
2026-05-04 16:50:49.549,--,--,--,--,--,--,--,--,--,--,--,--,--,--,--,--,--,--,--,--,--,--,--,--,--,--,--,--,--,--,--,--,--,--,--,--,--,--,--,--,--,--,--,--,--,--,49369
2026-05-04 16:50:49.553,--,--,--,--,--,--,--,--,--,--,--,--,--,--,--,--,--,--,--,--,--,--,--,--,--,--,--,--,--,--,--,--,--,--,--,--,--,--,--,--,--,--,--,--,--,--,49374
2026-05-04 16:50:49.559,--,--,--,--,--,--,--,--,--,--,--,--,--,--,--,--,--,--,--,--,--,--,--,--,--,--,--,--,--,--,--,--,--,--,--,--,--,--,--,--,--,--,--,--,--,--,49379
2026-05-04 16:50:49.710,--,--,--,--,--,--,--,--,--,--,--,--,--,--,--,--,--,--,--,--,--,--,--,--,--,--,--,--,--,--,--,--,--,--,--,--,--,--,--,--,--,--,--,--,--,--,49384
2026-05-04 16:50:49.767,--,--,--,--,--,--,--,--,--,--,--,--,--,--,--,--,--,--,--,--,--,--,--,--,--,--,--,--,--,--,--,--,--,--,--,--,--,--,--,--,--,--,--,--,--,--,49389
2026-05-04 16:50:49.804,--,--,--,--,--,--,--,--,--,--,--,--,--,--,--,--,--,--,--,--,--,--,--,--,--,--,--,--,--,--,--,--,--,--,--,--,--,--,--,--,--,--,--,--,--,--,49394
2026-05-04 16:50:49.842,--,--,--,--,--,--,--,--,--,--,--,--,--,--,--,--,--,--,--,--,--,--,--,--,--,--,--,--,--,--,--,--,--,--,--,--,--,--,--,--,--,--,--,--,--,--,49399
2026-05-04 16:50:49.896,--,--,--,--,--,--,--,--,--,--,--,--,--,--,--,--,--,--,--,--,--,--,--,--,--,--,--,--,--,--,--,--,--,--,--,--,--,--,--,--,--,--,--,--,--,--,49404
2026-05-04 16:50:49.930,--,--,--,--,--,--,--,--,--,--,--,--,--,--,--,--,--,--,--,--,--,--,--,--,--,--,--,--,--,--,--,--,--,--,--,--,--,--,--,--,--,--,--,--,--,--,49409
2026-05-04 16:50:49.964,--,--,--,--,--,--,--,--,--,--,--,--,--,--,--,--,--,--,--,--,--,--,--,--,--,--,--,--,--,--,--,--,--,--,--,--,--,--,--,--,--,--,--,--,--,--,49414
2026-05-04 16:50:50.013,--,--,--,--,--,--,--,--,--,--,--,--,--,--,--,--,--,--,--,--,--,--,--,--,--,--,--,--,--,--,--,--,--,--,--,--,--,--,--,--,--,--,--,--,--,--,49419
2026-05-04 16:50:50.067,--,--,--,--,--,--,--,--,--,--,--,--,--,--,--,--,--,--,--,--,--,--,--,--,--,--,--,--,--,--,--,--,--,--,--,--,--,--,--,--,--,--,--,--,--,--,49424
2026-05-04 16:50:50.086,--,--,--,--,--,--,--,--,--,--,--,--,--,--,--,--,--,--,--,--,--,--,--,--,--,--,--,--,--,--,--,--,--,--,--,--,--,--,--,--,--,--,--,--,--,--,49429
2026-05-04 16:50:50.088,--,--,--,--,--,--,--,--,--,--,--,--,--,--,--,--,--,--,--,--,--,--,--,--,--,--,--,--,--,--,--,--,--,--,--,--,--,--,--,--,--,--,--,--,--,--,49434
2026-05-04 16:50:50.089,--,--,--,--,--,--,--,--,--,--,--,--,--,--,--,--,--,--,--,--,--,--,--,--,--,--,--,--,--,--,--,--,--,--,--,--,--,--,--,--,--,--,--,--,--,--,49439
2026-05-04 16:50:50.091,--,--,--,--,--,--,--,--,--,--,--,--,--,--,--,--,--,--,--,--,--,--,--,--,--,--,--,--,--,--,--,--,--,--,--,--,--,--,--,--,--,--,--,--,--,--,49444
2026-05-04 16:50:50.092,--,--,--,--,--,--,--,--,--,--,--,--,--,--,--,--,--,--,--,--,--,--,--,--,--,--,--,--,--,--,--,--,--,--,--,--,--,--,--,--,--,--,--,--,--,--,49449
2026-05-04 16:50:50.093,--,--,--,--,--,--,--,--,--,--,--,--,--,--,--,--,--,--,--,--,--,--,--,--,--,--,--,--,--,--,--,--,--,--,--,--,--,--,--,--,--,--,--,--,--,--,49454
2026-05-04 16:50:50.095,--,--,--,--,--,--,--,--,--,--,--,--,--,--,--,--,--,--,--,--,--,--,--,--,--,--,--,--,--,--,--,--,--,--,--,--,--,--,--,--,--,--,--,--,--,--,49459
2026-05-04 16:50:50.096,--,--,--,--,--,--,--,--,--,--,--,--,--,--,--,--,--,--,--,--,--,--,--,--,--,--,--,--,--,--,--,--,--,--,--,--,--,--,--,--,--,--,--,--,--,--,49464
2026-05-04 16:50:50.097,--,--,--,--,--,--,--,--,--,--,--,--,--,--,--,--,--,--,--,--,--,--,--,--,--,--,--,--,--,--,--,--,--,--,--,--,--,--,--,--,--,--,--,--,--,--,49469
2026-05-04 16:50:50.098,--,--,--,--,--,--,--,--,--,--,--,--,--,--,--,--,--,--,--,--,--,--,--,--,--,--,--,--,--,--,--,--,--,--,--,--,--,--,--,--,--,--,--,--,--,--,49474
2026-05-04 16:50:50.100,--,--,--,--,--,--,--,--,--,--,--,--,--,--,--,--,--,--,--,--,--,--,--,--,--,--,--,--,--,--,--,--,--,--,--,--,--,--,--,--,--,--,--,--,--,--,49479
2026-05-04 16:50:50.136,--,--,--,--,--,--,--,--,--,--,--,--,--,--,--,--,--,--,--,--,--,--,--,--,--,--,--,--,--,--,--,--,--,--,--,--,--,--,--,--,--,--,--,--,--,--,53100
2026-05-04 16:50:50.205,--,--,--,--,--,--,--,--,--,--,--,--,--,--,--,--,--,--,--,--,--,--,--,--,--,--,--,--,--,--,--,--,--,--,--,--,--,--,--,--,--,--,--,--,--,--,53105
2026-05-04 16:50:50.273,--,--,--,--,--,--,--,--,--,--,--,--,--,--,--,--,--,--,--,--,--,--,--,--,--,--,--,--,--,--,--,--,--,--,--,--,--,--,--,--,--,--,--,--,--,--,53110
2026-05-04 16:50:50.304,--,--,--,--,--,--,--,--,--,--,--,--,--,--,--,--,--,--,--,--,--,--,--,--,--,--,--,--,--,--,--,--,--,--,--,--,--,--,--,--,--,--,--,--,--,--,53115
2026-05-04 16:50:50.306,--,--,--,--,--,--,--,--,--,--,--,--,--,--,--,--,--,--,--,--,--,--,--,--,--,--,--,--,--,--,--,--,--,--,--,--,--,--,--,--,--,--,--,--,--,--,53120
2026-05-04 16:50:50.307,--,--,--,--,--,--,--,--,--,--,--,--,--,--,--,--,--,--,--,--,--,--,--,--,--,--,--,--,--,--,--,--,--,--,--,--,--,--,--,--,--,--,--,--,--,--,53125
2026-05-04 16:50:50.309,--,--,--,--,--,--,--,--,--,--,--,--,--,--,--,--,--,--,--,--,--,--,--,--,--,--,--,--,--,--,--,--,--,--,--,--,--,--,--,--,--,--,--,--,--,--,53130
2026-05-04 16:50:50.309,--,--,--,--,--,--,--,--,--,--,--,--,--,--,--,--,--,--,--,--,--,--,--,--,--,--,--,--,--,--,--,--,--,--,--,--,--,--,--,--,--,--,--,--,--,--,53135
2026-05-04 16:50:50.310,--,--,--,--,--,--,--,--,--,--,--,--,--,--,--,--,--,--,--,--,--,--,--,--,--,--,--,--,--,--,--,--,--,--,--,--,--,--,--,--,--,--,--,--,--,--,53140
2026-05-04 16:50:50.312,--,--,--,--,--,--,--,--,--,--,--,--,--,--,--,--,--,--,--,--,--,--,--,--,--,--,--,--,--,--,--,--,--,--,--,--,--,--,--,--,--,--,--,--,--,--,53141
2026-05-04 16:50:50.449,--,--,--,--,--,--,--,--,--,--,--,--,--,--,--,--,--,--,--,--,--,--,--,--,--,--,--,--,--,--,--,--,--,--,--,--,--,--,--,--,--,--,--,--,--,--,53142
2026-05-04 16:50:50.506,--,--,--,--,--,--,--,--,--,--,--,--,--,--,--,--,--,--,--,--,--,--,--,--,--,--,--,--,--,--,--,--,--,--,--,--,--,--,--,--,--,--,--,--,--,--,53147
2026-05-04 16:50:50.539,--,--,--,--,--,--,--,--,--,--,--,--,--,--,--,--,--,--,--,--,--,--,--,--,--,--,--,--,--,--,--,--,--,--,--,--,--,--,--,--,--,--,--,--,--,--,53152
2026-05-04 16:50:50.594,--,--,--,--,--,--,--,--,--,--,--,--,--,--,--,--,--,--,--,--,--,--,--,--,--,--,--,--,--,--,--,--,--,--,--,--,--,--,--,--,--,--,--,--,--,--,53157
2026-05-04 16:50:50.644,--,--,--,--,--,--,--,--,--,--,--,--,--,--,--,--,--,--,--,--,--,--,--,--,--,--,--,--,--,--,--,--,--,--,--,--,--,--,--,--,--,--,--,--,--,--,53162
2026-05-04 16:50:50.679,--,--,--,--,--,--,--,--,--,--,--,--,--,--,--,--,--,--,--,--,--,--,--,--,--,--,--,--,--,--,--,--,--,--,--,--,--,--,--,--,--,--,--,--,--,--,53167
2026-05-04 16:50:50.732,--,--,--,--,--,--,--,--,--,--,--,--,--,--,--,--,--,--,--,--,--,--,--,--,--,--,--,--,--,--,--,--,--,--,--,--,--,--,--,--,--,--,--,--,--,--,53172
2026-05-04 16:50:50.783,--,--,--,--,--,--,--,--,--,--,--,--,--,--,--,--,--,--,--,--,--,--,--,--,--,--,--,--,--,--,--,--,--,--,--,--,--,--,--,--,--,--,--,--,--,--,53177
2026-05-04 16:50:50.816,--,--,--,--,--,--,--,--,--,--,--,--,--,--,--,--,--,--,--,--,--,--,--,--,--,--,--,--,--,--,--,--,--,--,--,--,--,--,--,--,--,--,--,--,--,--,53182
2026-05-04 16:50:50.818,--,--,--,--,--,--,--,--,--,--,--,--,--,--,--,--,--,--,--,--,--,--,--,--,--,--,--,--,--,--,--,--,--,--,--,--,--,--,--,--,--,--,--,--,--,--,53187
2026-05-04 16:50:50.821,--,--,--,--,--,--,--,--,--,--,--,--,--,--,--,--,--,--,--,--,--,--,--,--,--,--,--,--,--,--,--,--,--,--,--,--,--,--,--,--,--,--,--,--,--,--,53192
2026-05-04 16:50:50.823,--,--,--,--,--,--,--,--,--,--,--,--,--,--,--,--,--,--,--,--,--,--,--,--,--,--,--,--,--,--,--,--,--,--,--,--,--,--,--,--,--,--,--,--,--,--,53197
2026-05-04 16:50:50.824,--,--,--,--,--,--,--,--,--,--,--,--,--,--,--,--,--,--,--,--,--,--,--,--,--,--,--,--,--,--,--,--,--,--,--,--,--,--,--,--,--,--,--,--,--,--,53202
2026-05-04 16:50:50.825,--,--,--,--,--,--,--,--,--,--,--,--,--,--,--,--,--,--,--,--,--,--,--,--,--,--,--,--,--,--,--,--,--,--,--,--,--,--,--,--,--,--,--,--,--,--,53207
2026-05-04 16:50:50.826,--,--,--,--,--,--,--,--,--,--,--,--,--,--,--,--,--,--,--,--,--,--,--,--,--,--,--,--,--,--,--,--,--,--,--,--,--,--,--,--,--,--,--,--,--,--,53212
2026-05-04 16:50:50.827,--,--,--,--,--,--,--,--,--,--,--,--,--,--,--,--,--,--,--,--,--,--,--,--,--,--,--,--,--,--,--,--,--,--,--,--,--,--,--,--,--,--,--,--,--,--,53217
2026-05-04 16:50:50.828,--,--,--,--,--,--,--,--,--,--,--,--,--,--,--,--,--,--,--,--,--,--,--,--,--,--,--,--,--,--,--,--,--,--,--,--,--,--,--,--,--,--,--,--,--,--,53222
2026-05-04 16:50:50.830,--,--,--,--,--,--,--,--,--,--,--,--,--,--,--,--,--,--,--,--,--,--,--,--,--,--,--,--,--,--,--,--,--,--,--,--,--,--,--,--,--,--,--,--,--,--,53227
2026-05-04 16:50:50.831,--,--,--,--,--,--,--,--,--,--,--,--,--,--,--,--,--,--,--,--,--,--,--,--,--,--,--,--,--,--,--,--,--,--,--,--,--,--,--,--,--,--,--,--,--,--,53232
2026-05-04 16:50:50.832,--,--,--,--,--,--,--,--,--,--,--,--,--,--,--,--,--,--,--,--,--,--,--,--,--,--,--,--,--,--,--,--,--,--,--,--,--,--,--,--,--,--,--,--,--,--,53237
2026-05-04 16:50:50.883,--,--,--,--,--,--,--,--,--,--,--,--,--,--,--,--,--,--,--,--,--,--,--,--,--,--,--,--,--,--,--,--,--,--,--,--,--,--,--,--,--,--,--,--,--,--,56140
2026-05-04 16:50:50.950,--,--,--,--,--,--,--,--,--,--,--,--,--,--,--,--,--,--,--,--,--,--,--,--,--,--,--,--,--,--,--,--,--,--,--,--,--,--,--,--,--,--,--,--,--,--,56145
2026-05-04 16:50:51.031,--,--,--,--,--,--,--,--,--,--,--,--,--,--,--,--,--,--,--,--,--,--,--,--,--,--,--,--,--,--,--,--,--,--,--,--,--,--,--,--,--,--,--,--,--,--,56150
2026-05-04 16:50:51.033,--,--,--,--,--,--,--,--,--,--,--,--,--,--,--,--,--,--,--,--,--,--,--,--,--,--,--,--,--,--,--,--,--,--,--,--,--,--,--,--,--,--,--,--,--,--,56155
2026-05-04 16:50:51.034,--,--,--,--,--,--,--,--,--,--,--,--,--,--,--,--,--,--,--,--,--,--,--,--,--,--,--,--,--,--,--,--,--,--,--,--,--,--,--,--,--,--,--,--,--,--,56160
2026-05-04 16:50:51.035,--,--,--,--,--,--,--,--,--,--,--,--,--,--,--,--,--,--,--,--,--,--,--,--,--,--,--,--,--,--,--,--,--,--,--,--,--,--,--,--,--,--,--,--,--,--,56165
2026-05-04 16:50:51.037,--,--,--,--,--,--,--,--,--,--,--,--,--,--,--,--,--,--,--,--,--,--,--,--,--,--,--,--,--,--,--,--,--,--,--,--,--,--,--,--,--,--,--,--,--,--,56170
2026-05-04 16:50:51.038,--,--,--,--,--,--,--,--,--,--,--,--,--,--,--,--,--,--,--,--,--,--,--,--,--,--,--,--,--,--,--,--,--,--,--,--,--,--,--,--,--,--,--,--,--,--,56175
2026-05-04 16:50:51.039,--,--,--,--,--,--,--,--,--,--,--,--,--,--,--,--,--,--,--,--,--,--,--,--,--,--,--,--,--,--,--,--,--,--,--,--,--,--,--,--,--,--,--,--,--,--,56180
2026-05-04 16:50:51.041,--,--,--,--,--,--,--,--,--,--,--,--,--,--,--,--,--,--,--,--,--,--,--,--,--,--,--,--,--,--,--,--,--,--,--,--,--,--,--,--,--,--,--,--,--,--,56181
2026-05-04 16:50:51.188,--,--,--,--,--,--,--,--,--,--,--,--,--,--,--,--,--,--,--,--,--,--,--,--,--,--,--,--,--,--,--,--,--,--,--,--,--,--,--,--,--,--,--,--,--,--,56182
2026-05-04 16:50:51.226,--,--,--,--,--,--,--,--,--,--,--,--,--,--,--,--,--,--,--,--,--,--,--,--,--,--,--,--,--,--,--,--,--,--,--,--,--,--,--,--,--,--,--,--,--,--,56187
2026-05-04 16:50:51.280,--,--,--,--,--,--,--,--,--,--,--,--,--,--,--,--,--,--,--,--,--,--,--,--,--,--,--,--,--,--,--,--,--,--,--,--,--,--,--,--,--,--,--,--,--,--,56192
2026-05-04 16:50:51.331,--,--,--,--,--,--,--,--,--,--,--,--,--,--,--,--,--,--,--,--,--,--,--,--,--,--,--,--,--,--,--,--,--,--,--,--,--,--,--,--,--,--,--,--,--,--,56197
2026-05-04 16:50:51.378,--,--,--,--,--,--,--,--,--,--,--,--,--,--,--,--,--,--,--,--,--,--,--,--,--,--,--,--,--,--,--,--,--,--,--,--,--,--,--,--,--,--,--,--,--,--,56202
2026-05-04 16:50:51.447,--,--,--,--,--,--,--,--,--,--,--,--,--,--,--,--,--,--,--,--,--,--,--,--,--,--,--,--,--,--,--,--,--,--,--,--,--,--,--,--,--,--,--,--,--,--,56207
2026-05-04 16:50:51.481,--,--,--,--,--,--,--,--,--,--,--,--,--,--,--,--,--,--,--,--,--,--,--,--,--,--,--,--,--,--,--,--,--,--,--,--,--,--,--,--,--,--,--,--,--,--,56212
2026-05-04 16:50:51.534,--,--,--,--,--,--,--,--,--,--,--,--,--,--,--,--,--,--,--,--,--,--,--,--,--,--,--,--,--,--,--,--,--,--,--,--,--,--,--,--,--,--,--,--,--,--,56217
2026-05-04 16:50:51.536,--,--,--,--,--,--,--,--,--,--,--,--,--,--,--,--,--,--,--,--,--,--,--,--,--,--,--,--,--,--,--,--,--,--,--,--,--,--,--,--,--,--,--,--,--,--,56222
2026-05-04 16:50:51.537,--,--,--,--,--,--,--,--,--,--,--,--,--,--,--,--,--,--,--,--,--,--,--,--,--,--,--,--,--,--,--,--,--,--,--,--,--,--,--,--,--,--,--,--,--,--,56227
2026-05-04 16:50:51.538,--,--,--,--,--,--,--,--,--,--,--,--,--,--,--,--,--,--,--,--,--,--,--,--,--,--,--,--,--,--,--,--,--,--,--,--,--,--,--,--,--,--,--,--,--,--,56232
2026-05-04 16:50:51.539,--,--,--,--,--,--,--,--,--,--,--,--,--,--,--,--,--,--,--,--,--,--,--,--,--,--,--,--,--,--,--,--,--,--,--,--,--,--,--,--,--,--,--,--,--,--,56237
2026-05-04 16:50:51.541,--,--,--,--,--,--,--,--,--,--,--,--,--,--,--,--,--,--,--,--,--,--,--,--,--,--,--,--,--,--,--,--,--,--,--,--,--,--,--,--,--,--,--,--,--,--,56242
2026-05-04 16:50:51.542,--,--,--,--,--,--,--,--,--,--,--,--,--,--,--,--,--,--,--,--,--,--,--,--,--,--,--,--,--,--,--,--,--,--,--,--,--,--,--,--,--,--,--,--,--,--,56247
2026-05-04 16:50:51.544,--,--,--,--,--,--,--,--,--,--,--,--,--,--,--,--,--,--,--,--,--,--,--,--,--,--,--,--,--,--,--,--,--,--,--,--,--,--,--,--,--,--,--,--,--,--,56252
2026-05-04 16:50:51.545,--,--,--,--,--,--,--,--,--,--,--,--,--,--,--,--,--,--,--,--,--,--,--,--,--,--,--,--,--,--,--,--,--,--,--,--,--,--,--,--,--,--,--,--,--,--,56257
2026-05-04 16:50:51.546,--,--,--,--,--,--,--,--,--,--,--,--,--,--,--,--,--,--,--,--,--,--,--,--,--,--,--,--,--,--,--,--,--,--,--,--,--,--,--,--,--,--,--,--,--,--,56262
2026-05-04 16:50:51.548,--,--,--,--,--,--,--,--,--,--,--,--,--,--,--,--,--,--,--,--,--,--,--,--,--,--,--,--,--,--,--,--,--,--,--,--,--,--,--,--,--,--,--,--,--,--,56267
2026-05-04 16:50:51.550,--,--,--,--,--,--,--,--,--,--,--,--,--,--,--,--,--,--,--,--,--,--,--,--,--,--,--,--,--,--,--,--,--,--,--,--,--,--,--,--,--,--,--,--,--,--,56272
2026-05-04 16:50:51.553,--,--,--,--,--,--,--,--,--,--,--,--,--,--,--,--,--,--,--,--,--,--,--,--,--,--,--,--,--,--,--,--,--,--,--,--,--,--,--,--,--,--,--,--,--,--,56277
2026-05-04 16:50:51.620,--,--,--,--,--,--,--,--,--,--,--,--,--,--,--,--,--,--,--,--,--,--,--,--,--,--,--,--,--,--,--,--,--,--,--,--,--,--,--,--,--,--,--,--,--,--,59011
2026-05-04 16:50:51.691,--,--,--,--,--,--,--,--,--,--,--,--,--,--,--,--,--,--,--,--,--,--,--,--,--,--,--,--,--,--,--,--,--,--,--,--,--,--,--,--,--,--,--,--,--,--,59016
2026-05-04 16:50:51.768,--,--,--,--,--,--,--,--,--,--,--,--,--,--,--,--,--,--,--,--,--,--,--,--,--,--,--,--,--,--,--,--,--,--,--,--,--,--,--,--,--,--,--,--,--,--,59021
2026-05-04 16:50:51.834,--,--,--,--,--,--,--,--,--,--,--,--,--,--,--,--,--,--,--,--,--,--,--,--,--,--,--,--,--,--,--,--,--,--,--,--,--,--,--,--,--,--,--,--,--,--,59026
2026-05-04 16:50:51.903,--,--,--,--,--,--,--,--,--,--,--,--,--,--,--,--,--,--,--,--,--,--,--,--,--,--,--,--,--,--,--,--,--,--,--,--,--,--,--,--,--,--,--,--,--,--,59031
2026-05-04 16:50:51.906,--,--,--,--,--,--,--,--,--,--,--,--,--,--,--,--,--,--,--,--,--,--,--,--,--,--,--,--,--,--,--,--,--,--,--,--,--,--,--,--,--,--,--,--,--,--,59036
2026-05-04 16:50:51.909,--,--,--,--,--,--,--,--,--,--,--,--,--,--,--,--,--,--,--,--,--,--,--,--,--,--,--,--,--,--,--,--,--,--,--,--,--,--,--,--,--,--,--,--,--,--,59041
2026-05-04 16:50:51.910,--,--,--,--,--,--,--,--,--,--,--,--,--,--,--,--,--,--,--,--,--,--,--,--,--,--,--,--,--,--,--,--,--,--,--,--,--,--,--,--,--,--,--,--,--,--,59046
2026-05-04 16:50:51.911,--,--,--,--,--,--,--,--,--,--,--,--,--,--,--,--,--,--,--,--,--,--,--,--,--,--,--,--,--,--,--,--,--,--,--,--,--,--,--,--,--,--,--,--,--,--,59051
2026-05-04 16:50:51.913,--,--,--,--,--,--,--,--,--,--,--,--,--,--,--,--,--,--,--,--,--,--,--,--,--,--,--,--,--,--,--,--,--,--,--,--,--,--,--,--,--,--,--,--,--,--,59056
2026-05-04 16:50:51.914,--,--,--,--,--,--,--,--,--,--,--,--,--,--,--,--,--,--,--,--,--,--,--,--,--,--,--,--,--,--,--,--,--,--,--,--,--,--,--,--,--,--,--,--,--,--,59061
2026-05-04 16:50:51.915,--,--,--,--,--,--,--,--,--,--,--,--,--,--,--,--,--,--,--,--,--,--,--,--,--,--,--,--,--,--,--,--,--,--,--,--,--,--,--,--,--,--,--,--,--,--,59066
2026-05-04 16:50:51.916,--,--,--,--,--,--,--,--,--,--,--,--,--,--,--,--,--,--,--,--,--,--,--,--,--,--,--,--,--,--,--,--,--,--,--,--,--,--,--,--,--,--,--,--,--,--,59071
2026-05-04 16:50:51.918,--,--,--,--,--,--,--,--,--,--,--,--,--,--,--,--,--,--,--,--,--,--,--,--,--,--,--,--,--,--,--,--,--,--,--,--,--,--,--,--,--,--,--,--,--,--,59076
2026-05-04 16:50:51.919,--,--,--,--,--,--,--,--,--,--,--,--,--,--,--,--,--,--,--,--,--,--,--,--,--,--,--,--,--,--,--,--,--,--,--,--,--,--,--,--,--,--,--,--,--,--,59081
2026-05-04 16:50:51.920,--,--,--,--,--,--,--,--,--,--,--,--,--,--,--,--,--,--,--,--,--,--,--,--,--,--,--,--,--,--,--,--,--,--,--,--,--,--,--,--,--,--,--,--,--,--,59086
2026-05-04 16:50:51.921,--,--,--,--,--,--,--,--,--,--,--,--,--,--,--,--,--,--,--,--,--,--,--,--,--,--,--,--,--,--,--,--,--,--,--,--,--,--,--,--,--,--,--,--,--,--,59091
2026-05-04 16:50:52.058,--,--,--,--,--,--,--,--,--,--,--,--,--,--,--,--,--,--,--,--,--,--,--,--,--,--,--,--,--,--,--,--,--,--,--,--,--,--,--,--,--,--,--,--,--,--,59096
2026-05-04 16:50:52.119,--,--,--,--,--,--,--,--,--,--,--,--,--,--,--,--,--,--,--,--,--,--,--,--,--,--,--,--,--,--,--,--,--,--,--,--,--,--,--,--,--,--,--,--,--,--,59101
2026-05-04 16:50:52.175,--,--,--,--,--,--,--,--,--,--,--,--,--,--,--,--,--,--,--,--,--,--,--,--,--,--,--,--,--,--,--,--,--,--,--,--,--,--,--,--,--,--,--,--,--,--,59106
2026-05-04 16:50:52.214,--,--,--,--,--,--,--,--,--,--,--,--,--,--,--,--,--,--,--,--,--,--,--,--,--,--,--,--,--,--,--,--,--,--,--,--,--,--,--,--,--,--,--,--,--,--,59111
2026-05-04 16:50:52.284,--,--,--,--,--,--,--,--,--,--,--,--,--,--,--,--,--,--,--,--,--,--,--,--,--,--,--,--,--,--,--,--,--,--,--,--,--,--,--,--,--,--,--,--,--,--,59116
2026-05-04 16:50:52.336,--,--,--,--,--,--,--,--,--,--,--,--,--,--,--,--,--,--,--,--,--,--,--,--,--,--,--,--,--,--,--,--,--,--,--,--,--,--,--,--,--,--,--,--,--,--,59121
2026-05-04 16:50:52.368,--,--,--,--,--,--,--,--,--,--,--,--,--,--,--,--,--,--,--,--,--,--,--,--,--,--,--,--,--,--,--,--,--,--,--,--,--,--,--,--,--,--,--,--,--,--,59126
2026-05-04 16:50:52.420,--,--,--,--,--,--,--,--,--,--,--,--,--,--,--,--,--,--,--,--,--,--,--,--,--,--,--,--,--,--,--,--,--,--,--,--,--,--,--,--,--,--,--,--,--,--,59131
2026-05-04 16:50:52.437,--,--,--,--,--,--,--,--,--,--,--,--,--,--,--,--,--,--,--,--,--,--,--,--,--,--,--,--,--,--,--,--,--,--,--,--,--,--,--,--,--,--,--,--,--,--,59136
2026-05-04 16:50:52.439,--,--,--,--,--,--,--,--,--,--,--,--,--,--,--,--,--,--,--,--,--,--,--,--,--,--,--,--,--,--,--,--,--,--,--,--,--,--,--,--,--,--,--,--,--,--,59141
2026-05-04 16:50:52.441,--,--,--,--,--,--,--,--,--,--,--,--,--,--,--,--,--,--,--,--,--,--,--,--,--,--,--,--,--,--,--,--,--,--,--,--,--,--,--,--,--,--,--,--,--,--,59146
2026-05-04 16:50:52.442,--,--,--,--,--,--,--,--,--,--,--,--,--,--,--,--,--,--,--,--,--,--,--,--,--,--,--,--,--,--,--,--,--,--,--,--,--,--,--,--,--,--,--,--,--,--,59151
2026-05-04 16:50:52.443,--,--,--,--,--,--,--,--,--,--,--,--,--,--,--,--,--,--,--,--,--,--,--,--,--,--,--,--,--,--,--,--,--,--,--,--,--,--,--,--,--,--,--,--,--,--,59156
2026-05-04 16:50:52.444,--,--,--,--,--,--,--,--,--,--,--,--,--,--,--,--,--,--,--,--,--,--,--,--,--,--,--,--,--,--,--,--,--,--,--,--,--,--,--,--,--,--,--,--,--,--,59161
2026-05-04 16:50:52.446,--,--,--,--,--,--,--,--,--,--,--,--,--,--,--,--,--,--,--,--,--,--,--,--,--,--,--,--,--,--,--,--,--,--,--,--,--,--,--,--,--,--,--,--,--,--,59166
2026-05-04 16:50:52.448,--,--,--,--,--,--,--,--,--,--,--,--,--,--,--,--,--,--,--,--,--,--,--,--,--,--,--,--,--,--,--,--,--,--,--,--,--,--,--,--,--,--,--,--,--,--,59171
2026-05-04 16:50:52.449,--,--,--,--,--,--,--,--,--,--,--,--,--,--,--,--,--,--,--,--,--,--,--,--,--,--,--,--,--,--,--,--,--,--,--,--,--,--,--,--,--,--,--,--,--,--,59176
2026-05-04 16:50:52.452,--,--,--,--,--,--,--,--,--,--,--,--,--,--,--,--,--,--,--,--,--,--,--,--,--,--,--,--,--,--,--,--,--,--,--,--,--,--,--,--,--,--,--,--,--,--,59181
2026-05-04 16:50:52.453,--,--,--,--,--,--,--,--,--,--,--,--,--,--,--,--,--,--,--,--,--,--,--,--,--,--,--,--,--,--,--,--,--,--,--,--,--,--,--,--,--,--,--,--,--,--,59186
2026-05-04 16:50:52.454,--,--,--,--,--,--,--,--,--,--,--,--,--,--,--,--,--,--,--,--,--,--,--,--,--,--,--,--,--,--,--,--,--,--,--,--,--,--,--,--,--,--,--,--,--,--,59191
2026-05-04 16:50:52.490,--,--,--,--,--,--,--,--,--,--,--,--,--,--,--,--,--,--,--,--,--,--,--,--,--,--,--,--,--,--,--,--,--,--,--,--,--,--,--,--,--,--,--,--,--,--,62601
2026-05-04 16:50:52.542,--,--,--,--,--,--,--,--,--,--,--,--,--,--,--,--,--,--,--,--,--,--,--,--,--,--,--,--,--,--,--,--,--,--,--,--,--,--,--,--,--,--,--,--,--,--,62606
2026-05-04 16:50:52.592,--,--,--,--,--,--,--,--,--,--,--,--,--,--,--,--,--,--,--,--,--,--,--,--,--,--,--,--,--,--,--,--,--,--,--,--,--,--,--,--,--,--,--,--,--,--,62611
2026-05-04 16:50:52.646,--,--,--,--,--,--,--,--,--,--,--,--,--,--,--,--,--,--,--,--,--,--,--,--,--,--,--,--,--,--,--,--,--,--,--,--,--,--,--,--,--,--,--,--,--,--,62616
2026-05-04 16:50:52.701,--,--,--,--,--,--,--,--,--,--,--,--,--,--,--,--,--,--,--,--,--,--,--,--,--,--,--,--,--,--,--,--,--,--,--,--,--,--,--,--,--,--,--,--,--,--,62621
2026-05-04 16:50:52.786,--,--,--,--,--,--,--,--,--,--,--,--,--,--,--,--,--,--,--,--,--,--,--,--,--,--,--,--,--,--,--,--,--,--,--,--,--,--,--,--,--,--,--,--,--,--,62626
2026-05-04 16:50:52.802,--,--,--,--,--,--,--,--,--,--,--,--,--,--,--,--,--,--,--,--,--,--,--,--,--,--,--,--,--,--,--,--,--,--,--,--,--,--,--,--,--,--,--,--,--,--,62631
2026-05-04 16:50:52.803,--,--,--,--,--,--,--,--,--,--,--,--,--,--,--,--,--,--,--,--,--,--,--,--,--,--,--,--,--,--,--,--,--,--,--,--,--,--,--,--,--,--,--,--,--,--,62636
2026-05-04 16:50:52.805,--,--,--,--,--,--,--,--,--,--,--,--,--,--,--,--,--,--,--,--,--,--,--,--,--,--,--,--,--,--,--,--,--,--,--,--,--,--,--,--,--,--,--,--,--,--,62641
2026-05-04 16:50:52.806,--,--,--,--,--,--,--,--,--,--,--,--,--,--,--,--,--,--,--,--,--,--,--,--,--,--,--,--,--,--,--,--,--,--,--,--,--,--,--,--,--,--,--,--,--,--,62646
2026-05-04 16:50:52.807,--,--,--,--,--,--,--,--,--,--,--,--,--,--,--,--,--,--,--,--,--,--,--,--,--,--,--,--,--,--,--,--,--,--,--,--,--,--,--,--,--,--,--,--,--,--,62651
2026-05-04 16:50:52.809,--,--,--,--,--,--,--,--,--,--,--,--,--,--,--,--,--,--,--,--,--,--,--,--,--,--,--,--,--,--,--,--,--,--,--,--,--,--,--,--,--,--,--,--,--,--,62656
2026-05-04 16:50:52.814,--,--,--,--,--,--,--,--,--,--,--,--,--,--,--,--,--,--,--,--,--,--,--,--,--,--,--,--,--,--,--,--,--,--,--,--,--,--,--,--,--,--,--,--,--,--,62661
2026-05-04 16:50:52.818,--,--,--,--,--,--,--,--,--,--,--,--,--,--,--,--,--,--,--,--,--,--,--,--,--,--,--,--,--,--,--,--,--,--,--,--,--,--,--,--,--,--,--,--,--,--,62666
2026-05-04 16:50:52.821,--,--,--,--,--,--,--,--,--,--,--,--,--,--,--,--,--,--,--,--,--,--,--,--,--,--,--,--,--,--,--,--,--,--,--,--,--,--,--,--,--,--,--,--,--,--,62671
2026-05-04 16:50:52.824,--,--,--,--,--,--,--,--,--,--,--,--,--,--,--,--,--,--,--,--,--,--,--,--,--,--,--,--,--,--,--,--,--,--,--,--,--,--,--,--,--,--,--,--,--,--,62676
2026-05-04 16:50:52.829,--,--,--,--,--,--,--,--,--,--,--,--,--,--,--,--,--,--,--,--,--,--,--,--,--,--,--,--,--,--,--,--,--,--,--,--,--,--,--,--,--,--,--,--,--,--,62681
2026-05-04 16:50:52.830,--,--,--,--,--,--,--,--,--,--,--,--,--,--,--,--,--,--,--,--,--,--,--,--,--,--,--,--,--,--,--,--,--,--,--,--,--,--,--,--,--,--,--,--,--,--,62684
2026-05-04 16:50:52.958,--,--,--,--,--,--,--,--,--,--,--,--,--,--,--,--,--,--,--,--,--,--,--,--,--,--,--,--,--,--,--,--,--,--,--,--,--,--,--,--,--,--,--,--,--,--,62685
2026-05-04 16:50:53.029,--,--,--,--,--,--,--,--,--,--,--,--,--,--,--,--,--,--,--,--,--,--,--,--,--,--,--,--,--,--,--,--,--,--,--,--,--,--,--,--,--,--,--,--,--,--,62690
2026-05-04 16:50:53.062,--,--,--,--,--,--,--,--,--,--,--,--,--,--,--,--,--,--,--,--,--,--,--,--,--,--,--,--,--,--,--,--,--,--,--,--,--,--,--,--,--,--,--,--,--,--,62695
2026-05-04 16:50:53.100,--,--,--,--,--,--,--,--,--,--,--,--,--,--,--,--,--,--,--,--,--,--,--,--,--,--,--,--,--,--,--,--,--,--,--,--,--,--,--,--,--,--,--,--,--,--,62700
2026-05-04 16:50:53.172,--,--,--,--,--,--,--,--,--,--,--,--,--,--,--,--,--,--,--,--,--,--,--,--,--,--,--,--,--,--,--,--,--,--,--,--,--,--,--,--,--,--,--,--,--,--,62705
2026-05-04 16:50:53.208,--,--,--,--,--,--,--,--,--,--,--,--,--,--,--,--,--,--,--,--,--,--,--,--,--,--,--,--,--,--,--,--,--,--,--,--,--,--,--,--,--,--,--,--,--,--,62710
2026-05-04 16:50:53.243,--,--,--,--,--,--,--,--,--,--,--,--,--,--,--,--,--,--,--,--,--,--,--,--,--,--,--,--,--,--,--,--,--,--,--,--,--,--,--,--,--,--,--,--,--,--,62715
2026-05-04 16:50:53.299,--,--,--,--,--,--,--,--,--,--,--,--,--,--,--,--,--,--,--,--,--,--,--,--,--,--,--,--,--,--,--,--,--,--,--,--,--,--,--,--,--,--,--,--,--,--,62720
2026-05-04 16:50:53.335,--,--,--,--,--,--,--,--,--,--,--,--,--,--,--,--,--,--,--,--,--,--,--,--,--,--,--,--,--,--,--,--,--,--,--,--,--,--,--,--,--,--,--,--,--,--,62725
2026-05-04 16:50:53.337,--,--,--,--,--,--,--,--,--,--,--,--,--,--,--,--,--,--,--,--,--,--,--,--,--,--,--,--,--,--,--,--,--,--,--,--,--,--,--,--,--,--,--,--,--,--,62730
2026-05-04 16:50:53.338,--,--,--,--,--,--,--,--,--,--,--,--,--,--,--,--,--,--,--,--,--,--,--,--,--,--,--,--,--,--,--,--,--,--,--,--,--,--,--,--,--,--,--,--,--,--,62735
2026-05-04 16:50:53.339,--,--,--,--,--,--,--,--,--,--,--,--,--,--,--,--,--,--,--,--,--,--,--,--,--,--,--,--,--,--,--,--,--,--,--,--,--,--,--,--,--,--,--,--,--,--,62740
2026-05-04 16:50:53.340,--,--,--,--,--,--,--,--,--,--,--,--,--,--,--,--,--,--,--,--,--,--,--,--,--,--,--,--,--,--,--,--,--,--,--,--,--,--,--,--,--,--,--,--,--,--,62745
2026-05-04 16:50:53.344,--,--,--,--,--,--,--,--,--,--,--,--,--,--,--,--,--,--,--,--,--,--,--,--,--,--,--,--,--,--,--,--,--,--,--,--,--,--,--,--,--,--,--,--,--,--,62750
2026-05-04 16:50:53.345,--,--,--,--,--,--,--,--,--,--,--,--,--,--,--,--,--,--,--,--,--,--,--,--,--,--,--,--,--,--,--,--,--,--,--,--,--,--,--,--,--,--,--,--,--,--,62755
2026-05-04 16:50:53.347,--,--,--,--,--,--,--,--,--,--,--,--,--,--,--,--,--,--,--,--,--,--,--,--,--,--,--,--,--,--,--,--,--,--,--,--,--,--,--,--,--,--,--,--,--,--,62760
2026-05-04 16:50:53.348,--,--,--,--,--,--,--,--,--,--,--,--,--,--,--,--,--,--,--,--,--,--,--,--,--,--,--,--,--,--,--,--,--,--,--,--,--,--,--,--,--,--,--,--,--,--,62765
2026-05-04 16:50:53.350,--,--,--,--,--,--,--,--,--,--,--,--,--,--,--,--,--,--,--,--,--,--,--,--,--,--,--,--,--,--,--,--,--,--,--,--,--,--,--,--,--,--,--,--,--,--,62770
2026-05-04 16:50:53.351,--,--,--,--,--,--,--,--,--,--,--,--,--,--,--,--,--,--,--,--,--,--,--,--,--,--,--,--,--,--,--,--,--,--,--,--,--,--,--,--,--,--,--,--,--,--,62775
2026-05-04 16:50:53.353,--,--,--,--,--,--,--,--,--,--,--,--,--,--,--,--,--,--,--,--,--,--,--,--,--,--,--,--,--,--,--,--,--,--,--,--,--,--,--,--,--,--,--,--,--,--,62780
2026-05-04 16:50:53.425,--,--,--,--,--,--,--,--,--,--,--,--,--,--,--,--,--,--,--,--,--,--,--,--,--,--,--,--,--,--,--,--,--,--,--,--,--,--,--,--,--,--,--,--,--,--,66317
2026-05-04 16:50:53.478,--,--,--,--,--,--,--,--,--,--,--,--,--,--,--,--,--,--,--,--,--,--,--,--,--,--,--,--,--,--,--,--,--,--,--,--,--,--,--,--,--,--,--,--,--,--,66322
2026-05-04 16:50:53.526,--,--,--,--,--,--,--,--,--,--,--,--,--,--,--,--,--,--,--,--,--,--,--,--,--,--,--,--,--,--,--,--,--,--,--,--,--,--,--,--,--,--,--,--,--,--,66327
2026-05-04 16:50:53.563,--,--,--,--,--,--,--,--,--,--,--,--,--,--,--,--,--,--,--,--,--,--,--,--,--,--,--,--,--,--,--,--,--,--,--,--,--,--,--,--,--,--,--,--,--,--,66332
2026-05-04 16:50:53.564,--,--,--,--,--,--,--,--,--,--,--,--,--,--,--,--,--,--,--,--,--,--,--,--,--,--,--,--,--,--,--,--,--,--,--,--,--,--,--,--,--,--,--,--,--,--,66337
2026-05-04 16:50:53.565,--,--,--,--,--,--,--,--,--,--,--,--,--,--,--,--,--,--,--,--,--,--,--,--,--,--,--,--,--,--,--,--,--,--,--,--,--,--,--,--,--,--,--,--,--,--,66342
2026-05-04 16:50:53.567,--,--,--,--,--,--,--,--,--,--,--,--,--,--,--,--,--,--,--,--,--,--,--,--,--,--,--,--,--,--,--,--,--,--,--,--,--,--,--,--,--,--,--,--,--,--,66347
2026-05-04 16:50:53.568,--,--,--,--,--,--,--,--,--,--,--,--,--,--,--,--,--,--,--,--,--,--,--,--,--,--,--,--,--,--,--,--,--,--,--,--,--,--,--,--,--,--,--,--,--,--,66352
2026-05-04 16:50:53.570,--,--,--,--,--,--,--,--,--,--,--,--,--,--,--,--,--,--,--,--,--,--,--,--,--,--,--,--,--,--,--,--,--,--,--,--,--,--,--,--,--,--,--,--,--,--,66357
2026-05-04 16:50:53.572,--,--,--,--,--,--,--,--,--,--,--,--,--,--,--,--,--,--,--,--,--,--,--,--,--,--,--,--,--,--,--,--,--,--,--,--,--,--,--,--,--,--,--,--,--,--,66358
2026-05-04 16:50:53.676,--,--,--,--,--,--,--,--,--,--,--,--,--,--,--,--,--,--,--,--,--,--,--,--,--,--,--,--,--,--,--,--,--,--,--,--,--,--,--,--,--,--,--,--,--,--,66359
2026-05-04 16:50:53.726,--,--,--,--,--,--,--,--,--,--,--,--,--,--,--,--,--,--,--,--,--,--,--,--,--,--,--,--,--,--,--,--,--,--,--,--,--,--,--,--,--,--,--,--,--,--,66364
2026-05-04 16:50:53.768,--,--,--,--,--,--,--,--,--,--,--,--,--,--,--,--,--,--,--,--,--,--,--,--,--,--,--,--,--,--,--,--,--,--,--,--,--,--,--,--,--,--,--,--,--,--,66369
2026-05-04 16:50:53.840,--,--,--,--,--,--,--,--,--,--,--,--,--,--,--,--,--,--,--,--,--,--,--,--,--,--,--,--,--,--,--,--,--,--,--,--,--,--,--,--,--,--,--,--,--,--,66374
2026-05-04 16:50:53.891,--,--,--,--,--,--,--,--,--,--,--,--,--,--,--,--,--,--,--,--,--,--,--,--,--,--,--,--,--,--,--,--,--,--,--,--,--,--,--,--,--,--,--,--,--,--,66379
2026-05-04 16:50:53.929,--,--,--,--,--,--,--,--,--,--,--,--,--,--,--,--,--,--,--,--,--,--,--,--,--,--,--,--,--,--,--,--,--,--,--,--,--,--,--,--,--,--,--,--,--,--,66384
2026-05-04 16:50:53.986,--,--,--,--,--,--,--,--,--,--,--,--,--,--,--,--,--,--,--,--,--,--,--,--,--,--,--,--,--,--,--,--,--,--,--,--,--,--,--,--,--,--,--,--,--,--,66389
2026-05-04 16:50:54.037,--,--,--,--,--,--,--,--,--,--,--,--,--,--,--,--,--,--,--,--,--,--,--,--,--,--,--,--,--,--,--,--,--,--,--,--,--,--,--,--,--,--,--,--,--,--,66394
2026-05-04 16:50:54.056,--,--,--,--,--,--,--,--,--,--,--,--,--,--,--,--,--,--,--,--,--,--,--,--,--,--,--,--,--,--,--,--,--,--,--,--,--,--,--,--,--,--,--,--,--,--,66399
2026-05-04 16:50:54.057,--,--,--,--,--,--,--,--,--,--,--,--,--,--,--,--,--,--,--,--,--,--,--,--,--,--,--,--,--,--,--,--,--,--,--,--,--,--,--,--,--,--,--,--,--,--,66404
2026-05-04 16:50:54.058,--,--,--,--,--,--,--,--,--,--,--,--,--,--,--,--,--,--,--,--,--,--,--,--,--,--,--,--,--,--,--,--,--,--,--,--,--,--,--,--,--,--,--,--,--,--,66409
2026-05-04 16:50:54.059,--,--,--,--,--,--,--,--,--,--,--,--,--,--,--,--,--,--,--,--,--,--,--,--,--,--,--,--,--,--,--,--,--,--,--,--,--,--,--,--,--,--,--,--,--,--,66414
2026-05-04 16:50:54.061,--,--,--,--,--,--,--,--,--,--,--,--,--,--,--,--,--,--,--,--,--,--,--,--,--,--,--,--,--,--,--,--,--,--,--,--,--,--,--,--,--,--,--,--,--,--,66419
2026-05-04 16:50:54.062,--,--,--,--,--,--,--,--,--,--,--,--,--,--,--,--,--,--,--,--,--,--,--,--,--,--,--,--,--,--,--,--,--,--,--,--,--,--,--,--,--,--,--,--,--,--,66424
2026-05-04 16:50:54.065,--,--,--,--,--,--,--,--,--,--,--,--,--,--,--,--,--,--,--,--,--,--,--,--,--,--,--,--,--,--,--,--,--,--,--,--,--,--,--,--,--,--,--,--,--,--,66429
2026-05-04 16:50:54.066,--,--,--,--,--,--,--,--,--,--,--,--,--,--,--,--,--,--,--,--,--,--,--,--,--,--,--,--,--,--,--,--,--,--,--,--,--,--,--,--,--,--,--,--,--,--,66434
2026-05-04 16:50:54.068,--,--,--,--,--,--,--,--,--,--,--,--,--,--,--,--,--,--,--,--,--,--,--,--,--,--,--,--,--,--,--,--,--,--,--,--,--,--,--,--,--,--,--,--,--,--,66439
2026-05-04 16:50:54.071,--,--,--,--,--,--,--,--,--,--,--,--,--,--,--,--,--,--,--,--,--,--,--,--,--,--,--,--,--,--,--,--,--,--,--,--,--,--,--,--,--,--,--,--,--,--,66444
2026-05-04 16:50:54.072,--,--,--,--,--,--,--,--,--,--,--,--,--,--,--,--,--,--,--,--,--,--,--,--,--,--,--,--,--,--,--,--,--,--,--,--,--,--,--,--,--,--,--,--,--,--,66449
2026-05-04 16:50:54.074,--,--,--,--,--,--,--,--,--,--,--,--,--,--,--,--,--,--,--,--,--,--,--,--,--,--,--,--,--,--,--,--,--,--,--,--,--,--,--,--,--,--,--,--,--,--,66454
2026-05-04 16:50:54.134,--,--,--,--,--,--,--,--,--,--,--,--,--,--,--,--,--,--,--,--,--,--,--,--,--,--,--,--,--,--,--,--,--,--,--,--,--,--,--,--,--,--,--,--,--,--,69188
2026-05-04 16:50:54.192,--,--,--,--,--,--,--,--,--,--,--,--,--,--,--,--,--,--,--,--,--,--,--,--,--,--,--,--,--,--,--,--,--,--,--,--,--,--,--,--,--,--,--,--,--,--,69193
2026-05-04 16:50:54.242,--,--,--,--,--,--,--,--,--,--,--,--,--,--,--,--,--,--,--,--,--,--,--,--,--,--,--,--,--,--,--,--,--,--,--,--,--,--,--,--,--,--,--,--,--,--,69198
2026-05-04 16:50:54.326,--,--,--,--,--,--,--,--,--,--,--,--,--,--,--,--,--,--,--,--,--,--,--,--,--,--,--,--,--,--,--,--,--,--,--,--,--,--,--,--,--,--,--,--,--,--,69203
2026-05-04 16:50:54.379,--,--,--,--,--,--,--,--,--,--,--,--,--,--,--,--,--,--,--,--,--,--,--,--,--,--,--,--,--,--,--,--,--,--,--,--,--,--,--,--,--,--,--,--,--,--,69208
2026-05-04 16:50:54.417,--,--,--,--,--,--,--,--,--,--,--,--,--,--,--,--,--,--,--,--,--,--,--,--,--,--,--,--,--,--,--,--,--,--,--,--,--,--,--,--,--,--,--,--,--,--,69213
2026-05-04 16:50:54.419,--,--,--,--,--,--,--,--,--,--,--,--,--,--,--,--,--,--,--,--,--,--,--,--,--,--,--,--,--,--,--,--,--,--,--,--,--,--,--,--,--,--,--,--,--,--,69218
2026-05-04 16:50:54.420,--,--,--,--,--,--,--,--,--,--,--,--,--,--,--,--,--,--,--,--,--,--,--,--,--,--,--,--,--,--,--,--,--,--,--,--,--,--,--,--,--,--,--,--,--,--,69223
2026-05-04 16:50:54.421,--,--,--,--,--,--,--,--,--,--,--,--,--,--,--,--,--,--,--,--,--,--,--,--,--,--,--,--,--,--,--,--,--,--,--,--,--,--,--,--,--,--,--,--,--,--,69228
2026-05-04 16:50:54.423,--,--,--,--,--,--,--,--,--,--,--,--,--,--,--,--,--,--,--,--,--,--,--,--,--,--,--,--,--,--,--,--,--,--,--,--,--,--,--,--,--,--,--,--,--,--,69233
2026-05-04 16:50:54.427,--,--,--,--,--,--,--,--,--,--,--,--,--,--,--,--,--,--,--,--,--,--,--,--,--,--,--,--,--,--,--,--,--,--,--,--,--,--,--,--,--,--,--,--,--,--,69238
2026-05-04 16:50:54.430,--,--,--,--,--,--,--,--,--,--,--,--,--,--,--,--,--,--,--,--,--,--,--,--,--,--,--,--,--,--,--,--,--,--,--,--,--,--,--,--,--,--,--,--,--,--,69243
2026-05-04 16:50:54.433,--,--,--,--,--,--,--,--,--,--,--,--,--,--,--,--,--,--,--,--,--,--,--,--,--,--,--,--,--,--,--,--,--,--,--,--,--,--,--,--,--,--,--,--,--,--,69248
2026-05-04 16:50:54.436,--,--,--,--,--,--,--,--,--,--,--,--,--,--,--,--,--,--,--,--,--,--,--,--,--,--,--,--,--,--,--,--,--,--,--,--,--,--,--,--,--,--,--,--,--,--,69253
2026-05-04 16:50:54.442,--,--,--,--,--,--,--,--,--,--,--,--,--,--,--,--,--,--,--,--,--,--,--,--,--,--,--,--,--,--,--,--,--,--,--,--,--,--,--,--,--,--,--,--,--,--,69258
2026-05-04 16:50:54.446,--,--,--,--,--,--,--,--,--,--,--,--,--,--,--,--,--,--,--,--,--,--,--,--,--,--,--,--,--,--,--,--,--,--,--,--,--,--,--,--,--,--,--,--,--,--,69263
2026-05-04 16:50:54.448,--,--,--,--,--,--,--,--,--,--,--,--,--,--,--,--,--,--,--,--,--,--,--,--,--,--,--,--,--,--,--,--,--,--,--,--,--,--,--,--,--,--,--,--,--,--,69268
2026-05-04 16:50:54.575,--,--,--,--,--,--,--,--,--,--,--,--,--,--,--,--,--,--,--,--,--,--,--,--,--,--,--,--,--,--,--,--,--,--,--,--,--,--,--,--,--,--,--,--,--,--,69273
2026-05-04 16:50:54.645,--,--,--,--,--,--,--,--,--,--,--,--,--,--,--,--,--,--,--,--,--,--,--,--,--,--,--,--,--,--,--,--,--,--,--,--,--,--,--,--,--,--,--,--,--,--,69278
2026-05-04 16:50:54.681,--,--,--,--,--,--,--,--,--,--,--,--,--,--,--,--,--,--,--,--,--,--,--,--,--,--,--,--,--,--,--,--,--,--,--,--,--,--,--,--,--,--,--,--,--,--,69283
2026-05-04 16:50:54.720,--,--,--,--,--,--,--,--,--,--,--,--,--,--,--,--,--,--,--,--,--,--,--,--,--,--,--,--,--,--,--,--,--,--,--,--,--,--,--,--,--,--,--,--,--,--,69288
2026-05-04 16:50:54.771,--,--,--,--,--,--,--,--,--,--,--,--,--,--,--,--,--,--,--,--,--,--,--,--,--,--,--,--,--,--,--,--,--,--,--,--,--,--,--,--,--,--,--,--,--,--,69293
2026-05-04 16:50:54.810,--,--,--,--,--,--,--,--,--,--,--,--,--,--,--,--,--,--,--,--,--,--,--,--,--,--,--,--,--,--,--,--,--,--,--,--,--,--,--,--,--,--,--,--,--,--,69298
2026-05-04 16:50:54.863,--,--,--,--,--,--,--,--,--,--,--,--,--,--,--,--,--,--,--,--,--,--,--,--,--,--,--,--,--,--,--,--,--,--,--,--,--,--,--,--,--,--,--,--,--,--,69303
2026-05-04 16:50:54.915,--,--,--,--,--,--,--,--,--,--,--,--,--,--,--,--,--,--,--,--,--,--,--,--,--,--,--,--,--,--,--,--,--,--,--,--,--,--,--,--,--,--,--,--,--,--,69308
2026-05-04 16:50:54.948,--,--,--,--,--,--,--,--,--,--,--,--,--,--,--,--,--,--,--,--,--,--,--,--,--,--,--,--,--,--,--,--,--,--,--,--,--,--,--,--,--,--,--,--,--,--,69313
2026-05-04 16:50:54.949,--,--,--,--,--,--,--,--,--,--,--,--,--,--,--,--,--,--,--,--,--,--,--,--,--,--,--,--,--,--,--,--,--,--,--,--,--,--,--,--,--,--,--,--,--,--,69318
2026-05-04 16:50:54.951,--,--,--,--,--,--,--,--,--,--,--,--,--,--,--,--,--,--,--,--,--,--,--,--,--,--,--,--,--,--,--,--,--,--,--,--,--,--,--,--,--,--,--,--,--,--,69323
2026-05-04 16:50:54.953,--,--,--,--,--,--,--,--,--,--,--,--,--,--,--,--,--,--,--,--,--,--,--,--,--,--,--,--,--,--,--,--,--,--,--,--,--,--,--,--,--,--,--,--,--,--,69328
2026-05-04 16:50:54.954,--,--,--,--,--,--,--,--,--,--,--,--,--,--,--,--,--,--,--,--,--,--,--,--,--,--,--,--,--,--,--,--,--,--,--,--,--,--,--,--,--,--,--,--,--,--,69333
2026-05-04 16:50:54.956,--,--,--,--,--,--,--,--,--,--,--,--,--,--,--,--,--,--,--,--,--,--,--,--,--,--,--,--,--,--,--,--,--,--,--,--,--,--,--,--,--,--,--,--,--,--,69338
2026-05-04 16:50:54.957,--,--,--,--,--,--,--,--,--,--,--,--,--,--,--,--,--,--,--,--,--,--,--,--,--,--,--,--,--,--,--,--,--,--,--,--,--,--,--,--,--,--,--,--,--,--,69343
2026-05-04 16:50:54.960,--,--,--,--,--,--,--,--,--,--,--,--,--,--,--,--,--,--,--,--,--,--,--,--,--,--,--,--,--,--,--,--,--,--,--,--,--,--,--,--,--,--,--,--,--,--,69348
2026-05-04 16:50:54.961,--,--,--,--,--,--,--,--,--,--,--,--,--,--,--,--,--,--,--,--,--,--,--,--,--,--,--,--,--,--,--,--,--,--,--,--,--,--,--,--,--,--,--,--,--,--,69353
2026-05-04 16:50:54.962,--,--,--,--,--,--,--,--,--,--,--,--,--,--,--,--,--,--,--,--,--,--,--,--,--,--,--,--,--,--,--,--,--,--,--,--,--,--,--,--,--,--,--,--,--,--,69358
2026-05-04 16:50:54.964,--,--,--,--,--,--,--,--,--,--,--,--,--,--,--,--,--,--,--,--,--,--,--,--,--,--,--,--,--,--,--,--,--,--,--,--,--,--,--,--,--,--,--,--,--,--,69363
2026-05-04 16:50:54.966,--,--,--,--,--,--,--,--,--,--,--,--,--,--,--,--,--,--,--,--,--,--,--,--,--,--,--,--,--,--,--,--,--,--,--,--,--,--,--,--,--,--,--,--,--,--,69368
2026-05-04 16:50:55.017,--,--,--,--,--,--,--,--,--,--,--,--,--,--,--,--,--,--,--,--,--,--,--,--,--,--,--,--,--,--,--,--,--,--,--,--,--,--,--,--,--,--,--,--,--,--,72946
2026-05-04 16:50:55.072,--,--,--,--,--,--,--,--,--,--,--,--,--,--,--,--,--,--,--,--,--,--,--,--,--,--,--,--,--,--,--,--,--,--,--,--,--,--,--,--,--,--,--,--,--,--,72951
2026-05-04 16:50:55.141,--,--,--,--,--,--,--,--,--,--,--,--,--,--,--,--,--,--,--,--,--,--,--,--,--,--,--,--,--,--,--,--,--,--,--,--,--,--,--,--,--,--,--,--,--,--,72956
2026-05-04 16:50:55.178,--,--,--,--,--,--,--,--,--,--,--,--,--,--,--,--,--,--,--,--,--,--,--,--,--,--,--,--,--,--,--,--,--,--,--,--,--,--,--,--,--,--,--,--,--,--,72961
2026-05-04 16:50:55.179,--,--,--,--,--,--,--,--,--,--,--,--,--,--,--,--,--,--,--,--,--,--,--,--,--,--,--,--,--,--,--,--,--,--,--,--,--,--,--,--,--,--,--,--,--,--,72966
2026-05-04 16:50:55.181,--,--,--,--,--,--,--,--,--,--,--,--,--,--,--,--,--,--,--,--,--,--,--,--,--,--,--,--,--,--,--,--,--,--,--,--,--,--,--,--,--,--,--,--,--,--,72971
2026-05-04 16:50:55.182,--,--,--,--,--,--,--,--,--,--,--,--,--,--,--,--,--,--,--,--,--,--,--,--,--,--,--,--,--,--,--,--,--,--,--,--,--,--,--,--,--,--,--,--,--,--,72976
2026-05-04 16:50:55.184,--,--,--,--,--,--,--,--,--,--,--,--,--,--,--,--,--,--,--,--,--,--,--,--,--,--,--,--,--,--,--,--,--,--,--,--,--,--,--,--,--,--,--,--,--,--,72981
2026-05-04 16:50:55.185,--,--,--,--,--,--,--,--,--,--,--,--,--,--,--,--,--,--,--,--,--,--,--,--,--,--,--,--,--,--,--,--,--,--,--,--,--,--,--,--,--,--,--,--,--,--,72986
2026-05-04 16:50:55.187,--,--,--,--,--,--,--,--,--,--,--,--,--,--,--,--,--,--,--,--,--,--,--,--,--,--,--,--,--,--,--,--,--,--,--,--,--,--,--,--,--,--,--,--,--,--,72987
2026-05-04 16:50:55.367,--,--,--,--,--,--,--,--,--,--,--,--,--,--,--,--,--,--,--,--,--,--,--,--,--,--,--,--,--,--,--,--,--,--,--,--,--,--,--,--,--,--,--,--,--,--,72988
2026-05-04 16:50:55.404,--,--,--,--,--,--,--,--,--,--,--,--,--,--,--,--,--,--,--,--,--,--,--,--,--,--,--,--,--,--,--,--,--,--,--,--,--,--,--,--,--,--,--,--,--,--,72993
2026-05-04 16:50:55.437,--,--,--,--,--,--,--,--,--,--,--,--,--,--,--,--,--,--,--,--,--,--,--,--,--,--,--,--,--,--,--,--,--,--,--,--,--,--,--,--,--,--,--,--,--,--,72998
2026-05-04 16:50:55.490,--,--,--,--,--,--,--,--,--,--,--,--,--,--,--,--,--,--,--,--,--,--,--,--,--,--,--,--,--,--,--,--,--,--,--,--,--,--,--,--,--,--,--,--,--,--,73003
2026-05-04 16:50:55.525,--,--,--,--,--,--,--,--,--,--,--,--,--,--,--,--,--,--,--,--,--,--,--,--,--,--,--,--,--,--,--,--,--,--,--,--,--,--,--,--,--,--,--,--,--,--,73008
2026-05-04 16:50:55.577,--,--,--,--,--,--,--,--,--,--,--,--,--,--,--,--,--,--,--,--,--,--,--,--,--,--,--,--,--,--,--,--,--,--,--,--,--,--,--,--,--,--,--,--,--,--,73013
2026-05-04 16:50:55.630,--,--,--,--,--,--,--,--,--,--,--,--,--,--,--,--,--,--,--,--,--,--,--,--,--,--,--,--,--,--,--,--,--,--,--,--,--,--,--,--,--,--,--,--,--,--,73018
2026-05-04 16:50:55.686,--,--,--,--,--,--,--,--,--,--,--,--,--,--,--,--,--,--,--,--,--,--,--,--,--,--,--,--,--,--,--,--,--,--,--,--,--,--,--,--,--,--,--,--,--,--,73023
2026-05-04 16:50:55.704,--,--,--,--,--,--,--,--,--,--,--,--,--,--,--,--,--,--,--,--,--,--,--,--,--,--,--,--,--,--,--,--,--,--,--,--,--,--,--,--,--,--,--,--,--,--,73028
2026-05-04 16:50:55.705,--,--,--,--,--,--,--,--,--,--,--,--,--,--,--,--,--,--,--,--,--,--,--,--,--,--,--,--,--,--,--,--,--,--,--,--,--,--,--,--,--,--,--,--,--,--,73033
2026-05-04 16:50:55.706,--,--,--,--,--,--,--,--,--,--,--,--,--,--,--,--,--,--,--,--,--,--,--,--,--,--,--,--,--,--,--,--,--,--,--,--,--,--,--,--,--,--,--,--,--,--,73038
2026-05-04 16:50:55.708,--,--,--,--,--,--,--,--,--,--,--,--,--,--,--,--,--,--,--,--,--,--,--,--,--,--,--,--,--,--,--,--,--,--,--,--,--,--,--,--,--,--,--,--,--,--,73043
2026-05-04 16:50:55.711,--,--,--,--,--,--,--,--,--,--,--,--,--,--,--,--,--,--,--,--,--,--,--,--,--,--,--,--,--,--,--,--,--,--,--,--,--,--,--,--,--,--,--,--,--,--,73048
2026-05-04 16:50:55.712,--,--,--,--,--,--,--,--,--,--,--,--,--,--,--,--,--,--,--,--,--,--,--,--,--,--,--,--,--,--,--,--,--,--,--,--,--,--,--,--,--,--,--,--,--,--,73053
2026-05-04 16:50:55.713,--,--,--,--,--,--,--,--,--,--,--,--,--,--,--,--,--,--,--,--,--,--,--,--,--,--,--,--,--,--,--,--,--,--,--,--,--,--,--,--,--,--,--,--,--,--,73058
2026-05-04 16:50:55.714,--,--,--,--,--,--,--,--,--,--,--,--,--,--,--,--,--,--,--,--,--,--,--,--,--,--,--,--,--,--,--,--,--,--,--,--,--,--,--,--,--,--,--,--,--,--,73063
2026-05-04 16:50:55.716,--,--,--,--,--,--,--,--,--,--,--,--,--,--,--,--,--,--,--,--,--,--,--,--,--,--,--,--,--,--,--,--,--,--,--,--,--,--,--,--,--,--,--,--,--,--,73068
2026-05-04 16:50:55.717,--,--,--,--,--,--,--,--,--,--,--,--,--,--,--,--,--,--,--,--,--,--,--,--,--,--,--,--,--,--,--,--,--,--,--,--,--,--,--,--,--,--,--,--,--,--,73073
2026-05-04 16:50:55.719,--,--,--,--,--,--,--,--,--,--,--,--,--,--,--,--,--,--,--,--,--,--,--,--,--,--,--,--,--,--,--,--,--,--,--,--,--,--,--,--,--,--,--,--,--,--,73078
2026-05-04 16:50:55.720,--,--,--,--,--,--,--,--,--,--,--,--,--,--,--,--,--,--,--,--,--,--,--,--,--,--,--,--,--,--,--,--,--,--,--,--,--,--,--,--,--,--,--,--,--,--,73083
2026-05-04 16:50:55.772,--,--,--,--,--,--,--,--,--,--,--,--,--,--,--,--,--,--,--,--,--,--,--,--,--,--,--,--,--,--,--,--,--,--,--,--,--,--,--,--,--,--,--,--,--,--,76029
2026-05-04 16:50:55.826,--,--,--,--,--,--,--,--,--,--,--,--,--,--,--,--,--,--,--,--,--,--,--,--,--,--,--,--,--,--,--,--,--,--,--,--,--,--,--,--,--,--,--,--,--,--,76034
2026-05-04 16:50:55.894,--,--,--,--,--,--,--,--,--,--,--,--,--,--,--,--,--,--,--,--,--,--,--,--,--,--,--,--,--,--,--,--,--,--,--,--,--,--,--,--,--,--,--,--,--,--,76039
2026-05-04 16:50:55.930,--,--,--,--,--,--,--,--,--,--,--,--,--,--,--,--,--,--,--,--,--,--,--,--,--,--,--,--,--,--,--,--,--,--,--,--,--,--,--,--,--,--,--,--,--,--,76044
2026-05-04 16:50:55.932,--,--,--,--,--,--,--,--,--,--,--,--,--,--,--,--,--,--,--,--,--,--,--,--,--,--,--,--,--,--,--,--,--,--,--,--,--,--,--,--,--,--,--,--,--,--,76049
2026-05-04 16:50:55.934,--,--,--,--,--,--,--,--,--,--,--,--,--,--,--,--,--,--,--,--,--,--,--,--,--,--,--,--,--,--,--,--,--,--,--,--,--,--,--,--,--,--,--,--,--,--,76054
2026-05-04 16:50:55.935,--,--,--,--,--,--,--,--,--,--,--,--,--,--,--,--,--,--,--,--,--,--,--,--,--,--,--,--,--,--,--,--,--,--,--,--,--,--,--,--,--,--,--,--,--,--,76059
2026-05-04 16:50:55.936,--,--,--,--,--,--,--,--,--,--,--,--,--,--,--,--,--,--,--,--,--,--,--,--,--,--,--,--,--,--,--,--,--,--,--,--,--,--,--,--,--,--,--,--,--,--,76064
2026-05-04 16:50:55.937,--,--,--,--,--,--,--,--,--,--,--,--,--,--,--,--,--,--,--,--,--,--,--,--,--,--,--,--,--,--,--,--,--,--,--,--,--,--,--,--,--,--,--,--,--,--,76069
2026-05-04 16:50:55.938,--,--,--,--,--,--,--,--,--,--,--,--,--,--,--,--,--,--,--,--,--,--,--,--,--,--,--,--,--,--,--,--,--,--,--,--,--,--,--,--,--,--,--,--,--,--,76070
2026-05-04 16:50:56.113,--,--,--,--,--,--,--,--,--,--,--,--,--,--,--,--,--,--,--,--,--,--,--,--,--,--,--,--,--,--,--,--,--,--,--,--,--,--,--,--,--,--,--,--,--,--,76071
2026-05-04 16:50:56.168,--,--,--,--,--,--,--,--,--,--,--,--,--,--,--,--,--,--,--,--,--,--,--,--,--,--,--,--,--,--,--,--,--,--,--,--,--,--,--,--,--,--,--,--,--,--,76076
2026-05-04 16:50:56.202,--,--,--,--,--,--,--,--,--,--,--,--,--,--,--,--,--,--,--,--,--,--,--,--,--,--,--,--,--,--,--,--,--,--,--,--,--,--,--,--,--,--,--,--,--,--,76081
2026-05-04 16:50:56.238,--,--,--,--,--,--,--,--,--,--,--,--,--,--,--,--,--,--,--,--,--,--,--,--,--,--,--,--,--,--,--,--,--,--,--,--,--,--,--,--,--,--,--,--,--,--,76086
2026-05-04 16:50:56.278,--,--,--,--,--,--,--,--,--,--,--,--,--,--,--,--,--,--,--,--,--,--,--,--,--,--,--,--,--,--,--,--,--,--,--,--,--,--,--,--,--,--,--,--,--,--,76091
2026-05-04 16:50:56.332,--,--,--,--,--,--,--,--,--,--,--,--,--,--,--,--,--,--,--,--,--,--,--,--,--,--,--,--,--,--,--,--,--,--,--,--,--,--,--,--,--,--,--,--,--,--,76096
2026-05-04 16:50:56.389,--,--,--,--,--,--,--,--,--,--,--,--,--,--,--,--,--,--,--,--,--,--,--,--,--,--,--,--,--,--,--,--,--,--,--,--,--,--,--,--,--,--,--,--,--,--,76101
2026-05-04 16:50:56.461,--,--,--,--,--,--,--,--,--,--,--,--,--,--,--,--,--,--,--,--,--,--,--,--,--,--,--,--,--,--,--,--,--,--,--,--,--,--,--,--,--,--,--,--,--,--,76106
2026-05-04 16:50:56.462,--,--,--,--,--,--,--,--,--,--,--,--,--,--,--,--,--,--,--,--,--,--,--,--,--,--,--,--,--,--,--,--,--,--,--,--,--,--,--,--,--,--,--,--,--,--,76111
2026-05-04 16:50:56.464,--,--,--,--,--,--,--,--,--,--,--,--,--,--,--,--,--,--,--,--,--,--,--,--,--,--,--,--,--,--,--,--,--,--,--,--,--,--,--,--,--,--,--,--,--,--,76116
2026-05-04 16:50:56.466,--,--,--,--,--,--,--,--,--,--,--,--,--,--,--,--,--,--,--,--,--,--,--,--,--,--,--,--,--,--,--,--,--,--,--,--,--,--,--,--,--,--,--,--,--,--,76121
2026-05-04 16:50:56.468,--,--,--,--,--,--,--,--,--,--,--,--,--,--,--,--,--,--,--,--,--,--,--,--,--,--,--,--,--,--,--,--,--,--,--,--,--,--,--,--,--,--,--,--,--,--,76126
2026-05-04 16:50:56.470,--,--,--,--,--,--,--,--,--,--,--,--,--,--,--,--,--,--,--,--,--,--,--,--,--,--,--,--,--,--,--,--,--,--,--,--,--,--,--,--,--,--,--,--,--,--,76131
2026-05-04 16:50:56.471,--,--,--,--,--,--,--,--,--,--,--,--,--,--,--,--,--,--,--,--,--,--,--,--,--,--,--,--,--,--,--,--,--,--,--,--,--,--,--,--,--,--,--,--,--,--,76136
2026-05-04 16:50:56.473,--,--,--,--,--,--,--,--,--,--,--,--,--,--,--,--,--,--,--,--,--,--,--,--,--,--,--,--,--,--,--,--,--,--,--,--,--,--,--,--,--,--,--,--,--,--,76141
2026-05-04 16:50:56.474,--,--,--,--,--,--,--,--,--,--,--,--,--,--,--,--,--,--,--,--,--,--,--,--,--,--,--,--,--,--,--,--,--,--,--,--,--,--,--,--,--,--,--,--,--,--,76146
2026-05-04 16:50:56.475,--,--,--,--,--,--,--,--,--,--,--,--,--,--,--,--,--,--,--,--,--,--,--,--,--,--,--,--,--,--,--,--,--,--,--,--,--,--,--,--,--,--,--,--,--,--,76151
2026-05-04 16:50:56.476,--,--,--,--,--,--,--,--,--,--,--,--,--,--,--,--,--,--,--,--,--,--,--,--,--,--,--,--,--,--,--,--,--,--,--,--,--,--,--,--,--,--,--,--,--,--,76156
2026-05-04 16:50:56.478,--,--,--,--,--,--,--,--,--,--,--,--,--,--,--,--,--,--,--,--,--,--,--,--,--,--,--,--,--,--,--,--,--,--,--,--,--,--,--,--,--,--,--,--,--,--,76161
2026-05-04 16:50:56.479,--,--,--,--,--,--,--,--,--,--,--,--,--,--,--,--,--,--,--,--,--,--,--,--,--,--,--,--,--,--,--,--,--,--,--,--,--,--,--,--,--,--,--,--,--,--,76166
2026-05-04 16:50:56.534,--,--,--,--,--,--,--,--,--,--,--,--,--,--,--,--,--,--,--,--,--,--,--,--,--,--,--,--,--,--,--,--,--,--,--,--,--,--,--,--,--,--,--,--,--,--,79069
2026-05-04 16:50:56.592,--,--,--,--,--,--,--,--,--,--,--,--,--,--,--,--,--,--,--,--,--,--,--,--,--,--,--,--,--,--,--,--,--,--,--,--,--,--,--,--,--,--,--,--,--,--,79074
2026-05-04 16:50:56.662,--,--,--,--,--,--,--,--,--,--,--,--,--,--,--,--,--,--,--,--,--,--,--,--,--,--,--,--,--,--,--,--,--,--,--,--,--,--,--,--,--,--,--,--,--,--,79079
2026-05-04 16:50:56.698,--,--,--,--,--,--,--,--,--,--,--,--,--,--,--,--,--,--,--,--,--,--,--,--,--,--,--,--,--,--,--,--,--,--,--,--,--,--,--,--,--,--,--,--,--,--,79084
2026-05-04 16:50:56.700,--,--,--,--,--,--,--,--,--,--,--,--,--,--,--,--,--,--,--,--,--,--,--,--,--,--,--,--,--,--,--,--,--,--,--,--,--,--,--,--,--,--,--,--,--,--,79089
2026-05-04 16:50:56.701,--,--,--,--,--,--,--,--,--,--,--,--,--,--,--,--,--,--,--,--,--,--,--,--,--,--,--,--,--,--,--,--,--,--,--,--,--,--,--,--,--,--,--,--,--,--,79094
2026-05-04 16:50:56.702,--,--,--,--,--,--,--,--,--,--,--,--,--,--,--,--,--,--,--,--,--,--,--,--,--,--,--,--,--,--,--,--,--,--,--,--,--,--,--,--,--,--,--,--,--,--,79099
2026-05-04 16:50:56.703,--,--,--,--,--,--,--,--,--,--,--,--,--,--,--,--,--,--,--,--,--,--,--,--,--,--,--,--,--,--,--,--,--,--,--,--,--,--,--,--,--,--,--,--,--,--,79104
2026-05-04 16:50:56.704,--,--,--,--,--,--,--,--,--,--,--,--,--,--,--,--,--,--,--,--,--,--,--,--,--,--,--,--,--,--,--,--,--,--,--,--,--,--,--,--,--,--,--,--,--,--,79109
2026-05-04 16:50:56.705,--,--,--,--,--,--,--,--,--,--,--,--,--,--,--,--,--,--,--,--,--,--,--,--,--,--,--,--,--,--,--,--,--,--,--,--,--,--,--,--,--,--,--,--,--,--,79110
2026-05-04 16:50:56.836,--,--,--,--,--,--,--,--,--,--,--,--,--,--,--,--,--,--,--,--,--,--,--,--,--,--,--,--,--,--,--,--,--,--,--,--,--,--,--,--,--,--,--,--,--,--,79111
2026-05-04 16:50:56.892,--,--,--,--,--,--,--,--,--,--,--,--,--,--,--,--,--,--,--,--,--,--,--,--,--,--,--,--,--,--,--,--,--,--,--,--,--,--,--,--,--,--,--,--,--,--,79116
2026-05-04 16:50:56.939,--,--,--,--,--,--,--,--,--,--,--,--,--,--,--,--,--,--,--,--,--,--,--,--,--,--,--,--,--,--,--,--,--,--,--,--,--,--,--,--,--,--,--,--,--,--,79121
2026-05-04 16:50:57.009,--,--,--,--,--,--,--,--,--,--,--,--,--,--,--,--,--,--,--,--,--,--,--,--,--,--,--,--,--,--,--,--,--,--,--,--,--,--,--,--,--,--,--,--,--,--,79126
2026-05-04 16:50:57.062,--,--,--,--,--,--,--,--,--,--,--,--,--,--,--,--,--,--,--,--,--,--,--,--,--,--,--,--,--,--,--,--,--,--,--,--,--,--,--,--,--,--,--,--,--,--,79131
2026-05-04 16:50:57.102,--,--,--,--,--,--,--,--,--,--,--,--,--,--,--,--,--,--,--,--,--,--,--,--,--,--,--,--,--,--,--,--,--,--,--,--,--,--,--,--,--,--,--,--,--,--,79136
2026-05-04 16:50:57.152,--,--,--,--,--,--,--,--,--,--,--,--,--,--,--,--,--,--,--,--,--,--,--,--,--,--,--,--,--,--,--,--,--,--,--,--,--,--,--,--,--,--,--,--,--,--,79141
2026-05-04 16:50:57.208,--,--,--,--,--,--,--,--,--,--,--,--,--,--,--,--,--,--,--,--,--,--,--,--,--,--,--,--,--,--,--,--,--,--,--,--,--,--,--,--,--,--,--,--,--,--,79146
2026-05-04 16:50:57.209,--,--,--,--,--,--,--,--,--,--,--,--,--,--,--,--,--,--,--,--,--,--,--,--,--,--,--,--,--,--,--,--,--,--,--,--,--,--,--,--,--,--,--,--,--,--,79151
2026-05-04 16:50:57.210,--,--,--,--,--,--,--,--,--,--,--,--,--,--,--,--,--,--,--,--,--,--,--,--,--,--,--,--,--,--,--,--,--,--,--,--,--,--,--,--,--,--,--,--,--,--,79156
2026-05-04 16:50:57.212,--,--,--,--,--,--,--,--,--,--,--,--,--,--,--,--,--,--,--,--,--,--,--,--,--,--,--,--,--,--,--,--,--,--,--,--,--,--,--,--,--,--,--,--,--,--,79161
2026-05-04 16:50:57.213,--,--,--,--,--,--,--,--,--,--,--,--,--,--,--,--,--,--,--,--,--,--,--,--,--,--,--,--,--,--,--,--,--,--,--,--,--,--,--,--,--,--,--,--,--,--,79166
2026-05-04 16:50:57.215,--,--,--,--,--,--,--,--,--,--,--,--,--,--,--,--,--,--,--,--,--,--,--,--,--,--,--,--,--,--,--,--,--,--,--,--,--,--,--,--,--,--,--,--,--,--,79171
2026-05-04 16:50:57.216,--,--,--,--,--,--,--,--,--,--,--,--,--,--,--,--,--,--,--,--,--,--,--,--,--,--,--,--,--,--,--,--,--,--,--,--,--,--,--,--,--,--,--,--,--,--,79176
2026-05-04 16:50:57.218,--,--,--,--,--,--,--,--,--,--,--,--,--,--,--,--,--,--,--,--,--,--,--,--,--,--,--,--,--,--,--,--,--,--,--,--,--,--,--,--,--,--,--,--,--,--,79181
2026-05-04 16:50:57.219,--,--,--,--,--,--,--,--,--,--,--,--,--,--,--,--,--,--,--,--,--,--,--,--,--,--,--,--,--,--,--,--,--,--,--,--,--,--,--,--,--,--,--,--,--,--,79186
2026-05-04 16:50:57.221,--,--,--,--,--,--,--,--,--,--,--,--,--,--,--,--,--,--,--,--,--,--,--,--,--,--,--,--,--,--,--,--,--,--,--,--,--,--,--,--,--,--,--,--,--,--,79191
2026-05-04 16:50:57.223,--,--,--,--,--,--,--,--,--,--,--,--,--,--,--,--,--,--,--,--,--,--,--,--,--,--,--,--,--,--,--,--,--,--,--,--,--,--,--,--,--,--,--,--,--,--,79196
2026-05-04 16:50:57.224,--,--,--,--,--,--,--,--,--,--,--,--,--,--,--,--,--,--,--,--,--,--,--,--,--,--,--,--,--,--,--,--,--,--,--,--,--,--,--,--,--,--,--,--,--,--,79201
2026-05-04 16:50:57.226,--,--,--,--,--,--,--,--,--,--,--,--,--,--,--,--,--,--,--,--,--,--,--,--,--,--,--,--,--,--,--,--,--,--,--,--,--,--,--,--,--,--,--,--,--,--,79206
2026-05-04 16:50:57.281,--,--,--,--,--,--,--,--,--,--,--,--,--,--,--,--,--,--,--,--,--,--,--,--,--,--,--,--,--,--,--,--,--,--,--,--,--,--,--,--,--,--,--,--,--,--,82194
2026-05-04 16:50:57.332,--,--,--,--,--,--,--,--,--,--,--,--,--,--,--,--,--,--,--,--,--,--,--,--,--,--,--,--,--,--,--,--,--,--,--,--,--,--,--,--,--,--,--,--,--,--,82199
2026-05-04 16:50:57.401,--,--,--,--,--,--,--,--,--,--,--,--,--,--,--,--,--,--,--,--,--,--,--,--,--,--,--,--,--,--,--,--,--,--,--,--,--,--,--,--,--,--,--,--,--,--,82204
2026-05-04 16:50:57.433,--,--,--,--,--,--,--,--,--,--,--,--,--,--,--,--,--,--,--,--,--,--,--,--,--,--,--,--,--,--,--,--,--,--,--,--,--,--,--,--,--,--,--,--,--,--,82209
2026-05-04 16:50:57.434,--,--,--,--,--,--,--,--,--,--,--,--,--,--,--,--,--,--,--,--,--,--,--,--,--,--,--,--,--,--,--,--,--,--,--,--,--,--,--,--,--,--,--,--,--,--,82214
2026-05-04 16:50:57.436,--,--,--,--,--,--,--,--,--,--,--,--,--,--,--,--,--,--,--,--,--,--,--,--,--,--,--,--,--,--,--,--,--,--,--,--,--,--,--,--,--,--,--,--,--,--,82219
2026-05-04 16:50:57.437,--,--,--,--,--,--,--,--,--,--,--,--,--,--,--,--,--,--,--,--,--,--,--,--,--,--,--,--,--,--,--,--,--,--,--,--,--,--,--,--,--,--,--,--,--,--,82224
2026-05-04 16:50:57.438,--,--,--,--,--,--,--,--,--,--,--,--,--,--,--,--,--,--,--,--,--,--,--,--,--,--,--,--,--,--,--,--,--,--,--,--,--,--,--,--,--,--,--,--,--,--,82229
2026-05-04 16:50:57.441,--,--,--,--,--,--,--,--,--,--,--,--,--,--,--,--,--,--,--,--,--,--,--,--,--,--,--,--,--,--,--,--,--,--,--,--,--,--,--,--,--,--,--,--,--,--,82234
2026-05-04 16:50:57.442,--,--,--,--,--,--,--,--,--,--,--,--,--,--,--,--,--,--,--,--,--,--,--,--,--,--,--,--,--,--,--,--,--,--,--,--,--,--,--,--,--,--,--,--,--,--,82235
2026-05-04 16:50:57.576,--,--,--,--,--,--,--,--,--,--,--,--,--,--,--,--,--,--,--,--,--,--,--,--,--,--,--,--,--,--,--,--,--,--,--,--,--,--,--,--,--,--,--,--,--,--,82236
2026-05-04 16:50:57.612,--,--,--,--,--,--,--,--,--,--,--,--,--,--,--,--,--,--,--,--,--,--,--,--,--,--,--,--,--,--,--,--,--,--,--,--,--,--,--,--,--,--,--,--,--,--,82241
2026-05-04 16:50:57.665,--,--,--,--,--,--,--,--,--,--,--,--,--,--,--,--,--,--,--,--,--,--,--,--,--,--,--,--,--,--,--,--,--,--,--,--,--,--,--,--,--,--,--,--,--,--,82246
2026-05-04 16:50:57.720,--,--,--,--,--,--,--,--,--,--,--,--,--,--,--,--,--,--,--,--,--,--,--,--,--,--,--,--,--,--,--,--,--,--,--,--,--,--,--,--,--,--,--,--,--,--,82251
2026-05-04 16:50:57.785,--,--,--,--,--,--,--,--,--,--,--,--,--,--,--,--,--,--,--,--,--,--,--,--,--,--,--,--,--,--,--,--,--,--,--,--,--,--,--,--,--,--,--,--,--,--,82256
2026-05-04 16:50:57.837,--,--,--,--,--,--,--,--,--,--,--,--,--,--,--,--,--,--,--,--,--,--,--,--,--,--,--,--,--,--,--,--,--,--,--,--,--,--,--,--,--,--,--,--,--,--,82261
2026-05-04 16:50:57.890,--,--,--,--,--,--,--,--,--,--,--,--,--,--,--,--,--,--,--,--,--,--,--,--,--,--,--,--,--,--,--,--,--,--,--,--,--,--,--,--,--,--,--,--,--,--,82266
2026-05-04 16:50:57.925,--,--,--,--,--,--,--,--,--,--,--,--,--,--,--,--,--,--,--,--,--,--,--,--,--,--,--,--,--,--,--,--,--,--,--,--,--,--,--,--,--,--,--,--,--,--,82271
2026-05-04 16:50:57.925,--,--,--,--,--,--,--,--,--,--,--,--,--,--,--,--,--,--,--,--,--,--,--,--,--,--,--,--,--,--,--,--,--,--,--,--,--,--,--,--,--,--,--,--,--,--,82276
2026-05-04 16:50:57.926,--,--,--,--,--,--,--,--,--,--,--,--,--,--,--,--,--,--,--,--,--,--,--,--,--,--,--,--,--,--,--,--,--,--,--,--,--,--,--,--,--,--,--,--,--,--,82281
2026-05-04 16:50:57.927,--,--,--,--,--,--,--,--,--,--,--,--,--,--,--,--,--,--,--,--,--,--,--,--,--,--,--,--,--,--,--,--,--,--,--,--,--,--,--,--,--,--,--,--,--,--,82286
2026-05-04 16:50:57.928,--,--,--,--,--,--,--,--,--,--,--,--,--,--,--,--,--,--,--,--,--,--,--,--,--,--,--,--,--,--,--,--,--,--,--,--,--,--,--,--,--,--,--,--,--,--,82291
2026-05-04 16:50:57.930,--,--,--,--,--,--,--,--,--,--,--,--,--,--,--,--,--,--,--,--,--,--,--,--,--,--,--,--,--,--,--,--,--,--,--,--,--,--,--,--,--,--,--,--,--,--,82296
2026-05-04 16:50:57.932,--,--,--,--,--,--,--,--,--,--,--,--,--,--,--,--,--,--,--,--,--,--,--,--,--,--,--,--,--,--,--,--,--,--,--,--,--,--,--,--,--,--,--,--,--,--,82301
2026-05-04 16:50:57.934,--,--,--,--,--,--,--,--,--,--,--,--,--,--,--,--,--,--,--,--,--,--,--,--,--,--,--,--,--,--,--,--,--,--,--,--,--,--,--,--,--,--,--,--,--,--,82306
2026-05-04 16:50:57.935,--,--,--,--,--,--,--,--,--,--,--,--,--,--,--,--,--,--,--,--,--,--,--,--,--,--,--,--,--,--,--,--,--,--,--,--,--,--,--,--,--,--,--,--,--,--,82311
2026-05-04 16:50:57.937,--,--,--,--,--,--,--,--,--,--,--,--,--,--,--,--,--,--,--,--,--,--,--,--,--,--,--,--,--,--,--,--,--,--,--,--,--,--,--,--,--,--,--,--,--,--,82316
2026-05-04 16:50:57.938,--,--,--,--,--,--,--,--,--,--,--,--,--,--,--,--,--,--,--,--,--,--,--,--,--,--,--,--,--,--,--,--,--,--,--,--,--,--,--,--,--,--,--,--,--,--,82321
2026-05-04 16:50:57.940,--,--,--,--,--,--,--,--,--,--,--,--,--,--,--,--,--,--,--,--,--,--,--,--,--,--,--,--,--,--,--,--,--,--,--,--,--,--,--,--,--,--,--,--,--,--,82326
2026-05-04 16:50:57.941,--,--,--,--,--,--,--,--,--,--,--,--,--,--,--,--,--,--,--,--,--,--,--,--,--,--,--,--,--,--,--,--,--,--,--,--,--,--,--,--,--,--,--,--,--,--,82331
2026-05-04 16:50:57.994,--,--,--,--,--,--,--,--,--,--,--,--,--,--,--,--,--,--,--,--,--,--,--,--,--,--,--,--,--,--,--,--,--,--,--,--,--,--,--,--,--,--,--,--,--,--,85065
2026-05-04 16:50:58.045,--,--,--,--,--,--,--,--,--,--,--,--,--,--,--,--,--,--,--,--,--,--,--,--,--,--,--,--,--,--,--,--,--,--,--,--,--,--,--,--,--,--,--,--,--,--,85070
2026-05-04 16:50:58.097,--,--,--,--,--,--,--,--,--,--,--,--,--,--,--,--,--,--,--,--,--,--,--,--,--,--,--,--,--,--,--,--,--,--,--,--,--,--,--,--,--,--,--,--,--,--,85075
2026-05-04 16:50:58.177,--,--,--,--,--,--,--,--,--,--,--,--,--,--,--,--,--,--,--,--,--,--,--,--,--,--,--,--,--,--,--,--,--,--,--,--,--,--,--,--,--,--,--,--,--,--,85080
2026-05-04 16:50:58.245,--,--,--,--,--,--,--,--,--,--,--,--,--,--,--,--,--,--,--,--,--,--,--,--,--,--,--,--,--,--,--,--,--,--,--,--,--,--,--,--,--,--,--,--,--,--,85085
2026-05-04 16:50:58.262,--,--,--,--,--,--,--,--,--,--,--,--,--,--,--,--,--,--,--,--,--,--,--,--,--,--,--,--,--,--,--,--,--,--,--,--,--,--,--,--,--,--,--,--,--,--,85090
2026-05-04 16:50:58.264,--,--,--,--,--,--,--,--,--,--,--,--,--,--,--,--,--,--,--,--,--,--,--,--,--,--,--,--,--,--,--,--,--,--,--,--,--,--,--,--,--,--,--,--,--,--,85095
2026-05-04 16:50:58.265,--,--,--,--,--,--,--,--,--,--,--,--,--,--,--,--,--,--,--,--,--,--,--,--,--,--,--,--,--,--,--,--,--,--,--,--,--,--,--,--,--,--,--,--,--,--,85100
2026-05-04 16:50:58.267,--,--,--,--,--,--,--,--,--,--,--,--,--,--,--,--,--,--,--,--,--,--,--,--,--,--,--,--,--,--,--,--,--,--,--,--,--,--,--,--,--,--,--,--,--,--,85105
2026-05-04 16:50:58.268,--,--,--,--,--,--,--,--,--,--,--,--,--,--,--,--,--,--,--,--,--,--,--,--,--,--,--,--,--,--,--,--,--,--,--,--,--,--,--,--,--,--,--,--,--,--,85110
2026-05-04 16:50:58.272,--,--,--,--,--,--,--,--,--,--,--,--,--,--,--,--,--,--,--,--,--,--,--,--,--,--,--,--,--,--,--,--,--,--,--,--,--,--,--,--,--,--,--,--,--,--,85115
2026-05-04 16:50:58.277,--,--,--,--,--,--,--,--,--,--,--,--,--,--,--,--,--,--,--,--,--,--,--,--,--,--,--,--,--,--,--,--,--,--,--,--,--,--,--,--,--,--,--,--,--,--,85120
2026-05-04 16:50:58.281,--,--,--,--,--,--,--,--,--,--,--,--,--,--,--,--,--,--,--,--,--,--,--,--,--,--,--,--,--,--,--,--,--,--,--,--,--,--,--,--,--,--,--,--,--,--,85125
2026-05-04 16:50:58.285,--,--,--,--,--,--,--,--,--,--,--,--,--,--,--,--,--,--,--,--,--,--,--,--,--,--,--,--,--,--,--,--,--,--,--,--,--,--,--,--,--,--,--,--,--,--,85130
2026-05-04 16:50:58.288,--,--,--,--,--,--,--,--,--,--,--,--,--,--,--,--,--,--,--,--,--,--,--,--,--,--,--,--,--,--,--,--,--,--,--,--,--,--,--,--,--,--,--,--,--,--,85135
2026-05-04 16:50:58.289,--,--,--,--,--,--,--,--,--,--,--,--,--,--,--,--,--,--,--,--,--,--,--,--,--,--,--,--,--,--,--,--,--,--,--,--,--,--,--,--,--,--,--,--,--,--,85140
2026-05-04 16:50:58.291,--,--,--,--,--,--,--,--,--,--,--,--,--,--,--,--,--,--,--,--,--,--,--,--,--,--,--,--,--,--,--,--,--,--,--,--,--,--,--,--,--,--,--,--,--,--,85145
2026-05-04 16:50:58.441,--,--,--,--,--,--,--,--,--,--,--,--,--,--,--,--,--,--,--,--,--,--,--,--,--,--,--,--,--,--,--,--,--,--,--,--,--,--,--,--,--,--,--,--,--,--,85150
2026-05-04 16:50:58.494,--,--,--,--,--,--,--,--,--,--,--,--,--,--,--,--,--,--,--,--,--,--,--,--,--,--,--,--,--,--,--,--,--,--,--,--,--,--,--,--,--,--,--,--,--,--,85155
2026-05-04 16:50:58.515,--,--,--,--,--,--,--,--,--,--,--,--,--,--,--,--,--,--,--,--,--,--,--,--,--,--,--,--,--,--,--,--,--,--,--,--,--,--,--,--,--,--,--,--,--,--,85160
2026-05-04 16:50:58.580,--,--,--,--,--,--,--,--,--,--,--,--,--,--,--,--,--,--,--,--,--,--,--,--,--,--,--,--,--,--,--,--,--,--,--,--,--,--,--,--,--,--,--,--,--,--,85165
2026-05-04 16:50:58.616,--,--,--,--,--,--,--,--,--,--,--,--,--,--,--,--,--,--,--,--,--,--,--,--,--,--,--,--,--,--,--,--,--,--,--,--,--,--,--,--,--,--,--,--,--,--,85170
2026-05-04 16:50:58.674,--,--,--,--,--,--,--,--,--,--,--,--,--,--,--,--,--,--,--,--,--,--,--,--,--,--,--,--,--,--,--,--,--,--,--,--,--,--,--,--,--,--,--,--,--,--,85175
2026-05-04 16:50:58.729,--,--,--,--,--,--,--,--,--,--,--,--,--,--,--,--,--,--,--,--,--,--,--,--,--,--,--,--,--,--,--,--,--,--,--,--,--,--,--,--,--,--,--,--,--,--,85180
2026-05-04 16:50:58.780,--,--,--,--,--,--,--,--,--,--,--,--,--,--,--,--,--,--,--,--,--,--,--,--,--,--,--,--,--,--,--,--,--,--,--,--,--,--,--,--,--,--,--,--,--,--,85185
2026-05-04 16:50:58.798,--,--,--,--,--,--,--,--,--,--,--,--,--,--,--,--,--,--,--,--,--,--,--,--,--,--,--,--,--,--,--,--,--,--,--,--,--,--,--,--,--,--,--,--,--,--,85190
2026-05-04 16:50:58.800,--,--,--,--,--,--,--,--,--,--,--,--,--,--,--,--,--,--,--,--,--,--,--,--,--,--,--,--,--,--,--,--,--,--,--,--,--,--,--,--,--,--,--,--,--,--,85195
2026-05-04 16:50:58.801,--,--,--,--,--,--,--,--,--,--,--,--,--,--,--,--,--,--,--,--,--,--,--,--,--,--,--,--,--,--,--,--,--,--,--,--,--,--,--,--,--,--,--,--,--,--,85200
2026-05-04 16:50:58.803,--,--,--,--,--,--,--,--,--,--,--,--,--,--,--,--,--,--,--,--,--,--,--,--,--,--,--,--,--,--,--,--,--,--,--,--,--,--,--,--,--,--,--,--,--,--,85205
2026-05-04 16:50:58.804,--,--,--,--,--,--,--,--,--,--,--,--,--,--,--,--,--,--,--,--,--,--,--,--,--,--,--,--,--,--,--,--,--,--,--,--,--,--,--,--,--,--,--,--,--,--,85210
2026-05-04 16:50:58.805,--,--,--,--,--,--,--,--,--,--,--,--,--,--,--,--,--,--,--,--,--,--,--,--,--,--,--,--,--,--,--,--,--,--,--,--,--,--,--,--,--,--,--,--,--,--,85215
2026-05-04 16:50:58.807,--,--,--,--,--,--,--,--,--,--,--,--,--,--,--,--,--,--,--,--,--,--,--,--,--,--,--,--,--,--,--,--,--,--,--,--,--,--,--,--,--,--,--,--,--,--,85220
2026-05-04 16:50:58.808,--,--,--,--,--,--,--,--,--,--,--,--,--,--,--,--,--,--,--,--,--,--,--,--,--,--,--,--,--,--,--,--,--,--,--,--,--,--,--,--,--,--,--,--,--,--,85225
2026-05-04 16:50:58.810,--,--,--,--,--,--,--,--,--,--,--,--,--,--,--,--,--,--,--,--,--,--,--,--,--,--,--,--,--,--,--,--,--,--,--,--,--,--,--,--,--,--,--,--,--,--,85230
2026-05-04 16:50:58.813,--,--,--,--,--,--,--,--,--,--,--,--,--,--,--,--,--,--,--,--,--,--,--,--,--,--,--,--,--,--,--,--,--,--,--,--,--,--,--,--,--,--,--,--,--,--,85235
2026-05-04 16:50:58.814,--,--,--,--,--,--,--,--,--,--,--,--,--,--,--,--,--,--,--,--,--,--,--,--,--,--,--,--,--,--,--,--,--,--,--,--,--,--,--,--,--,--,--,--,--,--,85240
2026-05-04 16:50:58.815,--,--,--,--,--,--,--,--,--,--,--,--,--,--,--,--,--,--,--,--,--,--,--,--,--,--,--,--,--,--,--,--,--,--,--,--,--,--,--,--,--,--,--,--,--,--,85245
2026-05-04 16:50:58.852,--,--,--,--,--,--,--,--,--,--,--,--,--,--,--,--,--,--,--,--,--,--,--,--,--,--,--,--,--,--,--,--,--,--,--,--,--,--,--,--,--,--,--,--,--,--,88612
2026-05-04 16:50:58.942,--,--,--,--,--,--,--,--,--,--,--,--,--,--,--,--,--,--,--,--,--,--,--,--,--,--,--,--,--,--,--,--,--,--,--,--,--,--,--,--,--,--,--,--,--,--,88617
2026-05-04 16:50:58.995,--,--,--,--,--,--,--,--,--,--,--,--,--,--,--,--,--,--,--,--,--,--,--,--,--,--,--,--,--,--,--,--,--,--,--,--,--,--,--,--,--,--,--,--,--,--,88622
2026-05-04 16:50:59.047,--,--,--,--,--,--,--,--,--,--,--,--,--,--,--,--,--,--,--,--,--,--,--,--,--,--,--,--,--,--,--,--,--,--,--,--,--,--,--,--,--,--,--,--,--,--,88627
2026-05-04 16:50:59.101,--,--,--,--,--,--,--,--,--,--,--,--,--,--,--,--,--,--,--,--,--,--,--,--,--,--,--,--,--,--,--,--,--,--,--,--,--,--,--,--,--,--,--,--,--,--,88632
2026-05-04 16:50:59.149,--,--,--,--,--,--,--,--,--,--,--,--,--,--,--,--,--,--,--,--,--,--,--,--,--,--,--,--,--,--,--,--,--,--,--,--,--,--,--,--,--,--,--,--,--,--,88637
2026-05-04 16:50:59.151,--,--,--,--,--,--,--,--,--,--,--,--,--,--,--,--,--,--,--,--,--,--,--,--,--,--,--,--,--,--,--,--,--,--,--,--,--,--,--,--,--,--,--,--,--,--,88642
2026-05-04 16:50:59.152,--,--,--,--,--,--,--,--,--,--,--,--,--,--,--,--,--,--,--,--,--,--,--,--,--,--,--,--,--,--,--,--,--,--,--,--,--,--,--,--,--,--,--,--,--,--,88647
2026-05-04 16:50:59.153,--,--,--,--,--,--,--,--,--,--,--,--,--,--,--,--,--,--,--,--,--,--,--,--,--,--,--,--,--,--,--,--,--,--,--,--,--,--,--,--,--,--,--,--,--,--,88652
2026-05-04 16:50:59.154,--,--,--,--,--,--,--,--,--,--,--,--,--,--,--,--,--,--,--,--,--,--,--,--,--,--,--,--,--,--,--,--,--,--,--,--,--,--,--,--,--,--,--,--,--,--,88657
2026-05-04 16:50:59.156,--,--,--,--,--,--,--,--,--,--,--,--,--,--,--,--,--,--,--,--,--,--,--,--,--,--,--,--,--,--,--,--,--,--,--,--,--,--,--,--,--,--,--,--,--,--,88662
2026-05-04 16:50:59.158,--,--,--,--,--,--,--,--,--,--,--,--,--,--,--,--,--,--,--,--,--,--,--,--,--,--,--,--,--,--,--,--,--,--,--,--,--,--,--,--,--,--,--,--,--,--,88667
2026-05-04 16:50:59.161,--,--,--,--,--,--,--,--,--,--,--,--,--,--,--,--,--,--,--,--,--,--,--,--,--,--,--,--,--,--,--,--,--,--,--,--,--,--,--,--,--,--,--,--,--,--,88672
2026-05-04 16:50:59.164,--,--,--,--,--,--,--,--,--,--,--,--,--,--,--,--,--,--,--,--,--,--,--,--,--,--,--,--,--,--,--,--,--,--,--,--,--,--,--,--,--,--,--,--,--,--,88677
2026-05-04 16:50:59.168,--,--,--,--,--,--,--,--,--,--,--,--,--,--,--,--,--,--,--,--,--,--,--,--,--,--,--,--,--,--,--,--,--,--,--,--,--,--,--,--,--,--,--,--,--,--,88682
2026-05-04 16:50:59.172,--,--,--,--,--,--,--,--,--,--,--,--,--,--,--,--,--,--,--,--,--,--,--,--,--,--,--,--,--,--,--,--,--,--,--,--,--,--,--,--,--,--,--,--,--,--,88687
2026-05-04 16:50:59.173,--,--,--,--,--,--,--,--,--,--,--,--,--,--,--,--,--,--,--,--,--,--,--,--,--,--,--,--,--,--,--,--,--,--,--,--,--,--,--,--,--,--,--,--,--,--,88692
2026-05-04 16:50:59.330,--,--,--,--,--,--,--,--,--,--,--,--,--,--,--,--,--,--,--,--,--,--,--,--,--,--,--,--,--,--,--,--,--,--,--,--,--,--,--,--,--,--,--,--,--,--,88697
2026-05-04 16:50:59.402,--,--,--,--,--,--,--,--,--,--,--,--,--,--,--,--,--,--,--,--,--,--,--,--,--,--,--,--,--,--,--,--,--,--,--,--,--,--,--,--,--,--,--,--,--,--,88702
2026-05-04 16:50:59.454,--,--,--,--,--,--,--,--,--,--,--,--,--,--,--,--,--,--,--,--,--,--,--,--,--,--,--,--,--,--,--,--,--,--,--,--,--,--,--,--,--,--,--,--,--,--,88707
2026-05-04 16:50:59.510,--,--,--,--,--,--,--,--,--,--,--,--,--,--,--,--,--,--,--,--,--,--,--,--,--,--,--,--,--,--,--,--,--,--,--,--,--,--,--,--,--,--,--,--,--,--,88712
2026-05-04 16:50:59.546,--,--,--,--,--,--,--,--,--,--,--,--,--,--,--,--,--,--,--,--,--,--,--,--,--,--,--,--,--,--,--,--,--,--,--,--,--,--,--,--,--,--,--,--,--,--,88717
2026-05-04 16:50:59.600,--,--,--,--,--,--,--,--,--,--,--,--,--,--,--,--,--,--,--,--,--,--,--,--,--,--,--,--,--,--,--,--,--,--,--,--,--,--,--,--,--,--,--,--,--,--,88722
2026-05-04 16:50:59.653,--,--,--,--,--,--,--,--,--,--,--,--,--,--,--,--,--,--,--,--,--,--,--,--,--,--,--,--,--,--,--,--,--,--,--,--,--,--,--,--,--,--,--,--,--,--,88727
2026-05-04 16:50:59.688,--,--,--,--,--,--,--,--,--,--,--,--,--,--,--,--,--,--,--,--,--,--,--,--,--,--,--,--,--,--,--,--,--,--,--,--,--,--,--,--,--,--,--,--,--,--,88732
2026-05-04 16:50:59.715,--,--,--,--,--,--,--,--,--,--,--,--,--,--,--,--,--,--,--,--,--,--,--,--,--,--,--,--,--,--,--,--,--,--,--,--,--,--,--,--,--,--,--,--,--,--,88737
2026-05-04 16:50:59.717,--,--,--,--,--,--,--,--,--,--,--,--,--,--,--,--,--,--,--,--,--,--,--,--,--,--,--,--,--,--,--,--,--,--,--,--,--,--,--,--,--,--,--,--,--,--,88742
2026-05-04 16:50:59.719,--,--,--,--,--,--,--,--,--,--,--,--,--,--,--,--,--,--,--,--,--,--,--,--,--,--,--,--,--,--,--,--,--,--,--,--,--,--,--,--,--,--,--,--,--,--,88747
2026-05-04 16:50:59.721,--,--,--,--,--,--,--,--,--,--,--,--,--,--,--,--,--,--,--,--,--,--,--,--,--,--,--,--,--,--,--,--,--,--,--,--,--,--,--,--,--,--,--,--,--,--,88752
2026-05-04 16:50:59.722,--,--,--,--,--,--,--,--,--,--,--,--,--,--,--,--,--,--,--,--,--,--,--,--,--,--,--,--,--,--,--,--,--,--,--,--,--,--,--,--,--,--,--,--,--,--,88757
2026-05-04 16:50:59.724,--,--,--,--,--,--,--,--,--,--,--,--,--,--,--,--,--,--,--,--,--,--,--,--,--,--,--,--,--,--,--,--,--,--,--,--,--,--,--,--,--,--,--,--,--,--,88762
2026-05-04 16:50:59.725,--,--,--,--,--,--,--,--,--,--,--,--,--,--,--,--,--,--,--,--,--,--,--,--,--,--,--,--,--,--,--,--,--,--,--,--,--,--,--,--,--,--,--,--,--,--,88767
2026-05-04 16:50:59.726,--,--,--,--,--,--,--,--,--,--,--,--,--,--,--,--,--,--,--,--,--,--,--,--,--,--,--,--,--,--,--,--,--,--,--,--,--,--,--,--,--,--,--,--,--,--,88772
2026-05-04 16:50:59.727,--,--,--,--,--,--,--,--,--,--,--,--,--,--,--,--,--,--,--,--,--,--,--,--,--,--,--,--,--,--,--,--,--,--,--,--,--,--,--,--,--,--,--,--,--,--,88777
2026-05-04 16:50:59.729,--,--,--,--,--,--,--,--,--,--,--,--,--,--,--,--,--,--,--,--,--,--,--,--,--,--,--,--,--,--,--,--,--,--,--,--,--,--,--,--,--,--,--,--,--,--,88782
2026-05-04 16:50:59.731,--,--,--,--,--,--,--,--,--,--,--,--,--,--,--,--,--,--,--,--,--,--,--,--,--,--,--,--,--,--,--,--,--,--,--,--,--,--,--,--,--,--,--,--,--,--,88787
2026-05-04 16:50:59.732,--,--,--,--,--,--,--,--,--,--,--,--,--,--,--,--,--,--,--,--,--,--,--,--,--,--,--,--,--,--,--,--,--,--,--,--,--,--,--,--,--,--,--,--,--,--,88792
2026-05-04 16:50:59.767,--,--,--,--,--,--,--,--,--,--,--,--,--,--,--,--,--,--,--,--,--,--,--,--,--,--,--,--,--,--,--,--,--,--,--,--,--,--,--,--,--,--,--,--,--,--,92371
2026-05-04 16:50:59.839,--,--,--,--,--,--,--,--,--,--,--,--,--,--,--,--,--,--,--,--,--,--,--,--,--,--,--,--,--,--,--,--,--,--,--,--,--,--,--,--,--,--,--,--,--,--,92376
2026-05-04 16:50:59.921,--,--,--,--,--,--,--,--,--,--,--,--,--,--,--,--,--,--,--,--,--,--,--,--,--,--,--,--,--,--,--,--,--,--,--,--,--,--,--,--,--,--,--,--,--,--,92381
2026-05-04 16:50:59.940,--,--,--,--,--,--,--,--,--,--,--,--,--,--,--,--,--,--,--,--,--,--,--,--,--,--,--,--,--,--,--,--,--,--,--,--,--,--,--,--,--,--,--,--,--,--,92386
2026-05-04 16:50:59.941,--,--,--,--,--,--,--,--,--,--,--,--,--,--,--,--,--,--,--,--,--,--,--,--,--,--,--,--,--,--,--,--,--,--,--,--,--,--,--,--,--,--,--,--,--,--,92391
2026-05-04 16:50:59.942,--,--,--,--,--,--,--,--,--,--,--,--,--,--,--,--,--,--,--,--,--,--,--,--,--,--,--,--,--,--,--,--,--,--,--,--,--,--,--,--,--,--,--,--,--,--,92396
2026-05-04 16:50:59.943,--,--,--,--,--,--,--,--,--,--,--,--,--,--,--,--,--,--,--,--,--,--,--,--,--,--,--,--,--,--,--,--,--,--,--,--,--,--,--,--,--,--,--,--,--,--,92401
2026-05-04 16:50:59.944,--,--,--,--,--,--,--,--,--,--,--,--,--,--,--,--,--,--,--,--,--,--,--,--,--,--,--,--,--,--,--,--,--,--,--,--,--,--,--,--,--,--,--,--,--,--,92406
2026-05-04 16:50:59.945,--,--,--,--,--,--,--,--,--,--,--,--,--,--,--,--,--,--,--,--,--,--,--,--,--,--,--,--,--,--,--,--,--,--,--,--,--,--,--,--,--,--,--,--,--,--,92411
2026-05-04 16:50:59.946,--,--,--,--,--,--,--,--,--,--,--,--,--,--,--,--,--,--,--,--,--,--,--,--,--,--,--,--,--,--,--,--,--,--,--,--,--,--,--,--,--,--,--,--,--,--,92412
2026-05-04 16:51:00.083,--,--,--,--,--,--,--,--,--,--,--,--,--,--,--,--,--,--,--,--,--,--,--,--,--,--,--,--,--,--,--,--,--,--,--,--,--,--,--,--,--,--,--,--,--,--,92413
2026-05-04 16:51:00.122,--,--,--,--,--,--,--,--,--,--,--,--,--,--,--,--,--,--,--,--,--,--,--,--,--,--,--,--,--,--,--,--,--,--,--,--,--,--,--,--,--,--,--,--,--,--,92418
2026-05-04 16:51:00.157,--,--,--,--,--,--,--,--,--,--,--,--,--,--,--,--,--,--,--,--,--,--,--,--,--,--,--,--,--,--,--,--,--,--,--,--,--,--,--,--,--,--,--,--,--,--,92423
2026-05-04 16:51:00.193,--,--,--,--,--,--,--,--,--,--,--,--,--,--,--,--,--,--,--,--,--,--,--,--,--,--,--,--,--,--,--,--,--,--,--,--,--,--,--,--,--,--,--,--,--,--,92428
2026-05-04 16:51:00.246,--,--,--,--,--,--,--,--,--,--,--,--,--,--,--,--,--,--,--,--,--,--,--,--,--,--,--,--,--,--,--,--,--,--,--,--,--,--,--,--,--,--,--,--,--,--,92433
2026-05-04 16:51:00.282,--,--,--,--,--,--,--,--,--,--,--,--,--,--,--,--,--,--,--,--,--,--,--,--,--,--,--,--,--,--,--,--,--,--,--,--,--,--,--,--,--,--,--,--,--,--,92438
2026-05-04 16:51:00.320,--,--,--,--,--,--,--,--,--,--,--,--,--,--,--,--,--,--,--,--,--,--,--,--,--,--,--,--,--,--,--,--,--,--,--,--,--,--,--,--,--,--,--,--,--,--,92443
2026-05-04 16:51:00.370,--,--,--,--,--,--,--,--,--,--,--,--,--,--,--,--,--,--,--,--,--,--,--,--,--,--,--,--,--,--,--,--,--,--,--,--,--,--,--,--,--,--,--,--,--,--,92448
2026-05-04 16:51:00.405,--,--,--,--,--,--,--,--,--,--,--,--,--,--,--,--,--,--,--,--,--,--,--,--,--,--,--,--,--,--,--,--,--,--,--,--,--,--,--,--,--,--,--,--,--,--,92453
2026-05-04 16:51:00.423,--,--,--,--,--,--,--,--,--,--,--,--,--,--,--,--,--,--,--,--,--,--,--,--,--,--,--,--,--,--,--,--,--,--,--,--,--,--,--,--,--,--,--,--,--,--,92458
2026-05-04 16:51:00.425,--,--,--,--,--,--,--,--,--,--,--,--,--,--,--,--,--,--,--,--,--,--,--,--,--,--,--,--,--,--,--,--,--,--,--,--,--,--,--,--,--,--,--,--,--,--,92463
2026-05-04 16:51:00.426,--,--,--,--,--,--,--,--,--,--,--,--,--,--,--,--,--,--,--,--,--,--,--,--,--,--,--,--,--,--,--,--,--,--,--,--,--,--,--,--,--,--,--,--,--,--,92468
2026-05-04 16:51:00.428,--,--,--,--,--,--,--,--,--,--,--,--,--,--,--,--,--,--,--,--,--,--,--,--,--,--,--,--,--,--,--,--,--,--,--,--,--,--,--,--,--,--,--,--,--,--,92473
2026-05-04 16:51:00.429,--,--,--,--,--,--,--,--,--,--,--,--,--,--,--,--,--,--,--,--,--,--,--,--,--,--,--,--,--,--,--,--,--,--,--,--,--,--,--,--,--,--,--,--,--,--,92478
2026-05-04 16:51:00.430,--,--,--,--,--,--,--,--,--,--,--,--,--,--,--,--,--,--,--,--,--,--,--,--,--,--,--,--,--,--,--,--,--,--,--,--,--,--,--,--,--,--,--,--,--,--,92483
2026-05-04 16:51:00.432,--,--,--,--,--,--,--,--,--,--,--,--,--,--,--,--,--,--,--,--,--,--,--,--,--,--,--,--,--,--,--,--,--,--,--,--,--,--,--,--,--,--,--,--,--,--,92488
2026-05-04 16:51:00.434,--,--,--,--,--,--,--,--,--,--,--,--,--,--,--,--,--,--,--,--,--,--,--,--,--,--,--,--,--,--,--,--,--,--,--,--,--,--,--,--,--,--,--,--,--,--,92493
2026-05-04 16:51:00.435,--,--,--,--,--,--,--,--,--,--,--,--,--,--,--,--,--,--,--,--,--,--,--,--,--,--,--,--,--,--,--,--,--,--,--,--,--,--,--,--,--,--,--,--,--,--,92498
2026-05-04 16:51:00.437,--,--,--,--,--,--,--,--,--,--,--,--,--,--,--,--,--,--,--,--,--,--,--,--,--,--,--,--,--,--,--,--,--,--,--,--,--,--,--,--,--,--,--,--,--,--,92503
2026-05-04 16:51:00.454,--,--,--,--,--,--,--,--,--,--,--,--,--,--,--,--,--,--,--,--,--,--,--,--,--,--,--,--,--,--,--,--,--,--,--,--,--,--,--,--,--,--,--,--,--,--,92508
2026-05-04 16:51:00.466,--,--,--,--,--,--,--,--,--,--,--,--,--,--,--,--,--,--,--,--,--,--,--,--,--,--,--,--,--,--,--,--,--,--,--,--,--,--,--,--,--,--,--,--,--,--,95411
2026-05-04 16:51:00.550,--,--,--,--,--,--,--,--,--,--,--,--,--,--,--,--,--,--,--,--,--,--,--,--,--,--,--,--,--,--,--,--,--,--,--,--,--,--,--,--,--,--,--,--,--,--,95416
2026-05-04 16:51:00.632,--,--,--,--,--,--,--,--,--,--,--,--,--,--,--,--,--,--,--,--,--,--,--,--,--,--,--,--,--,--,--,--,--,--,--,--,--,--,--,--,--,--,--,--,--,--,95421
2026-05-04 16:51:00.634,--,--,--,--,--,--,--,--,--,--,--,--,--,--,--,--,--,--,--,--,--,--,--,--,--,--,--,--,--,--,--,--,--,--,--,--,--,--,--,--,--,--,--,--,--,--,95426
2026-05-04 16:51:00.635,--,--,--,--,--,--,--,--,--,--,--,--,--,--,--,--,--,--,--,--,--,--,--,--,--,--,--,--,--,--,--,--,--,--,--,--,--,--,--,--,--,--,--,--,--,--,95431
2026-05-04 16:51:00.636,--,--,--,--,--,--,--,--,--,--,--,--,--,--,--,--,--,--,--,--,--,--,--,--,--,--,--,--,--,--,--,--,--,--,--,--,--,--,--,--,--,--,--,--,--,--,95436
2026-05-04 16:51:00.637,--,--,--,--,--,--,--,--,--,--,--,--,--,--,--,--,--,--,--,--,--,--,--,--,--,--,--,--,--,--,--,--,--,--,--,--,--,--,--,--,--,--,--,--,--,--,95441
2026-05-04 16:51:00.638,--,--,--,--,--,--,--,--,--,--,--,--,--,--,--,--,--,--,--,--,--,--,--,--,--,--,--,--,--,--,--,--,--,--,--,--,--,--,--,--,--,--,--,--,--,--,95446
2026-05-04 16:51:00.640,--,--,--,--,--,--,--,--,--,--,--,--,--,--,--,--,--,--,--,--,--,--,--,--,--,--,--,--,--,--,--,--,--,--,--,--,--,--,--,--,--,--,--,--,--,--,95451
2026-05-04 16:51:00.641,--,--,--,--,--,--,--,--,--,--,--,--,--,--,--,--,--,--,--,--,--,--,--,--,--,--,--,--,--,--,--,--,--,--,--,--,--,--,--,--,--,--,--,--,--,--,95452
2026-05-04 16:51:00.754,--,--,--,--,--,--,--,--,--,--,--,--,--,--,--,--,--,--,--,--,--,--,--,--,--,--,--,--,--,--,--,--,--,--,--,--,--,--,--,--,--,--,--,--,--,--,95453
2026-05-04 16:51:00.779,--,--,--,--,--,--,--,--,--,--,--,--,--,--,--,--,--,--,--,--,--,--,--,--,--,--,--,--,--,--,--,--,--,--,--,--,--,--,--,--,--,--,--,--,--,--,95458
2026-05-04 16:51:00.851,--,--,--,--,--,--,--,--,--,--,--,--,--,--,--,--,--,--,--,--,--,--,--,--,--,--,--,--,--,--,--,--,--,--,--,--,--,--,--,--,--,--,--,--,--,--,95463
2026-05-04 16:51:00.890,--,--,--,--,--,--,--,--,--,--,--,--,--,--,--,--,--,--,--,--,--,--,--,--,--,--,--,--,--,--,--,--,--,--,--,--,--,--,--,--,--,--,--,--,--,--,95468
2026-05-04 16:51:00.940,--,--,--,--,--,--,--,--,--,--,--,--,--,--,--,--,--,--,--,--,--,--,--,--,--,--,--,--,--,--,--,--,--,--,--,--,--,--,--,--,--,--,--,--,--,--,95473
2026-05-04 16:51:00.996,--,--,--,--,--,--,--,--,--,--,--,--,--,--,--,--,--,--,--,--,--,--,--,--,--,--,--,--,--,--,--,--,--,--,--,--,--,--,--,--,--,--,--,--,--,--,95478
2026-05-04 16:51:01.049,--,--,--,--,--,--,--,--,--,--,--,--,--,--,--,--,--,--,--,--,--,--,--,--,--,--,--,--,--,--,--,--,--,--,--,--,--,--,--,--,--,--,--,--,--,--,95483
2026-05-04 16:51:01.118,--,--,--,--,--,--,--,--,--,--,--,--,--,--,--,--,--,--,--,--,--,--,--,--,--,--,--,--,--,--,--,--,--,--,--,--,--,--,--,--,--,--,--,--,--,--,95488
2026-05-04 16:51:01.137,--,--,--,--,--,--,--,--,--,--,--,--,--,--,--,--,--,--,--,--,--,--,--,--,--,--,--,--,--,--,--,--,--,--,--,--,--,--,--,--,--,--,--,--,--,--,95493
2026-05-04 16:51:01.138,--,--,--,--,--,--,--,--,--,--,--,--,--,--,--,--,--,--,--,--,--,--,--,--,--,--,--,--,--,--,--,--,--,--,--,--,--,--,--,--,--,--,--,--,--,--,95498
2026-05-04 16:51:01.140,--,--,--,--,--,--,--,--,--,--,--,--,--,--,--,--,--,--,--,--,--,--,--,--,--,--,--,--,--,--,--,--,--,--,--,--,--,--,--,--,--,--,--,--,--,--,95503
2026-05-04 16:51:01.143,--,--,--,--,--,--,--,--,--,--,--,--,--,--,--,--,--,--,--,--,--,--,--,--,--,--,--,--,--,--,--,--,--,--,--,--,--,--,--,--,--,--,--,--,--,--,95508
2026-05-04 16:51:01.144,--,--,--,--,--,--,--,--,--,--,--,--,--,--,--,--,--,--,--,--,--,--,--,--,--,--,--,--,--,--,--,--,--,--,--,--,--,--,--,--,--,--,--,--,--,--,95513
2026-05-04 16:51:01.145,--,--,--,--,--,--,--,--,--,--,--,--,--,--,--,--,--,--,--,--,--,--,--,--,--,--,--,--,--,--,--,--,--,--,--,--,--,--,--,--,--,--,--,--,--,--,95518
2026-05-04 16:51:01.146,--,--,--,--,--,--,--,--,--,--,--,--,--,--,--,--,--,--,--,--,--,--,--,--,--,--,--,--,--,--,--,--,--,--,--,--,--,--,--,--,--,--,--,--,--,--,95523
2026-05-04 16:51:01.148,--,--,--,--,--,--,--,--,--,--,--,--,--,--,--,--,--,--,--,--,--,--,--,--,--,--,--,--,--,--,--,--,--,--,--,--,--,--,--,--,--,--,--,--,--,--,95528
2026-05-04 16:51:01.149,--,--,--,--,--,--,--,--,--,--,--,--,--,--,--,--,--,--,--,--,--,--,--,--,--,--,--,--,--,--,--,--,--,--,--,--,--,--,--,--,--,--,--,--,--,--,95533
2026-05-04 16:51:01.150,--,--,--,--,--,--,--,--,--,--,--,--,--,--,--,--,--,--,--,--,--,--,--,--,--,--,--,--,--,--,--,--,--,--,--,--,--,--,--,--,--,--,--,--,--,--,95538
2026-05-04 16:51:01.152,--,--,--,--,--,--,--,--,--,--,--,--,--,--,--,--,--,--,--,--,--,--,--,--,--,--,--,--,--,--,--,--,--,--,--,--,--,--,--,--,--,--,--,--,--,--,95543
2026-05-04 16:51:01.153,--,--,--,--,--,--,--,--,--,--,--,--,--,--,--,--,--,--,--,--,--,--,--,--,--,--,--,--,--,--,--,--,--,--,--,--,--,--,--,--,--,--,--,--,--,--,95548
2026-05-04 16:51:01.192,--,--,--,--,--,--,--,--,--,--,--,--,--,--,--,--,--,--,--,--,--,--,--,--,--,--,--,--,--,--,--,--,--,--,--,--,--,--,--,--,--,--,--,--,--,--,98198
2026-05-04 16:51:01.269,--,--,--,--,--,--,--,--,--,--,--,--,--,--,--,--,--,--,--,--,--,--,--,--,--,--,--,--,--,--,--,--,--,--,--,--,--,--,--,--,--,--,--,--,--,--,98203
2026-05-04 16:51:01.324,--,--,--,--,--,--,--,--,--,--,--,--,--,--,--,--,--,--,--,--,--,--,--,--,--,--,--,--,--,--,--,--,--,--,--,--,--,--,--,--,--,--,--,--,--,--,98208
2026-05-04 16:51:01.376,--,--,--,--,--,--,--,--,--,--,--,--,--,--,--,--,--,--,--,--,--,--,--,--,--,--,--,--,--,--,--,--,--,--,--,--,--,--,--,--,--,--,--,--,--,--,98213
2026-05-04 16:51:01.377,--,--,--,--,--,--,--,--,--,--,--,--,--,--,--,--,--,--,--,--,--,--,--,--,--,--,--,--,--,--,--,--,--,--,--,--,--,--,--,--,--,--,--,--,--,--,98218
2026-05-04 16:51:01.378,--,--,--,--,--,--,--,--,--,--,--,--,--,--,--,--,--,--,--,--,--,--,--,--,--,--,--,--,--,--,--,--,--,--,--,--,--,--,--,--,--,--,--,--,--,--,98223
2026-05-04 16:51:01.379,--,--,--,--,--,--,--,--,--,--,--,--,--,--,--,--,--,--,--,--,--,--,--,--,--,--,--,--,--,--,--,--,--,--,--,--,--,--,--,--,--,--,--,--,--,--,98228
2026-05-04 16:51:01.381,--,--,--,--,--,--,--,--,--,--,--,--,--,--,--,--,--,--,--,--,--,--,--,--,--,--,--,--,--,--,--,--,--,--,--,--,--,--,--,--,--,--,--,--,--,--,98233
2026-05-04 16:51:01.383,--,--,--,--,--,--,--,--,--,--,--,--,--,--,--,--,--,--,--,--,--,--,--,--,--,--,--,--,--,--,--,--,--,--,--,--,--,--,--,--,--,--,--,--,--,--,98238
2026-05-04 16:51:01.384,--,--,--,--,--,--,--,--,--,--,--,--,--,--,--,--,--,--,--,--,--,--,--,--,--,--,--,--,--,--,--,--,--,--,--,--,--,--,--,--,--,--,--,--,--,--,98239
2026-05-04 16:51:01.509,--,--,--,--,--,--,--,--,--,--,--,--,--,--,--,--,--,--,--,--,--,--,--,--,--,--,--,--,--,--,--,--,--,--,--,--,--,--,--,--,--,--,--,--,--,--,98240
2026-05-04 16:51:01.560,--,--,--,--,--,--,--,--,--,--,--,--,--,--,--,--,--,--,--,--,--,--,--,--,--,--,--,--,--,--,--,--,--,--,--,--,--,--,--,--,--,--,--,--,--,--,98245
2026-05-04 16:51:01.596,--,--,--,--,--,--,--,--,--,--,--,--,--,--,--,--,--,--,--,--,--,--,--,--,--,--,--,--,--,--,--,--,--,--,--,--,--,--,--,--,--,--,--,--,--,--,98250
2026-05-04 16:51:01.634,--,--,--,--,--,--,--,--,--,--,--,--,--,--,--,--,--,--,--,--,--,--,--,--,--,--,--,--,--,--,--,--,--,--,--,--,--,--,--,--,--,--,--,--,--,--,98255
2026-05-04 16:51:01.683,--,--,--,--,--,--,--,--,--,--,--,--,--,--,--,--,--,--,--,--,--,--,--,--,--,--,--,--,--,--,--,--,--,--,--,--,--,--,--,--,--,--,--,--,--,--,98260
2026-05-04 16:51:01.731,--,--,--,--,--,--,--,--,--,--,--,--,--,--,--,--,--,--,--,--,--,--,--,--,--,--,--,--,--,--,--,--,--,--,--,--,--,--,--,--,--,--,--,--,--,--,98265
2026-05-04 16:51:01.789,--,--,--,--,--,--,--,--,--,--,--,--,--,--,--,--,--,--,--,--,--,--,--,--,--,--,--,--,--,--,--,--,--,--,--,--,--,--,--,--,--,--,--,--,--,--,98270
2026-05-04 16:51:01.844,--,--,--,--,--,--,--,--,--,--,--,--,--,--,--,--,--,--,--,--,--,--,--,--,--,--,--,--,--,--,--,--,--,--,--,--,--,--,--,--,--,--,--,--,--,--,98275
2026-05-04 16:51:01.879,--,--,--,--,--,--,--,--,--,--,--,--,--,--,--,--,--,--,--,--,--,--,--,--,--,--,--,--,--,--,--,--,--,--,--,--,--,--,--,--,--,--,--,--,--,--,98280
2026-05-04 16:51:01.880,--,--,--,--,--,--,--,--,--,--,--,--,--,--,--,--,--,--,--,--,--,--,--,--,--,--,--,--,--,--,--,--,--,--,--,--,--,--,--,--,--,--,--,--,--,--,98285
2026-05-04 16:51:01.881,--,--,--,--,--,--,--,--,--,--,--,--,--,--,--,--,--,--,--,--,--,--,--,--,--,--,--,--,--,--,--,--,--,--,--,--,--,--,--,--,--,--,--,--,--,--,98290
2026-05-04 16:51:01.882,--,--,--,--,--,--,--,--,--,--,--,--,--,--,--,--,--,--,--,--,--,--,--,--,--,--,--,--,--,--,--,--,--,--,--,--,--,--,--,--,--,--,--,--,--,--,98295
2026-05-04 16:51:01.883,--,--,--,--,--,--,--,--,--,--,--,--,--,--,--,--,--,--,--,--,--,--,--,--,--,--,--,--,--,--,--,--,--,--,--,--,--,--,--,--,--,--,--,--,--,--,98300
2026-05-04 16:51:01.885,--,--,--,--,--,--,--,--,--,--,--,--,--,--,--,--,--,--,--,--,--,--,--,--,--,--,--,--,--,--,--,--,--,--,--,--,--,--,--,--,--,--,--,--,--,--,98305
2026-05-04 16:51:01.887,--,--,--,--,--,--,--,--,--,--,--,--,--,--,--,--,--,--,--,--,--,--,--,--,--,--,--,--,--,--,--,--,--,--,--,--,--,--,--,--,--,--,--,--,--,--,98310
2026-05-04 16:51:01.889,--,--,--,--,--,--,--,--,--,--,--,--,--,--,--,--,--,--,--,--,--,--,--,--,--,--,--,--,--,--,--,--,--,--,--,--,--,--,--,--,--,--,--,--,--,--,98315
2026-05-04 16:51:01.891,--,--,--,--,--,--,--,--,--,--,--,--,--,--,--,--,--,--,--,--,--,--,--,--,--,--,--,--,--,--,--,--,--,--,--,--,--,--,--,--,--,--,--,--,--,--,98320
2026-05-04 16:51:01.892,--,--,--,--,--,--,--,--,--,--,--,--,--,--,--,--,--,--,--,--,--,--,--,--,--,--,--,--,--,--,--,--,--,--,--,--,--,--,--,--,--,--,--,--,--,--,98325
2026-05-04 16:51:01.893,--,--,--,--,--,--,--,--,--,--,--,--,--,--,--,--,--,--,--,--,--,--,--,--,--,--,--,--,--,--,--,--,--,--,--,--,--,--,--,--,--,--,--,--,--,--,98330
2026-05-04 16:51:01.894,--,--,--,--,--,--,--,--,--,--,--,--,--,--,--,--,--,--,--,--,--,--,--,--,--,--,--,--,--,--,--,--,--,--,--,--,--,--,--,--,--,--,--,--,--,--,98335
2026-05-04 16:51:01.973,--,--,--,--,--,--,--,--,--,--,--,--,--,--,--,--,--,--,--,--,--,--,--,--,--,--,--,--,--,--,--,--,--,--,--,--,--,--,--,--,--,--,--,--,--,--,101238
2026-05-04 16:51:02.044,--,--,--,--,--,--,--,--,--,--,--,--,--,--,--,--,--,--,--,--,--,--,--,--,--,--,--,--,--,--,--,--,--,--,--,--,--,--,--,--,--,--,--,--,--,--,101243
2026-05-04 16:51:02.104,--,--,--,--,--,--,--,--,--,--,--,--,--,--,--,--,--,--,--,--,--,--,--,--,--,--,--,--,--,--,--,--,--,--,--,--,--,--,--,--,--,--,--,--,--,--,101248
2026-05-04 16:51:02.181,--,--,--,--,--,--,--,--,--,--,--,--,--,--,--,--,--,--,--,--,--,--,--,--,--,--,--,--,--,--,--,--,--,--,--,--,--,--,--,--,--,--,--,--,--,--,101253
2026-05-04 16:51:02.238,--,--,--,--,--,--,--,--,--,--,--,--,--,--,--,--,--,--,--,--,--,--,--,--,--,--,--,--,--,--,--,--,--,--,--,--,--,--,--,--,--,--,--,--,--,--,101258
2026-05-04 16:51:02.273,--,--,--,--,--,--,--,--,--,--,--,--,--,--,--,--,--,--,--,--,--,--,--,--,--,--,--,--,--,--,--,--,--,--,--,--,--,--,--,--,--,--,--,--,--,--,101263
2026-05-04 16:51:02.274,--,--,--,--,--,--,--,--,--,--,--,--,--,--,--,--,--,--,--,--,--,--,--,--,--,--,--,--,--,--,--,--,--,--,--,--,--,--,--,--,--,--,--,--,--,--,101268
2026-05-04 16:51:02.275,--,--,--,--,--,--,--,--,--,--,--,--,--,--,--,--,--,--,--,--,--,--,--,--,--,--,--,--,--,--,--,--,--,--,--,--,--,--,--,--,--,--,--,--,--,--,101273
2026-05-04 16:51:02.276,--,--,--,--,--,--,--,--,--,--,--,--,--,--,--,--,--,--,--,--,--,--,--,--,--,--,--,--,--,--,--,--,--,--,--,--,--,--,--,--,--,--,--,--,--,--,101278
2026-05-04 16:51:02.278,--,--,--,--,--,--,--,--,--,--,--,--,--,--,--,--,--,--,--,--,--,--,--,--,--,--,--,--,--,--,--,--,--,--,--,--,--,--,--,--,--,--,--,--,--,--,101283
2026-05-04 16:51:02.281,--,--,--,--,--,--,--,--,--,--,--,--,--,--,--,--,--,--,--,--,--,--,--,--,--,--,--,--,--,--,--,--,--,--,--,--,--,--,--,--,--,--,--,--,--,--,101288
2026-05-04 16:51:02.282,--,--,--,--,--,--,--,--,--,--,--,--,--,--,--,--,--,--,--,--,--,--,--,--,--,--,--,--,--,--,--,--,--,--,--,--,--,--,--,--,--,--,--,--,--,--,101293
2026-05-04 16:51:02.284,--,--,--,--,--,--,--,--,--,--,--,--,--,--,--,--,--,--,--,--,--,--,--,--,--,--,--,--,--,--,--,--,--,--,--,--,--,--,--,--,--,--,--,--,--,--,101298
2026-05-04 16:51:02.286,--,--,--,--,--,--,--,--,--,--,--,--,--,--,--,--,--,--,--,--,--,--,--,--,--,--,--,--,--,--,--,--,--,--,--,--,--,--,--,--,--,--,--,--,--,--,101303
2026-05-04 16:51:02.287,--,--,--,--,--,--,--,--,--,--,--,--,--,--,--,--,--,--,--,--,--,--,--,--,--,--,--,--,--,--,--,--,--,--,--,--,--,--,--,--,--,--,--,--,--,--,101308
2026-05-04 16:51:02.288,--,--,--,--,--,--,--,--,--,--,--,--,--,--,--,--,--,--,--,--,--,--,--,--,--,--,--,--,--,--,--,--,--,--,--,--,--,--,--,--,--,--,--,--,--,--,101313
2026-05-04 16:51:02.289,--,--,--,--,--,--,--,--,--,--,--,--,--,--,--,--,--,--,--,--,--,--,--,--,--,--,--,--,--,--,--,--,--,--,--,--,--,--,--,--,--,--,--,--,--,--,101318
2026-05-04 16:51:02.407,--,--,--,--,--,--,--,--,--,--,--,--,--,--,--,--,--,--,--,--,--,--,--,--,--,--,--,--,--,--,--,--,--,--,--,--,--,--,--,--,--,--,--,--,--,--,101323
2026-05-04 16:51:02.447,--,--,--,--,--,--,--,--,--,--,--,--,--,--,--,--,--,--,--,--,--,--,--,--,--,--,--,--,--,--,--,--,--,--,--,--,--,--,--,--,--,--,--,--,--,--,101328
2026-05-04 16:51:02.521,--,--,--,--,--,--,--,--,--,--,--,--,--,--,--,--,--,--,--,--,--,--,--,--,--,--,--,--,--,--,--,--,--,--,--,--,--,--,--,--,--,--,--,--,--,--,101333
2026-05-04 16:51:02.543,--,--,--,--,--,--,--,--,--,--,--,--,--,--,--,--,--,--,--,--,--,--,--,--,--,--,--,--,--,--,--,--,--,--,--,--,--,--,--,--,--,--,--,--,--,--,101338
2026-05-04 16:51:02.580,--,--,--,--,--,--,--,--,--,--,--,--,--,--,--,--,--,--,--,--,--,--,--,--,--,--,--,--,--,--,--,--,--,--,--,--,--,--,--,--,--,--,--,--,--,--,101343
2026-05-04 16:51:02.634,--,--,--,--,--,--,--,--,--,--,--,--,--,--,--,--,--,--,--,--,--,--,--,--,--,--,--,--,--,--,--,--,--,--,--,--,--,--,--,--,--,--,--,--,--,--,101348
2026-05-04 16:51:02.670,--,--,--,--,--,--,--,--,--,--,--,--,--,--,--,--,--,--,--,--,--,--,--,--,--,--,--,--,--,--,--,--,--,--,--,--,--,--,--,--,--,--,--,--,--,--,101353
2026-05-04 16:51:02.719,--,--,--,--,--,--,--,--,--,--,--,--,--,--,--,--,--,--,--,--,--,--,--,--,--,--,--,--,--,--,--,--,--,--,--,--,--,--,--,--,--,--,--,--,--,--,101358
2026-05-04 16:51:02.752,--,--,--,--,--,--,--,--,--,--,--,--,--,--,--,--,--,--,--,--,--,--,--,--,--,--,--,--,--,--,--,--,--,--,--,--,--,--,--,--,--,--,--,--,--,--,101363
2026-05-04 16:51:02.787,--,--,--,--,--,--,--,--,--,--,--,--,--,--,--,--,--,--,--,--,--,--,--,--,--,--,--,--,--,--,--,--,--,--,--,--,--,--,--,--,--,--,--,--,--,--,101368
2026-05-04 16:51:02.789,--,--,--,--,--,--,--,--,--,--,--,--,--,--,--,--,--,--,--,--,--,--,--,--,--,--,--,--,--,--,--,--,--,--,--,--,--,--,--,--,--,--,--,--,--,--,101373
2026-05-04 16:51:02.790,--,--,--,--,--,--,--,--,--,--,--,--,--,--,--,--,--,--,--,--,--,--,--,--,--,--,--,--,--,--,--,--,--,--,--,--,--,--,--,--,--,--,--,--,--,--,101378
2026-05-04 16:51:02.792,--,--,--,--,--,--,--,--,--,--,--,--,--,--,--,--,--,--,--,--,--,--,--,--,--,--,--,--,--,--,--,--,--,--,--,--,--,--,--,--,--,--,--,--,--,--,101383
2026-05-04 16:51:02.795,--,--,--,--,--,--,--,--,--,--,--,--,--,--,--,--,--,--,--,--,--,--,--,--,--,--,--,--,--,--,--,--,--,--,--,--,--,--,--,--,--,--,--,--,--,--,101388
2026-05-04 16:51:02.795,--,--,--,--,--,--,--,--,--,--,--,--,--,--,--,--,--,--,--,--,--,--,--,--,--,--,--,--,--,--,--,--,--,--,--,--,--,--,--,--,--,--,--,--,--,--,101393
2026-05-04 16:51:02.797,--,--,--,--,--,--,--,--,--,--,--,--,--,--,--,--,--,--,--,--,--,--,--,--,--,--,--,--,--,--,--,--,--,--,--,--,--,--,--,--,--,--,--,--,--,--,101398
2026-05-04 16:51:02.798,--,--,--,--,--,--,--,--,--,--,--,--,--,--,--,--,--,--,--,--,--,--,--,--,--,--,--,--,--,--,--,--,--,--,--,--,--,--,--,--,--,--,--,--,--,--,101403
2026-05-04 16:51:02.801,--,--,--,--,--,--,--,--,--,--,--,--,--,--,--,--,--,--,--,--,--,--,--,--,--,--,--,--,--,--,--,--,--,--,--,--,--,--,--,--,--,--,--,--,--,--,101408
2026-05-04 16:51:02.802,--,--,--,--,--,--,--,--,--,--,--,--,--,--,--,--,--,--,--,--,--,--,--,--,--,--,--,--,--,--,--,--,--,--,--,--,--,--,--,--,--,--,--,--,--,--,101413
2026-05-04 16:51:02.804,--,--,--,--,--,--,--,--,--,--,--,--,--,--,--,--,--,--,--,--,--,--,--,--,--,--,--,--,--,--,--,--,--,--,--,--,--,--,--,--,--,--,--,--,--,--,101418
2026-05-04 16:51:02.854,--,--,--,--,--,--,--,--,--,--,--,--,--,--,--,--,--,--,--,--,--,--,--,--,--,--,--,--,--,--,--,--,--,--,--,--,--,--,--,--,--,--,--,--,--,--,104996
2026-05-04 16:51:02.906,--,--,--,--,--,--,--,--,--,--,--,--,--,--,--,--,--,--,--,--,--,--,--,--,--,--,--,--,--,--,--,--,--,--,--,--,--,--,--,--,--,--,--,--,--,--,105001
2026-05-04 16:51:02.955,--,--,--,--,--,--,--,--,--,--,--,--,--,--,--,--,--,--,--,--,--,--,--,--,--,--,--,--,--,--,--,--,--,--,--,--,--,--,--,--,--,--,--,--,--,--,105006
2026-05-04 16:51:03.007,--,--,--,--,--,--,--,--,--,--,--,--,--,--,--,--,--,--,--,--,--,--,--,--,--,--,--,--,--,--,--,--,--,--,--,--,--,--,--,--,--,--,--,--,--,--,105011
2026-05-04 16:51:03.008,--,--,--,--,--,--,--,--,--,--,--,--,--,--,--,--,--,--,--,--,--,--,--,--,--,--,--,--,--,--,--,--,--,--,--,--,--,--,--,--,--,--,--,--,--,--,105016
2026-05-04 16:51:03.011,--,--,--,--,--,--,--,--,--,--,--,--,--,--,--,--,--,--,--,--,--,--,--,--,--,--,--,--,--,--,--,--,--,--,--,--,--,--,--,--,--,--,--,--,--,--,105021
2026-05-04 16:51:03.012,--,--,--,--,--,--,--,--,--,--,--,--,--,--,--,--,--,--,--,--,--,--,--,--,--,--,--,--,--,--,--,--,--,--,--,--,--,--,--,--,--,--,--,--,--,--,105026
2026-05-04 16:51:03.014,--,--,--,--,--,--,--,--,--,--,--,--,--,--,--,--,--,--,--,--,--,--,--,--,--,--,--,--,--,--,--,--,--,--,--,--,--,--,--,--,--,--,--,--,--,--,105031
2026-05-04 16:51:03.015,--,--,--,--,--,--,--,--,--,--,--,--,--,--,--,--,--,--,--,--,--,--,--,--,--,--,--,--,--,--,--,--,--,--,--,--,--,--,--,--,--,--,--,--,--,--,105036
2026-05-04 16:51:03.016,--,--,--,--,--,--,--,--,--,--,--,--,--,--,--,--,--,--,--,--,--,--,--,--,--,--,--,--,--,--,--,--,--,--,--,--,--,--,--,--,--,--,--,--,--,--,105038
2026-05-04 16:51:03.142,--,--,--,--,--,--,--,--,--,--,--,--,--,--,--,--,--,--,--,--,--,--,--,--,--,--,--,--,--,--,--,--,--,--,--,--,--,--,--,--,--,--,--,--,--,--,105039
2026-05-04 16:51:03.177,--,--,--,--,--,--,--,--,--,--,--,--,--,--,--,--,--,--,--,--,--,--,--,--,--,--,--,--,--,--,--,--,--,--,--,--,--,--,--,--,--,--,--,--,--,--,105044
2026-05-04 16:51:03.217,--,--,--,--,--,--,--,--,--,--,--,--,--,--,--,--,--,--,--,--,--,--,--,--,--,--,--,--,--,--,--,--,--,--,--,--,--,--,--,--,--,--,--,--,--,--,105049
2026-05-04 16:51:03.268,--,--,--,--,--,--,--,--,--,--,--,--,--,--,--,--,--,--,--,--,--,--,--,--,--,--,--,--,--,--,--,--,--,--,--,--,--,--,--,--,--,--,--,--,--,--,105054
2026-05-04 16:51:03.322,--,--,--,--,--,--,--,--,--,--,--,--,--,--,--,--,--,--,--,--,--,--,--,--,--,--,--,--,--,--,--,--,--,--,--,--,--,--,--,--,--,--,--,--,--,--,105059
2026-05-04 16:51:03.376,--,--,--,--,--,--,--,--,--,--,--,--,--,--,--,--,--,--,--,--,--,--,--,--,--,--,--,--,--,--,--,--,--,--,--,--,--,--,--,--,--,--,--,--,--,--,105064
2026-05-04 16:51:03.412,--,--,--,--,--,--,--,--,--,--,--,--,--,--,--,--,--,--,--,--,--,--,--,--,--,--,--,--,--,--,--,--,--,--,--,--,--,--,--,--,--,--,--,--,--,--,105069
2026-05-04 16:51:03.464,--,--,--,--,--,--,--,--,--,--,--,--,--,--,--,--,--,--,--,--,--,--,--,--,--,--,--,--,--,--,--,--,--,--,--,--,--,--,--,--,--,--,--,--,--,--,105074
2026-05-04 16:51:03.499,--,--,--,--,--,--,--,--,--,--,--,--,--,--,--,--,--,--,--,--,--,--,--,--,--,--,--,--,--,--,--,--,--,--,--,--,--,--,--,--,--,--,--,--,--,--,105079
2026-05-04 16:51:03.501,--,--,--,--,--,--,--,--,--,--,--,--,--,--,--,--,--,--,--,--,--,--,--,--,--,--,--,--,--,--,--,--,--,--,--,--,--,--,--,--,--,--,--,--,--,--,105084
2026-05-04 16:51:03.502,--,--,--,--,--,--,--,--,--,--,--,--,--,--,--,--,--,--,--,--,--,--,--,--,--,--,--,--,--,--,--,--,--,--,--,--,--,--,--,--,--,--,--,--,--,--,105089
2026-05-04 16:51:03.503,--,--,--,--,--,--,--,--,--,--,--,--,--,--,--,--,--,--,--,--,--,--,--,--,--,--,--,--,--,--,--,--,--,--,--,--,--,--,--,--,--,--,--,--,--,--,105094
2026-05-04 16:51:03.505,--,--,--,--,--,--,--,--,--,--,--,--,--,--,--,--,--,--,--,--,--,--,--,--,--,--,--,--,--,--,--,--,--,--,--,--,--,--,--,--,--,--,--,--,--,--,105099
2026-05-04 16:51:03.507,--,--,--,--,--,--,--,--,--,--,--,--,--,--,--,--,--,--,--,--,--,--,--,--,--,--,--,--,--,--,--,--,--,--,--,--,--,--,--,--,--,--,--,--,--,--,105104
2026-05-04 16:51:03.508,--,--,--,--,--,--,--,--,--,--,--,--,--,--,--,--,--,--,--,--,--,--,--,--,--,--,--,--,--,--,--,--,--,--,--,--,--,--,--,--,--,--,--,--,--,--,105109
2026-05-04 16:51:03.510,--,--,--,--,--,--,--,--,--,--,--,--,--,--,--,--,--,--,--,--,--,--,--,--,--,--,--,--,--,--,--,--,--,--,--,--,--,--,--,--,--,--,--,--,--,--,105114
2026-05-04 16:51:03.511,--,--,--,--,--,--,--,--,--,--,--,--,--,--,--,--,--,--,--,--,--,--,--,--,--,--,--,--,--,--,--,--,--,--,--,--,--,--,--,--,--,--,--,--,--,--,105119
2026-05-04 16:51:03.512,--,--,--,--,--,--,--,--,--,--,--,--,--,--,--,--,--,--,--,--,--,--,--,--,--,--,--,--,--,--,--,--,--,--,--,--,--,--,--,--,--,--,--,--,--,--,105124
2026-05-04 16:51:03.514,--,--,--,--,--,--,--,--,--,--,--,--,--,--,--,--,--,--,--,--,--,--,--,--,--,--,--,--,--,--,--,--,--,--,--,--,--,--,--,--,--,--,--,--,--,--,105129
2026-05-04 16:51:03.515,--,--,--,--,--,--,--,--,--,--,--,--,--,--,--,--,--,--,--,--,--,--,--,--,--,--,--,--,--,--,--,--,--,--,--,--,--,--,--,--,--,--,--,--,--,--,105134
2026-05-04 16:51:03.573,--,--,--,--,--,--,--,--,--,--,--,--,--,--,--,--,--,--,--,--,--,--,--,--,--,--,--,--,--,--,--,--,--,--,--,--,--,--,--,--,--,--,--,--,--,--,107910
2026-05-04 16:51:03.624,--,--,--,--,--,--,--,--,--,--,--,--,--,--,--,--,--,--,--,--,--,--,--,--,--,--,--,--,--,--,--,--,--,--,--,--,--,--,--,--,--,--,--,--,--,--,107915
2026-05-04 16:51:03.688,--,--,--,--,--,--,--,--,--,--,--,--,--,--,--,--,--,--,--,--,--,--,--,--,--,--,--,--,--,--,--,--,--,--,--,--,--,--,--,--,--,--,--,--,--,--,107920
2026-05-04 16:51:03.725,--,--,--,--,--,--,--,--,--,--,--,--,--,--,--,--,--,--,--,--,--,--,--,--,--,--,--,--,--,--,--,--,--,--,--,--,--,--,--,--,--,--,--,--,--,--,107925
2026-05-04 16:51:03.726,--,--,--,--,--,--,--,--,--,--,--,--,--,--,--,--,--,--,--,--,--,--,--,--,--,--,--,--,--,--,--,--,--,--,--,--,--,--,--,--,--,--,--,--,--,--,107930
2026-05-04 16:51:03.727,--,--,--,--,--,--,--,--,--,--,--,--,--,--,--,--,--,--,--,--,--,--,--,--,--,--,--,--,--,--,--,--,--,--,--,--,--,--,--,--,--,--,--,--,--,--,107935
2026-05-04 16:51:03.728,--,--,--,--,--,--,--,--,--,--,--,--,--,--,--,--,--,--,--,--,--,--,--,--,--,--,--,--,--,--,--,--,--,--,--,--,--,--,--,--,--,--,--,--,--,--,107940
2026-05-04 16:51:03.729,--,--,--,--,--,--,--,--,--,--,--,--,--,--,--,--,--,--,--,--,--,--,--,--,--,--,--,--,--,--,--,--,--,--,--,--,--,--,--,--,--,--,--,--,--,--,107945
2026-05-04 16:51:03.731,--,--,--,--,--,--,--,--,--,--,--,--,--,--,--,--,--,--,--,--,--,--,--,--,--,--,--,--,--,--,--,--,--,--,--,--,--,--,--,--,--,--,--,--,--,--,107950
2026-05-04 16:51:03.732,--,--,--,--,--,--,--,--,--,--,--,--,--,--,--,--,--,--,--,--,--,--,--,--,--,--,--,--,--,--,--,--,--,--,--,--,--,--,--,--,--,--,--,--,--,--,107951
2026-05-04 16:51:03.843,--,--,--,--,--,--,--,--,--,--,--,--,--,--,--,--,--,--,--,--,--,--,--,--,--,--,--,--,--,--,--,--,--,--,--,--,--,--,--,--,--,--,--,--,--,--,107952
2026-05-04 16:51:03.931,--,--,--,--,--,--,--,--,--,--,--,--,--,--,--,--,--,--,--,--,--,--,--,--,--,--,--,--,--,--,--,--,--,--,--,--,--,--,--,--,--,--,--,--,--,--,107957
2026-05-04 16:51:04.003,--,--,--,--,--,--,--,--,--,--,--,--,--,--,--,--,--,--,--,--,--,--,--,--,--,--,--,--,--,--,--,--,--,--,--,--,--,--,--,--,--,--,--,--,--,--,107962
2026-05-04 16:51:04.040,--,--,--,--,--,--,--,--,--,--,--,--,--,--,--,--,--,--,--,--,--,--,--,--,--,--,--,--,--,--,--,--,--,--,--,--,--,--,--,--,--,--,--,--,--,--,107967
2026-05-04 16:51:04.075,--,--,--,--,--,--,--,--,--,--,--,--,--,--,--,--,--,--,--,--,--,--,--,--,--,--,--,--,--,--,--,--,--,--,--,--,--,--,--,--,--,--,--,--,--,--,107972
2026-05-04 16:51:04.113,--,--,--,--,--,--,--,--,--,--,--,--,--,--,--,--,--,--,--,--,--,--,--,--,--,--,--,--,--,--,--,--,--,--,--,--,--,--,--,--,--,--,--,--,--,--,107977
2026-05-04 16:51:04.148,--,--,--,--,--,--,--,--,--,--,--,--,--,--,--,--,--,--,--,--,--,--,--,--,--,--,--,--,--,--,--,--,--,--,--,--,--,--,--,--,--,--,--,--,--,--,107982
2026-05-04 16:51:04.208,--,--,--,--,--,--,--,--,--,--,--,--,--,--,--,--,--,--,--,--,--,--,--,--,--,--,--,--,--,--,--,--,--,--,--,--,--,--,--,--,--,--,--,--,--,--,107987
2026-05-04 16:51:04.228,--,--,--,--,--,--,--,--,--,--,--,--,--,--,--,--,--,--,--,--,--,--,--,--,--,--,--,--,--,--,--,--,--,--,--,--,--,--,--,--,--,--,--,--,--,--,107992
2026-05-04 16:51:04.230,--,--,--,--,--,--,--,--,--,--,--,--,--,--,--,--,--,--,--,--,--,--,--,--,--,--,--,--,--,--,--,--,--,--,--,--,--,--,--,--,--,--,--,--,--,--,107997
2026-05-04 16:51:04.231,--,--,--,--,--,--,--,--,--,--,--,--,--,--,--,--,--,--,--,--,--,--,--,--,--,--,--,--,--,--,--,--,--,--,--,--,--,--,--,--,--,--,--,--,--,--,108002
2026-05-04 16:51:04.233,--,--,--,--,--,--,--,--,--,--,--,--,--,--,--,--,--,--,--,--,--,--,--,--,--,--,--,--,--,--,--,--,--,--,--,--,--,--,--,--,--,--,--,--,--,--,108007
2026-05-04 16:51:04.235,--,--,--,--,--,--,--,--,--,--,--,--,--,--,--,--,--,--,--,--,--,--,--,--,--,--,--,--,--,--,--,--,--,--,--,--,--,--,--,--,--,--,--,--,--,--,108012
2026-05-04 16:51:04.238,--,--,--,--,--,--,--,--,--,--,--,--,--,--,--,--,--,--,--,--,--,--,--,--,--,--,--,--,--,--,--,--,--,--,--,--,--,--,--,--,--,--,--,--,--,--,108017
2026-05-04 16:51:04.239,--,--,--,--,--,--,--,--,--,--,--,--,--,--,--,--,--,--,--,--,--,--,--,--,--,--,--,--,--,--,--,--,--,--,--,--,--,--,--,--,--,--,--,--,--,--,108022
2026-05-04 16:51:04.240,--,--,--,--,--,--,--,--,--,--,--,--,--,--,--,--,--,--,--,--,--,--,--,--,--,--,--,--,--,--,--,--,--,--,--,--,--,--,--,--,--,--,--,--,--,--,108027
2026-05-04 16:51:04.242,--,--,--,--,--,--,--,--,--,--,--,--,--,--,--,--,--,--,--,--,--,--,--,--,--,--,--,--,--,--,--,--,--,--,--,--,--,--,--,--,--,--,--,--,--,--,108032
2026-05-04 16:51:04.243,--,--,--,--,--,--,--,--,--,--,--,--,--,--,--,--,--,--,--,--,--,--,--,--,--,--,--,--,--,--,--,--,--,--,--,--,--,--,--,--,--,--,--,--,--,--,108037
2026-05-04 16:51:04.245,--,--,--,--,--,--,--,--,--,--,--,--,--,--,--,--,--,--,--,--,--,--,--,--,--,--,--,--,--,--,--,--,--,--,--,--,--,--,--,--,--,--,--,--,--,--,108042
2026-05-04 16:51:04.247,--,--,--,--,--,--,--,--,--,--,--,--,--,--,--,--,--,--,--,--,--,--,--,--,--,--,--,--,--,--,--,--,--,--,--,--,--,--,--,--,--,--,--,--,--,--,108047
2026-05-04 16:51:04.284,--,--,--,--,--,--,--,--,--,--,--,--,--,--,--,--,--,--,--,--,--,--,--,--,--,--,--,--,--,--,--,--,--,--,--,--,--,--,--,--,--,--,--,--,--,--,110866
2026-05-04 16:51:04.383,--,--,--,--,--,--,--,--,--,--,--,--,--,--,--,--,--,--,--,--,--,--,--,--,--,--,--,--,--,--,--,--,--,--,--,--,--,--,--,--,--,--,--,--,--,--,110871
2026-05-04 16:51:04.439,--,--,--,--,--,--,--,--,--,--,--,--,--,--,--,--,--,--,--,--,--,--,--,--,--,--,--,--,--,--,--,--,--,--,--,--,--,--,--,--,--,--,--,--,--,--,110876
2026-05-04 16:51:04.472,--,--,--,--,--,--,--,--,--,--,--,--,--,--,--,--,--,--,--,--,--,--,--,--,--,--,--,--,--,--,--,--,--,--,--,--,--,--,--,--,--,--,--,--,--,--,110881
2026-05-04 16:51:04.474,--,--,--,--,--,--,--,--,--,--,--,--,--,--,--,--,--,--,--,--,--,--,--,--,--,--,--,--,--,--,--,--,--,--,--,--,--,--,--,--,--,--,--,--,--,--,110886
2026-05-04 16:51:04.477,--,--,--,--,--,--,--,--,--,--,--,--,--,--,--,--,--,--,--,--,--,--,--,--,--,--,--,--,--,--,--,--,--,--,--,--,--,--,--,--,--,--,--,--,--,--,110891
2026-05-04 16:51:04.478,--,--,--,--,--,--,--,--,--,--,--,--,--,--,--,--,--,--,--,--,--,--,--,--,--,--,--,--,--,--,--,--,--,--,--,--,--,--,--,--,--,--,--,--,--,--,110896
2026-05-04 16:51:04.479,--,--,--,--,--,--,--,--,--,--,--,--,--,--,--,--,--,--,--,--,--,--,--,--,--,--,--,--,--,--,--,--,--,--,--,--,--,--,--,--,--,--,--,--,--,--,110901
2026-05-04 16:51:04.481,--,--,--,--,--,--,--,--,--,--,--,--,--,--,--,--,--,--,--,--,--,--,--,--,--,--,--,--,--,--,--,--,--,--,--,--,--,--,--,--,--,--,--,--,--,--,110906
2026-05-04 16:51:04.483,--,--,--,--,--,--,--,--,--,--,--,--,--,--,--,--,--,--,--,--,--,--,--,--,--,--,--,--,--,--,--,--,--,--,--,--,--,--,--,--,--,--,--,--,--,--,110907
2026-05-04 16:51:04.650,--,--,--,--,--,--,--,--,--,--,--,--,--,--,--,--,--,--,--,--,--,--,--,--,--,--,--,--,--,--,--,--,--,--,--,--,--,--,--,--,--,--,--,--,--,--,110908
2026-05-04 16:51:04.687,--,--,--,--,--,--,--,--,--,--,--,--,--,--,--,--,--,--,--,--,--,--,--,--,--,--,--,--,--,--,--,--,--,--,--,--,--,--,--,--,--,--,--,--,--,--,110913
2026-05-04 16:51:04.745,--,--,--,--,--,--,--,--,--,--,--,--,--,--,--,--,--,--,--,--,--,--,--,--,--,--,--,--,--,--,--,--,--,--,--,--,--,--,--,--,--,--,--,--,--,--,110918
2026-05-04 16:51:04.785,--,--,--,--,--,--,--,--,--,--,--,--,--,--,--,--,--,--,--,--,--,--,--,--,--,--,--,--,--,--,--,--,--,--,--,--,--,--,--,--,--,--,--,--,--,--,110923
2026-05-04 16:51:04.826,--,--,--,--,--,--,--,--,--,--,--,--,--,--,--,--,--,--,--,--,--,--,--,--,--,--,--,--,--,--,--,--,--,--,--,--,--,--,--,--,--,--,--,--,--,--,110928
2026-05-04 16:51:04.879,--,--,--,--,--,--,--,--,--,--,--,--,--,--,--,--,--,--,--,--,--,--,--,--,--,--,--,--,--,--,--,--,--,--,--,--,--,--,--,--,--,--,--,--,--,--,110933
2026-05-04 16:51:04.936,--,--,--,--,--,--,--,--,--,--,--,--,--,--,--,--,--,--,--,--,--,--,--,--,--,--,--,--,--,--,--,--,--,--,--,--,--,--,--,--,--,--,--,--,--,--,110938
2026-05-04 16:51:04.970,--,--,--,--,--,--,--,--,--,--,--,--,--,--,--,--,--,--,--,--,--,--,--,--,--,--,--,--,--,--,--,--,--,--,--,--,--,--,--,--,--,--,--,--,--,--,110943
2026-05-04 16:51:05.024,--,--,--,--,--,--,--,--,--,--,--,--,--,--,--,--,--,--,--,--,--,--,--,--,--,--,--,--,--,--,--,--,--,--,--,--,--,--,--,--,--,--,--,--,--,--,110948
2026-05-04 16:51:05.026,--,--,--,--,--,--,--,--,--,--,--,--,--,--,--,--,--,--,--,--,--,--,--,--,--,--,--,--,--,--,--,--,--,--,--,--,--,--,--,--,--,--,--,--,--,--,110953
2026-05-04 16:51:05.027,--,--,--,--,--,--,--,--,--,--,--,--,--,--,--,--,--,--,--,--,--,--,--,--,--,--,--,--,--,--,--,--,--,--,--,--,--,--,--,--,--,--,--,--,--,--,110958
2026-05-04 16:51:05.028,--,--,--,--,--,--,--,--,--,--,--,--,--,--,--,--,--,--,--,--,--,--,--,--,--,--,--,--,--,--,--,--,--,--,--,--,--,--,--,--,--,--,--,--,--,--,110963
2026-05-04 16:51:05.029,--,--,--,--,--,--,--,--,--,--,--,--,--,--,--,--,--,--,--,--,--,--,--,--,--,--,--,--,--,--,--,--,--,--,--,--,--,--,--,--,--,--,--,--,--,--,110968
2026-05-04 16:51:05.031,--,--,--,--,--,--,--,--,--,--,--,--,--,--,--,--,--,--,--,--,--,--,--,--,--,--,--,--,--,--,--,--,--,--,--,--,--,--,--,--,--,--,--,--,--,--,110973
2026-05-04 16:51:05.033,--,--,--,--,--,--,--,--,--,--,--,--,--,--,--,--,--,--,--,--,--,--,--,--,--,--,--,--,--,--,--,--,--,--,--,--,--,--,--,--,--,--,--,--,--,--,110978
2026-05-04 16:51:05.033,--,--,--,--,--,--,--,--,--,--,--,--,--,--,--,--,--,--,--,--,--,--,--,--,--,--,--,--,--,--,--,--,--,--,--,--,--,--,--,--,--,--,--,--,--,--,110983
2026-05-04 16:51:05.035,--,--,--,--,--,--,--,--,--,--,--,--,--,--,--,--,--,--,--,--,--,--,--,--,--,--,--,--,--,--,--,--,--,--,--,--,--,--,--,--,--,--,--,--,--,--,110988
2026-05-04 16:51:05.037,--,--,--,--,--,--,--,--,--,--,--,--,--,--,--,--,--,--,--,--,--,--,--,--,--,--,--,--,--,--,--,--,--,--,--,--,--,--,--,--,--,--,--,--,--,--,110993
2026-05-04 16:51:05.038,--,--,--,--,--,--,--,--,--,--,--,--,--,--,--,--,--,--,--,--,--,--,--,--,--,--,--,--,--,--,--,--,--,--,--,--,--,--,--,--,--,--,--,--,--,--,110998
2026-05-04 16:51:05.041,--,--,--,--,--,--,--,--,--,--,--,--,--,--,--,--,--,--,--,--,--,--,--,--,--,--,--,--,--,--,--,--,--,--,--,--,--,--,--,--,--,--,--,--,--,--,111003
2026-05-04 16:51:05.197,--,--,--,--,--,--,--,--,--,--,--,--,--,--,--,--,--,--,--,--,--,--,--,--,--,--,--,--,--,--,--,--,--,--,--,--,--,--,--,--,--,--,--,--,--,--,113948
2026-05-04 16:51:05.235,--,--,--,--,--,--,--,--,--,--,--,--,--,--,--,--,--,--,--,--,--,--,--,--,--,--,--,--,--,--,--,--,--,--,--,--,--,--,--,--,--,--,--,--,--,--,113953
2026-05-04 16:51:05.307,--,--,--,--,--,--,--,--,--,--,--,--,--,--,--,--,--,--,--,--,--,--,--,--,--,--,--,--,--,--,--,--,--,--,--,--,--,--,--,--,--,--,--,--,--,--,113958
2026-05-04 16:51:05.347,--,--,--,--,--,--,--,--,--,--,--,--,--,--,--,--,--,--,--,--,--,--,--,--,--,--,--,--,--,--,--,--,--,--,--,--,--,--,--,--,--,--,--,--,--,--,113963
2026-05-04 16:51:05.385,--,--,--,--,--,--,--,--,--,--,--,--,--,--,--,--,--,--,--,--,--,--,--,--,--,--,--,--,--,--,--,--,--,--,--,--,--,--,--,--,--,--,--,--,--,--,113968
2026-05-04 16:51:05.455,--,--,--,--,--,--,--,--,--,--,--,--,--,--,--,--,--,--,--,--,--,--,--,--,--,--,--,--,--,--,--,--,--,--,--,--,--,--,--,--,--,--,--,--,--,--,113973
2026-05-04 16:51:05.522,--,--,--,--,--,--,--,--,--,--,--,--,--,--,--,--,--,--,--,--,--,--,--,--,--,--,--,--,--,--,--,--,--,--,--,--,--,--,--,--,--,--,--,--,--,--,113978
2026-05-04 16:51:05.539,--,--,--,--,--,--,--,--,--,--,--,--,--,--,--,--,--,--,--,--,--,--,--,--,--,--,--,--,--,--,--,--,--,--,--,--,--,--,--,--,--,--,--,--,--,--,113983
2026-05-04 16:51:05.540,--,--,--,--,--,--,--,--,--,--,--,--,--,--,--,--,--,--,--,--,--,--,--,--,--,--,--,--,--,--,--,--,--,--,--,--,--,--,--,--,--,--,--,--,--,--,113988
2026-05-04 16:51:05.542,--,--,--,--,--,--,--,--,--,--,--,--,--,--,--,--,--,--,--,--,--,--,--,--,--,--,--,--,--,--,--,--,--,--,--,--,--,--,--,--,--,--,--,--,--,--,113993
2026-05-04 16:51:05.543,--,--,--,--,--,--,--,--,--,--,--,--,--,--,--,--,--,--,--,--,--,--,--,--,--,--,--,--,--,--,--,--,--,--,--,--,--,--,--,--,--,--,--,--,--,--,113998
2026-05-04 16:51:05.545,--,--,--,--,--,--,--,--,--,--,--,--,--,--,--,--,--,--,--,--,--,--,--,--,--,--,--,--,--,--,--,--,--,--,--,--,--,--,--,--,--,--,--,--,--,--,114003
2026-05-04 16:51:05.546,--,--,--,--,--,--,--,--,--,--,--,--,--,--,--,--,--,--,--,--,--,--,--,--,--,--,--,--,--,--,--,--,--,--,--,--,--,--,--,--,--,--,--,--,--,--,114008
2026-05-04 16:51:05.547,--,--,--,--,--,--,--,--,--,--,--,--,--,--,--,--,--,--,--,--,--,--,--,--,--,--,--,--,--,--,--,--,--,--,--,--,--,--,--,--,--,--,--,--,--,--,114013
2026-05-04 16:51:05.549,--,--,--,--,--,--,--,--,--,--,--,--,--,--,--,--,--,--,--,--,--,--,--,--,--,--,--,--,--,--,--,--,--,--,--,--,--,--,--,--,--,--,--,--,--,--,114018
2026-05-04 16:51:05.551,--,--,--,--,--,--,--,--,--,--,--,--,--,--,--,--,--,--,--,--,--,--,--,--,--,--,--,--,--,--,--,--,--,--,--,--,--,--,--,--,--,--,--,--,--,--,114023
2026-05-04 16:51:05.553,--,--,--,--,--,--,--,--,--,--,--,--,--,--,--,--,--,--,--,--,--,--,--,--,--,--,--,--,--,--,--,--,--,--,--,--,--,--,--,--,--,--,--,--,--,--,114028
2026-05-04 16:51:05.554,--,--,--,--,--,--,--,--,--,--,--,--,--,--,--,--,--,--,--,--,--,--,--,--,--,--,--,--,--,--,--,--,--,--,--,--,--,--,--,--,--,--,--,--,--,--,114033
2026-05-04 16:51:05.555,--,--,--,--,--,--,--,--,--,--,--,--,--,--,--,--,--,--,--,--,--,--,--,--,--,--,--,--,--,--,--,--,--,--,--,--,--,--,--,--,--,--,--,--,--,--,114038
2026-05-04 16:51:05.556,--,--,--,--,--,--,--,--,--,--,--,--,--,--,--,--,--,--,--,--,--,--,--,--,--,--,--,--,--,--,--,--,--,--,--,--,--,--,--,--,--,--,--,--,--,--,114043
2026-05-04 16:51:05.609,--,--,--,--,--,--,--,--,--,--,--,--,--,--,--,--,--,--,--,--,--,--,--,--,--,--,--,--,--,--,--,--,--,--,--,--,--,--,--,--,--,--,--,--,--,--,116187
2026-05-04 16:51:05.646,--,--,--,--,--,--,--,--,--,--,--,--,--,--,--,--,--,--,--,--,--,--,--,--,--,--,--,--,--,--,--,--,--,--,--,--,--,--,--,--,--,--,--,--,--,--,116192
2026-05-04 16:51:05.695,--,--,--,--,--,--,--,--,--,--,--,--,--,--,--,--,--,--,--,--,--,--,--,--,--,--,--,--,--,--,--,--,--,--,--,--,--,--,--,--,--,--,--,--,--,--,116197
2026-05-04 16:51:05.764,--,--,--,--,--,--,--,--,--,--,--,--,--,--,--,--,--,--,--,--,--,--,--,--,--,--,--,--,--,--,--,--,--,--,--,--,--,--,--,--,--,--,--,--,--,--,116202
2026-05-04 16:51:05.766,--,--,--,--,--,--,--,--,--,--,--,--,--,--,--,--,--,--,--,--,--,--,--,--,--,--,--,--,--,--,--,--,--,--,--,--,--,--,--,--,--,--,--,--,--,--,116207
2026-05-04 16:51:05.767,--,--,--,--,--,--,--,--,--,--,--,--,--,--,--,--,--,--,--,--,--,--,--,--,--,--,--,--,--,--,--,--,--,--,--,--,--,--,--,--,--,--,--,--,--,--,116212
2026-05-04 16:51:05.768,--,--,--,--,--,--,--,--,--,--,--,--,--,--,--,--,--,--,--,--,--,--,--,--,--,--,--,--,--,--,--,--,--,--,--,--,--,--,--,--,--,--,--,--,--,--,116217
2026-05-04 16:51:05.769,--,--,--,--,--,--,--,--,--,--,--,--,--,--,--,--,--,--,--,--,--,--,--,--,--,--,--,--,--,--,--,--,--,--,--,--,--,--,--,--,--,--,--,--,--,--,116222
2026-05-04 16:51:05.771,--,--,--,--,--,--,--,--,--,--,--,--,--,--,--,--,--,--,--,--,--,--,--,--,--,--,--,--,--,--,--,--,--,--,--,--,--,--,--,--,--,--,--,--,--,--,116227
2026-05-04 16:51:05.773,--,--,--,--,--,--,--,--,--,--,--,--,--,--,--,--,--,--,--,--,--,--,--,--,--,--,--,--,--,--,--,--,--,--,--,--,--,--,--,--,--,--,--,--,--,--,116228
2026-05-04 16:51:05.886,--,--,--,--,--,--,--,--,--,--,--,--,--,--,--,--,--,--,--,--,--,--,--,--,--,--,--,--,--,--,--,--,--,--,--,--,--,--,--,--,--,--,--,--,--,--,116229
2026-05-04 16:51:05.949,--,--,--,--,--,--,--,--,--,--,--,--,--,--,--,--,--,--,--,--,--,--,--,--,--,--,--,--,--,--,--,--,--,--,--,--,--,--,--,--,--,--,--,--,--,--,116234
2026-05-04 16:51:06.018,--,--,--,--,--,--,--,--,--,--,--,--,--,--,--,--,--,--,--,--,--,--,--,--,--,--,--,--,--,--,--,--,--,--,--,--,--,--,--,--,--,--,--,--,--,--,116239
2026-05-04 16:51:06.088,--,--,--,--,--,--,--,--,--,--,--,--,--,--,--,--,--,--,--,--,--,--,--,--,--,--,--,--,--,--,--,--,--,--,--,--,--,--,--,--,--,--,--,--,--,--,116244
2026-05-04 16:51:06.126,--,--,--,--,--,--,--,--,--,--,--,--,--,--,--,--,--,--,--,--,--,--,--,--,--,--,--,--,--,--,--,--,--,--,--,--,--,--,--,--,--,--,--,--,--,--,116249
2026-05-04 16:51:06.178,--,--,--,--,--,--,--,--,--,--,--,--,--,--,--,--,--,--,--,--,--,--,--,--,--,--,--,--,--,--,--,--,--,--,--,--,--,--,--,--,--,--,--,--,--,--,116254
2026-05-04 16:51:06.212,--,--,--,--,--,--,--,--,--,--,--,--,--,--,--,--,--,--,--,--,--,--,--,--,--,--,--,--,--,--,--,--,--,--,--,--,--,--,--,--,--,--,--,--,--,--,116259
2026-05-04 16:51:06.248,--,--,--,--,--,--,--,--,--,--,--,--,--,--,--,--,--,--,--,--,--,--,--,--,--,--,--,--,--,--,--,--,--,--,--,--,--,--,--,--,--,--,--,--,--,--,116264
2026-05-04 16:51:06.267,--,--,--,--,--,--,--,--,--,--,--,--,--,--,--,--,--,--,--,--,--,--,--,--,--,--,--,--,--,--,--,--,--,--,--,--,--,--,--,--,--,--,--,--,--,--,116269
2026-05-04 16:51:06.269,--,--,--,--,--,--,--,--,--,--,--,--,--,--,--,--,--,--,--,--,--,--,--,--,--,--,--,--,--,--,--,--,--,--,--,--,--,--,--,--,--,--,--,--,--,--,116274
2026-05-04 16:51:06.270,--,--,--,--,--,--,--,--,--,--,--,--,--,--,--,--,--,--,--,--,--,--,--,--,--,--,--,--,--,--,--,--,--,--,--,--,--,--,--,--,--,--,--,--,--,--,116279
2026-05-04 16:51:06.271,--,--,--,--,--,--,--,--,--,--,--,--,--,--,--,--,--,--,--,--,--,--,--,--,--,--,--,--,--,--,--,--,--,--,--,--,--,--,--,--,--,--,--,--,--,--,116284
2026-05-04 16:51:06.272,--,--,--,--,--,--,--,--,--,--,--,--,--,--,--,--,--,--,--,--,--,--,--,--,--,--,--,--,--,--,--,--,--,--,--,--,--,--,--,--,--,--,--,--,--,--,116289
2026-05-04 16:51:06.273,--,--,--,--,--,--,--,--,--,--,--,--,--,--,--,--,--,--,--,--,--,--,--,--,--,--,--,--,--,--,--,--,--,--,--,--,--,--,--,--,--,--,--,--,--,--,116294
2026-05-04 16:51:06.275,--,--,--,--,--,--,--,--,--,--,--,--,--,--,--,--,--,--,--,--,--,--,--,--,--,--,--,--,--,--,--,--,--,--,--,--,--,--,--,--,--,--,--,--,--,--,116299
2026-05-04 16:51:06.276,--,--,--,--,--,--,--,--,--,--,--,--,--,--,--,--,--,--,--,--,--,--,--,--,--,--,--,--,--,--,--,--,--,--,--,--,--,--,--,--,--,--,--,--,--,--,116304
2026-05-04 16:51:06.277,--,--,--,--,--,--,--,--,--,--,--,--,--,--,--,--,--,--,--,--,--,--,--,--,--,--,--,--,--,--,--,--,--,--,--,--,--,--,--,--,--,--,--,--,--,--,116309
2026-05-04 16:51:06.278,--,--,--,--,--,--,--,--,--,--,--,--,--,--,--,--,--,--,--,--,--,--,--,--,--,--,--,--,--,--,--,--,--,--,--,--,--,--,--,--,--,--,--,--,--,--,116314
2026-05-04 16:51:06.279,--,--,--,--,--,--,--,--,--,--,--,--,--,--,--,--,--,--,--,--,--,--,--,--,--,--,--,--,--,--,--,--,--,--,--,--,--,--,--,--,--,--,--,--,--,--,116319
2026-05-04 16:51:06.281,--,--,--,--,--,--,--,--,--,--,--,--,--,--,--,--,--,--,--,--,--,--,--,--,--,--,--,--,--,--,--,--,--,--,--,--,--,--,--,--,--,--,--,--,--,--,116324
2026-05-04 16:51:06.394,--,--,--,--,--,--,--,--,--,--,--,--,--,--,--,--,--,--,--,--,--,--,--,--,--,--,--,--,--,--,--,--,--,--,--,--,--,--,--,--,--,--,--,--,--,--,119100
2026-05-04 16:51:06.446,--,--,--,--,--,--,--,--,--,--,--,--,--,--,--,--,--,--,--,--,--,--,--,--,--,--,--,--,--,--,--,--,--,--,--,--,--,--,--,--,--,--,--,--,--,--,119105
2026-05-04 16:51:06.482,--,--,--,--,--,--,--,--,--,--,--,--,--,--,--,--,--,--,--,--,--,--,--,--,--,--,--,--,--,--,--,--,--,--,--,--,--,--,--,--,--,--,--,--,--,--,119110
2026-05-04 16:51:06.552,--,--,--,--,--,--,--,--,--,--,--,--,--,--,--,--,--,--,--,--,--,--,--,--,--,--,--,--,--,--,--,--,--,--,--,--,--,--,--,--,--,--,--,--,--,--,119115
2026-05-04 16:51:06.640,--,--,--,--,--,--,--,--,--,--,--,--,--,--,--,--,--,--,--,--,--,--,--,--,--,--,--,--,--,--,--,--,--,--,--,--,--,--,--,--,--,--,--,--,--,--,119120
2026-05-04 16:51:06.693,--,--,--,--,--,--,--,--,--,--,--,--,--,--,--,--,--,--,--,--,--,--,--,--,--,--,--,--,--,--,--,--,--,--,--,--,--,--,--,--,--,--,--,--,--,--,119125
2026-05-04 16:51:06.746,--,--,--,--,--,--,--,--,--,--,--,--,--,--,--,--,--,--,--,--,--,--,--,--,--,--,--,--,--,--,--,--,--,--,--,--,--,--,--,--,--,--,--,--,--,--,119130
2026-05-04 16:51:06.747,--,--,--,--,--,--,--,--,--,--,--,--,--,--,--,--,--,--,--,--,--,--,--,--,--,--,--,--,--,--,--,--,--,--,--,--,--,--,--,--,--,--,--,--,--,--,119135
2026-05-04 16:51:06.749,--,--,--,--,--,--,--,--,--,--,--,--,--,--,--,--,--,--,--,--,--,--,--,--,--,--,--,--,--,--,--,--,--,--,--,--,--,--,--,--,--,--,--,--,--,--,119140
2026-05-04 16:51:06.751,--,--,--,--,--,--,--,--,--,--,--,--,--,--,--,--,--,--,--,--,--,--,--,--,--,--,--,--,--,--,--,--,--,--,--,--,--,--,--,--,--,--,--,--,--,--,119145
2026-05-04 16:51:06.753,--,--,--,--,--,--,--,--,--,--,--,--,--,--,--,--,--,--,--,--,--,--,--,--,--,--,--,--,--,--,--,--,--,--,--,--,--,--,--,--,--,--,--,--,--,--,119150
2026-05-04 16:51:06.755,--,--,--,--,--,--,--,--,--,--,--,--,--,--,--,--,--,--,--,--,--,--,--,--,--,--,--,--,--,--,--,--,--,--,--,--,--,--,--,--,--,--,--,--,--,--,119155
2026-05-04 16:51:06.756,--,--,--,--,--,--,--,--,--,--,--,--,--,--,--,--,--,--,--,--,--,--,--,--,--,--,--,--,--,--,--,--,--,--,--,--,--,--,--,--,--,--,--,--,--,--,119160
2026-05-04 16:51:06.757,--,--,--,--,--,--,--,--,--,--,--,--,--,--,--,--,--,--,--,--,--,--,--,--,--,--,--,--,--,--,--,--,--,--,--,--,--,--,--,--,--,--,--,--,--,--,119165
2026-05-04 16:51:06.758,--,--,--,--,--,--,--,--,--,--,--,--,--,--,--,--,--,--,--,--,--,--,--,--,--,--,--,--,--,--,--,--,--,--,--,--,--,--,--,--,--,--,--,--,--,--,119170
2026-05-04 16:51:06.759,--,--,--,--,--,--,--,--,--,--,--,--,--,--,--,--,--,--,--,--,--,--,--,--,--,--,--,--,--,--,--,--,--,--,--,--,--,--,--,--,--,--,--,--,--,--,119175
2026-05-04 16:51:06.761,--,--,--,--,--,--,--,--,--,--,--,--,--,--,--,--,--,--,--,--,--,--,--,--,--,--,--,--,--,--,--,--,--,--,--,--,--,--,--,--,--,--,--,--,--,--,119180
2026-05-04 16:51:06.762,--,--,--,--,--,--,--,--,--,--,--,--,--,--,--,--,--,--,--,--,--,--,--,--,--,--,--,--,--,--,--,--,--,--,--,--,--,--,--,--,--,--,--,--,--,--,119185
2026-05-04 16:51:06.764,--,--,--,--,--,--,--,--,--,--,--,--,--,--,--,--,--,--,--,--,--,--,--,--,--,--,--,--,--,--,--,--,--,--,--,--,--,--,--,--,--,--,--,--,--,--,119190
2026-05-04 16:51:06.765,--,--,--,--,--,--,--,--,--,--,--,--,--,--,--,--,--,--,--,--,--,--,--,--,--,--,--,--,--,--,--,--,--,--,--,--,--,--,--,--,--,--,--,--,--,--,119195
2026-05-04 16:51:06.800,--,--,--,--,--,--,--,--,--,--,--,--,--,--,--,--,--,--,--,--,--,--,--,--,--,--,--,--,--,--,--,--,--,--,--,--,--,--,--,--,--,--,--,--,--,--,121000
2026-05-04 16:51:06.880,--,--,--,--,--,--,--,--,--,--,--,--,--,--,--,--,--,--,--,--,--,--,--,--,--,--,--,--,--,--,--,--,--,--,--,--,--,--,--,--,--,--,--,--,--,--,121005
2026-05-04 16:51:06.938,--,--,--,--,--,--,--,--,--,--,--,--,--,--,--,--,--,--,--,--,--,--,--,--,--,--,--,--,--,--,--,--,--,--,--,--,--,--,--,--,--,--,--,--,--,--,121010
2026-05-04 16:51:07.036,--,--,--,--,--,--,--,--,--,--,--,--,--,--,--,--,--,--,--,--,--,--,--,--,--,--,--,--,--,--,--,--,--,--,--,--,--,--,--,--,--,--,--,--,--,--,121015
2026-05-04 16:51:07.096,--,--,--,--,--,--,--,--,--,--,--,--,--,--,--,--,--,--,--,--,--,--,--,--,--,--,--,--,--,--,--,--,--,--,--,--,--,--,--,--,--,--,--,--,--,--,121020
2026-05-04 16:51:07.136,--,--,--,--,--,--,--,--,--,--,--,--,--,--,--,--,--,--,--,--,--,--,--,--,--,--,--,--,--,--,--,--,--,--,--,--,--,--,--,--,--,--,--,--,--,--,121025
2026-05-04 16:51:07.139,--,--,--,--,--,--,--,--,--,--,--,--,--,--,--,--,--,--,--,--,--,--,--,--,--,--,--,--,--,--,--,--,--,--,--,--,--,--,--,--,--,--,--,--,--,--,121030
2026-05-04 16:51:07.144,--,--,--,--,--,--,--,--,--,--,--,--,--,--,--,--,--,--,--,--,--,--,--,--,--,--,--,--,--,--,--,--,--,--,--,--,--,--,--,--,--,--,--,--,--,--,121035
2026-05-04 16:51:07.148,--,--,--,--,--,--,--,--,--,--,--,--,--,--,--,--,--,--,--,--,--,--,--,--,--,--,--,--,--,--,--,--,--,--,--,--,--,--,--,--,--,--,--,--,--,--,121040
2026-05-04 16:51:07.152,--,--,--,--,--,--,--,--,--,--,--,--,--,--,--,--,--,--,--,--,--,--,--,--,--,--,--,--,--,--,--,--,--,--,--,--,--,--,--,--,--,--,--,--,--,--,121045
2026-05-04 16:51:07.153,--,--,--,--,--,--,--,--,--,--,--,--,--,--,--,--,--,--,--,--,--,--,--,--,--,--,--,--,--,--,--,--,--,--,--,--,--,--,--,--,--,--,--,--,--,--,121050
2026-05-04 16:51:07.154,--,--,--,--,--,--,--,--,--,--,--,--,--,--,--,--,--,--,--,--,--,--,--,--,--,--,--,--,--,--,--,--,--,--,--,--,--,--,--,--,--,--,--,--,--,--,121055
2026-05-04 16:51:07.155,--,--,--,--,--,--,--,--,--,--,--,--,--,--,--,--,--,--,--,--,--,--,--,--,--,--,--,--,--,--,--,--,--,--,--,--,--,--,--,--,--,--,--,--,--,--,121060
2026-05-04 16:51:07.157,--,--,--,--,--,--,--,--,--,--,--,--,--,--,--,--,--,--,--,--,--,--,--,--,--,--,--,--,--,--,--,--,--,--,--,--,--,--,--,--,--,--,--,--,--,--,121065
2026-05-04 16:51:07.158,--,--,--,--,--,--,--,--,--,--,--,--,--,--,--,--,--,--,--,--,--,--,--,--,--,--,--,--,--,--,--,--,--,--,--,--,--,--,--,--,--,--,--,--,--,--,121070
2026-05-04 16:51:07.159,--,--,--,--,--,--,--,--,--,--,--,--,--,--,--,--,--,--,--,--,--,--,--,--,--,--,--,--,--,--,--,--,--,--,--,--,--,--,--,--,--,--,--,--,--,--,121075
2026-05-04 16:51:07.160,--,--,--,--,--,--,--,--,--,--,--,--,--,--,--,--,--,--,--,--,--,--,--,--,--,--,--,--,--,--,--,--,--,--,--,--,--,--,--,--,--,--,--,--,--,--,121080
2026-05-04 16:51:07.317,--,--,--,--,--,--,--,--,--,--,--,--,--,--,--,--,--,--,--,--,--,--,--,--,--,--,--,--,--,--,--,--,--,--,--,--,--,--,--,--,--,--,--,--,--,--,121085
2026-05-04 16:51:07.381,--,--,--,--,--,--,--,--,--,--,--,--,--,--,--,--,--,--,--,--,--,--,--,--,--,--,--,--,--,--,--,--,--,--,--,--,--,--,--,--,--,--,--,--,--,--,121090
2026-05-04 16:51:07.441,--,--,--,--,--,--,--,--,--,--,--,--,--,--,--,--,--,--,--,--,--,--,--,--,--,--,--,--,--,--,--,--,--,--,--,--,--,--,--,--,--,--,--,--,--,--,121095
2026-05-04 16:51:07.496,--,--,--,--,--,--,--,--,--,--,--,--,--,--,--,--,--,--,--,--,--,--,--,--,--,--,--,--,--,--,--,--,--,--,--,--,--,--,--,--,--,--,--,--,--,--,121100
2026-05-04 16:51:07.534,--,--,--,--,--,--,--,--,--,--,--,--,--,--,--,--,--,--,--,--,--,--,--,--,--,--,--,--,--,--,--,--,--,--,--,--,--,--,--,--,--,--,--,--,--,--,121105
2026-05-04 16:51:07.591,--,--,--,--,--,--,--,--,--,--,--,--,--,--,--,--,--,--,--,--,--,--,--,--,--,--,--,--,--,--,--,--,--,--,--,--,--,--,--,--,--,--,--,--,--,--,121110
2026-05-04 16:51:07.660,--,--,--,--,--,--,--,--,--,--,--,--,--,--,--,--,--,--,--,--,--,--,--,--,--,--,--,--,--,--,--,--,--,--,--,--,--,--,--,--,--,--,--,--,--,--,121115
2026-05-04 16:51:07.680,--,--,--,--,--,--,--,--,--,--,--,--,--,--,--,--,--,--,--,--,--,--,--,--,--,--,--,--,--,--,--,--,--,--,--,--,--,--,--,--,--,--,--,--,--,--,121120
2026-05-04 16:51:07.728,--,--,--,--,--,--,--,--,--,--,--,--,--,--,--,--,--,--,--,--,--,--,--,--,--,--,--,--,--,--,--,--,--,--,--,--,--,--,--,--,--,--,--,--,--,--,121125
2026-05-04 16:51:07.729,--,--,--,--,--,--,--,--,--,--,--,--,--,--,--,--,--,--,--,--,--,--,--,--,--,--,--,--,--,--,--,--,--,--,--,--,--,--,--,--,--,--,--,--,--,--,121130
2026-05-04 16:51:07.731,--,--,--,--,--,--,--,--,--,--,--,--,--,--,--,--,--,--,--,--,--,--,--,--,--,--,--,--,--,--,--,--,--,--,--,--,--,--,--,--,--,--,--,--,--,--,121135
2026-05-04 16:51:07.732,--,--,--,--,--,--,--,--,--,--,--,--,--,--,--,--,--,--,--,--,--,--,--,--,--,--,--,--,--,--,--,--,--,--,--,--,--,--,--,--,--,--,--,--,--,--,121140
2026-05-04 16:51:07.733,--,--,--,--,--,--,--,--,--,--,--,--,--,--,--,--,--,--,--,--,--,--,--,--,--,--,--,--,--,--,--,--,--,--,--,--,--,--,--,--,--,--,--,--,--,--,121145
2026-05-04 16:51:07.735,--,--,--,--,--,--,--,--,--,--,--,--,--,--,--,--,--,--,--,--,--,--,--,--,--,--,--,--,--,--,--,--,--,--,--,--,--,--,--,--,--,--,--,--,--,--,121150
2026-05-04 16:51:07.738,--,--,--,--,--,--,--,--,--,--,--,--,--,--,--,--,--,--,--,--,--,--,--,--,--,--,--,--,--,--,--,--,--,--,--,--,--,--,--,--,--,--,--,--,--,--,121155
2026-05-04 16:51:07.740,--,--,--,--,--,--,--,--,--,--,--,--,--,--,--,--,--,--,--,--,--,--,--,--,--,--,--,--,--,--,--,--,--,--,--,--,--,--,--,--,--,--,--,--,--,--,121160
2026-05-04 16:51:07.742,--,--,--,--,--,--,--,--,--,--,--,--,--,--,--,--,--,--,--,--,--,--,--,--,--,--,--,--,--,--,--,--,--,--,--,--,--,--,--,--,--,--,--,--,--,--,121165
2026-05-04 16:51:07.744,--,--,--,--,--,--,--,--,--,--,--,--,--,--,--,--,--,--,--,--,--,--,--,--,--,--,--,--,--,--,--,--,--,--,--,--,--,--,--,--,--,--,--,--,--,--,121170
2026-05-04 16:51:07.745,--,--,--,--,--,--,--,--,--,--,--,--,--,--,--,--,--,--,--,--,--,--,--,--,--,--,--,--,--,--,--,--,--,--,--,--,--,--,--,--,--,--,--,--,--,--,121175
2026-05-04 16:51:07.746,--,--,--,--,--,--,--,--,--,--,--,--,--,--,--,--,--,--,--,--,--,--,--,--,--,--,--,--,--,--,--,--,--,--,--,--,--,--,--,--,--,--,--,--,--,--,121180
2026-05-04 16:51:07.807,--,--,--,--,--,--,--,--,--,--,--,--,--,--,--,--,--,--,--,--,--,--,--,--,--,--,--,--,--,--,--,--,--,--,--,--,--,--,--,--,--,--,--,--,--,--,124801
2026-05-04 16:51:07.880,--,--,--,--,--,--,--,--,--,--,--,--,--,--,--,--,--,--,--,--,--,--,--,--,--,--,--,--,--,--,--,--,--,--,--,--,--,--,--,--,--,--,--,--,--,--,124806
2026-05-04 16:51:07.932,--,--,--,--,--,--,--,--,--,--,--,--,--,--,--,--,--,--,--,--,--,--,--,--,--,--,--,--,--,--,--,--,--,--,--,--,--,--,--,--,--,--,--,--,--,--,124811
2026-05-04 16:51:07.968,--,--,--,--,--,--,--,--,--,--,--,--,--,--,--,--,--,--,--,--,--,--,--,--,--,--,--,--,--,--,--,--,--,--,--,--,--,--,--,--,--,--,--,--,--,--,124816
2026-05-04 16:51:07.969,--,--,--,--,--,--,--,--,--,--,--,--,--,--,--,--,--,--,--,--,--,--,--,--,--,--,--,--,--,--,--,--,--,--,--,--,--,--,--,--,--,--,--,--,--,--,124821
2026-05-04 16:51:07.971,--,--,--,--,--,--,--,--,--,--,--,--,--,--,--,--,--,--,--,--,--,--,--,--,--,--,--,--,--,--,--,--,--,--,--,--,--,--,--,--,--,--,--,--,--,--,124826
2026-05-04 16:51:07.973,--,--,--,--,--,--,--,--,--,--,--,--,--,--,--,--,--,--,--,--,--,--,--,--,--,--,--,--,--,--,--,--,--,--,--,--,--,--,--,--,--,--,--,--,--,--,124831
2026-05-04 16:51:07.974,--,--,--,--,--,--,--,--,--,--,--,--,--,--,--,--,--,--,--,--,--,--,--,--,--,--,--,--,--,--,--,--,--,--,--,--,--,--,--,--,--,--,--,--,--,--,124836
2026-05-04 16:51:07.975,--,--,--,--,--,--,--,--,--,--,--,--,--,--,--,--,--,--,--,--,--,--,--,--,--,--,--,--,--,--,--,--,--,--,--,--,--,--,--,--,--,--,--,--,--,--,124841
2026-05-04 16:51:07.977,--,--,--,--,--,--,--,--,--,--,--,--,--,--,--,--,--,--,--,--,--,--,--,--,--,--,--,--,--,--,--,--,--,--,--,--,--,--,--,--,--,--,--,--,--,--,124842
2026-05-04 16:51:08.151,--,--,--,--,--,--,--,--,--,--,--,--,--,--,--,--,--,--,--,--,--,--,--,--,--,--,--,--,--,--,--,--,--,--,--,--,--,--,--,--,--,--,--,--,--,--,124843
2026-05-04 16:51:08.191,--,--,--,--,--,--,--,--,--,--,--,--,--,--,--,--,--,--,--,--,--,--,--,--,--,--,--,--,--,--,--,--,--,--,--,--,--,--,--,--,--,--,--,--,--,--,124848
2026-05-04 16:51:08.228,--,--,--,--,--,--,--,--,--,--,--,--,--,--,--,--,--,--,--,--,--,--,--,--,--,--,--,--,--,--,--,--,--,--,--,--,--,--,--,--,--,--,--,--,--,--,124853
2026-05-04 16:51:08.263,--,--,--,--,--,--,--,--,--,--,--,--,--,--,--,--,--,--,--,--,--,--,--,--,--,--,--,--,--,--,--,--,--,--,--,--,--,--,--,--,--,--,--,--,--,--,124858
2026-05-04 16:51:08.328,--,--,--,--,--,--,--,--,--,--,--,--,--,--,--,--,--,--,--,--,--,--,--,--,--,--,--,--,--,--,--,--,--,--,--,--,--,--,--,--,--,--,--,--,--,--,124863
2026-05-04 16:51:08.393,--,--,--,--,--,--,--,--,--,--,--,--,--,--,--,--,--,--,--,--,--,--,--,--,--,--,--,--,--,--,--,--,--,--,--,--,--,--,--,--,--,--,--,--,--,--,124868
2026-05-04 16:51:08.447,--,--,--,--,--,--,--,--,--,--,--,--,--,--,--,--,--,--,--,--,--,--,--,--,--,--,--,--,--,--,--,--,--,--,--,--,--,--,--,--,--,--,--,--,--,--,124873
2026-05-04 16:51:08.500,--,--,--,--,--,--,--,--,--,--,--,--,--,--,--,--,--,--,--,--,--,--,--,--,--,--,--,--,--,--,--,--,--,--,--,--,--,--,--,--,--,--,--,--,--,--,124878
2026-05-04 16:51:08.502,--,--,--,--,--,--,--,--,--,--,--,--,--,--,--,--,--,--,--,--,--,--,--,--,--,--,--,--,--,--,--,--,--,--,--,--,--,--,--,--,--,--,--,--,--,--,124883
2026-05-04 16:51:08.503,--,--,--,--,--,--,--,--,--,--,--,--,--,--,--,--,--,--,--,--,--,--,--,--,--,--,--,--,--,--,--,--,--,--,--,--,--,--,--,--,--,--,--,--,--,--,124888
2026-05-04 16:51:08.505,--,--,--,--,--,--,--,--,--,--,--,--,--,--,--,--,--,--,--,--,--,--,--,--,--,--,--,--,--,--,--,--,--,--,--,--,--,--,--,--,--,--,--,--,--,--,124893
2026-05-04 16:51:08.507,--,--,--,--,--,--,--,--,--,--,--,--,--,--,--,--,--,--,--,--,--,--,--,--,--,--,--,--,--,--,--,--,--,--,--,--,--,--,--,--,--,--,--,--,--,--,124898
2026-05-04 16:51:08.508,--,--,--,--,--,--,--,--,--,--,--,--,--,--,--,--,--,--,--,--,--,--,--,--,--,--,--,--,--,--,--,--,--,--,--,--,--,--,--,--,--,--,--,--,--,--,124903
2026-05-04 16:51:08.509,--,--,--,--,--,--,--,--,--,--,--,--,--,--,--,--,--,--,--,--,--,--,--,--,--,--,--,--,--,--,--,--,--,--,--,--,--,--,--,--,--,--,--,--,--,--,124908
2026-05-04 16:51:08.509,--,--,--,--,--,--,--,--,--,--,--,--,--,--,--,--,--,--,--,--,--,--,--,--,--,--,--,--,--,--,--,--,--,--,--,--,--,--,--,--,--,--,--,--,--,--,124913
2026-05-04 16:51:08.511,--,--,--,--,--,--,--,--,--,--,--,--,--,--,--,--,--,--,--,--,--,--,--,--,--,--,--,--,--,--,--,--,--,--,--,--,--,--,--,--,--,--,--,--,--,--,124918
2026-05-04 16:51:08.513,--,--,--,--,--,--,--,--,--,--,--,--,--,--,--,--,--,--,--,--,--,--,--,--,--,--,--,--,--,--,--,--,--,--,--,--,--,--,--,--,--,--,--,--,--,--,124923
2026-05-04 16:51:08.514,--,--,--,--,--,--,--,--,--,--,--,--,--,--,--,--,--,--,--,--,--,--,--,--,--,--,--,--,--,--,--,--,--,--,--,--,--,--,--,--,--,--,--,--,--,--,124928
2026-05-04 16:51:08.515,--,--,--,--,--,--,--,--,--,--,--,--,--,--,--,--,--,--,--,--,--,--,--,--,--,--,--,--,--,--,--,--,--,--,--,--,--,--,--,--,--,--,--,--,--,--,124933
2026-05-04 16:51:08.518,--,--,--,--,--,--,--,--,--,--,--,--,--,--,--,--,--,--,--,--,--,--,--,--,--,--,--,--,--,--,--,--,--,--,--,--,--,--,--,--,--,--,--,--,--,--,124938
2026-05-04 16:51:08.558,--,--,--,--,--,--,--,--,--,--,--,--,--,--,--,--,--,--,--,--,--,--,--,--,--,--,--,--,--,--,--,--,--,--,--,--,--,--,--,--,--,--,--,--,--,--,128094
2026-05-04 16:51:08.621,--,--,--,--,--,--,--,--,--,--,--,--,--,--,--,--,--,--,--,--,--,--,--,--,--,--,--,--,--,--,--,--,--,--,--,--,--,--,--,--,--,--,--,--,--,--,128099
2026-05-04 16:51:08.661,--,--,--,--,--,--,--,--,--,--,--,--,--,--,--,--,--,--,--,--,--,--,--,--,--,--,--,--,--,--,--,--,--,--,--,--,--,--,--,--,--,--,--,--,--,--,128104
2026-05-04 16:51:08.736,--,--,--,--,--,--,--,--,--,--,--,--,--,--,--,--,--,--,--,--,--,--,--,--,--,--,--,--,--,--,--,--,--,--,--,--,--,--,--,--,--,--,--,--,--,--,128109
2026-05-04 16:51:08.848,--,--,--,--,--,--,--,--,--,--,--,--,--,--,--,--,--,--,--,--,--,--,--,--,--,--,--,--,--,--,--,--,--,--,--,--,--,--,--,--,--,--,--,--,--,--,128114
2026-05-04 16:51:08.884,--,--,--,--,--,--,--,--,--,--,--,--,--,--,--,--,--,--,--,--,--,--,--,--,--,--,--,--,--,--,--,--,--,--,--,--,--,--,--,--,--,--,--,--,--,--,128119
2026-05-04 16:51:08.885,--,--,--,--,--,--,--,--,--,--,--,--,--,--,--,--,--,--,--,--,--,--,--,--,--,--,--,--,--,--,--,--,--,--,--,--,--,--,--,--,--,--,--,--,--,--,128124
2026-05-04 16:51:08.886,--,--,--,--,--,--,--,--,--,--,--,--,--,--,--,--,--,--,--,--,--,--,--,--,--,--,--,--,--,--,--,--,--,--,--,--,--,--,--,--,--,--,--,--,--,--,128129
2026-05-04 16:51:08.888,--,--,--,--,--,--,--,--,--,--,--,--,--,--,--,--,--,--,--,--,--,--,--,--,--,--,--,--,--,--,--,--,--,--,--,--,--,--,--,--,--,--,--,--,--,--,128134
2026-05-04 16:51:08.889,--,--,--,--,--,--,--,--,--,--,--,--,--,--,--,--,--,--,--,--,--,--,--,--,--,--,--,--,--,--,--,--,--,--,--,--,--,--,--,--,--,--,--,--,--,--,128139
2026-05-04 16:51:08.890,--,--,--,--,--,--,--,--,--,--,--,--,--,--,--,--,--,--,--,--,--,--,--,--,--,--,--,--,--,--,--,--,--,--,--,--,--,--,--,--,--,--,--,--,--,--,128144
2026-05-04 16:51:08.891,--,--,--,--,--,--,--,--,--,--,--,--,--,--,--,--,--,--,--,--,--,--,--,--,--,--,--,--,--,--,--,--,--,--,--,--,--,--,--,--,--,--,--,--,--,--,128149
2026-05-04 16:51:08.892,--,--,--,--,--,--,--,--,--,--,--,--,--,--,--,--,--,--,--,--,--,--,--,--,--,--,--,--,--,--,--,--,--,--,--,--,--,--,--,--,--,--,--,--,--,--,128154
2026-05-04 16:51:08.894,--,--,--,--,--,--,--,--,--,--,--,--,--,--,--,--,--,--,--,--,--,--,--,--,--,--,--,--,--,--,--,--,--,--,--,--,--,--,--,--,--,--,--,--,--,--,128159
2026-05-04 16:51:08.895,--,--,--,--,--,--,--,--,--,--,--,--,--,--,--,--,--,--,--,--,--,--,--,--,--,--,--,--,--,--,--,--,--,--,--,--,--,--,--,--,--,--,--,--,--,--,128164
2026-05-04 16:51:08.896,--,--,--,--,--,--,--,--,--,--,--,--,--,--,--,--,--,--,--,--,--,--,--,--,--,--,--,--,--,--,--,--,--,--,--,--,--,--,--,--,--,--,--,--,--,--,128169
2026-05-04 16:51:08.899,--,--,--,--,--,--,--,--,--,--,--,--,--,--,--,--,--,--,--,--,--,--,--,--,--,--,--,--,--,--,--,--,--,--,--,--,--,--,--,--,--,--,--,--,--,--,128174
2026-05-04 16:51:09.030,--,--,--,--,--,--,--,--,--,--,--,--,--,--,--,--,--,--,--,--,--,--,--,--,--,--,--,--,--,--,--,--,--,--,--,--,--,--,--,--,--,--,--,--,--,--,128179
2026-05-04 16:51:09.109,--,--,--,--,--,--,--,--,--,--,--,--,--,--,--,--,--,--,--,--,--,--,--,--,--,--,--,--,--,--,--,--,--,--,--,--,--,--,--,--,--,--,--,--,--,--,128184
2026-05-04 16:51:09.165,--,--,--,--,--,--,--,--,--,--,--,--,--,--,--,--,--,--,--,--,--,--,--,--,--,--,--,--,--,--,--,--,--,--,--,--,--,--,--,--,--,--,--,--,--,--,128189
2026-05-04 16:51:09.201,--,--,--,--,--,--,--,--,--,--,--,--,--,--,--,--,--,--,--,--,--,--,--,--,--,--,--,--,--,--,--,--,--,--,--,--,--,--,--,--,--,--,--,--,--,--,128194
2026-05-04 16:51:09.258,--,--,--,--,--,--,--,--,--,--,--,--,--,--,--,--,--,--,--,--,--,--,--,--,--,--,--,--,--,--,--,--,--,--,--,--,--,--,--,--,--,--,--,--,--,--,128199
2026-05-04 16:51:09.313,--,--,--,--,--,--,--,--,--,--,--,--,--,--,--,--,--,--,--,--,--,--,--,--,--,--,--,--,--,--,--,--,--,--,--,--,--,--,--,--,--,--,--,--,--,--,128204
2026-05-04 16:51:09.375,--,--,--,--,--,--,--,--,--,--,--,--,--,--,--,--,--,--,--,--,--,--,--,--,--,--,--,--,--,--,--,--,--,--,--,--,--,--,--,--,--,--,--,--,--,--,128209
2026-05-04 16:51:09.417,--,--,--,--,--,--,--,--,--,--,--,--,--,--,--,--,--,--,--,--,--,--,--,--,--,--,--,--,--,--,--,--,--,--,--,--,--,--,--,--,--,--,--,--,--,--,128214
2026-05-04 16:51:09.437,--,--,--,--,--,--,--,--,--,--,--,--,--,--,--,--,--,--,--,--,--,--,--,--,--,--,--,--,--,--,--,--,--,--,--,--,--,--,--,--,--,--,--,--,--,--,128219
2026-05-04 16:51:09.439,--,--,--,--,--,--,--,--,--,--,--,--,--,--,--,--,--,--,--,--,--,--,--,--,--,--,--,--,--,--,--,--,--,--,--,--,--,--,--,--,--,--,--,--,--,--,128224
2026-05-04 16:51:09.440,--,--,--,--,--,--,--,--,--,--,--,--,--,--,--,--,--,--,--,--,--,--,--,--,--,--,--,--,--,--,--,--,--,--,--,--,--,--,--,--,--,--,--,--,--,--,128229
2026-05-04 16:51:09.441,--,--,--,--,--,--,--,--,--,--,--,--,--,--,--,--,--,--,--,--,--,--,--,--,--,--,--,--,--,--,--,--,--,--,--,--,--,--,--,--,--,--,--,--,--,--,128234
2026-05-04 16:51:09.443,--,--,--,--,--,--,--,--,--,--,--,--,--,--,--,--,--,--,--,--,--,--,--,--,--,--,--,--,--,--,--,--,--,--,--,--,--,--,--,--,--,--,--,--,--,--,128239
2026-05-04 16:51:09.444,--,--,--,--,--,--,--,--,--,--,--,--,--,--,--,--,--,--,--,--,--,--,--,--,--,--,--,--,--,--,--,--,--,--,--,--,--,--,--,--,--,--,--,--,--,--,128244
2026-05-04 16:51:09.446,--,--,--,--,--,--,--,--,--,--,--,--,--,--,--,--,--,--,--,--,--,--,--,--,--,--,--,--,--,--,--,--,--,--,--,--,--,--,--,--,--,--,--,--,--,--,128249
2026-05-04 16:51:09.446,--,--,--,--,--,--,--,--,--,--,--,--,--,--,--,--,--,--,--,--,--,--,--,--,--,--,--,--,--,--,--,--,--,--,--,--,--,--,--,--,--,--,--,--,--,--,128254
2026-05-04 16:51:09.448,--,--,--,--,--,--,--,--,--,--,--,--,--,--,--,--,--,--,--,--,--,--,--,--,--,--,--,--,--,--,--,--,--,--,--,--,--,--,--,--,--,--,--,--,--,--,128259
2026-05-04 16:51:09.450,--,--,--,--,--,--,--,--,--,--,--,--,--,--,--,--,--,--,--,--,--,--,--,--,--,--,--,--,--,--,--,--,--,--,--,--,--,--,--,--,--,--,--,--,--,--,128264
2026-05-04 16:51:09.451,--,--,--,--,--,--,--,--,--,--,--,--,--,--,--,--,--,--,--,--,--,--,--,--,--,--,--,--,--,--,--,--,--,--,--,--,--,--,--,--,--,--,--,--,--,--,128269
2026-05-04 16:51:09.453,--,--,--,--,--,--,--,--,--,--,--,--,--,--,--,--,--,--,--,--,--,--,--,--,--,--,--,--,--,--,--,--,--,--,--,--,--,--,--,--,--,--,--,--,--,--,128274
2026-05-04 16:51:09.503,--,--,--,--,--,--,--,--,--,--,--,--,--,--,--,--,--,--,--,--,--,--,--,--,--,--,--,--,--,--,--,--,--,--,--,--,--,--,--,--,--,--,--,--,--,--,131853
2026-05-04 16:51:09.556,--,--,--,--,--,--,--,--,--,--,--,--,--,--,--,--,--,--,--,--,--,--,--,--,--,--,--,--,--,--,--,--,--,--,--,--,--,--,--,--,--,--,--,--,--,--,131858
2026-05-04 16:51:09.589,--,--,--,--,--,--,--,--,--,--,--,--,--,--,--,--,--,--,--,--,--,--,--,--,--,--,--,--,--,--,--,--,--,--,--,--,--,--,--,--,--,--,--,--,--,--,131863
2026-05-04 16:51:09.659,--,--,--,--,--,--,--,--,--,--,--,--,--,--,--,--,--,--,--,--,--,--,--,--,--,--,--,--,--,--,--,--,--,--,--,--,--,--,--,--,--,--,--,--,--,--,131868
2026-05-04 16:51:09.662,--,--,--,--,--,--,--,--,--,--,--,--,--,--,--,--,--,--,--,--,--,--,--,--,--,--,--,--,--,--,--,--,--,--,--,--,--,--,--,--,--,--,--,--,--,--,131873
2026-05-04 16:51:09.663,--,--,--,--,--,--,--,--,--,--,--,--,--,--,--,--,--,--,--,--,--,--,--,--,--,--,--,--,--,--,--,--,--,--,--,--,--,--,--,--,--,--,--,--,--,--,131878
2026-05-04 16:51:09.664,--,--,--,--,--,--,--,--,--,--,--,--,--,--,--,--,--,--,--,--,--,--,--,--,--,--,--,--,--,--,--,--,--,--,--,--,--,--,--,--,--,--,--,--,--,--,131883
2026-05-04 16:51:09.665,--,--,--,--,--,--,--,--,--,--,--,--,--,--,--,--,--,--,--,--,--,--,--,--,--,--,--,--,--,--,--,--,--,--,--,--,--,--,--,--,--,--,--,--,--,--,131888
2026-05-04 16:51:09.666,--,--,--,--,--,--,--,--,--,--,--,--,--,--,--,--,--,--,--,--,--,--,--,--,--,--,--,--,--,--,--,--,--,--,--,--,--,--,--,--,--,--,--,--,--,--,131893
2026-05-04 16:51:09.668,--,--,--,--,--,--,--,--,--,--,--,--,--,--,--,--,--,--,--,--,--,--,--,--,--,--,--,--,--,--,--,--,--,--,--,--,--,--,--,--,--,--,--,--,--,--,131894
2026-05-04 16:51:09.870,--,--,--,--,--,--,--,--,--,--,--,--,--,--,--,--,--,--,--,--,--,--,--,--,--,--,--,--,--,--,--,--,--,--,--,--,--,--,--,--,--,--,--,--,--,--,131895
2026-05-04 16:51:09.872,--,--,--,--,--,--,--,--,--,--,--,--,--,--,--,--,--,--,--,--,--,--,--,--,--,--,--,--,--,--,--,--,--,--,--,--,--,--,--,--,--,--,--,--,--,--,131900
2026-05-04 16:51:09.873,--,--,--,--,--,--,--,--,--,--,--,--,--,--,--,--,--,--,--,--,--,--,--,--,--,--,--,--,--,--,--,--,--,--,--,--,--,--,--,--,--,--,--,--,--,--,131905
2026-05-04 16:51:09.876,--,--,--,--,--,--,--,--,--,--,--,--,--,--,--,--,--,--,--,--,--,--,--,--,--,--,--,--,--,--,--,--,--,--,--,--,--,--,--,--,--,--,--,--,--,--,131910
2026-05-04 16:51:09.877,--,--,--,--,--,--,--,--,--,--,--,--,--,--,--,--,--,--,--,--,--,--,--,--,--,--,--,--,--,--,--,--,--,--,--,--,--,--,--,--,--,--,--,--,--,--,131915
2026-05-04 16:51:09.878,--,--,--,--,--,--,--,--,--,--,--,--,--,--,--,--,--,--,--,--,--,--,--,--,--,--,--,--,--,--,--,--,--,--,--,--,--,--,--,--,--,--,--,--,--,--,131920
2026-05-04 16:51:09.880,--,--,--,--,--,--,--,--,--,--,--,--,--,--,--,--,--,--,--,--,--,--,--,--,--,--,--,--,--,--,--,--,--,--,--,--,--,--,--,--,--,--,--,--,--,--,131925
2026-05-04 16:51:09.882,--,--,--,--,--,--,--,--,--,--,--,--,--,--,--,--,--,--,--,--,--,--,--,--,--,--,--,--,--,--,--,--,--,--,--,--,--,--,--,--,--,--,--,--,--,--,131930
2026-05-04 16:51:09.884,--,--,--,--,--,--,--,--,--,--,--,--,--,--,--,--,--,--,--,--,--,--,--,--,--,--,--,--,--,--,--,--,--,--,--,--,--,--,--,--,--,--,--,--,--,--,131935
2026-05-04 16:51:09.885,--,--,--,--,--,--,--,--,--,--,--,--,--,--,--,--,--,--,--,--,--,--,--,--,--,--,--,--,--,--,--,--,--,--,--,--,--,--,--,--,--,--,--,--,--,--,131940
2026-05-04 16:51:09.887,--,--,--,--,--,--,--,--,--,--,--,--,--,--,--,--,--,--,--,--,--,--,--,--,--,--,--,--,--,--,--,--,--,--,--,--,--,--,--,--,--,--,--,--,--,--,131945
2026-05-04 16:51:09.888,--,--,--,--,--,--,--,--,--,--,--,--,--,--,--,--,--,--,--,--,--,--,--,--,--,--,--,--,--,--,--,--,--,--,--,--,--,--,--,--,--,--,--,--,--,--,131950
2026-05-04 16:51:09.889,--,--,--,--,--,--,--,--,--,--,--,--,--,--,--,--,--,--,--,--,--,--,--,--,--,--,--,--,--,--,--,--,--,--,--,--,--,--,--,--,--,--,--,--,--,--,131955
2026-05-04 16:51:09.890,--,--,--,--,--,--,--,--,--,--,--,--,--,--,--,--,--,--,--,--,--,--,--,--,--,--,--,--,--,--,--,--,--,--,--,--,--,--,--,--,--,--,--,--,--,--,131960
2026-05-04 16:51:09.891,--,--,--,--,--,--,--,--,--,--,--,--,--,--,--,--,--,--,--,--,--,--,--,--,--,--,--,--,--,--,--,--,--,--,--,--,--,--,--,--,--,--,--,--,--,--,131965
2026-05-04 16:51:09.893,--,--,--,--,--,--,--,--,--,--,--,--,--,--,--,--,--,--,--,--,--,--,--,--,--,--,--,--,--,--,--,--,--,--,--,--,--,--,--,--,--,--,--,--,--,--,131970
2026-05-04 16:51:09.894,--,--,--,--,--,--,--,--,--,--,--,--,--,--,--,--,--,--,--,--,--,--,--,--,--,--,--,--,--,--,--,--,--,--,--,--,--,--,--,--,--,--,--,--,--,--,131975
2026-05-04 16:51:09.916,--,--,--,--,--,--,--,--,--,--,--,--,--,--,--,--,--,--,--,--,--,--,--,--,--,--,--,--,--,--,--,--,--,--,--,--,--,--,--,--,--,--,--,--,--,--,131980
2026-05-04 16:51:09.954,--,--,--,--,--,--,--,--,--,--,--,--,--,--,--,--,--,--,--,--,--,--,--,--,--,--,--,--,--,--,--,--,--,--,--,--,--,--,--,--,--,--,--,--,--,--,131985
2026-05-04 16:51:10.012,--,--,--,--,--,--,--,--,--,--,--,--,--,--,--,--,--,--,--,--,--,--,--,--,--,--,--,--,--,--,--,--,--,--,--,--,--,--,--,--,--,--,--,--,--,--,131990
2026-05-04 16:51:10.274,--,--,--,--,--,--,--,--,--,--,--,--,--,--,--,--,--,--,--,--,--,--,--,--,--,--,--,--,--,--,--,--,--,--,--,--,--,--,--,--,--,--,--,--,--,--,135189
2026-05-04 16:51:10.364,--,--,--,--,--,--,--,--,--,--,--,--,--,--,--,--,--,--,--,--,--,--,--,--,--,--,--,--,--,--,--,--,--,--,--,--,--,--,--,--,--,--,--,--,--,--,135194
2026-05-04 16:51:10.449,--,--,--,--,--,--,--,--,--,--,--,--,--,--,--,--,--,--,--,--,--,--,--,--,--,--,--,--,--,--,--,--,--,--,--,--,--,--,--,--,--,--,--,--,--,--,135199
2026-05-04 16:51:10.450,--,--,--,--,--,--,--,--,--,--,--,--,--,--,--,--,--,--,--,--,--,--,--,--,--,--,--,--,--,--,--,--,--,--,--,--,--,--,--,--,--,--,--,--,--,--,135204
2026-05-04 16:51:10.452,--,--,--,--,--,--,--,--,--,--,--,--,--,--,--,--,--,--,--,--,--,--,--,--,--,--,--,--,--,--,--,--,--,--,--,--,--,--,--,--,--,--,--,--,--,--,135209
2026-05-04 16:51:10.453,--,--,--,--,--,--,--,--,--,--,--,--,--,--,--,--,--,--,--,--,--,--,--,--,--,--,--,--,--,--,--,--,--,--,--,--,--,--,--,--,--,--,--,--,--,--,135214
2026-05-04 16:51:10.454,--,--,--,--,--,--,--,--,--,--,--,--,--,--,--,--,--,--,--,--,--,--,--,--,--,--,--,--,--,--,--,--,--,--,--,--,--,--,--,--,--,--,--,--,--,--,135219
2026-05-04 16:51:10.455,--,--,--,--,--,--,--,--,--,--,--,--,--,--,--,--,--,--,--,--,--,--,--,--,--,--,--,--,--,--,--,--,--,--,--,--,--,--,--,--,--,--,--,--,--,--,135224
2026-05-04 16:51:10.457,--,--,--,--,--,--,--,--,--,--,--,--,--,--,--,--,--,--,--,--,--,--,--,--,--,--,--,--,--,--,--,--,--,--,--,--,--,--,--,--,--,--,--,--,--,--,135229
2026-05-04 16:51:10.458,--,--,--,--,--,--,--,--,--,--,--,--,--,--,--,--,--,--,--,--,--,--,--,--,--,--,--,--,--,--,--,--,--,--,--,--,--,--,--,--,--,--,--,--,--,--,135230
2026-05-04 16:51:10.642,--,--,--,--,--,--,--,--,--,--,--,--,--,--,--,--,--,--,--,--,--,--,--,--,--,--,--,--,--,--,--,--,--,--,--,--,--,--,--,--,--,--,--,--,--,--,135231
2026-05-04 16:51:10.694,--,--,--,--,--,--,--,--,--,--,--,--,--,--,--,--,--,--,--,--,--,--,--,--,--,--,--,--,--,--,--,--,--,--,--,--,--,--,--,--,--,--,--,--,--,--,135236
2026-05-04 16:51:10.734,--,--,--,--,--,--,--,--,--,--,--,--,--,--,--,--,--,--,--,--,--,--,--,--,--,--,--,--,--,--,--,--,--,--,--,--,--,--,--,--,--,--,--,--,--,--,135241
2026-05-04 16:51:10.771,--,--,--,--,--,--,--,--,--,--,--,--,--,--,--,--,--,--,--,--,--,--,--,--,--,--,--,--,--,--,--,--,--,--,--,--,--,--,--,--,--,--,--,--,--,--,135246
2026-05-04 16:51:10.822,--,--,--,--,--,--,--,--,--,--,--,--,--,--,--,--,--,--,--,--,--,--,--,--,--,--,--,--,--,--,--,--,--,--,--,--,--,--,--,--,--,--,--,--,--,--,135251
2026-05-04 16:51:10.859,--,--,--,--,--,--,--,--,--,--,--,--,--,--,--,--,--,--,--,--,--,--,--,--,--,--,--,--,--,--,--,--,--,--,--,--,--,--,--,--,--,--,--,--,--,--,135256
2026-05-04 16:51:10.898,--,--,--,--,--,--,--,--,--,--,--,--,--,--,--,--,--,--,--,--,--,--,--,--,--,--,--,--,--,--,--,--,--,--,--,--,--,--,--,--,--,--,--,--,--,--,135261
2026-05-04 16:51:10.951,--,--,--,--,--,--,--,--,--,--,--,--,--,--,--,--,--,--,--,--,--,--,--,--,--,--,--,--,--,--,--,--,--,--,--,--,--,--,--,--,--,--,--,--,--,--,135266
2026-05-04 16:51:10.987,--,--,--,--,--,--,--,--,--,--,--,--,--,--,--,--,--,--,--,--,--,--,--,--,--,--,--,--,--,--,--,--,--,--,--,--,--,--,--,--,--,--,--,--,--,--,135271
2026-05-04 16:51:11.005,--,--,--,--,--,--,--,--,--,--,--,--,--,--,--,--,--,--,--,--,--,--,--,--,--,--,--,--,--,--,--,--,--,--,--,--,--,--,--,--,--,--,--,--,--,--,135276
2026-05-04 16:51:11.006,--,--,--,--,--,--,--,--,--,--,--,--,--,--,--,--,--,--,--,--,--,--,--,--,--,--,--,--,--,--,--,--,--,--,--,--,--,--,--,--,--,--,--,--,--,--,135281
2026-05-04 16:51:11.009,--,--,--,--,--,--,--,--,--,--,--,--,--,--,--,--,--,--,--,--,--,--,--,--,--,--,--,--,--,--,--,--,--,--,--,--,--,--,--,--,--,--,--,--,--,--,135286
2026-05-04 16:51:11.010,--,--,--,--,--,--,--,--,--,--,--,--,--,--,--,--,--,--,--,--,--,--,--,--,--,--,--,--,--,--,--,--,--,--,--,--,--,--,--,--,--,--,--,--,--,--,135291
2026-05-04 16:51:11.011,--,--,--,--,--,--,--,--,--,--,--,--,--,--,--,--,--,--,--,--,--,--,--,--,--,--,--,--,--,--,--,--,--,--,--,--,--,--,--,--,--,--,--,--,--,--,135296
2026-05-04 16:51:11.013,--,--,--,--,--,--,--,--,--,--,--,--,--,--,--,--,--,--,--,--,--,--,--,--,--,--,--,--,--,--,--,--,--,--,--,--,--,--,--,--,--,--,--,--,--,--,135301
2026-05-04 16:51:11.014,--,--,--,--,--,--,--,--,--,--,--,--,--,--,--,--,--,--,--,--,--,--,--,--,--,--,--,--,--,--,--,--,--,--,--,--,--,--,--,--,--,--,--,--,--,--,135306
2026-05-04 16:51:11.017,--,--,--,--,--,--,--,--,--,--,--,--,--,--,--,--,--,--,--,--,--,--,--,--,--,--,--,--,--,--,--,--,--,--,--,--,--,--,--,--,--,--,--,--,--,--,135311
2026-05-04 16:51:11.018,--,--,--,--,--,--,--,--,--,--,--,--,--,--,--,--,--,--,--,--,--,--,--,--,--,--,--,--,--,--,--,--,--,--,--,--,--,--,--,--,--,--,--,--,--,--,135316
2026-05-04 16:51:11.020,--,--,--,--,--,--,--,--,--,--,--,--,--,--,--,--,--,--,--,--,--,--,--,--,--,--,--,--,--,--,--,--,--,--,--,--,--,--,--,--,--,--,--,--,--,--,135321
2026-05-04 16:51:11.023,--,--,--,--,--,--,--,--,--,--,--,--,--,--,--,--,--,--,--,--,--,--,--,--,--,--,--,--,--,--,--,--,--,--,--,--,--,--,--,--,--,--,--,--,--,--,135326
2026-05-04 16:51:11.107,--,--,--,--,--,--,--,--,--,--,--,--,--,--,--,--,--,--,--,--,--,--,--,--,--,--,--,--,--,--,--,--,--,--,--,--,--,--,--,--,--,--,--,--,--,--,138229
2026-05-04 16:51:11.180,--,--,--,--,--,--,--,--,--,--,--,--,--,--,--,--,--,--,--,--,--,--,--,--,--,--,--,--,--,--,--,--,--,--,--,--,--,--,--,--,--,--,--,--,--,--,138234
2026-05-04 16:51:11.262,--,--,--,--,--,--,--,--,--,--,--,--,--,--,--,--,--,--,--,--,--,--,--,--,--,--,--,--,--,--,--,--,--,--,--,--,--,--,--,--,--,--,--,--,--,--,138239
2026-05-04 16:51:11.342,--,--,--,--,--,--,--,--,--,--,--,--,--,--,--,--,--,--,--,--,--,--,--,--,--,--,--,--,--,--,--,--,--,--,--,--,--,--,--,--,--,--,--,--,--,--,138244
2026-05-04 16:51:11.418,--,--,--,--,--,--,--,--,--,--,--,--,--,--,--,--,--,--,--,--,--,--,--,--,--,--,--,--,--,--,--,--,--,--,--,--,--,--,--,--,--,--,--,--,--,--,138249
2026-05-04 16:51:11.457,--,--,--,--,--,--,--,--,--,--,--,--,--,--,--,--,--,--,--,--,--,--,--,--,--,--,--,--,--,--,--,--,--,--,--,--,--,--,--,--,--,--,--,--,--,--,138254
2026-05-04 16:51:11.458,--,--,--,--,--,--,--,--,--,--,--,--,--,--,--,--,--,--,--,--,--,--,--,--,--,--,--,--,--,--,--,--,--,--,--,--,--,--,--,--,--,--,--,--,--,--,138259
2026-05-04 16:51:11.459,--,--,--,--,--,--,--,--,--,--,--,--,--,--,--,--,--,--,--,--,--,--,--,--,--,--,--,--,--,--,--,--,--,--,--,--,--,--,--,--,--,--,--,--,--,--,138264
2026-05-04 16:51:11.461,--,--,--,--,--,--,--,--,--,--,--,--,--,--,--,--,--,--,--,--,--,--,--,--,--,--,--,--,--,--,--,--,--,--,--,--,--,--,--,--,--,--,--,--,--,--,138269
2026-05-04 16:51:11.461,--,--,--,--,--,--,--,--,--,--,--,--,--,--,--,--,--,--,--,--,--,--,--,--,--,--,--,--,--,--,--,--,--,--,--,--,--,--,--,--,--,--,--,--,--,--,138274
2026-05-04 16:51:11.462,--,--,--,--,--,--,--,--,--,--,--,--,--,--,--,--,--,--,--,--,--,--,--,--,--,--,--,--,--,--,--,--,--,--,--,--,--,--,--,--,--,--,--,--,--,--,138279
2026-05-04 16:51:11.463,--,--,--,--,--,--,--,--,--,--,--,--,--,--,--,--,--,--,--,--,--,--,--,--,--,--,--,--,--,--,--,--,--,--,--,--,--,--,--,--,--,--,--,--,--,--,138284
2026-05-04 16:51:11.465,--,--,--,--,--,--,--,--,--,--,--,--,--,--,--,--,--,--,--,--,--,--,--,--,--,--,--,--,--,--,--,--,--,--,--,--,--,--,--,--,--,--,--,--,--,--,138289
2026-05-04 16:51:11.465,--,--,--,--,--,--,--,--,--,--,--,--,--,--,--,--,--,--,--,--,--,--,--,--,--,--,--,--,--,--,--,--,--,--,--,--,--,--,--,--,--,--,--,--,--,--,138294
2026-05-04 16:51:11.468,--,--,--,--,--,--,--,--,--,--,--,--,--,--,--,--,--,--,--,--,--,--,--,--,--,--,--,--,--,--,--,--,--,--,--,--,--,--,--,--,--,--,--,--,--,--,138299
2026-05-04 16:51:11.469,--,--,--,--,--,--,--,--,--,--,--,--,--,--,--,--,--,--,--,--,--,--,--,--,--,--,--,--,--,--,--,--,--,--,--,--,--,--,--,--,--,--,--,--,--,--,138304
2026-05-04 16:51:11.470,--,--,--,--,--,--,--,--,--,--,--,--,--,--,--,--,--,--,--,--,--,--,--,--,--,--,--,--,--,--,--,--,--,--,--,--,--,--,--,--,--,--,--,--,--,--,138309
2026-05-04 16:51:11.473,--,--,--,--,--,--,--,--,--,--,--,--,--,--,--,--,--,--,--,--,--,--,--,--,--,--,--,--,--,--,--,--,--,--,--,--,--,--,--,--,--,--,--,--,--,--,138312
2026-05-04 16:51:11.776,--,--,--,--,--,--,--,--,--,--,--,--,--,--,--,--,--,--,--,--,--,--,--,--,--,--,--,--,--,--,--,--,--,--,--,--,--,--,--,--,--,--,--,--,--,--,138313
2026-05-04 16:51:11.832,--,--,--,--,--,--,--,--,--,--,--,--,--,--,--,--,--,--,--,--,--,--,--,--,--,--,--,--,--,--,--,--,--,--,--,--,--,--,--,--,--,--,--,--,--,--,138318
2026-05-04 16:51:11.853,--,--,--,--,--,--,--,--,--,--,--,--,--,--,--,--,--,--,--,--,--,--,--,--,--,--,--,--,--,--,--,--,--,--,--,--,--,--,--,--,--,--,--,--,--,--,138323
2026-05-04 16:51:11.891,--,--,--,--,--,--,--,--,--,--,--,--,--,--,--,--,--,--,--,--,--,--,--,--,--,--,--,--,--,--,--,--,--,--,--,--,--,--,--,--,--,--,--,--,--,--,138328
2026-05-04 16:51:11.944,--,--,--,--,--,--,--,--,--,--,--,--,--,--,--,--,--,--,--,--,--,--,--,--,--,--,--,--,--,--,--,--,--,--,--,--,--,--,--,--,--,--,--,--,--,--,138333
2026-05-04 16:51:11.988,--,--,--,--,--,--,--,--,--,--,--,--,--,--,--,--,--,--,--,--,--,--,--,--,--,--,--,--,--,--,--,--,--,--,--,--,--,--,--,--,--,--,--,--,--,--,138338
2026-05-04 16:51:12.041,--,--,--,--,--,--,--,--,--,--,--,--,--,--,--,--,--,--,--,--,--,--,--,--,--,--,--,--,--,--,--,--,--,--,--,--,--,--,--,--,--,--,--,--,--,--,138343
2026-05-04 16:51:12.077,--,--,--,--,--,--,--,--,--,--,--,--,--,--,--,--,--,--,--,--,--,--,--,--,--,--,--,--,--,--,--,--,--,--,--,--,--,--,--,--,--,--,--,--,--,--,138348
2026-05-04 16:51:12.127,--,--,--,--,--,--,--,--,--,--,--,--,--,--,--,--,--,--,--,--,--,--,--,--,--,--,--,--,--,--,--,--,--,--,--,--,--,--,--,--,--,--,--,--,--,--,138353
2026-05-04 16:51:12.144,--,--,--,--,--,--,--,--,--,--,--,--,--,--,--,--,--,--,--,--,--,--,--,--,--,--,--,--,--,--,--,--,--,--,--,--,--,--,--,--,--,--,--,--,--,--,138358
2026-05-04 16:51:12.201,--,--,--,--,--,--,--,--,--,--,--,--,--,--,--,--,--,--,--,--,--,--,--,--,--,--,--,--,--,--,--,--,--,--,--,--,--,--,--,--,--,--,--,--,--,--,138363
2026-05-04 16:51:12.202,--,--,--,--,--,--,--,--,--,--,--,--,--,--,--,--,--,--,--,--,--,--,--,--,--,--,--,--,--,--,--,--,--,--,--,--,--,--,--,--,--,--,--,--,--,--,138368
2026-05-04 16:51:12.203,--,--,--,--,--,--,--,--,--,--,--,--,--,--,--,--,--,--,--,--,--,--,--,--,--,--,--,--,--,--,--,--,--,--,--,--,--,--,--,--,--,--,--,--,--,--,138373
2026-05-04 16:51:12.205,--,--,--,--,--,--,--,--,--,--,--,--,--,--,--,--,--,--,--,--,--,--,--,--,--,--,--,--,--,--,--,--,--,--,--,--,--,--,--,--,--,--,--,--,--,--,138378
2026-05-04 16:51:12.206,--,--,--,--,--,--,--,--,--,--,--,--,--,--,--,--,--,--,--,--,--,--,--,--,--,--,--,--,--,--,--,--,--,--,--,--,--,--,--,--,--,--,--,--,--,--,138383
2026-05-04 16:51:12.208,--,--,--,--,--,--,--,--,--,--,--,--,--,--,--,--,--,--,--,--,--,--,--,--,--,--,--,--,--,--,--,--,--,--,--,--,--,--,--,--,--,--,--,--,--,--,138388
2026-05-04 16:51:12.209,--,--,--,--,--,--,--,--,--,--,--,--,--,--,--,--,--,--,--,--,--,--,--,--,--,--,--,--,--,--,--,--,--,--,--,--,--,--,--,--,--,--,--,--,--,--,138393
2026-05-04 16:51:12.210,--,--,--,--,--,--,--,--,--,--,--,--,--,--,--,--,--,--,--,--,--,--,--,--,--,--,--,--,--,--,--,--,--,--,--,--,--,--,--,--,--,--,--,--,--,--,138398
2026-05-04 16:51:12.211,--,--,--,--,--,--,--,--,--,--,--,--,--,--,--,--,--,--,--,--,--,--,--,--,--,--,--,--,--,--,--,--,--,--,--,--,--,--,--,--,--,--,--,--,--,--,138403
2026-05-04 16:51:12.213,--,--,--,--,--,--,--,--,--,--,--,--,--,--,--,--,--,--,--,--,--,--,--,--,--,--,--,--,--,--,--,--,--,--,--,--,--,--,--,--,--,--,--,--,--,--,138408
2026-05-04 16:51:12.271,--,--,--,--,--,--,--,--,--,--,--,--,--,--,--,--,--,--,--,--,--,--,--,--,--,--,--,--,--,--,--,--,--,--,--,--,--,--,--,--,--,--,--,--,--,--,142578
2026-05-04 16:51:12.329,--,--,--,--,--,--,--,--,--,--,--,--,--,--,--,--,--,--,--,--,--,--,--,--,--,--,--,--,--,--,--,--,--,--,--,--,--,--,--,--,--,--,--,--,--,--,142583
2026-05-04 16:51:12.381,--,--,--,--,--,--,--,--,--,--,--,--,--,--,--,--,--,--,--,--,--,--,--,--,--,--,--,--,--,--,--,--,--,--,--,--,--,--,--,--,--,--,--,--,--,--,142588
2026-05-04 16:51:12.434,--,--,--,--,--,--,--,--,--,--,--,--,--,--,--,--,--,--,--,--,--,--,--,--,--,--,--,--,--,--,--,--,--,--,--,--,--,--,--,--,--,--,--,--,--,--,142593
2026-05-04 16:51:12.489,--,--,--,--,--,--,--,--,--,--,--,--,--,--,--,--,--,--,--,--,--,--,--,--,--,--,--,--,--,--,--,--,--,--,--,--,--,--,--,--,--,--,--,--,--,--,142598
2026-05-04 16:51:12.542,--,--,--,--,--,--,--,--,--,--,--,--,--,--,--,--,--,--,--,--,--,--,--,--,--,--,--,--,--,--,--,--,--,--,--,--,--,--,--,--,--,--,--,--,--,--,142603
2026-05-04 16:51:12.612,--,--,--,--,--,--,--,--,--,--,--,--,--,--,--,--,--,--,--,--,--,--,--,--,--,--,--,--,--,--,--,--,--,--,--,--,--,--,--,--,--,--,--,--,--,--,142608
2026-05-04 16:51:12.615,--,--,--,--,--,--,--,--,--,--,--,--,--,--,--,--,--,--,--,--,--,--,--,--,--,--,--,--,--,--,--,--,--,--,--,--,--,--,--,--,--,--,--,--,--,--,142613
2026-05-04 16:51:12.617,--,--,--,--,--,--,--,--,--,--,--,--,--,--,--,--,--,--,--,--,--,--,--,--,--,--,--,--,--,--,--,--,--,--,--,--,--,--,--,--,--,--,--,--,--,--,142618
2026-05-04 16:51:12.621,--,--,--,--,--,--,--,--,--,--,--,--,--,--,--,--,--,--,--,--,--,--,--,--,--,--,--,--,--,--,--,--,--,--,--,--,--,--,--,--,--,--,--,--,--,--,142623
2026-05-04 16:51:12.624,--,--,--,--,--,--,--,--,--,--,--,--,--,--,--,--,--,--,--,--,--,--,--,--,--,--,--,--,--,--,--,--,--,--,--,--,--,--,--,--,--,--,--,--,--,--,142628
2026-05-04 16:51:12.628,--,--,--,--,--,--,--,--,--,--,--,--,--,--,--,--,--,--,--,--,--,--,--,--,--,--,--,--,--,--,--,--,--,--,--,--,--,--,--,--,--,--,--,--,--,--,142633
2026-05-04 16:51:12.633,--,--,--,--,--,--,--,--,--,--,--,--,--,--,--,--,--,--,--,--,--,--,--,--,--,--,--,--,--,--,--,--,--,--,--,--,--,--,--,--,--,--,--,--,--,--,142638
2026-05-04 16:51:12.638,--,--,--,--,--,--,--,--,--,--,--,--,--,--,--,--,--,--,--,--,--,--,--,--,--,--,--,--,--,--,--,--,--,--,--,--,--,--,--,--,--,--,--,--,--,--,142643
2026-05-04 16:51:12.642,--,--,--,--,--,--,--,--,--,--,--,--,--,--,--,--,--,--,--,--,--,--,--,--,--,--,--,--,--,--,--,--,--,--,--,--,--,--,--,--,--,--,--,--,--,--,142648
2026-05-04 16:51:12.646,--,--,--,--,--,--,--,--,--,--,--,--,--,--,--,--,--,--,--,--,--,--,--,--,--,--,--,--,--,--,--,--,--,--,--,--,--,--,--,--,--,--,--,--,--,--,142653
2026-05-04 16:51:12.649,--,--,--,--,--,--,--,--,--,--,--,--,--,--,--,--,--,--,--,--,--,--,--,--,--,--,--,--,--,--,--,--,--,--,--,--,--,--,--,--,--,--,--,--,--,--,142658
2026-05-04 16:51:12.650,--,--,--,--,--,--,--,--,--,--,--,--,--,--,--,--,--,--,--,--,--,--,--,--,--,--,--,--,--,--,--,--,--,--,--,--,--,--,--,--,--,--,--,--,--,--,142663
2026-05-04 16:51:12.651,--,--,--,--,--,--,--,--,--,--,--,--,--,--,--,--,--,--,--,--,--,--,--,--,--,--,--,--,--,--,--,--,--,--,--,--,--,--,--,--,--,--,--,--,--,--,142668
2026-05-04 16:51:12.652,--,--,--,--,--,--,--,--,--,--,--,--,--,--,--,--,--,--,--,--,--,--,--,--,--,--,--,--,--,--,--,--,--,--,--,--,--,--,--,--,--,--,--,--,--,--,142673
2026-05-04 16:51:12.888,--,--,--,--,--,--,--,--,--,--,--,--,--,--,--,--,--,--,--,--,--,--,--,--,--,--,--,--,--,--,--,--,--,--,--,--,--,--,--,--,--,--,--,--,--,--,142958
2026-05-04 16:51:12.949,--,--,--,--,--,--,--,--,--,--,--,--,--,--,--,--,--,--,--,--,--,--,--,--,--,--,--,--,--,--,--,--,--,--,--,--,--,--,--,--,--,--,--,--,--,--,142963
2026-05-04 16:51:13.015,--,--,--,--,--,--,--,--,--,--,--,--,--,--,--,--,--,--,--,--,--,--,--,--,--,--,--,--,--,--,--,--,--,--,--,--,--,--,--,--,--,--,--,--,--,--,142968
2026-05-04 16:51:13.050,--,--,--,--,--,--,--,--,--,--,--,--,--,--,--,--,--,--,--,--,--,--,--,--,--,--,--,--,--,--,--,--,--,--,--,--,--,--,--,--,--,--,--,--,--,--,142973
2026-05-04 16:51:13.086,--,--,--,--,--,--,--,--,--,--,--,--,--,--,--,--,--,--,--,--,--,--,--,--,--,--,--,--,--,--,--,--,--,--,--,--,--,--,--,--,--,--,--,--,--,--,142978
2026-05-04 16:51:13.119,--,--,--,--,--,--,--,--,--,--,--,--,--,--,--,--,--,--,--,--,--,--,--,--,--,--,--,--,--,--,--,--,--,--,--,--,--,--,--,--,--,--,--,--,--,--,142983
2026-05-04 16:51:13.176,--,--,--,--,--,--,--,--,--,--,--,--,--,--,--,--,--,--,--,--,--,--,--,--,--,--,--,--,--,--,--,--,--,--,--,--,--,--,--,--,--,--,--,--,--,--,142988
2026-05-04 16:51:13.212,--,--,--,--,--,--,--,--,--,--,--,--,--,--,--,--,--,--,--,--,--,--,--,--,--,--,--,--,--,--,--,--,--,--,--,--,--,--,--,--,--,--,--,--,--,--,142993
2026-05-04 16:51:13.246,--,--,--,--,--,--,--,--,--,--,--,--,--,--,--,--,--,--,--,--,--,--,--,--,--,--,--,--,--,--,--,--,--,--,--,--,--,--,--,--,--,--,--,--,--,--,142998
2026-05-04 16:51:13.265,--,--,--,--,--,--,--,--,--,--,--,--,--,--,--,--,--,--,--,--,--,--,--,--,--,--,--,--,--,--,--,--,--,--,--,--,--,--,--,--,--,--,--,--,--,--,143003
2026-05-04 16:51:13.266,--,--,--,--,--,--,--,--,--,--,--,--,--,--,--,--,--,--,--,--,--,--,--,--,--,--,--,--,--,--,--,--,--,--,--,--,--,--,--,--,--,--,--,--,--,--,143008
2026-05-04 16:51:13.268,--,--,--,--,--,--,--,--,--,--,--,--,--,--,--,--,--,--,--,--,--,--,--,--,--,--,--,--,--,--,--,--,--,--,--,--,--,--,--,--,--,--,--,--,--,--,143013
2026-05-04 16:51:13.269,--,--,--,--,--,--,--,--,--,--,--,--,--,--,--,--,--,--,--,--,--,--,--,--,--,--,--,--,--,--,--,--,--,--,--,--,--,--,--,--,--,--,--,--,--,--,143018
2026-05-04 16:51:13.270,--,--,--,--,--,--,--,--,--,--,--,--,--,--,--,--,--,--,--,--,--,--,--,--,--,--,--,--,--,--,--,--,--,--,--,--,--,--,--,--,--,--,--,--,--,--,143023
2026-05-04 16:51:13.272,--,--,--,--,--,--,--,--,--,--,--,--,--,--,--,--,--,--,--,--,--,--,--,--,--,--,--,--,--,--,--,--,--,--,--,--,--,--,--,--,--,--,--,--,--,--,143028
2026-05-04 16:51:13.275,--,--,--,--,--,--,--,--,--,--,--,--,--,--,--,--,--,--,--,--,--,--,--,--,--,--,--,--,--,--,--,--,--,--,--,--,--,--,--,--,--,--,--,--,--,--,143033
2026-05-04 16:51:13.276,--,--,--,--,--,--,--,--,--,--,--,--,--,--,--,--,--,--,--,--,--,--,--,--,--,--,--,--,--,--,--,--,--,--,--,--,--,--,--,--,--,--,--,--,--,--,143038
2026-05-04 16:51:13.277,--,--,--,--,--,--,--,--,--,--,--,--,--,--,--,--,--,--,--,--,--,--,--,--,--,--,--,--,--,--,--,--,--,--,--,--,--,--,--,--,--,--,--,--,--,--,143043
2026-05-04 16:51:13.278,--,--,--,--,--,--,--,--,--,--,--,--,--,--,--,--,--,--,--,--,--,--,--,--,--,--,--,--,--,--,--,--,--,--,--,--,--,--,--,--,--,--,--,--,--,--,143048
2026-05-04 16:51:13.279,--,--,--,--,--,--,--,--,--,--,--,--,--,--,--,--,--,--,--,--,--,--,--,--,--,--,--,--,--,--,--,--,--,--,--,--,--,--,--,--,--,--,--,--,--,--,143053
2026-05-04 16:51:13.394,--,--,--,--,--,--,--,--,--,--,--,--,--,--,--,--,--,--,--,--,--,--,--,--,--,--,--,--,--,--,--,--,--,--,--,--,--,--,--,--,--,--,--,--,--,--,147561
2026-05-04 16:51:13.429,--,--,--,--,--,--,--,--,--,--,--,--,--,--,--,--,--,--,--,--,--,--,--,--,--,--,--,--,--,--,--,--,--,--,--,--,--,--,--,--,--,--,--,--,--,--,147566
2026-05-04 16:51:13.498,--,--,--,--,--,--,--,--,--,--,--,--,--,--,--,--,--,--,--,--,--,--,--,--,--,--,--,--,--,--,--,--,--,--,--,--,--,--,--,--,--,--,--,--,--,--,147571
2026-05-04 16:51:13.552,--,--,--,--,--,--,--,--,--,--,--,--,--,--,--,--,--,--,--,--,--,--,--,--,--,--,--,--,--,--,--,--,--,--,--,--,--,--,--,--,--,--,--,--,--,--,147576
2026-05-04 16:51:13.554,--,--,--,--,--,--,--,--,--,--,--,--,--,--,--,--,--,--,--,--,--,--,--,--,--,--,--,--,--,--,--,--,--,--,--,--,--,--,--,--,--,--,--,--,--,--,147581
2026-05-04 16:51:13.555,--,--,--,--,--,--,--,--,--,--,--,--,--,--,--,--,--,--,--,--,--,--,--,--,--,--,--,--,--,--,--,--,--,--,--,--,--,--,--,--,--,--,--,--,--,--,147586
2026-05-04 16:51:13.557,--,--,--,--,--,--,--,--,--,--,--,--,--,--,--,--,--,--,--,--,--,--,--,--,--,--,--,--,--,--,--,--,--,--,--,--,--,--,--,--,--,--,--,--,--,--,147591
2026-05-04 16:51:13.558,--,--,--,--,--,--,--,--,--,--,--,--,--,--,--,--,--,--,--,--,--,--,--,--,--,--,--,--,--,--,--,--,--,--,--,--,--,--,--,--,--,--,--,--,--,--,147596
2026-05-04 16:51:13.559,--,--,--,--,--,--,--,--,--,--,--,--,--,--,--,--,--,--,--,--,--,--,--,--,--,--,--,--,--,--,--,--,--,--,--,--,--,--,--,--,--,--,--,--,--,--,147601
2026-05-04 16:51:13.561,--,--,--,--,--,--,--,--,--,--,--,--,--,--,--,--,--,--,--,--,--,--,--,--,--,--,--,--,--,--,--,--,--,--,--,--,--,--,--,--,--,--,--,--,--,--,147602
